# Blender 5.1.2
# www.blender.org
mtllib destiny_lord_bow_pdx_source.mtl
o DL_Turret_T_-1_0
v 25.500000 2.400000 2.950000
v 34.500000 2.400000 2.950000
v 25.500000 2.076718 3.055041
v 34.500000 2.076718 3.055041
v 25.500000 1.876919 3.330041
v 34.500000 1.876919 3.330041
v 25.500000 1.876919 3.669959
v 34.500000 1.876919 3.669959
v 25.500000 2.076718 3.944959
v 34.500000 2.076718 3.944959
v 25.500000 2.400000 4.050000
v 34.500000 2.400000 4.050000
v 25.500000 2.723282 3.944959
v 34.500000 2.723282 3.944959
v 25.500000 2.923081 3.669959
v 34.500000 2.923081 3.669959
v 25.500000 2.923081 3.330041
v 34.500000 2.923081 3.330041
v 25.500000 2.723282 3.055041
v 34.500000 2.723282 3.055041
vn -0.0000 -0.3090 -0.9511
vn -0.0000 -0.8090 -0.5878
vn -0.0000 -1.0000 -0.0000
vn -0.0000 -0.8090 0.5878
vn -0.0000 -0.3090 0.9511
vn -0.0000 0.3090 0.9511
vn -0.0000 0.8090 0.5878
vn -0.0000 1.0000 -0.0000
vn 1.0000 -0.0000 -0.0000
vn -0.0000 0.8090 -0.5878
vn -0.0000 0.3090 -0.9511
vn -1.0000 -0.0000 -0.0000
vt 0.041502 0.562084
vt 0.041502 0.003325
vt 0.058575 0.003325
vt 0.058575 0.562084
vt 0.185129 0.562084
vt 0.185129 0.003325
vt 0.206233 0.003325
vt 0.206233 0.562084
vt 0.223306 0.003325
vt 0.223306 0.562084
vt 0.065226 0.562084
vt 0.065226 0.003325
vt 0.082299 0.003325
vt 0.082299 0.562084
vt 0.103403 0.003325
vt 0.103403 0.562084
vt 0.120476 0.003325
vt 0.120476 0.562084
vt 0.229957 0.562084
vt 0.229957 0.003325
vt 0.251061 0.003325
vt 0.251061 0.562084
vt 0.268134 0.003325
vt 0.268134 0.562084
vt 0.345395 0.071618
vt 0.325324 0.065097
vt 0.312920 0.048024
vt 0.312920 0.026920
vt 0.325324 0.009847
vt 0.345395 0.003325
vt 0.365466 0.009847
vt 0.377870 0.026920
vt 0.377870 0.048024
vt 0.365466 0.065097
vt 0.003325 0.562084
vt 0.003325 0.003325
vt 0.020399 0.003325
vt 0.020399 0.562084
vt 0.325324 0.140040
vt 0.312920 0.122967
vt 0.312920 0.101864
vt 0.325324 0.084790
vt 0.345395 0.078269
vt 0.365466 0.084790
vt 0.377870 0.101864
vt 0.377870 0.122967
vt 0.365466 0.140040
vt 0.345395 0.146562
s 0
usemtl DL2_Judgement_Red
f 1/1/1 2/2/1 4/3/1 3/4/1
f 3/5/2 4/6/2 6/7/2 5/8/2
f 5/8/3 6/7/3 8/9/3 7/10/3
f 7/11/4 8/12/4 10/13/4 9/14/4
f 9/14/5 10/13/5 12/15/5 11/16/5
f 11/16/6 12/15/6 14/17/6 13/18/6
f 13/19/7 14/20/7 16/21/7 15/22/7
f 15/22/8 16/21/8 18/23/8 17/24/8
f 4/25/9 2/26/9 20/27/9 18/28/9 16/29/9 14/30/9 12/31/9 10/32/9 8/33/9 6/34/9
f 17/35/10 18/36/10 20/37/10 19/38/10
f 19/38/11 20/37/11 2/2/11 1/1/11
f 1/39/12 3/40/12 5/41/12 7/42/12 9/43/12 11/44/12 13/45/12 15/46/12 17/47/12 19/48/12
o DL_Turret_T_-1_1
v 24.100000 2.400000 4.500000
v 33.099998 2.400000 4.500000
v 24.100000 2.076718 4.605041
v 33.099998 2.076718 4.605041
v 24.100000 1.876919 4.880041
v 33.099998 1.876919 4.880041
v 24.100000 1.876919 5.219960
v 33.099998 1.876919 5.219960
v 24.100000 2.076718 5.494959
v 33.099998 2.076718 5.494959
v 24.100000 2.400000 5.600000
v 33.099998 2.400000 5.600000
v 24.100000 2.723282 5.494959
v 33.099998 2.723282 5.494959
v 24.100000 2.923081 5.219960
v 33.099998 2.923081 5.219960
v 24.100000 2.923081 4.880041
v 33.099998 2.923081 4.880041
v 24.100000 2.723282 4.605041
v 33.099998 2.723282 4.605041
vn -0.0000 -0.3090 -0.9511
vn -0.0000 -0.8090 -0.5878
vn -0.0000 -1.0000 -0.0000
vn -0.0000 -0.8090 0.5878
vn -0.0000 -0.3090 0.9511
vn -0.0000 0.3090 0.9511
vn -0.0000 0.8090 0.5878
vn -0.0000 1.0000 -0.0000
vn 1.0000 -0.0000 -0.0000
vn -0.0000 0.8090 -0.5878
vn -0.0000 0.3090 -0.9511
vn -1.0000 -0.0000 -0.0000
vt 0.041502 0.562084
vt 0.041502 0.003325
vt 0.058575 0.003325
vt 0.058575 0.562084
vt 0.185129 0.562084
vt 0.185129 0.003325
vt 0.206233 0.003325
vt 0.206233 0.562084
vt 0.223306 0.003325
vt 0.223306 0.562084
vt 0.065226 0.562084
vt 0.065226 0.003325
vt 0.082299 0.003325
vt 0.082299 0.562084
vt 0.103403 0.003325
vt 0.103403 0.562084
vt 0.120476 0.003325
vt 0.120476 0.562084
vt 0.229957 0.562084
vt 0.229957 0.003325
vt 0.251061 0.003325
vt 0.251061 0.562084
vt 0.268134 0.003325
vt 0.268134 0.562084
vt 0.345395 0.071618
vt 0.325324 0.065097
vt 0.312920 0.048024
vt 0.312920 0.026920
vt 0.325324 0.009847
vt 0.345395 0.003325
vt 0.365466 0.009847
vt 0.377870 0.026920
vt 0.377870 0.048024
vt 0.365466 0.065097
vt 0.003325 0.562084
vt 0.003325 0.003325
vt 0.020399 0.003325
vt 0.020399 0.562084
vt 0.325324 0.140040
vt 0.312920 0.122967
vt 0.312920 0.101864
vt 0.325324 0.084790
vt 0.345395 0.078269
vt 0.365466 0.084790
vt 0.377870 0.101864
vt 0.377870 0.122967
vt 0.365466 0.140040
vt 0.345395 0.146562
s 0
usemtl DL2_Judgement_Red
f 21/49/13 22/50/13 24/51/13 23/52/13
f 23/53/14 24/54/14 26/55/14 25/56/14
f 25/56/15 26/55/15 28/57/15 27/58/15
f 27/59/16 28/60/16 30/61/16 29/62/16
f 29/62/17 30/61/17 32/63/17 31/64/17
f 31/64/18 32/63/18 34/65/18 33/66/18
f 33/67/19 34/68/19 36/69/19 35/70/19
f 35/70/20 36/69/20 38/71/20 37/72/20
f 24/73/21 22/74/21 40/75/21 38/76/21 36/77/21 34/78/21 32/79/21 30/80/21 28/81/21 26/82/21
f 37/83/22 38/84/22 40/85/22 39/86/22
f 39/86/23 40/85/23 22/50/23 21/49/23
f 21/87/24 23/88/24 25/89/24 27/90/24 29/91/24 31/92/24 33/93/24 35/94/24 37/95/24 39/96/24
o DL_Turret_T_-1_2
v 22.700001 2.400000 6.050000
v 31.700001 2.400000 6.050000
v 22.700001 2.076718 6.155041
v 31.700001 2.076718 6.155041
v 22.700001 1.876919 6.430040
v 31.700001 1.876919 6.430040
v 22.700001 1.876919 6.769959
v 31.700001 1.876919 6.769959
v 22.700001 2.076718 7.044959
v 31.700001 2.076718 7.044959
v 22.700001 2.400000 7.150000
v 31.700001 2.400000 7.150000
v 22.700001 2.723282 7.044959
v 31.700001 2.723282 7.044959
v 22.700001 2.923081 6.769959
v 31.700001 2.923081 6.769959
v 22.700001 2.923081 6.430040
v 31.700001 2.923081 6.430040
v 22.700001 2.723282 6.155041
v 31.700001 2.723282 6.155041
vn -0.0000 -0.3090 -0.9511
vn -0.0000 -0.8090 -0.5878
vn -0.0000 -1.0000 -0.0000
vn -0.0000 -0.8090 0.5878
vn -0.0000 -0.3090 0.9511
vn -0.0000 0.3090 0.9511
vn -0.0000 0.8090 0.5878
vn -0.0000 1.0000 -0.0000
vn 1.0000 -0.0000 -0.0000
vn -0.0000 0.8090 -0.5878
vn -0.0000 0.3090 -0.9511
vn -1.0000 -0.0000 -0.0000
vt 0.041502 0.562084
vt 0.041502 0.003325
vt 0.058575 0.003325
vt 0.058575 0.562084
vt 0.185129 0.562084
vt 0.185129 0.003325
vt 0.206233 0.003325
vt 0.206233 0.562084
vt 0.223306 0.003325
vt 0.223306 0.562084
vt 0.065226 0.562084
vt 0.065226 0.003325
vt 0.082299 0.003325
vt 0.082299 0.562084
vt 0.103403 0.003325
vt 0.103403 0.562084
vt 0.120476 0.003325
vt 0.120476 0.562084
vt 0.229957 0.562084
vt 0.229957 0.003325
vt 0.251061 0.003325
vt 0.251061 0.562084
vt 0.268134 0.003325
vt 0.268134 0.562084
vt 0.345395 0.071618
vt 0.325324 0.065097
vt 0.312920 0.048024
vt 0.312920 0.026920
vt 0.325324 0.009847
vt 0.345395 0.003325
vt 0.365466 0.009847
vt 0.377870 0.026920
vt 0.377870 0.048024
vt 0.365466 0.065097
vt 0.003325 0.562084
vt 0.003325 0.003325
vt 0.020399 0.003325
vt 0.020399 0.562084
vt 0.325324 0.140040
vt 0.312920 0.122967
vt 0.312920 0.101864
vt 0.325324 0.084790
vt 0.345395 0.078269
vt 0.365466 0.084790
vt 0.377870 0.101864
vt 0.377870 0.122967
vt 0.365466 0.140040
vt 0.345395 0.146562
s 0
usemtl DL2_Judgement_Red
f 41/97/25 42/98/25 44/99/25 43/100/25
f 43/101/26 44/102/26 46/103/26 45/104/26
f 45/104/27 46/103/27 48/105/27 47/106/27
f 47/107/28 48/108/28 50/109/28 49/110/28
f 49/110/29 50/109/29 52/111/29 51/112/29
f 51/112/30 52/111/30 54/113/30 53/114/30
f 53/115/31 54/116/31 56/117/31 55/118/31
f 55/118/32 56/117/32 58/119/32 57/120/32
f 44/121/33 42/122/33 60/123/33 58/124/33 56/125/33 54/126/33 52/127/33 50/128/33 48/129/33 46/130/33
f 57/131/34 58/132/34 60/133/34 59/134/34
f 59/134/35 60/133/35 42/98/35 41/97/35
f 41/135/36 43/136/36 45/137/36 47/138/36 49/139/36 51/140/36 53/141/36 55/142/36 57/143/36 59/144/36
o DL_Turret_T_-1_3
v 21.299999 2.400000 7.599999
v 30.299999 2.400000 7.599999
v 21.299999 2.076718 7.705040
v 30.299999 2.076718 7.705040
v 21.299999 1.876919 7.980040
v 30.299999 1.876919 7.980040
v 21.299999 1.876919 8.319959
v 30.299999 1.876919 8.319959
v 21.299999 2.076718 8.594959
v 30.299999 2.076718 8.594959
v 21.299999 2.400000 8.700000
v 30.299999 2.400000 8.700000
v 21.299999 2.723282 8.594959
v 30.299999 2.723282 8.594959
v 21.299999 2.923081 8.319959
v 30.299999 2.923081 8.319959
v 21.299999 2.923081 7.980040
v 30.299999 2.923081 7.980040
v 21.299999 2.723282 7.705040
v 30.299999 2.723282 7.705040
vn -0.0000 -0.3090 -0.9511
vn -0.0000 -0.8090 -0.5878
vn -0.0000 -1.0000 -0.0000
vn -0.0000 -0.8090 0.5878
vn -0.0000 -0.3090 0.9511
vn -0.0000 0.3090 0.9511
vn -0.0000 0.8090 0.5878
vn -0.0000 1.0000 -0.0000
vn 1.0000 -0.0000 -0.0000
vn -0.0000 0.8090 -0.5878
vn -0.0000 0.3090 -0.9511
vn -1.0000 -0.0000 -0.0000
vt 0.041502 0.562084
vt 0.041502 0.003325
vt 0.058575 0.003325
vt 0.058575 0.562084
vt 0.185129 0.562084
vt 0.185129 0.003325
vt 0.206233 0.003325
vt 0.206233 0.562084
vt 0.223306 0.003325
vt 0.223306 0.562084
vt 0.065226 0.562084
vt 0.065226 0.003325
vt 0.082299 0.003325
vt 0.082299 0.562084
vt 0.103403 0.003325
vt 0.103403 0.562084
vt 0.120476 0.003325
vt 0.120476 0.562084
vt 0.229957 0.562084
vt 0.229957 0.003325
vt 0.251061 0.003325
vt 0.251061 0.562084
vt 0.268134 0.003325
vt 0.268134 0.562084
vt 0.345395 0.071618
vt 0.325324 0.065097
vt 0.312920 0.048024
vt 0.312920 0.026920
vt 0.325324 0.009847
vt 0.345395 0.003325
vt 0.365466 0.009847
vt 0.377870 0.026920
vt 0.377870 0.048024
vt 0.365466 0.065097
vt 0.003325 0.562084
vt 0.003325 0.003325
vt 0.020399 0.003325
vt 0.020399 0.562084
vt 0.325324 0.140040
vt 0.312920 0.122967
vt 0.312920 0.101864
vt 0.325324 0.084790
vt 0.345395 0.078269
vt 0.365466 0.084790
vt 0.377870 0.101864
vt 0.377870 0.122967
vt 0.365466 0.140040
vt 0.345395 0.146562
s 0
usemtl DL2_Judgement_Red
f 61/145/37 62/146/37 64/147/37 63/148/37
f 63/149/38 64/150/38 66/151/38 65/152/38
f 65/152/39 66/151/39 68/153/39 67/154/39
f 67/155/40 68/156/40 70/157/40 69/158/40
f 69/158/41 70/157/41 72/159/41 71/160/41
f 71/160/42 72/159/42 74/161/42 73/162/42
f 73/163/43 74/164/43 76/165/43 75/166/43
f 75/166/44 76/165/44 78/167/44 77/168/44
f 64/169/45 62/170/45 80/171/45 78/172/45 76/173/45 74/174/45 72/175/45 70/176/45 68/177/45 66/178/45
f 77/179/46 78/180/46 80/181/46 79/182/46
f 79/182/47 80/181/47 62/146/47 61/145/47
f 61/183/48 63/184/48 65/185/48 67/186/48 69/187/48 71/188/48 73/189/48 75/190/48 77/191/48 79/192/48
o DL_Turret_T_-1_4
v 19.900000 2.400000 9.150000
v 28.900000 2.400000 9.150000
v 19.900000 2.076718 9.255040
v 28.900000 2.076718 9.255040
v 19.900000 1.876919 9.530041
v 28.900000 1.876919 9.530041
v 19.900000 1.876919 9.869959
v 28.900000 1.876919 9.869959
v 19.900000 2.076718 10.144959
v 28.900000 2.076718 10.144959
v 19.900000 2.400000 10.250000
v 28.900000 2.400000 10.250000
v 19.900000 2.723282 10.144959
v 28.900000 2.723282 10.144959
v 19.900000 2.923081 9.869959
v 28.900000 2.923081 9.869959
v 19.900000 2.923081 9.530041
v 28.900000 2.923081 9.530041
v 19.900000 2.723282 9.255040
v 28.900000 2.723282 9.255040
vn -0.0000 -0.3090 -0.9511
vn -0.0000 -0.8090 -0.5878
vn -0.0000 -1.0000 -0.0000
vn -0.0000 -0.8090 0.5878
vn -0.0000 -0.3090 0.9511
vn -0.0000 0.3090 0.9511
vn -0.0000 0.8090 0.5878
vn -0.0000 1.0000 -0.0000
vn 1.0000 -0.0000 -0.0000
vn -0.0000 0.8090 -0.5878
vn -0.0000 0.3090 -0.9511
vn -1.0000 -0.0000 -0.0000
vt 0.041502 0.562084
vt 0.041502 0.003325
vt 0.058575 0.003325
vt 0.058575 0.562084
vt 0.185129 0.562084
vt 0.185129 0.003325
vt 0.206233 0.003325
vt 0.206233 0.562084
vt 0.223306 0.003325
vt 0.223306 0.562084
vt 0.065226 0.562084
vt 0.065226 0.003325
vt 0.082299 0.003325
vt 0.082299 0.562084
vt 0.103403 0.003325
vt 0.103403 0.562084
vt 0.120476 0.003325
vt 0.120476 0.562084
vt 0.229957 0.562084
vt 0.229957 0.003325
vt 0.251061 0.003325
vt 0.251061 0.562084
vt 0.268134 0.003325
vt 0.268134 0.562084
vt 0.345395 0.071618
vt 0.325324 0.065097
vt 0.312920 0.048024
vt 0.312920 0.026920
vt 0.325324 0.009847
vt 0.345395 0.003325
vt 0.365466 0.009847
vt 0.377870 0.026920
vt 0.377870 0.048024
vt 0.365466 0.065097
vt 0.003325 0.562084
vt 0.003325 0.003325
vt 0.020399 0.003325
vt 0.020399 0.562084
vt 0.325324 0.140040
vt 0.312920 0.122967
vt 0.312920 0.101864
vt 0.325324 0.084790
vt 0.345395 0.078269
vt 0.365466 0.084790
vt 0.377870 0.101864
vt 0.377870 0.122967
vt 0.365466 0.140040
vt 0.345395 0.146562
s 0
usemtl DL2_Judgement_Red
f 81/193/49 82/194/49 84/195/49 83/196/49
f 83/197/50 84/198/50 86/199/50 85/200/50
f 85/200/51 86/199/51 88/201/51 87/202/51
f 87/203/52 88/204/52 90/205/52 89/206/52
f 89/206/53 90/205/53 92/207/53 91/208/53
f 91/208/54 92/207/54 94/209/54 93/210/54
f 93/211/55 94/212/55 96/213/55 95/214/55
f 95/214/56 96/213/56 98/215/56 97/216/56
f 84/217/57 82/218/57 100/219/57 98/220/57 96/221/57 94/222/57 92/223/57 90/224/57 88/225/57 86/226/57
f 97/227/58 98/228/58 100/229/58 99/230/58
f 99/230/59 100/229/59 82/194/59 81/193/59
f 81/231/60 83/232/60 85/233/60 87/234/60 89/235/60 91/236/60 93/237/60 95/238/60 97/239/60 99/240/60
o DL_Turret_T_-1_5
v 18.500000 2.400000 10.700000
v 27.500000 2.400000 10.700000
v 18.500000 2.076718 10.805040
v 27.500000 2.076718 10.805040
v 18.500000 1.876919 11.080041
v 27.500000 1.876919 11.080041
v 18.500000 1.876919 11.419959
v 27.500000 1.876919 11.419959
v 18.500000 2.076718 11.694960
v 27.500000 2.076718 11.694960
v 18.500000 2.400000 11.800000
v 27.500000 2.400000 11.800000
v 18.500000 2.723282 11.694960
v 27.500000 2.723282 11.694960
v 18.500000 2.923081 11.419959
v 27.500000 2.923081 11.419959
v 18.500000 2.923081 11.080041
v 27.500000 2.923081 11.080041
v 18.500000 2.723282 10.805040
v 27.500000 2.723282 10.805040
vn -0.0000 -0.3090 -0.9511
vn -0.0000 -0.8090 -0.5878
vn -0.0000 -1.0000 -0.0000
vn -0.0000 -0.8090 0.5878
vn -0.0000 -0.3090 0.9511
vn -0.0000 0.3090 0.9511
vn -0.0000 0.8090 0.5878
vn -0.0000 1.0000 -0.0000
vn 1.0000 -0.0000 -0.0000
vn -0.0000 0.8090 -0.5878
vn -0.0000 0.3090 -0.9511
vn -1.0000 -0.0000 -0.0000
vt 0.041502 0.562084
vt 0.041502 0.003325
vt 0.058575 0.003325
vt 0.058575 0.562084
vt 0.185129 0.562084
vt 0.185129 0.003325
vt 0.206233 0.003325
vt 0.206233 0.562084
vt 0.223306 0.003325
vt 0.223306 0.562084
vt 0.065226 0.562084
vt 0.065226 0.003325
vt 0.082299 0.003325
vt 0.082299 0.562084
vt 0.103403 0.003325
vt 0.103403 0.562084
vt 0.120476 0.003325
vt 0.120476 0.562084
vt 0.229957 0.562084
vt 0.229957 0.003325
vt 0.251061 0.003325
vt 0.251061 0.562084
vt 0.268134 0.003325
vt 0.268134 0.562084
vt 0.345395 0.071618
vt 0.325324 0.065097
vt 0.312920 0.048024
vt 0.312920 0.026920
vt 0.325324 0.009847
vt 0.345395 0.003325
vt 0.365466 0.009847
vt 0.377870 0.026920
vt 0.377870 0.048024
vt 0.365466 0.065097
vt 0.003325 0.562084
vt 0.003325 0.003325
vt 0.020399 0.003325
vt 0.020399 0.562084
vt 0.325324 0.140040
vt 0.312920 0.122967
vt 0.312920 0.101864
vt 0.325324 0.084790
vt 0.345395 0.078269
vt 0.365466 0.084790
vt 0.377870 0.101864
vt 0.377870 0.122967
vt 0.365466 0.140040
vt 0.345395 0.146562
s 0
usemtl DL2_Judgement_Red
f 101/241/61 102/242/61 104/243/61 103/244/61
f 103/245/62 104/246/62 106/247/62 105/248/62
f 105/248/63 106/247/63 108/249/63 107/250/63
f 107/251/64 108/252/64 110/253/64 109/254/64
f 109/254/65 110/253/65 112/255/65 111/256/65
f 111/256/66 112/255/66 114/257/66 113/258/66
f 113/259/67 114/260/67 116/261/67 115/262/67
f 115/262/68 116/261/68 118/263/68 117/264/68
f 104/265/69 102/266/69 120/267/69 118/268/69 116/269/69 114/270/69 112/271/69 110/272/69 108/273/69 106/274/69
f 117/275/70 118/276/70 120/277/70 119/278/70
f 119/278/71 120/277/71 102/242/71 101/241/71
f 101/279/72 103/280/72 105/281/72 107/282/72 109/283/72 111/284/72 113/285/72 115/286/72 117/287/72 119/288/72
o DL_Turret_T_-1_6
v 17.100000 2.400000 12.250000
v 26.100000 2.400000 12.250000
v 17.100000 2.076718 12.355041
v 26.100000 2.076718 12.355041
v 17.100000 1.876919 12.630041
v 26.100000 1.876919 12.630041
v 17.100000 1.876919 12.969959
v 26.100000 1.876919 12.969959
v 17.100000 2.076718 13.244960
v 26.100000 2.076718 13.244960
v 17.100000 2.400000 13.350000
v 26.100000 2.400000 13.350000
v 17.100000 2.723282 13.244960
v 26.100000 2.723282 13.244960
v 17.100000 2.923081 12.969959
v 26.100000 2.923081 12.969959
v 17.100000 2.923081 12.630041
v 26.100000 2.923081 12.630041
v 17.100000 2.723282 12.355041
v 26.100000 2.723282 12.355041
vn -0.0000 -0.3090 -0.9511
vn -0.0000 -0.8090 -0.5878
vn -0.0000 -1.0000 -0.0000
vn -0.0000 -0.8090 0.5878
vn -0.0000 -0.3090 0.9511
vn -0.0000 0.3090 0.9511
vn -0.0000 0.8090 0.5878
vn -0.0000 1.0000 -0.0000
vn 1.0000 -0.0000 -0.0000
vn -0.0000 0.8090 -0.5878
vn -0.0000 0.3090 -0.9511
vn -1.0000 -0.0000 -0.0000
vt 0.041502 0.562084
vt 0.041502 0.003325
vt 0.058575 0.003325
vt 0.058575 0.562084
vt 0.185129 0.562084
vt 0.185129 0.003325
vt 0.206233 0.003325
vt 0.206233 0.562084
vt 0.223306 0.003325
vt 0.223306 0.562084
vt 0.065226 0.562084
vt 0.065226 0.003325
vt 0.082299 0.003325
vt 0.082299 0.562084
vt 0.103403 0.003325
vt 0.103403 0.562084
vt 0.120476 0.003325
vt 0.120476 0.562084
vt 0.229957 0.562084
vt 0.229957 0.003325
vt 0.251061 0.003325
vt 0.251061 0.562084
vt 0.268134 0.003325
vt 0.268134 0.562084
vt 0.345395 0.071618
vt 0.325324 0.065097
vt 0.312920 0.048024
vt 0.312920 0.026920
vt 0.325324 0.009847
vt 0.345395 0.003325
vt 0.365466 0.009847
vt 0.377870 0.026920
vt 0.377870 0.048024
vt 0.365466 0.065097
vt 0.003325 0.562084
vt 0.003325 0.003325
vt 0.020399 0.003325
vt 0.020399 0.562084
vt 0.325324 0.140040
vt 0.312920 0.122967
vt 0.312920 0.101864
vt 0.325324 0.084790
vt 0.345395 0.078269
vt 0.365466 0.084790
vt 0.377870 0.101864
vt 0.377870 0.122967
vt 0.365466 0.140040
vt 0.345395 0.146562
s 0
usemtl DL2_Judgement_Red
f 121/289/73 122/290/73 124/291/73 123/292/73
f 123/293/74 124/294/74 126/295/74 125/296/74
f 125/296/75 126/295/75 128/297/75 127/298/75
f 127/299/76 128/300/76 130/301/76 129/302/76
f 129/302/77 130/301/77 132/303/77 131/304/77
f 131/304/78 132/303/78 134/305/78 133/306/78
f 133/307/79 134/308/79 136/309/79 135/310/79
f 135/310/80 136/309/80 138/311/80 137/312/80
f 124/313/81 122/314/81 140/315/81 138/316/81 136/317/81 134/318/81 132/319/81 130/320/81 128/321/81 126/322/81
f 137/323/82 138/324/82 140/325/82 139/326/82
f 139/326/83 140/325/83 122/290/83 121/289/83
f 121/327/84 123/328/84 125/329/84 127/330/84 129/331/84 131/332/84 133/333/84 135/334/84 137/335/84 139/336/84
o DL_Turret_T_-1_7
v 15.700001 2.400000 13.800000
v 24.700001 2.400000 13.800000
v 15.700001 2.076718 13.905041
v 24.700001 2.076718 13.905041
v 15.700001 1.876919 14.180041
v 24.700001 1.876919 14.180041
v 15.700001 1.876919 14.519959
v 24.700001 1.876919 14.519959
v 15.700001 2.076718 14.794960
v 24.700001 2.076718 14.794960
v 15.700001 2.400000 14.900001
v 24.700001 2.400000 14.900001
v 15.700001 2.723282 14.794960
v 24.700001 2.723282 14.794960
v 15.700001 2.923081 14.519959
v 24.700001 2.923081 14.519959
v 15.700001 2.923081 14.180041
v 24.700001 2.923081 14.180041
v 15.700001 2.723282 13.905041
v 24.700001 2.723282 13.905041
vn -0.0000 -0.3090 -0.9511
vn -0.0000 -0.8090 -0.5878
vn -0.0000 -1.0000 -0.0000
vn -0.0000 -0.8090 0.5878
vn -0.0000 -0.3090 0.9511
vn -0.0000 0.3090 0.9511
vn -0.0000 0.8090 0.5878
vn -0.0000 1.0000 -0.0000
vn 1.0000 -0.0000 -0.0000
vn -0.0000 0.8090 -0.5878
vn -0.0000 0.3090 -0.9511
vn -1.0000 -0.0000 -0.0000
vt 0.041502 0.562084
vt 0.041502 0.003325
vt 0.058575 0.003325
vt 0.058575 0.562084
vt 0.185129 0.562084
vt 0.185129 0.003325
vt 0.206233 0.003325
vt 0.206233 0.562084
vt 0.223306 0.003325
vt 0.223306 0.562084
vt 0.065226 0.562084
vt 0.065226 0.003325
vt 0.082299 0.003325
vt 0.082299 0.562084
vt 0.103403 0.003325
vt 0.103403 0.562084
vt 0.120476 0.003325
vt 0.120476 0.562084
vt 0.229957 0.562084
vt 0.229957 0.003325
vt 0.251061 0.003325
vt 0.251061 0.562084
vt 0.268134 0.003325
vt 0.268134 0.562084
vt 0.345395 0.071618
vt 0.325324 0.065097
vt 0.312920 0.048024
vt 0.312920 0.026920
vt 0.325324 0.009847
vt 0.345395 0.003325
vt 0.365466 0.009847
vt 0.377870 0.026920
vt 0.377870 0.048024
vt 0.365466 0.065097
vt 0.003325 0.562084
vt 0.003325 0.003325
vt 0.020399 0.003325
vt 0.020399 0.562084
vt 0.325324 0.140040
vt 0.312920 0.122967
vt 0.312920 0.101864
vt 0.325324 0.084790
vt 0.345395 0.078269
vt 0.365466 0.084790
vt 0.377870 0.101864
vt 0.377870 0.122967
vt 0.365466 0.140040
vt 0.345395 0.146562
s 0
usemtl DL2_Judgement_Red
f 141/337/85 142/338/85 144/339/85 143/340/85
f 143/341/86 144/342/86 146/343/86 145/344/86
f 145/344/87 146/343/87 148/345/87 147/346/87
f 147/347/88 148/348/88 150/349/88 149/350/88
f 149/350/89 150/349/89 152/351/89 151/352/89
f 151/352/90 152/351/90 154/353/90 153/354/90
f 153/355/91 154/356/91 156/357/91 155/358/91
f 155/358/92 156/357/92 158/359/92 157/360/92
f 144/361/93 142/362/93 160/363/93 158/364/93 156/365/93 154/366/93 152/367/93 150/368/93 148/369/93 146/370/93
f 157/371/94 158/372/94 160/373/94 159/374/94
f 159/374/95 160/373/95 142/338/95 141/337/95
f 141/375/96 143/376/96 145/377/96 147/378/96 149/379/96 151/380/96 153/381/96 155/382/96 157/383/96 159/384/96
o DL_Turret_T_1_0
v 25.500000 2.400000 -4.050000
v 34.500000 2.400000 -4.050000
v 25.500000 2.076718 -3.944959
v 34.500000 2.076718 -3.944959
v 25.500000 1.876919 -3.669959
v 34.500000 1.876919 -3.669959
v 25.500000 1.876919 -3.330041
v 34.500000 1.876919 -3.330041
v 25.500000 2.076718 -3.055041
v 34.500000 2.076718 -3.055041
v 25.500000 2.400000 -2.950000
v 34.500000 2.400000 -2.950000
v 25.500000 2.723282 -3.055041
v 34.500000 2.723282 -3.055041
v 25.500000 2.923081 -3.330041
v 34.500000 2.923081 -3.330041
v 25.500000 2.923081 -3.669959
v 34.500000 2.923081 -3.669959
v 25.500000 2.723282 -3.944959
v 34.500000 2.723282 -3.944959
vn -0.0000 -0.3090 -0.9511
vn -0.0000 -0.8090 -0.5878
vn -0.0000 -1.0000 -0.0000
vn -0.0000 -0.8090 0.5878
vn -0.0000 -0.3090 0.9511
vn -0.0000 0.3090 0.9511
vn -0.0000 0.8090 0.5878
vn -0.0000 1.0000 -0.0000
vn 1.0000 -0.0000 -0.0000
vn -0.0000 0.8090 -0.5878
vn -0.0000 0.3090 -0.9511
vn -1.0000 -0.0000 -0.0000
vt 0.041502 0.562084
vt 0.041502 0.003325
vt 0.058575 0.003325
vt 0.058575 0.562084
vt 0.185129 0.562084
vt 0.185129 0.003325
vt 0.206233 0.003325
vt 0.206233 0.562084
vt 0.223306 0.003325
vt 0.223306 0.562084
vt 0.065226 0.562084
vt 0.065226 0.003325
vt 0.082299 0.003325
vt 0.082299 0.562084
vt 0.103403 0.003325
vt 0.103403 0.562084
vt 0.120476 0.003325
vt 0.120476 0.562084
vt 0.229957 0.562084
vt 0.229957 0.003325
vt 0.251061 0.003325
vt 0.251061 0.562084
vt 0.268134 0.003325
vt 0.268134 0.562084
vt 0.345395 0.071618
vt 0.325324 0.065097
vt 0.312920 0.048024
vt 0.312920 0.026920
vt 0.325324 0.009847
vt 0.345395 0.003325
vt 0.365466 0.009847
vt 0.377870 0.026920
vt 0.377870 0.048024
vt 0.365466 0.065097
vt 0.003325 0.562084
vt 0.003325 0.003325
vt 0.020399 0.003325
vt 0.020399 0.562084
vt 0.325324 0.140040
vt 0.312920 0.122967
vt 0.312920 0.101864
vt 0.325324 0.084790
vt 0.345395 0.078269
vt 0.365466 0.084790
vt 0.377870 0.101864
vt 0.377870 0.122967
vt 0.365466 0.140040
vt 0.345395 0.146562
s 0
usemtl DL2_Judgement_Red
f 161/385/97 162/386/97 164/387/97 163/388/97
f 163/389/98 164/390/98 166/391/98 165/392/98
f 165/392/99 166/391/99 168/393/99 167/394/99
f 167/395/100 168/396/100 170/397/100 169/398/100
f 169/398/101 170/397/101 172/399/101 171/400/101
f 171/400/102 172/399/102 174/401/102 173/402/102
f 173/403/103 174/404/103 176/405/103 175/406/103
f 175/406/104 176/405/104 178/407/104 177/408/104
f 164/409/105 162/410/105 180/411/105 178/412/105 176/413/105 174/414/105 172/415/105 170/416/105 168/417/105 166/418/105
f 177/419/106 178/420/106 180/421/106 179/422/106
f 179/422/107 180/421/107 162/386/107 161/385/107
f 161/423/108 163/424/108 165/425/108 167/426/108 169/427/108 171/428/108 173/429/108 175/430/108 177/431/108 179/432/108
o DL_Turret_T_1_1
v 24.100000 2.400000 -5.600000
v 33.099998 2.400000 -5.600000
v 24.100000 2.076718 -5.494959
v 33.099998 2.076718 -5.494959
v 24.100000 1.876919 -5.219960
v 33.099998 1.876919 -5.219960
v 24.100000 1.876919 -4.880041
v 33.099998 1.876919 -4.880041
v 24.100000 2.076718 -4.605041
v 33.099998 2.076718 -4.605041
v 24.100000 2.400000 -4.500000
v 33.099998 2.400000 -4.500000
v 24.100000 2.723282 -4.605041
v 33.099998 2.723282 -4.605041
v 24.100000 2.923081 -4.880041
v 33.099998 2.923081 -4.880041
v 24.100000 2.923081 -5.219960
v 33.099998 2.923081 -5.219960
v 24.100000 2.723282 -5.494959
v 33.099998 2.723282 -5.494959
vn -0.0000 -0.3090 -0.9511
vn -0.0000 -0.8090 -0.5878
vn -0.0000 -1.0000 -0.0000
vn -0.0000 -0.8090 0.5878
vn -0.0000 -0.3090 0.9511
vn -0.0000 0.3090 0.9511
vn -0.0000 0.8090 0.5878
vn -0.0000 1.0000 -0.0000
vn 1.0000 -0.0000 -0.0000
vn -0.0000 0.8090 -0.5878
vn -0.0000 0.3090 -0.9511
vn -1.0000 -0.0000 -0.0000
vt 0.041502 0.562084
vt 0.041502 0.003325
vt 0.058575 0.003325
vt 0.058575 0.562084
vt 0.185129 0.562084
vt 0.185129 0.003325
vt 0.206233 0.003325
vt 0.206233 0.562084
vt 0.223306 0.003325
vt 0.223306 0.562084
vt 0.065226 0.562084
vt 0.065226 0.003325
vt 0.082299 0.003325
vt 0.082299 0.562084
vt 0.103403 0.003325
vt 0.103403 0.562084
vt 0.120476 0.003325
vt 0.120476 0.562084
vt 0.229957 0.562084
vt 0.229957 0.003325
vt 0.251061 0.003325
vt 0.251061 0.562084
vt 0.268134 0.003325
vt 0.268134 0.562084
vt 0.345395 0.071618
vt 0.325324 0.065097
vt 0.312920 0.048024
vt 0.312920 0.026920
vt 0.325324 0.009847
vt 0.345395 0.003325
vt 0.365466 0.009847
vt 0.377870 0.026920
vt 0.377870 0.048024
vt 0.365466 0.065097
vt 0.003325 0.562084
vt 0.003325 0.003325
vt 0.020399 0.003325
vt 0.020399 0.562084
vt 0.325324 0.140040
vt 0.312920 0.122967
vt 0.312920 0.101864
vt 0.325324 0.084790
vt 0.345395 0.078269
vt 0.365466 0.084790
vt 0.377870 0.101864
vt 0.377870 0.122967
vt 0.365466 0.140040
vt 0.345395 0.146562
s 0
usemtl DL2_Judgement_Red
f 181/433/109 182/434/109 184/435/109 183/436/109
f 183/437/110 184/438/110 186/439/110 185/440/110
f 185/440/111 186/439/111 188/441/111 187/442/111
f 187/443/112 188/444/112 190/445/112 189/446/112
f 189/446/113 190/445/113 192/447/113 191/448/113
f 191/448/114 192/447/114 194/449/114 193/450/114
f 193/451/115 194/452/115 196/453/115 195/454/115
f 195/454/116 196/453/116 198/455/116 197/456/116
f 184/457/117 182/458/117 200/459/117 198/460/117 196/461/117 194/462/117 192/463/117 190/464/117 188/465/117 186/466/117
f 197/467/118 198/468/118 200/469/118 199/470/118
f 199/470/119 200/469/119 182/434/119 181/433/119
f 181/471/120 183/472/120 185/473/120 187/474/120 189/475/120 191/476/120 193/477/120 195/478/120 197/479/120 199/480/120
o DL_Turret_T_1_2
v 22.700001 2.400000 -7.150000
v 31.700001 2.400000 -7.150000
v 22.700001 2.076718 -7.044959
v 31.700001 2.076718 -7.044959
v 22.700001 1.876919 -6.769959
v 31.700001 1.876919 -6.769959
v 22.700001 1.876919 -6.430040
v 31.700001 1.876919 -6.430040
v 22.700001 2.076718 -6.155041
v 31.700001 2.076718 -6.155041
v 22.700001 2.400000 -6.050000
v 31.700001 2.400000 -6.050000
v 22.700001 2.723282 -6.155041
v 31.700001 2.723282 -6.155041
v 22.700001 2.923081 -6.430040
v 31.700001 2.923081 -6.430040
v 22.700001 2.923081 -6.769959
v 31.700001 2.923081 -6.769959
v 22.700001 2.723282 -7.044959
v 31.700001 2.723282 -7.044959
vn -0.0000 -0.3090 -0.9511
vn -0.0000 -0.8090 -0.5878
vn -0.0000 -1.0000 -0.0000
vn -0.0000 -0.8090 0.5878
vn -0.0000 -0.3090 0.9511
vn -0.0000 0.3090 0.9511
vn -0.0000 0.8090 0.5878
vn -0.0000 1.0000 -0.0000
vn 1.0000 -0.0000 -0.0000
vn -0.0000 0.8090 -0.5878
vn -0.0000 0.3090 -0.9511
vn -1.0000 -0.0000 -0.0000
vt 0.041502 0.562084
vt 0.041502 0.003325
vt 0.058575 0.003325
vt 0.058575 0.562084
vt 0.185129 0.562084
vt 0.185129 0.003325
vt 0.206233 0.003325
vt 0.206233 0.562084
vt 0.223306 0.003325
vt 0.223306 0.562084
vt 0.065226 0.562084
vt 0.065226 0.003325
vt 0.082299 0.003325
vt 0.082299 0.562084
vt 0.103403 0.003325
vt 0.103403 0.562084
vt 0.120476 0.003325
vt 0.120476 0.562084
vt 0.229957 0.562084
vt 0.229957 0.003325
vt 0.251061 0.003325
vt 0.251061 0.562084
vt 0.268134 0.003325
vt 0.268134 0.562084
vt 0.345395 0.071618
vt 0.325324 0.065097
vt 0.312920 0.048024
vt 0.312920 0.026920
vt 0.325324 0.009847
vt 0.345395 0.003325
vt 0.365466 0.009847
vt 0.377870 0.026920
vt 0.377870 0.048024
vt 0.365466 0.065097
vt 0.003325 0.562084
vt 0.003325 0.003325
vt 0.020399 0.003325
vt 0.020399 0.562084
vt 0.325324 0.140040
vt 0.312920 0.122967
vt 0.312920 0.101864
vt 0.325324 0.084790
vt 0.345395 0.078269
vt 0.365466 0.084790
vt 0.377870 0.101864
vt 0.377870 0.122967
vt 0.365466 0.140040
vt 0.345395 0.146562
s 0
usemtl DL2_Judgement_Red
f 201/481/121 202/482/121 204/483/121 203/484/121
f 203/485/122 204/486/122 206/487/122 205/488/122
f 205/488/123 206/487/123 208/489/123 207/490/123
f 207/491/124 208/492/124 210/493/124 209/494/124
f 209/494/125 210/493/125 212/495/125 211/496/125
f 211/496/126 212/495/126 214/497/126 213/498/126
f 213/499/127 214/500/127 216/501/127 215/502/127
f 215/502/128 216/501/128 218/503/128 217/504/128
f 204/505/129 202/506/129 220/507/129 218/508/129 216/509/129 214/510/129 212/511/129 210/512/129 208/513/129 206/514/129
f 217/515/130 218/516/130 220/517/130 219/518/130
f 219/518/131 220/517/131 202/482/131 201/481/131
f 201/519/132 203/520/132 205/521/132 207/522/132 209/523/132 211/524/132 213/525/132 215/526/132 217/527/132 219/528/132
o DL_Turret_T_1_3
v 21.299999 2.400000 -8.700000
v 30.299999 2.400000 -8.700000
v 21.299999 2.076718 -8.594959
v 30.299999 2.076718 -8.594959
v 21.299999 1.876919 -8.319959
v 30.299999 1.876919 -8.319959
v 21.299999 1.876919 -7.980040
v 30.299999 1.876919 -7.980040
v 21.299999 2.076718 -7.705040
v 30.299999 2.076718 -7.705040
v 21.299999 2.400000 -7.599999
v 30.299999 2.400000 -7.599999
v 21.299999 2.723282 -7.705040
v 30.299999 2.723282 -7.705040
v 21.299999 2.923081 -7.980040
v 30.299999 2.923081 -7.980040
v 21.299999 2.923081 -8.319959
v 30.299999 2.923081 -8.319959
v 21.299999 2.723282 -8.594959
v 30.299999 2.723282 -8.594959
vn -0.0000 -0.3090 -0.9511
vn -0.0000 -0.8090 -0.5878
vn -0.0000 -1.0000 -0.0000
vn -0.0000 -0.8090 0.5878
vn -0.0000 -0.3090 0.9511
vn -0.0000 0.3090 0.9511
vn -0.0000 0.8090 0.5878
vn -0.0000 1.0000 -0.0000
vn 1.0000 -0.0000 -0.0000
vn -0.0000 0.8090 -0.5878
vn -0.0000 0.3090 -0.9511
vn -1.0000 -0.0000 -0.0000
vt 0.041502 0.562084
vt 0.041502 0.003325
vt 0.058575 0.003325
vt 0.058575 0.562084
vt 0.185129 0.562084
vt 0.185129 0.003325
vt 0.206233 0.003325
vt 0.206233 0.562084
vt 0.223306 0.003325
vt 0.223306 0.562084
vt 0.065226 0.562084
vt 0.065226 0.003325
vt 0.082299 0.003325
vt 0.082299 0.562084
vt 0.103403 0.003325
vt 0.103403 0.562084
vt 0.120476 0.003325
vt 0.120476 0.562084
vt 0.229957 0.562084
vt 0.229957 0.003325
vt 0.251061 0.003325
vt 0.251061 0.562084
vt 0.268134 0.003325
vt 0.268134 0.562084
vt 0.345395 0.071618
vt 0.325324 0.065097
vt 0.312920 0.048024
vt 0.312920 0.026920
vt 0.325324 0.009847
vt 0.345395 0.003325
vt 0.365466 0.009847
vt 0.377870 0.026920
vt 0.377870 0.048024
vt 0.365466 0.065097
vt 0.003325 0.562084
vt 0.003325 0.003325
vt 0.020399 0.003325
vt 0.020399 0.562084
vt 0.325324 0.140040
vt 0.312920 0.122967
vt 0.312920 0.101864
vt 0.325324 0.084790
vt 0.345395 0.078269
vt 0.365466 0.084790
vt 0.377870 0.101864
vt 0.377870 0.122967
vt 0.365466 0.140040
vt 0.345395 0.146562
s 0
usemtl DL2_Judgement_Red
f 221/529/133 222/530/133 224/531/133 223/532/133
f 223/533/134 224/534/134 226/535/134 225/536/134
f 225/536/135 226/535/135 228/537/135 227/538/135
f 227/539/136 228/540/136 230/541/136 229/542/136
f 229/542/137 230/541/137 232/543/137 231/544/137
f 231/544/138 232/543/138 234/545/138 233/546/138
f 233/547/139 234/548/139 236/549/139 235/550/139
f 235/550/140 236/549/140 238/551/140 237/552/140
f 224/553/141 222/554/141 240/555/141 238/556/141 236/557/141 234/558/141 232/559/141 230/560/141 228/561/141 226/562/141
f 237/563/142 238/564/142 240/565/142 239/566/142
f 239/566/143 240/565/143 222/530/143 221/529/143
f 221/567/144 223/568/144 225/569/144 227/570/144 229/571/144 231/572/144 233/573/144 235/574/144 237/575/144 239/576/144
o DL_Turret_T_1_4
v 19.900000 2.400000 -10.250000
v 28.900000 2.400000 -10.250000
v 19.900000 2.076718 -10.144959
v 28.900000 2.076718 -10.144959
v 19.900000 1.876919 -9.869959
v 28.900000 1.876919 -9.869959
v 19.900000 1.876919 -9.530041
v 28.900000 1.876919 -9.530041
v 19.900000 2.076718 -9.255040
v 28.900000 2.076718 -9.255040
v 19.900000 2.400000 -9.150000
v 28.900000 2.400000 -9.150000
v 19.900000 2.723282 -9.255040
v 28.900000 2.723282 -9.255040
v 19.900000 2.923081 -9.530041
v 28.900000 2.923081 -9.530041
v 19.900000 2.923081 -9.869959
v 28.900000 2.923081 -9.869959
v 19.900000 2.723282 -10.144959
v 28.900000 2.723282 -10.144959
vn -0.0000 -0.3090 -0.9511
vn -0.0000 -0.8090 -0.5878
vn -0.0000 -1.0000 -0.0000
vn -0.0000 -0.8090 0.5878
vn -0.0000 -0.3090 0.9511
vn -0.0000 0.3090 0.9511
vn -0.0000 0.8090 0.5878
vn -0.0000 1.0000 -0.0000
vn 1.0000 -0.0000 -0.0000
vn -0.0000 0.8090 -0.5878
vn -0.0000 0.3090 -0.9511
vn -1.0000 -0.0000 -0.0000
vt 0.041502 0.562084
vt 0.041502 0.003325
vt 0.058575 0.003325
vt 0.058575 0.562084
vt 0.185129 0.562084
vt 0.185129 0.003325
vt 0.206233 0.003325
vt 0.206233 0.562084
vt 0.223306 0.003325
vt 0.223306 0.562084
vt 0.065226 0.562084
vt 0.065226 0.003325
vt 0.082299 0.003325
vt 0.082299 0.562084
vt 0.103403 0.003325
vt 0.103403 0.562084
vt 0.120476 0.003325
vt 0.120476 0.562084
vt 0.229957 0.562084
vt 0.229957 0.003325
vt 0.251061 0.003325
vt 0.251061 0.562084
vt 0.268134 0.003325
vt 0.268134 0.562084
vt 0.345395 0.071618
vt 0.325324 0.065097
vt 0.312920 0.048024
vt 0.312920 0.026920
vt 0.325324 0.009847
vt 0.345395 0.003325
vt 0.365466 0.009847
vt 0.377870 0.026920
vt 0.377870 0.048024
vt 0.365466 0.065097
vt 0.003325 0.562084
vt 0.003325 0.003325
vt 0.020399 0.003325
vt 0.020399 0.562084
vt 0.325324 0.140040
vt 0.312920 0.122967
vt 0.312920 0.101864
vt 0.325324 0.084790
vt 0.345395 0.078269
vt 0.365466 0.084790
vt 0.377870 0.101864
vt 0.377870 0.122967
vt 0.365466 0.140040
vt 0.345395 0.146562
s 0
usemtl DL2_Judgement_Red
f 241/577/145 242/578/145 244/579/145 243/580/145
f 243/581/146 244/582/146 246/583/146 245/584/146
f 245/584/147 246/583/147 248/585/147 247/586/147
f 247/587/148 248/588/148 250/589/148 249/590/148
f 249/590/149 250/589/149 252/591/149 251/592/149
f 251/592/150 252/591/150 254/593/150 253/594/150
f 253/595/151 254/596/151 256/597/151 255/598/151
f 255/598/152 256/597/152 258/599/152 257/600/152
f 244/601/153 242/602/153 260/603/153 258/604/153 256/605/153 254/606/153 252/607/153 250/608/153 248/609/153 246/610/153
f 257/611/154 258/612/154 260/613/154 259/614/154
f 259/614/155 260/613/155 242/578/155 241/577/155
f 241/615/156 243/616/156 245/617/156 247/618/156 249/619/156 251/620/156 253/621/156 255/622/156 257/623/156 259/624/156
o DL_Turret_T_1_5
v 18.500000 2.400000 -11.800000
v 27.500000 2.400000 -11.800000
v 18.500000 2.076718 -11.694960
v 27.500000 2.076718 -11.694960
v 18.500000 1.876919 -11.419959
v 27.500000 1.876919 -11.419959
v 18.500000 1.876919 -11.080041
v 27.500000 1.876919 -11.080041
v 18.500000 2.076718 -10.805040
v 27.500000 2.076718 -10.805040
v 18.500000 2.400000 -10.700000
v 27.500000 2.400000 -10.700000
v 18.500000 2.723282 -10.805040
v 27.500000 2.723282 -10.805040
v 18.500000 2.923081 -11.080041
v 27.500000 2.923081 -11.080041
v 18.500000 2.923081 -11.419959
v 27.500000 2.923081 -11.419959
v 18.500000 2.723282 -11.694960
v 27.500000 2.723282 -11.694960
vn -0.0000 -0.3090 -0.9511
vn -0.0000 -0.8090 -0.5878
vn -0.0000 -1.0000 -0.0000
vn -0.0000 -0.8090 0.5878
vn -0.0000 -0.3090 0.9511
vn -0.0000 0.3090 0.9511
vn -0.0000 0.8090 0.5878
vn -0.0000 1.0000 -0.0000
vn 1.0000 -0.0000 -0.0000
vn -0.0000 0.8090 -0.5878
vn -0.0000 0.3090 -0.9511
vn -1.0000 -0.0000 -0.0000
vt 0.041502 0.562084
vt 0.041502 0.003325
vt 0.058575 0.003325
vt 0.058575 0.562084
vt 0.185129 0.562084
vt 0.185129 0.003325
vt 0.206233 0.003325
vt 0.206233 0.562084
vt 0.223306 0.003325
vt 0.223306 0.562084
vt 0.065226 0.562084
vt 0.065226 0.003325
vt 0.082299 0.003325
vt 0.082299 0.562084
vt 0.103403 0.003325
vt 0.103403 0.562084
vt 0.120476 0.003325
vt 0.120476 0.562084
vt 0.229957 0.562084
vt 0.229957 0.003325
vt 0.251061 0.003325
vt 0.251061 0.562084
vt 0.268134 0.003325
vt 0.268134 0.562084
vt 0.345395 0.071618
vt 0.325324 0.065097
vt 0.312920 0.048024
vt 0.312920 0.026920
vt 0.325324 0.009847
vt 0.345395 0.003325
vt 0.365466 0.009847
vt 0.377870 0.026920
vt 0.377870 0.048024
vt 0.365466 0.065097
vt 0.003325 0.562084
vt 0.003325 0.003325
vt 0.020399 0.003325
vt 0.020399 0.562084
vt 0.325324 0.140040
vt 0.312920 0.122967
vt 0.312920 0.101864
vt 0.325324 0.084790
vt 0.345395 0.078269
vt 0.365466 0.084790
vt 0.377870 0.101864
vt 0.377870 0.122967
vt 0.365466 0.140040
vt 0.345395 0.146562
s 0
usemtl DL2_Judgement_Red
f 261/625/157 262/626/157 264/627/157 263/628/157
f 263/629/158 264/630/158 266/631/158 265/632/158
f 265/632/159 266/631/159 268/633/159 267/634/159
f 267/635/160 268/636/160 270/637/160 269/638/160
f 269/638/161 270/637/161 272/639/161 271/640/161
f 271/640/162 272/639/162 274/641/162 273/642/162
f 273/643/163 274/644/163 276/645/163 275/646/163
f 275/646/164 276/645/164 278/647/164 277/648/164
f 264/649/165 262/650/165 280/651/165 278/652/165 276/653/165 274/654/165 272/655/165 270/656/165 268/657/165 266/658/165
f 277/659/166 278/660/166 280/661/166 279/662/166
f 279/662/167 280/661/167 262/626/167 261/625/167
f 261/663/168 263/664/168 265/665/168 267/666/168 269/667/168 271/668/168 273/669/168 275/670/168 277/671/168 279/672/168
o DL_Turret_T_1_6
v 17.100000 2.400000 -13.350000
v 26.100000 2.400000 -13.350000
v 17.100000 2.076718 -13.244960
v 26.100000 2.076718 -13.244960
v 17.100000 1.876919 -12.969959
v 26.100000 1.876919 -12.969959
v 17.100000 1.876919 -12.630041
v 26.100000 1.876919 -12.630041
v 17.100000 2.076718 -12.355041
v 26.100000 2.076718 -12.355041
v 17.100000 2.400000 -12.250000
v 26.100000 2.400000 -12.250000
v 17.100000 2.723282 -12.355041
v 26.100000 2.723282 -12.355041
v 17.100000 2.923081 -12.630041
v 26.100000 2.923081 -12.630041
v 17.100000 2.923081 -12.969959
v 26.100000 2.923081 -12.969959
v 17.100000 2.723282 -13.244960
v 26.100000 2.723282 -13.244960
vn -0.0000 -0.3090 -0.9511
vn -0.0000 -0.8090 -0.5878
vn -0.0000 -1.0000 -0.0000
vn -0.0000 -0.8090 0.5878
vn -0.0000 -0.3090 0.9511
vn -0.0000 0.3090 0.9511
vn -0.0000 0.8090 0.5878
vn -0.0000 1.0000 -0.0000
vn 1.0000 -0.0000 -0.0000
vn -0.0000 0.8090 -0.5878
vn -0.0000 0.3090 -0.9511
vn -1.0000 -0.0000 -0.0000
vt 0.041502 0.562084
vt 0.041502 0.003325
vt 0.058575 0.003325
vt 0.058575 0.562084
vt 0.185129 0.562084
vt 0.185129 0.003325
vt 0.206233 0.003325
vt 0.206233 0.562084
vt 0.223306 0.003325
vt 0.223306 0.562084
vt 0.065226 0.562084
vt 0.065226 0.003325
vt 0.082299 0.003325
vt 0.082299 0.562084
vt 0.103403 0.003325
vt 0.103403 0.562084
vt 0.120476 0.003325
vt 0.120476 0.562084
vt 0.229957 0.562084
vt 0.229957 0.003325
vt 0.251061 0.003325
vt 0.251061 0.562084
vt 0.268134 0.003325
vt 0.268134 0.562084
vt 0.345395 0.071618
vt 0.325324 0.065097
vt 0.312920 0.048024
vt 0.312920 0.026920
vt 0.325324 0.009847
vt 0.345395 0.003325
vt 0.365466 0.009847
vt 0.377870 0.026920
vt 0.377870 0.048024
vt 0.365466 0.065097
vt 0.003325 0.562084
vt 0.003325 0.003325
vt 0.020399 0.003325
vt 0.020399 0.562084
vt 0.325324 0.140040
vt 0.312920 0.122967
vt 0.312920 0.101864
vt 0.325324 0.084790
vt 0.345395 0.078269
vt 0.365466 0.084790
vt 0.377870 0.101864
vt 0.377870 0.122967
vt 0.365466 0.140040
vt 0.345395 0.146562
s 0
usemtl DL2_Judgement_Red
f 281/673/169 282/674/169 284/675/169 283/676/169
f 283/677/170 284/678/170 286/679/170 285/680/170
f 285/680/171 286/679/171 288/681/171 287/682/171
f 287/683/172 288/684/172 290/685/172 289/686/172
f 289/686/173 290/685/173 292/687/173 291/688/173
f 291/688/174 292/687/174 294/689/174 293/690/174
f 293/691/175 294/692/175 296/693/175 295/694/175
f 295/694/176 296/693/176 298/695/176 297/696/176
f 284/697/177 282/698/177 300/699/177 298/700/177 296/701/177 294/702/177 292/703/177 290/704/177 288/705/177 286/706/177
f 297/707/178 298/708/178 300/709/178 299/710/178
f 299/710/179 300/709/179 282/674/179 281/673/179
f 281/711/180 283/712/180 285/713/180 287/714/180 289/715/180 291/716/180 293/717/180 295/718/180 297/719/180 299/720/180
o DL_Turret_T_1_7
v 15.700001 2.400000 -14.900001
v 24.700001 2.400000 -14.900001
v 15.700001 2.076718 -14.794960
v 24.700001 2.076718 -14.794960
v 15.700001 1.876919 -14.519959
v 24.700001 1.876919 -14.519959
v 15.700001 1.876919 -14.180041
v 24.700001 1.876919 -14.180041
v 15.700001 2.076718 -13.905041
v 24.700001 2.076718 -13.905041
v 15.700001 2.400000 -13.800000
v 24.700001 2.400000 -13.800000
v 15.700001 2.723282 -13.905041
v 24.700001 2.723282 -13.905041
v 15.700001 2.923081 -14.180041
v 24.700001 2.923081 -14.180041
v 15.700001 2.923081 -14.519959
v 24.700001 2.923081 -14.519959
v 15.700001 2.723282 -14.794960
v 24.700001 2.723282 -14.794960
vn -0.0000 -0.3090 -0.9511
vn -0.0000 -0.8090 -0.5878
vn -0.0000 -1.0000 -0.0000
vn -0.0000 -0.8090 0.5878
vn -0.0000 -0.3090 0.9511
vn -0.0000 0.3090 0.9511
vn -0.0000 0.8090 0.5878
vn -0.0000 1.0000 -0.0000
vn 1.0000 -0.0000 -0.0000
vn -0.0000 0.8090 -0.5878
vn -0.0000 0.3090 -0.9511
vn -1.0000 -0.0000 -0.0000
vt 0.041502 0.562084
vt 0.041502 0.003325
vt 0.058575 0.003325
vt 0.058575 0.562084
vt 0.185129 0.562084
vt 0.185129 0.003325
vt 0.206233 0.003325
vt 0.206233 0.562084
vt 0.223306 0.003325
vt 0.223306 0.562084
vt 0.065226 0.562084
vt 0.065226 0.003325
vt 0.082299 0.003325
vt 0.082299 0.562084
vt 0.103403 0.003325
vt 0.103403 0.562084
vt 0.120476 0.003325
vt 0.120476 0.562084
vt 0.229957 0.562084
vt 0.229957 0.003325
vt 0.251061 0.003325
vt 0.251061 0.562084
vt 0.268134 0.003325
vt 0.268134 0.562084
vt 0.345395 0.071618
vt 0.325324 0.065097
vt 0.312920 0.048024
vt 0.312920 0.026920
vt 0.325324 0.009847
vt 0.345395 0.003325
vt 0.365466 0.009847
vt 0.377870 0.026920
vt 0.377870 0.048024
vt 0.365466 0.065097
vt 0.003325 0.562084
vt 0.003325 0.003325
vt 0.020399 0.003325
vt 0.020399 0.562084
vt 0.325324 0.140040
vt 0.312920 0.122967
vt 0.312920 0.101864
vt 0.325324 0.084790
vt 0.345395 0.078269
vt 0.365466 0.084790
vt 0.377870 0.101864
vt 0.377870 0.122967
vt 0.365466 0.140040
vt 0.345395 0.146562
s 0
usemtl DL2_Judgement_Red
f 301/721/181 302/722/181 304/723/181 303/724/181
f 303/725/182 304/726/182 306/727/182 305/728/182
f 305/728/183 306/727/183 308/729/183 307/730/183
f 307/731/184 308/732/184 310/733/184 309/734/184
f 309/734/185 310/733/185 312/735/185 311/736/185
f 311/736/186 312/735/186 314/737/186 313/738/186
f 313/739/187 314/740/187 316/741/187 315/742/187
f 315/742/188 316/741/188 318/743/188 317/744/188
f 304/745/189 302/746/189 320/747/189 318/748/189 316/749/189 314/750/189 312/751/189 310/752/189 308/753/189 306/754/189
f 317/755/190 318/756/190 320/757/190 319/758/190
f 319/758/191 320/757/191 302/722/191 301/721/191
f 301/759/192 303/760/192 305/761/192 307/762/192 309/763/192 311/764/192 313/765/192 315/766/192 317/767/192 319/768/192
o DL_Turret_X_-1_0
v 14.200000 1.700000 10.080000
v 19.799999 1.700000 10.080000
v 14.200000 1.453130 10.160213
v 19.799999 1.453130 10.160213
v 14.200000 1.300556 10.370213
v 19.799999 1.300556 10.370213
v 14.200000 1.300556 10.629787
v 19.799999 1.300556 10.629787
v 14.200000 1.453130 10.839787
v 19.799999 1.453130 10.839787
v 14.200000 1.700000 10.920000
v 19.799999 1.700000 10.920000
v 14.200000 1.946870 10.839787
v 19.799999 1.946870 10.839787
v 14.200000 2.099444 10.629787
v 19.799999 2.099444 10.629787
v 14.200000 2.099444 10.370213
v 19.799999 2.099444 10.370213
v 14.200000 1.946870 10.160213
v 19.799999 1.946870 10.160213
vn -0.0000 -0.3090 -0.9511
vn -0.0000 -0.8090 -0.5878
vn -0.0000 -1.0000 -0.0000
vn -0.0000 -0.8090 0.5878
vn -0.0000 -0.3090 0.9511
vn -0.0000 0.3090 0.9511
vn -0.0000 0.8090 0.5878
vn -0.0000 1.0000 -0.0000
vn 1.0000 -0.0000 -0.0000
vn -0.0000 0.8090 -0.5878
vn -0.0000 0.3090 -0.9511
vn -1.0000 -0.0000 -0.0000
vt 0.094366 0.350825
vt 0.094366 0.002750
vt 0.107418 0.002750
vt 0.107418 0.350825
vt 0.123553 0.002750
vt 0.123553 0.350825
vt 0.136605 0.002750
vt 0.136605 0.350825
vt 0.142105 0.350825
vt 0.142105 0.002750
vt 0.158240 0.002750
vt 0.158240 0.350825
vt 0.171292 0.002750
vt 0.171292 0.350825
vt 0.094366 0.704400
vt 0.094366 0.356325
vt 0.107418 0.356325
vt 0.107418 0.704400
vt 0.123553 0.356325
vt 0.123553 0.704400
vt 0.136605 0.356325
vt 0.136605 0.704400
vt 0.166933 0.762111
vt 0.151589 0.757126
vt 0.142105 0.744073
vt 0.142105 0.727939
vt 0.151589 0.714886
vt 0.166933 0.709900
vt 0.182278 0.714886
vt 0.191761 0.727939
vt 0.191761 0.744073
vt 0.182278 0.757126
vt 0.142105 0.704400
vt 0.142105 0.356325
vt 0.158240 0.356325
vt 0.158240 0.704400
vt 0.171292 0.356325
vt 0.171292 0.704400
vt 0.151589 0.814837
vt 0.142105 0.801784
vt 0.142105 0.785650
vt 0.151589 0.772597
vt 0.166933 0.767611
vt 0.182278 0.772597
vt 0.191761 0.785650
vt 0.191761 0.801784
vt 0.182278 0.814837
vt 0.166933 0.819823
s 0
usemtl DL2_IceBlue
f 321/769/193 322/770/193 324/771/193 323/772/193
f 323/772/194 324/771/194 326/773/194 325/774/194
f 325/774/195 326/773/195 328/775/195 327/776/195
f 327/777/196 328/778/196 330/779/196 329/780/196
f 329/780/197 330/779/197 332/781/197 331/782/197
f 331/783/198 332/784/198 334/785/198 333/786/198
f 333/786/199 334/785/199 336/787/199 335/788/199
f 335/788/200 336/787/200 338/789/200 337/790/200
f 324/791/201 322/792/201 340/793/201 338/794/201 336/795/201 334/796/201 332/797/201 330/798/201 328/799/201 326/800/201
f 337/801/202 338/802/202 340/803/202 339/804/202
f 339/804/203 340/803/203 322/805/203 321/806/203
f 321/807/204 323/808/204 325/809/204 327/810/204 329/811/204 331/812/204 333/813/204 335/814/204 337/815/204 339/816/204
o DL_Turret_X_-1_1
v 10.000000 1.700000 14.080000
v 15.600000 1.700000 14.080000
v 10.000000 1.453130 14.160213
v 15.600000 1.453130 14.160213
v 10.000000 1.300556 14.370213
v 15.600000 1.300556 14.370213
v 10.000000 1.300556 14.629787
v 15.600000 1.300556 14.629787
v 10.000000 1.453130 14.839787
v 15.600000 1.453130 14.839787
v 10.000000 1.700000 14.920000
v 15.600000 1.700000 14.920000
v 10.000000 1.946870 14.839787
v 15.600000 1.946870 14.839787
v 10.000000 2.099444 14.629787
v 15.600000 2.099444 14.629787
v 10.000000 2.099444 14.370213
v 15.600000 2.099444 14.370213
v 10.000000 1.946870 14.160213
v 15.600000 1.946870 14.160213
vn -0.0000 -0.3090 -0.9511
vn -0.0000 -0.8090 -0.5878
vn -0.0000 -1.0000 -0.0000
vn -0.0000 -0.8090 0.5878
vn -0.0000 -0.3090 0.9511
vn -0.0000 0.3090 0.9511
vn -0.0000 0.8090 0.5878
vn -0.0000 1.0000 -0.0000
vn 1.0000 -0.0000 -0.0000
vn -0.0000 0.8090 -0.5878
vn -0.0000 0.3090 -0.9511
vn -1.0000 -0.0000 -0.0000
vt 0.094366 0.350825
vt 0.094366 0.002750
vt 0.107418 0.002750
vt 0.107418 0.350825
vt 0.123553 0.002750
vt 0.123553 0.350825
vt 0.136605 0.002750
vt 0.136605 0.350825
vt 0.142105 0.350825
vt 0.142105 0.002750
vt 0.158240 0.002750
vt 0.158240 0.350825
vt 0.171292 0.002750
vt 0.171292 0.350825
vt 0.094366 0.704400
vt 0.094366 0.356325
vt 0.107418 0.356325
vt 0.107418 0.704400
vt 0.123553 0.356325
vt 0.123553 0.704400
vt 0.136605 0.356325
vt 0.136605 0.704400
vt 0.166933 0.762111
vt 0.151589 0.757126
vt 0.142105 0.744073
vt 0.142105 0.727939
vt 0.151589 0.714886
vt 0.166933 0.709900
vt 0.182278 0.714886
vt 0.191761 0.727939
vt 0.191761 0.744073
vt 0.182278 0.757126
vt 0.142105 0.704400
vt 0.142105 0.356325
vt 0.158240 0.356325
vt 0.158240 0.704400
vt 0.171292 0.356325
vt 0.171292 0.704400
vt 0.151589 0.814837
vt 0.142105 0.801784
vt 0.142105 0.785650
vt 0.151589 0.772597
vt 0.166933 0.767611
vt 0.182278 0.772597
vt 0.191761 0.785650
vt 0.191761 0.801784
vt 0.182278 0.814837
vt 0.166933 0.819823
s 0
usemtl DL2_IceBlue
f 341/817/205 342/818/205 344/819/205 343/820/205
f 343/820/206 344/819/206 346/821/206 345/822/206
f 345/822/207 346/821/207 348/823/207 347/824/207
f 347/825/208 348/826/208 350/827/208 349/828/208
f 349/828/209 350/827/209 352/829/209 351/830/209
f 351/831/210 352/832/210 354/833/210 353/834/210
f 353/834/211 354/833/211 356/835/211 355/836/211
f 355/836/212 356/835/212 358/837/212 357/838/212
f 344/839/213 342/840/213 360/841/213 358/842/213 356/843/213 354/844/213 352/845/213 350/846/213 348/847/213 346/848/213
f 357/849/214 358/850/214 360/851/214 359/852/214
f 359/852/215 360/851/215 342/853/215 341/854/215
f 341/855/216 343/856/216 345/857/216 347/858/216 349/859/216 351/860/216 353/861/216 355/862/216 357/863/216 359/864/216
o DL_Turret_X_1_0
v 14.200000 1.700000 -10.920000
v 19.799999 1.700000 -10.920000
v 14.200000 1.453130 -10.839787
v 19.799999 1.453130 -10.839787
v 14.200000 1.300556 -10.629787
v 19.799999 1.300556 -10.629787
v 14.200000 1.300556 -10.370213
v 19.799999 1.300556 -10.370213
v 14.200000 1.453130 -10.160213
v 19.799999 1.453130 -10.160213
v 14.200000 1.700000 -10.080000
v 19.799999 1.700000 -10.080000
v 14.200000 1.946870 -10.160213
v 19.799999 1.946870 -10.160213
v 14.200000 2.099444 -10.370213
v 19.799999 2.099444 -10.370213
v 14.200000 2.099444 -10.629787
v 19.799999 2.099444 -10.629787
v 14.200000 1.946870 -10.839787
v 19.799999 1.946870 -10.839787
vn -0.0000 -0.3090 -0.9511
vn -0.0000 -0.8090 -0.5878
vn -0.0000 -1.0000 -0.0000
vn -0.0000 -0.8090 0.5878
vn -0.0000 -0.3090 0.9511
vn -0.0000 0.3090 0.9511
vn -0.0000 0.8090 0.5878
vn -0.0000 1.0000 -0.0000
vn 1.0000 -0.0000 -0.0000
vn -0.0000 0.8090 -0.5878
vn -0.0000 0.3090 -0.9511
vn -1.0000 -0.0000 -0.0000
vt 0.094366 0.350825
vt 0.094366 0.002750
vt 0.107418 0.002750
vt 0.107418 0.350825
vt 0.123553 0.002750
vt 0.123553 0.350825
vt 0.136605 0.002750
vt 0.136605 0.350825
vt 0.142105 0.350825
vt 0.142105 0.002750
vt 0.158240 0.002750
vt 0.158240 0.350825
vt 0.171292 0.002750
vt 0.171292 0.350825
vt 0.094366 0.704400
vt 0.094366 0.356325
vt 0.107418 0.356325
vt 0.107418 0.704400
vt 0.123553 0.356325
vt 0.123553 0.704400
vt 0.136605 0.356325
vt 0.136605 0.704400
vt 0.166933 0.762111
vt 0.151589 0.757126
vt 0.142105 0.744073
vt 0.142105 0.727939
vt 0.151589 0.714886
vt 0.166933 0.709900
vt 0.182278 0.714886
vt 0.191761 0.727939
vt 0.191761 0.744073
vt 0.182278 0.757126
vt 0.142105 0.704400
vt 0.142105 0.356325
vt 0.158240 0.356325
vt 0.158240 0.704400
vt 0.171292 0.356325
vt 0.171292 0.704400
vt 0.151589 0.814837
vt 0.142105 0.801784
vt 0.142105 0.785650
vt 0.151589 0.772597
vt 0.166933 0.767611
vt 0.182278 0.772597
vt 0.191761 0.785650
vt 0.191761 0.801784
vt 0.182278 0.814837
vt 0.166933 0.819823
s 0
usemtl DL2_IceBlue
f 361/865/217 362/866/217 364/867/217 363/868/217
f 363/868/218 364/867/218 366/869/218 365/870/218
f 365/870/219 366/869/219 368/871/219 367/872/219
f 367/873/220 368/874/220 370/875/220 369/876/220
f 369/876/221 370/875/221 372/877/221 371/878/221
f 371/879/222 372/880/222 374/881/222 373/882/222
f 373/882/223 374/881/223 376/883/223 375/884/223
f 375/884/224 376/883/224 378/885/224 377/886/224
f 364/887/225 362/888/225 380/889/225 378/890/225 376/891/225 374/892/225 372/893/225 370/894/225 368/895/225 366/896/225
f 377/897/226 378/898/226 380/899/226 379/900/226
f 379/900/227 380/899/227 362/901/227 361/902/227
f 361/903/228 363/904/228 365/905/228 367/906/228 369/907/228 371/908/228 373/909/228 375/910/228 377/911/228 379/912/228
o DL_Turret_X_1_1
v 10.000000 1.700000 -14.920000
v 15.600000 1.700000 -14.920000
v 10.000000 1.453130 -14.839787
v 15.600000 1.453130 -14.839787
v 10.000000 1.300556 -14.629787
v 15.600000 1.300556 -14.629787
v 10.000000 1.300556 -14.370213
v 15.600000 1.300556 -14.370213
v 10.000000 1.453130 -14.160213
v 15.600000 1.453130 -14.160213
v 10.000000 1.700000 -14.080000
v 15.600000 1.700000 -14.080000
v 10.000000 1.946870 -14.160213
v 15.600000 1.946870 -14.160213
v 10.000000 2.099444 -14.370213
v 15.600000 2.099444 -14.370213
v 10.000000 2.099444 -14.629787
v 15.600000 2.099444 -14.629787
v 10.000000 1.946870 -14.839787
v 15.600000 1.946870 -14.839787
vn -0.0000 -0.3090 -0.9511
vn -0.0000 -0.8090 -0.5878
vn -0.0000 -1.0000 -0.0000
vn -0.0000 -0.8090 0.5878
vn -0.0000 -0.3090 0.9511
vn -0.0000 0.3090 0.9511
vn -0.0000 0.8090 0.5878
vn -0.0000 1.0000 -0.0000
vn 1.0000 -0.0000 -0.0000
vn -0.0000 0.8090 -0.5878
vn -0.0000 0.3090 -0.9511
vn -1.0000 -0.0000 -0.0000
vt 0.094366 0.350825
vt 0.094366 0.002750
vt 0.107418 0.002750
vt 0.107418 0.350825
vt 0.123553 0.002750
vt 0.123553 0.350825
vt 0.136605 0.002750
vt 0.136605 0.350825
vt 0.142105 0.350825
vt 0.142105 0.002750
vt 0.158240 0.002750
vt 0.158240 0.350825
vt 0.171292 0.002750
vt 0.171292 0.350825
vt 0.094366 0.704400
vt 0.094366 0.356325
vt 0.107418 0.356325
vt 0.107418 0.704400
vt 0.123553 0.356325
vt 0.123553 0.704400
vt 0.136605 0.356325
vt 0.136605 0.704400
vt 0.166933 0.762111
vt 0.151589 0.757126
vt 0.142105 0.744073
vt 0.142105 0.727939
vt 0.151589 0.714886
vt 0.166933 0.709900
vt 0.182278 0.714886
vt 0.191761 0.727939
vt 0.191761 0.744073
vt 0.182278 0.757126
vt 0.142105 0.704400
vt 0.142105 0.356325
vt 0.158240 0.356325
vt 0.158240 0.704400
vt 0.171292 0.356325
vt 0.171292 0.704400
vt 0.151589 0.814837
vt 0.142105 0.801784
vt 0.142105 0.785650
vt 0.151589 0.772597
vt 0.166933 0.767611
vt 0.182278 0.772597
vt 0.191761 0.785650
vt 0.191761 0.801784
vt 0.182278 0.814837
vt 0.166933 0.819823
s 0
usemtl DL2_IceBlue
f 381/913/229 382/914/229 384/915/229 383/916/229
f 383/916/230 384/915/230 386/917/230 385/918/230
f 385/918/231 386/917/231 388/919/231 387/920/231
f 387/921/232 388/922/232 390/923/232 389/924/232
f 389/924/233 390/923/233 392/925/233 391/926/233
f 391/927/234 392/928/234 394/929/234 393/930/234
f 393/930/235 394/929/235 396/931/235 395/932/235
f 395/932/236 396/931/236 398/933/236 397/934/236
f 384/935/237 382/936/237 400/937/237 398/938/237 396/939/237 394/940/237 392/941/237 390/942/237 388/943/237 386/944/237
f 397/945/238 398/946/238 400/947/238 399/948/238
f 399/948/239 400/947/239 382/949/239 381/950/239
f 381/951/240 383/952/240 385/953/240 387/954/240 389/955/240 391/956/240 393/957/240 395/958/240 397/959/240 399/960/240
o DL_Wing_Armor_-1_0
v 9.752381 1.580000 12.481843
v 9.714349 1.740000 12.637258
v 9.596968 1.740000 12.443810
v 9.725489 1.626863 12.591738
v 9.640696 1.647624 12.549613
v 9.615594 1.740000 12.564844
v 9.642487 1.626863 12.454950
v 9.714349 2.260000 12.637258
v 9.752381 2.420000 12.481843
v 9.596968 2.260000 12.443810
v 9.725489 2.373137 12.591738
v 9.640696 2.352376 12.549613
v 9.642487 2.373137 12.454950
v 9.615594 2.260000 12.564844
v 10.341884 1.580000 10.072925
v 10.186470 1.740000 10.034893
v 10.379916 1.740000 9.917511
v 10.231989 1.626863 10.046032
v 10.274114 1.647624 9.961239
v 10.258883 1.740000 9.936138
v 10.368776 1.626863 9.963031
v 10.341884 2.420000 10.072925
v 10.379916 2.260000 9.917511
v 10.186470 2.260000 10.034893
v 10.368776 2.373137 9.963031
v 10.274114 2.352376 9.961239
v 10.258883 2.260000 9.936138
v 10.231989 2.373137 10.046032
v 15.658116 1.580000 13.927075
v 15.813530 1.740000 13.965107
v 15.620084 1.740000 14.082489
v 15.768011 1.626863 13.953968
v 15.725886 1.647624 14.038761
v 15.741117 1.740000 14.063862
v 15.631224 1.626863 14.036969
v 15.658116 2.420000 13.927075
v 15.620084 2.260000 14.082489
v 15.813530 2.260000 13.965107
v 15.631224 2.373137 14.036969
v 15.725886 2.352376 14.038761
v 15.741117 2.260000 14.063862
v 15.768011 2.373137 13.953968
v 16.247620 1.580000 11.518157
v 16.285652 1.740000 11.362742
v 16.403032 1.740000 11.556190
v 16.274511 1.626863 11.408262
v 16.359304 1.647624 11.450387
v 16.384407 1.740000 11.435156
v 16.357513 1.626863 11.545050
v 16.247620 2.420000 11.518157
v 16.403032 2.260000 11.556190
v 16.285652 2.260000 11.362742
v 16.357513 2.373137 11.545050
v 16.359304 2.352376 11.450387
v 16.384407 2.260000 11.435156
v 16.274511 2.373137 11.408262
vn -0.3930 -0.8881 0.2385
vn -0.5268 -0.3251 0.7854
vn -0.9399 -0.3251 0.1046
vn -0.5268 0.3251 0.7854
vn -0.3930 0.8881 0.2385
vn -0.9399 0.3251 0.1046
vn -0.2385 -0.8881 -0.3930
vn -0.7854 -0.3251 -0.5268
vn -0.1046 -0.3251 -0.9399
vn -0.2385 0.8881 -0.3930
vn -0.1046 0.3251 -0.9399
vn -0.7854 0.3251 -0.5268
vn 0.2385 -0.8881 0.3930
vn 0.7854 -0.3251 0.5268
vn 0.1046 -0.3251 0.9399
vn 0.2385 0.8881 0.3930
vn 0.1046 0.3251 0.9399
vn 0.7854 0.3251 0.5268
vn 0.3930 -0.8881 -0.2385
vn 0.5268 -0.3251 -0.7854
vn 0.9399 -0.3251 -0.1046
vn 0.3930 0.8881 -0.2385
vn 0.9399 0.3251 -0.1046
vn 0.5268 0.3251 -0.7854
vn -0.3717 -0.9239 -0.0910
vn -0.8974 -0.3827 -0.2196
vn -0.5913 -0.0000 0.8064
vn -0.9884 -0.0000 0.1521
vn -0.3717 0.9239 -0.0910
vn -0.8974 0.3827 -0.2196
vn -0.1521 -0.0000 -0.9884
vn -0.8064 -0.0000 -0.5913
vn 0.0910 -0.9239 -0.3717
vn 0.2196 -0.3827 -0.8974
vn 0.0910 0.9239 -0.3717
vn 0.2196 0.3827 -0.8974
vn 0.9884 -0.0000 -0.1521
vn 0.5913 -0.0000 -0.8064
vn 0.3717 -0.9239 0.0910
vn 0.8974 -0.3827 0.2196
vn 0.3717 0.9239 0.0910
vn 0.8974 0.3827 0.2196
vn 0.1521 -0.0000 0.9884
vn 0.8064 -0.0000 0.5913
vn -0.0910 -0.9239 0.3717
vn -0.2196 -0.3827 0.8974
vn -0.0910 0.9239 0.3717
vn -0.2196 0.3827 0.8974
vn -0.0000 -1.0000 -0.0000
vn -0.9713 -0.0000 -0.2377
vn -0.2377 -0.0000 0.9713
vn -0.0000 1.0000 -0.0000
vn 0.2377 -0.0000 -0.9713
vn 0.9713 -0.0000 0.2377
vt 0.013811 0.013811
vt 0.003889 0.013811
vt 0.003889 0.008083
vt 0.013811 0.003889
vt 0.469099 0.418478
vt 0.469099 0.408556
vt 0.474828 0.408556
vt 0.479021 0.418478
vt 0.569331 0.167606
vt 0.579253 0.167606
vt 0.579253 0.173334
vt 0.569331 0.177528
vt 0.436852 0.418478
vt 0.426930 0.418478
vt 0.426930 0.412750
vt 0.436852 0.408556
vt 0.195228 0.390856
vt 0.195228 0.400778
vt 0.189500 0.400778
vt 0.185306 0.390856
vt 0.537084 0.167606
vt 0.537084 0.177528
vt 0.531355 0.177528
vt 0.527162 0.167606
vt 0.167606 0.013811
vt 0.167606 0.003889
vt 0.173334 0.003889
vt 0.177528 0.013811
vt 0.569331 0.013811
vt 0.569331 0.003889
vt 0.575060 0.003889
vt 0.579253 0.013811
vt 0.469099 0.390856
vt 0.479021 0.390856
vt 0.479021 0.396584
vt 0.469099 0.400778
vt 0.349023 0.390856
vt 0.358945 0.390856
vt 0.358945 0.396584
vt 0.349023 0.400778
vt 0.436852 0.390856
vt 0.436852 0.400778
vt 0.431123 0.400778
vt 0.426930 0.390856
vt 0.537084 0.013811
vt 0.527162 0.013811
vt 0.527162 0.008083
vt 0.537084 0.003889
vt 0.013811 0.390856
vt 0.013811 0.400778
vt 0.008083 0.400778
vt 0.003889 0.390856
vt 0.569331 0.195228
vt 0.569331 0.185306
vt 0.575060 0.185306
vt 0.579253 0.195228
vt 0.469099 0.795523
vt 0.479021 0.795522
vt 0.479021 0.801251
vt 0.469099 0.805445
vt 0.195228 0.013811
vt 0.185306 0.013811
vt 0.185306 0.008083
vt 0.195228 0.003889
vt 0.436852 0.795523
vt 0.436852 0.805445
vt 0.431123 0.805445
vt 0.426930 0.795522
vt 0.537084 0.195228
vt 0.527162 0.195228
vt 0.527162 0.189500
vt 0.537084 0.185306
vt 0.167606 0.390856
vt 0.177528 0.390856
vt 0.177528 0.396584
vt 0.167606 0.400778
vt 0.469099 0.013811
vt 0.469099 0.003889
vt 0.474828 0.003889
vt 0.479021 0.013811
vt 0.569331 0.349023
vt 0.579253 0.349023
vt 0.579253 0.354751
vt 0.569331 0.358945
vt 0.349023 0.013811
vt 0.349023 0.003889
vt 0.354751 0.003889
vt 0.358945 0.013811
vt 0.537084 0.349023
vt 0.537084 0.358945
vt 0.531355 0.358945
vt 0.527161 0.349023
vt 0.436852 0.013811
vt 0.426930 0.013811
vt 0.426930 0.008083
vt 0.436852 0.003889
s 0
usemtl DL2_Hull_Silver
f 401/961/241 404/962/241 405/963/241 407/964/241
f 402/965/242 406/966/242 405/967/242 404/968/242
f 403/969/243 407/970/243 405/971/243 406/972/243
f 408/973/244 411/974/244 412/975/244 414/976/244
f 409/977/245 413/978/245 412/979/245 411/980/245
f 410/981/246 414/982/246 412/983/246 413/984/246
f 415/985/247 418/986/247 419/987/247 421/988/247
f 416/989/248 420/990/248 419/991/248 418/992/248
f 417/993/249 421/994/249 419/995/249 420/996/249
f 422/997/250 425/998/250 426/999/250 428/1000/250
f 423/1001/251 427/1002/251 426/1003/251 425/1004/251
f 424/1005/252 428/1006/252 426/1007/252 427/1008/252
f 429/1009/253 432/1010/253 433/1011/253 435/1012/253
f 430/1013/254 434/1014/254 433/1015/254 432/1016/254
f 431/1017/255 435/1018/255 433/1019/255 434/1020/255
f 436/1021/256 439/1022/256 440/1023/256 442/1024/256
f 437/1025/257 441/1026/257 440/1027/257 439/1028/257
f 438/1029/258 442/1030/258 440/1031/258 441/1032/258
f 443/1033/259 446/1034/259 447/1035/259 449/1036/259
f 444/1037/260 448/1038/260 447/1039/260 446/1040/260
f 445/1041/261 449/1042/261 447/1043/261 448/1044/261
f 450/1045/262 453/1046/262 454/1047/262 456/1048/262
f 451/1049/263 455/1050/263 454/1051/263 453/1052/263
f 452/1053/264 456/1054/264 454/1055/264 455/1056/264
f 415/985/265 401/961/265 407/964/265 418/986/265
f 418/992/266 407/970/266 403/969/266 416/989/266
f 402/965/267 408/973/267 414/976/267 406/966/267
f 406/972/268 414/982/268 410/981/268 403/969/268
f 409/977/269 422/997/269 428/1000/269 413/978/269
f 413/984/270 428/1006/270 424/1005/270 410/981/270
f 423/1001/271 417/993/271 420/996/271 427/1002/271
f 427/1008/272 420/990/272 416/989/272 424/1005/272
f 443/1033/273 415/985/273 421/988/273 446/1034/273
f 446/1040/274 421/994/274 417/993/274 444/1037/274
f 422/997/275 450/1045/275 456/1048/275 425/998/275
f 425/1004/276 456/1054/276 452/1053/276 423/1001/276
f 451/1049/277 445/1041/277 448/1044/277 455/1050/277
f 455/1056/278 448/1038/278 444/1037/278 452/1053/278
f 429/1009/279 443/1033/279 449/1036/279 432/1010/279
f 432/1016/280 449/1042/280 445/1041/280 430/1013/280
f 450/1045/281 436/1021/281 442/1024/281 453/1046/281
f 453/1052/282 442/1030/282 438/1029/282 451/1049/282
f 437/1025/283 431/1017/283 434/1020/283 441/1026/283
f 441/1032/284 434/1014/284 430/1013/284 438/1029/284
f 401/961/285 429/1009/285 435/1012/285 404/962/285
f 404/968/286 435/1018/286 431/1017/286 402/965/286
f 436/1021/287 409/977/287 411/980/287 439/1022/287
f 439/1028/288 411/974/288 408/973/288 437/1025/288
f 415/985/289 443/1033/289 429/1009/289 401/961/289
f 403/969/290 410/981/290 424/1005/290 416/989/290
f 431/1017/291 437/1025/291 408/973/291 402/965/291
f 450/1045/292 422/997/292 409/977/292 436/1021/292
f 417/993/293 423/1001/293 452/1053/293 444/1037/293
f 445/1041/294 451/1049/294 438/1029/294 430/1013/294
o DL_Wing_Light_-1_0
v 11.067654 2.420000 10.100663
v 11.058146 2.460000 10.139517
v 11.028800 2.460000 10.091155
v 11.060930 2.431716 10.128137
v 11.039732 2.436906 10.117606
v 11.033457 2.460000 10.121413
v 11.040180 2.431716 10.093940
v 11.058146 2.540000 10.139517
v 11.067654 2.580000 10.100663
v 11.028800 2.540000 10.091155
v 11.060930 2.568284 10.128137
v 11.039732 2.563094 10.117606
v 11.040180 2.568284 10.093940
v 11.033457 2.540000 10.121413
v 11.124701 2.420000 9.867542
v 11.085848 2.460000 9.858034
v 11.134210 2.460000 9.828689
v 11.097228 2.431716 9.860819
v 11.107759 2.436906 9.839621
v 11.103951 2.460000 9.833345
v 11.131425 2.431716 9.840069
v 11.124701 2.580000 9.867542
v 11.134210 2.540000 9.828689
v 11.085848 2.540000 9.858034
v 11.131425 2.568284 9.840069
v 11.107759 2.563094 9.839621
v 11.103951 2.540000 9.833345
v 11.097228 2.568284 9.860819
v 14.875299 2.420000 11.032457
v 14.914152 2.460000 11.041965
v 14.865790 2.460000 11.071311
v 14.902772 2.431716 11.039181
v 14.892241 2.436906 11.060379
v 14.896049 2.460000 11.066654
v 14.868575 2.431716 11.059931
v 14.875299 2.580000 11.032457
v 14.865790 2.540000 11.071311
v 14.914152 2.540000 11.041965
v 14.868575 2.568284 11.059931
v 14.892241 2.563094 11.060379
v 14.896049 2.540000 11.066654
v 14.902772 2.568284 11.039181
v 14.932346 2.420000 10.799336
v 14.941854 2.460000 10.760483
v 14.971200 2.460000 10.808845
v 14.939070 2.431716 10.771863
v 14.960268 2.436906 10.782393
v 14.966543 2.460000 10.778586
v 14.959820 2.431716 10.806060
v 14.932346 2.580000 10.799336
v 14.971200 2.540000 10.808845
v 14.941854 2.540000 10.760483
v 14.959820 2.568284 10.806060
v 14.960268 2.563094 10.782393
v 14.966543 2.540000 10.778586
v 14.939070 2.568284 10.771863
vn -0.3930 -0.8881 0.2385
vn -0.5268 -0.3251 0.7854
vn -0.9399 -0.3251 0.1046
vn -0.5268 0.3251 0.7854
vn -0.3930 0.8881 0.2385
vn -0.9399 0.3251 0.1046
vn -0.2385 -0.8881 -0.3930
vn -0.7854 -0.3251 -0.5268
vn -0.1046 -0.3251 -0.9399
vn -0.2385 0.8881 -0.3930
vn -0.1046 0.3251 -0.9399
vn -0.7854 0.3251 -0.5268
vn 0.2385 -0.8881 0.3930
vn 0.7854 -0.3251 0.5268
vn 0.1046 -0.3251 0.9399
vn 0.2385 0.8881 0.3930
vn 0.1046 0.3251 0.9399
vn 0.7854 0.3251 0.5268
vn 0.3930 -0.8881 -0.2385
vn 0.5268 -0.3251 -0.7854
vn 0.9399 -0.3251 -0.1046
vn 0.3930 0.8881 -0.2385
vn 0.9399 0.3251 -0.1046
vn 0.5268 0.3251 -0.7854
vn -0.3717 -0.9239 -0.0910
vn -0.8974 -0.3827 -0.2196
vn -0.5913 -0.0000 0.8064
vn -0.9884 -0.0000 0.1521
vn -0.3717 0.9239 -0.0910
vn -0.8974 0.3827 -0.2196
vn -0.1521 -0.0000 -0.9884
vn -0.8064 -0.0000 -0.5913
vn 0.0910 -0.9239 -0.3717
vn 0.2196 -0.3827 -0.8974
vn 0.0910 0.9239 -0.3717
vn 0.2196 0.3827 -0.8974
vn 0.9884 -0.0000 -0.1521
vn 0.5913 -0.0000 -0.8064
vn 0.3717 -0.9239 0.0910
vn 0.8974 -0.3827 0.2196
vn 0.3717 0.9239 0.0910
vn 0.8974 0.3827 0.2196
vn 0.1521 -0.0000 0.9884
vn 0.8064 -0.0000 0.5913
vn -0.0910 -0.9239 0.3717
vn -0.2196 -0.3827 0.8974
vn -0.0910 0.9239 0.3717
vn -0.2196 0.3827 0.8974
vn -0.0000 -1.0000 -0.0000
vn -0.9713 -0.0000 -0.2377
vn -0.2377 -0.0000 0.9713
vn -0.0000 1.0000 -0.0000
vn 0.2377 -0.0000 -0.9713
vn 0.9713 -0.0000 0.2377
vt 0.090729 0.004548
vt 0.088240 0.004548
vt 0.088240 0.003111
vt 0.090729 0.002059
vt 0.119744 0.004548
vt 0.119744 0.002059
vt 0.121181 0.002059
vt 0.122233 0.004548
vt 0.119744 0.325624
vt 0.122233 0.325624
vt 0.122233 0.327061
vt 0.119744 0.328113
vt 0.114764 0.004548
vt 0.112275 0.004548
vt 0.112275 0.003111
vt 0.114764 0.002059
vt 0.090729 0.501628
vt 0.090729 0.504117
vt 0.089292 0.504117
vt 0.088240 0.501628
vt 0.114764 0.325624
vt 0.114764 0.328113
vt 0.113327 0.328113
vt 0.112275 0.325624
vt 0.105668 0.004548
vt 0.105668 0.002059
vt 0.107105 0.002059
vt 0.108157 0.004548
vt 0.119744 0.310686
vt 0.119744 0.308196
vt 0.121181 0.308196
vt 0.122233 0.310686
vt 0.095709 0.754716
vt 0.098199 0.754716
vt 0.098199 0.756153
vt 0.095709 0.757205
vt 0.105668 0.501628
vt 0.108157 0.501628
vt 0.108157 0.503065
vt 0.105668 0.504117
vt 0.090729 0.754715
vt 0.090729 0.757205
vt 0.089292 0.757205
vt 0.088240 0.754716
vt 0.114764 0.310686
vt 0.112275 0.310686
vt 0.112275 0.309248
vt 0.114764 0.308196
vt 0.090729 0.248540
vt 0.090729 0.251029
vt 0.089292 0.251029
vt 0.088240 0.248540
vt 0.119744 0.334720
vt 0.119744 0.332231
vt 0.121181 0.332231
vt 0.122233 0.334720
vt 0.119744 0.248540
vt 0.122233 0.248540
vt 0.122233 0.249977
vt 0.119744 0.251029
vt 0.090729 0.257636
vt 0.088240 0.257636
vt 0.088240 0.256199
vt 0.090729 0.255147
vt 0.114764 0.248540
vt 0.114764 0.251029
vt 0.113327 0.251029
vt 0.112275 0.248540
vt 0.114764 0.334720
vt 0.112275 0.334720
vt 0.112275 0.333283
vt 0.114764 0.332231
vt 0.105668 0.248540
vt 0.108157 0.248540
vt 0.108157 0.249977
vt 0.105668 0.251029
vt 0.095709 0.510724
vt 0.095709 0.508235
vt 0.097146 0.508235
vt 0.098199 0.510724
vt 0.119744 0.349659
vt 0.122233 0.349659
vt 0.122233 0.351096
vt 0.119744 0.352148
vt 0.105668 0.257636
vt 0.105668 0.255147
vt 0.107105 0.255147
vt 0.108157 0.257636
vt 0.114764 0.349659
vt 0.114764 0.352148
vt 0.113327 0.352148
vt 0.112275 0.349659
vt 0.090729 0.510724
vt 0.088240 0.510724
vt 0.088240 0.509287
vt 0.090729 0.508235
s 0
usemtl DL2_IceBlue
f 457/1057/295 460/1058/295 461/1059/295 463/1060/295
f 458/1061/296 462/1062/296 461/1063/296 460/1064/296
f 459/1065/297 463/1066/297 461/1067/297 462/1068/297
f 464/1069/298 467/1070/298 468/1071/298 470/1072/298
f 465/1073/299 469/1074/299 468/1075/299 467/1076/299
f 466/1077/300 470/1078/300 468/1079/300 469/1080/300
f 471/1081/301 474/1082/301 475/1083/301 477/1084/301
f 472/1085/302 476/1086/302 475/1087/302 474/1088/302
f 473/1089/303 477/1090/303 475/1091/303 476/1092/303
f 478/1093/304 481/1094/304 482/1095/304 484/1096/304
f 479/1097/305 483/1098/305 482/1099/305 481/1100/305
f 480/1101/306 484/1102/306 482/1103/306 483/1104/306
f 485/1105/307 488/1106/307 489/1107/307 491/1108/307
f 486/1109/308 490/1110/308 489/1111/308 488/1112/308
f 487/1113/309 491/1114/309 489/1115/309 490/1116/309
f 492/1117/310 495/1118/310 496/1119/310 498/1120/310
f 493/1121/311 497/1122/311 496/1123/311 495/1124/311
f 494/1125/312 498/1126/312 496/1127/312 497/1128/312
f 499/1129/313 502/1130/313 503/1131/313 505/1132/313
f 500/1133/314 504/1134/314 503/1135/314 502/1136/314
f 501/1137/315 505/1138/315 503/1139/315 504/1140/315
f 506/1141/316 509/1142/316 510/1143/316 512/1144/316
f 507/1145/317 511/1146/317 510/1147/317 509/1148/317
f 508/1149/318 512/1150/318 510/1151/318 511/1152/318
f 471/1081/319 457/1057/319 463/1060/319 474/1082/319
f 474/1088/320 463/1066/320 459/1065/320 472/1085/320
f 458/1061/321 464/1069/321 470/1072/321 462/1062/321
f 462/1068/322 470/1078/322 466/1077/322 459/1065/322
f 465/1073/323 478/1093/323 484/1096/323 469/1074/323
f 469/1080/324 484/1102/324 480/1101/324 466/1077/324
f 479/1097/325 473/1089/325 476/1092/325 483/1098/325
f 483/1104/326 476/1086/326 472/1085/326 480/1101/326
f 499/1129/327 471/1081/327 477/1084/327 502/1130/327
f 502/1136/328 477/1090/328 473/1089/328 500/1133/328
f 478/1093/329 506/1141/329 512/1144/329 481/1094/329
f 481/1100/330 512/1150/330 508/1149/330 479/1097/330
f 507/1145/331 501/1137/331 504/1140/331 511/1146/331
f 511/1152/332 504/1134/332 500/1133/332 508/1149/332
f 485/1105/333 499/1129/333 505/1132/333 488/1106/333
f 488/1112/334 505/1138/334 501/1137/334 486/1109/334
f 506/1141/335 492/1117/335 498/1120/335 509/1142/335
f 509/1148/336 498/1126/336 494/1125/336 507/1145/336
f 493/1121/337 487/1113/337 490/1116/337 497/1122/337
f 497/1128/338 490/1110/338 486/1109/338 494/1125/338
f 457/1057/339 485/1105/339 491/1108/339 460/1058/339
f 460/1064/340 491/1114/340 487/1113/340 458/1061/340
f 492/1117/341 465/1073/341 467/1076/341 495/1118/341
f 495/1124/342 467/1070/342 464/1069/342 493/1121/342
f 471/1081/343 499/1129/343 485/1105/343 457/1057/343
f 459/1065/344 466/1077/344 480/1101/344 472/1085/344
f 487/1113/345 493/1121/345 464/1069/345 458/1061/345
f 506/1141/346 478/1093/346 465/1073/346 492/1117/346
f 473/1089/347 479/1097/347 508/1149/347 500/1133/347
f 501/1137/348 507/1145/348 494/1125/348 486/1109/348
o DL_Wing_Armor_1_0
v 10.341884 1.580000 -10.072925
v 10.379916 1.740000 -9.917511
v 10.186470 1.740000 -10.034893
v 10.368776 1.626863 -9.963031
v 10.274114 1.647624 -9.961239
v 10.258883 1.740000 -9.936138
v 10.231989 1.626863 -10.046032
v 10.379916 2.260000 -9.917511
v 10.341884 2.420000 -10.072925
v 10.186470 2.260000 -10.034893
v 10.368776 2.373137 -9.963031
v 10.274114 2.352376 -9.961239
v 10.231989 2.373137 -10.046032
v 10.258883 2.260000 -9.936138
v 9.752381 1.580000 -12.481843
v 9.596968 1.740000 -12.443810
v 9.714349 1.740000 -12.637258
v 9.642487 1.626863 -12.454950
v 9.640696 1.647624 -12.549613
v 9.615594 1.740000 -12.564844
v 9.725489 1.626863 -12.591738
v 9.752381 2.420000 -12.481843
v 9.714349 2.260000 -12.637258
v 9.596968 2.260000 -12.443810
v 9.725489 2.373137 -12.591738
v 9.640696 2.352376 -12.549613
v 9.615594 2.260000 -12.564844
v 9.642487 2.373137 -12.454950
v 16.247620 1.580000 -11.518157
v 16.403032 1.740000 -11.556190
v 16.285652 1.740000 -11.362742
v 16.357513 1.626863 -11.545050
v 16.359304 1.647624 -11.450387
v 16.384407 1.740000 -11.435156
v 16.274511 1.626863 -11.408262
v 16.247620 2.420000 -11.518157
v 16.285652 2.260000 -11.362742
v 16.403032 2.260000 -11.556190
v 16.274511 2.373137 -11.408262
v 16.359304 2.352376 -11.450387
v 16.384407 2.260000 -11.435156
v 16.357513 2.373137 -11.545050
v 15.658116 1.580000 -13.927075
v 15.620084 1.740000 -14.082489
v 15.813530 1.740000 -13.965107
v 15.631224 1.626863 -14.036969
v 15.725886 1.647624 -14.038761
v 15.741117 1.740000 -14.063862
v 15.768011 1.626863 -13.953968
v 15.658116 2.420000 -13.927075
v 15.813530 2.260000 -13.965107
v 15.620084 2.260000 -14.082489
v 15.768011 2.373137 -13.953968
v 15.725886 2.352376 -14.038761
v 15.741117 2.260000 -14.063862
v 15.631224 2.373137 -14.036969
vn -0.2385 -0.8881 0.3930
vn -0.1046 -0.3251 0.9399
vn -0.7854 -0.3251 0.5268
vn -0.1046 0.3251 0.9399
vn -0.2385 0.8881 0.3930
vn -0.7854 0.3251 0.5268
vn -0.3930 -0.8881 -0.2385
vn -0.9399 -0.3251 -0.1046
vn -0.5268 -0.3251 -0.7854
vn -0.3930 0.8881 -0.2385
vn -0.5268 0.3251 -0.7854
vn -0.9399 0.3251 -0.1046
vn 0.3930 -0.8881 0.2385
vn 0.9399 -0.3251 0.1046
vn 0.5268 -0.3251 0.7854
vn 0.3930 0.8881 0.2385
vn 0.5268 0.3251 0.7854
vn 0.9399 0.3251 0.1046
vn 0.2385 -0.8881 -0.3930
vn 0.1046 -0.3251 -0.9399
vn 0.7854 -0.3251 -0.5268
vn 0.2385 0.8881 -0.3930
vn 0.7854 0.3251 -0.5268
vn 0.1046 0.3251 -0.9399
vn -0.3717 -0.9239 0.0910
vn -0.8974 -0.3827 0.2196
vn -0.1521 -0.0000 0.9884
vn -0.8064 -0.0000 0.5913
vn -0.3717 0.9239 0.0910
vn -0.8974 0.3827 0.2196
vn -0.5913 -0.0000 -0.8064
vn -0.9884 -0.0000 -0.1521
vn -0.0910 -0.9239 -0.3717
vn -0.2196 -0.3827 -0.8974
vn -0.0910 0.9239 -0.3717
vn -0.2196 0.3827 -0.8974
vn 0.8064 -0.0000 -0.5913
vn 0.1521 -0.0000 -0.9884
vn 0.3717 -0.9239 -0.0910
vn 0.8974 -0.3827 -0.2196
vn 0.3717 0.9239 -0.0910
vn 0.8974 0.3827 -0.2196
vn 0.5913 -0.0000 0.8064
vn 0.9884 -0.0000 0.1521
vn 0.0910 -0.9239 0.3717
vn 0.2196 -0.3827 0.8974
vn 0.0910 0.9239 0.3717
vn 0.2196 0.3827 0.8974
vn -0.0000 -1.0000 -0.0000
vn -0.9713 -0.0000 0.2377
vn 0.2377 -0.0000 0.9713
vn -0.0000 1.0000 -0.0000
vn -0.2377 -0.0000 -0.9713
vn 0.9713 -0.0000 -0.2377
vt 0.013811 0.013811
vt 0.003889 0.013811
vt 0.003889 0.008083
vt 0.013811 0.003889
vt 0.469099 0.418478
vt 0.469099 0.408556
vt 0.474828 0.408556
vt 0.479021 0.418478
vt 0.569331 0.167606
vt 0.579253 0.167606
vt 0.579253 0.173334
vt 0.569331 0.177528
vt 0.436852 0.418478
vt 0.426930 0.418478
vt 0.426930 0.412750
vt 0.436852 0.408556
vt 0.195228 0.390856
vt 0.195228 0.400778
vt 0.189500 0.400778
vt 0.185306 0.390856
vt 0.537084 0.167606
vt 0.537084 0.177528
vt 0.531355 0.177528
vt 0.527162 0.167606
vt 0.167606 0.013811
vt 0.167606 0.003889
vt 0.173334 0.003889
vt 0.177528 0.013811
vt 0.569331 0.013811
vt 0.569331 0.003889
vt 0.575060 0.003889
vt 0.579253 0.013811
vt 0.469099 0.390856
vt 0.479021 0.390856
vt 0.479021 0.396584
vt 0.469099 0.400778
vt 0.349023 0.390856
vt 0.358945 0.390856
vt 0.358945 0.396584
vt 0.349023 0.400778
vt 0.436852 0.390856
vt 0.436852 0.400778
vt 0.431123 0.400778
vt 0.426930 0.390856
vt 0.537084 0.013811
vt 0.527162 0.013811
vt 0.527162 0.008083
vt 0.537084 0.003889
vt 0.013811 0.390856
vt 0.013811 0.400778
vt 0.008083 0.400778
vt 0.003889 0.390856
vt 0.569331 0.195228
vt 0.569331 0.185306
vt 0.575060 0.185306
vt 0.579253 0.195228
vt 0.469099 0.795523
vt 0.479021 0.795522
vt 0.479021 0.801251
vt 0.469099 0.805445
vt 0.195228 0.013811
vt 0.185306 0.013811
vt 0.185306 0.008083
vt 0.195228 0.003889
vt 0.436852 0.795523
vt 0.436852 0.805445
vt 0.431123 0.805445
vt 0.426930 0.795522
vt 0.537084 0.195228
vt 0.527162 0.195228
vt 0.527162 0.189500
vt 0.537084 0.185306
vt 0.167606 0.390856
vt 0.177528 0.390856
vt 0.177528 0.396584
vt 0.167606 0.400778
vt 0.469099 0.013811
vt 0.469099 0.003889
vt 0.474828 0.003889
vt 0.479021 0.013811
vt 0.569331 0.349023
vt 0.579253 0.349023
vt 0.579253 0.354751
vt 0.569331 0.358945
vt 0.349023 0.013811
vt 0.349023 0.003889
vt 0.354751 0.003889
vt 0.358945 0.013811
vt 0.537084 0.349023
vt 0.537084 0.358945
vt 0.531355 0.358945
vt 0.527161 0.349023
vt 0.436852 0.013811
vt 0.426930 0.013811
vt 0.426930 0.008083
vt 0.436852 0.003889
s 0
usemtl DL2_Hull_Silver
f 513/1153/349 516/1154/349 517/1155/349 519/1156/349
f 514/1157/350 518/1158/350 517/1159/350 516/1160/350
f 515/1161/351 519/1162/351 517/1163/351 518/1164/351
f 520/1165/352 523/1166/352 524/1167/352 526/1168/352
f 521/1169/353 525/1170/353 524/1171/353 523/1172/353
f 522/1173/354 526/1174/354 524/1175/354 525/1176/354
f 527/1177/355 530/1178/355 531/1179/355 533/1180/355
f 528/1181/356 532/1182/356 531/1183/356 530/1184/356
f 529/1185/357 533/1186/357 531/1187/357 532/1188/357
f 534/1189/358 537/1190/358 538/1191/358 540/1192/358
f 535/1193/359 539/1194/359 538/1195/359 537/1196/359
f 536/1197/360 540/1198/360 538/1199/360 539/1200/360
f 541/1201/361 544/1202/361 545/1203/361 547/1204/361
f 542/1205/362 546/1206/362 545/1207/362 544/1208/362
f 543/1209/363 547/1210/363 545/1211/363 546/1212/363
f 548/1213/364 551/1214/364 552/1215/364 554/1216/364
f 549/1217/365 553/1218/365 552/1219/365 551/1220/365
f 550/1221/366 554/1222/366 552/1223/366 553/1224/366
f 555/1225/367 558/1226/367 559/1227/367 561/1228/367
f 556/1229/368 560/1230/368 559/1231/368 558/1232/368
f 557/1233/369 561/1234/369 559/1235/369 560/1236/369
f 562/1237/370 565/1238/370 566/1239/370 568/1240/370
f 563/1241/371 567/1242/371 566/1243/371 565/1244/371
f 564/1245/372 568/1246/372 566/1247/372 567/1248/372
f 527/1177/373 513/1153/373 519/1156/373 530/1178/373
f 530/1184/374 519/1162/374 515/1161/374 528/1181/374
f 514/1157/375 520/1165/375 526/1168/375 518/1158/375
f 518/1164/376 526/1174/376 522/1173/376 515/1161/376
f 521/1169/377 534/1189/377 540/1192/377 525/1170/377
f 525/1176/378 540/1198/378 536/1197/378 522/1173/378
f 535/1193/379 529/1185/379 532/1188/379 539/1194/379
f 539/1200/380 532/1182/380 528/1181/380 536/1197/380
f 555/1225/381 527/1177/381 533/1180/381 558/1226/381
f 558/1232/382 533/1186/382 529/1185/382 556/1229/382
f 534/1189/383 562/1237/383 568/1240/383 537/1190/383
f 537/1196/384 568/1246/384 564/1245/384 535/1193/384
f 563/1241/385 557/1233/385 560/1236/385 567/1242/385
f 567/1248/386 560/1230/386 556/1229/386 564/1245/386
f 541/1201/387 555/1225/387 561/1228/387 544/1202/387
f 544/1208/388 561/1234/388 557/1233/388 542/1205/388
f 562/1237/389 548/1213/389 554/1216/389 565/1238/389
f 565/1244/390 554/1222/390 550/1221/390 563/1241/390
f 549/1217/391 543/1209/391 546/1212/391 553/1218/391
f 553/1224/392 546/1206/392 542/1205/392 550/1221/392
f 513/1153/393 541/1201/393 547/1204/393 516/1154/393
f 516/1160/394 547/1210/394 543/1209/394 514/1157/394
f 548/1213/395 521/1169/395 523/1172/395 551/1214/395
f 551/1220/396 523/1166/396 520/1165/396 549/1217/396
f 527/1177/397 555/1225/397 541/1201/397 513/1153/397
f 515/1161/398 522/1173/398 536/1197/398 528/1181/398
f 543/1209/399 549/1217/399 520/1165/399 514/1157/399
f 562/1237/400 534/1189/400 521/1169/400 548/1213/400
f 529/1185/401 535/1193/401 564/1245/401 556/1229/401
f 557/1233/402 563/1241/402 550/1221/402 542/1205/402
o DL_Wing_Light_1_0
v 11.124701 2.420000 -9.867542
v 11.134210 2.460000 -9.828689
v 11.085848 2.460000 -9.858034
v 11.131425 2.431716 -9.840069
v 11.107759 2.436906 -9.839621
v 11.103951 2.460000 -9.833345
v 11.097228 2.431716 -9.860819
v 11.134210 2.540000 -9.828689
v 11.124701 2.580000 -9.867542
v 11.085848 2.540000 -9.858034
v 11.131425 2.568284 -9.840069
v 11.107759 2.563094 -9.839621
v 11.097228 2.568284 -9.860819
v 11.103951 2.540000 -9.833345
v 11.067654 2.420000 -10.100663
v 11.028800 2.460000 -10.091155
v 11.058146 2.460000 -10.139517
v 11.040180 2.431716 -10.093940
v 11.039732 2.436906 -10.117606
v 11.033457 2.460000 -10.121413
v 11.060930 2.431716 -10.128137
v 11.067654 2.580000 -10.100663
v 11.058146 2.540000 -10.139517
v 11.028800 2.540000 -10.091155
v 11.060930 2.568284 -10.128137
v 11.039732 2.563094 -10.117606
v 11.033457 2.540000 -10.121413
v 11.040180 2.568284 -10.093940
v 14.932346 2.420000 -10.799336
v 14.971200 2.460000 -10.808845
v 14.941854 2.460000 -10.760483
v 14.959820 2.431716 -10.806060
v 14.960268 2.436906 -10.782393
v 14.966543 2.460000 -10.778586
v 14.939070 2.431716 -10.771863
v 14.932346 2.580000 -10.799336
v 14.941854 2.540000 -10.760483
v 14.971200 2.540000 -10.808845
v 14.939070 2.568284 -10.771863
v 14.960268 2.563094 -10.782393
v 14.966543 2.540000 -10.778586
v 14.959820 2.568284 -10.806060
v 14.875299 2.420000 -11.032457
v 14.865790 2.460000 -11.071311
v 14.914152 2.460000 -11.041965
v 14.868575 2.431716 -11.059931
v 14.892241 2.436906 -11.060379
v 14.896049 2.460000 -11.066654
v 14.902772 2.431716 -11.039181
v 14.875299 2.580000 -11.032457
v 14.914152 2.540000 -11.041965
v 14.865790 2.540000 -11.071311
v 14.902772 2.568284 -11.039181
v 14.892241 2.563094 -11.060379
v 14.896049 2.540000 -11.066654
v 14.868575 2.568284 -11.059931
vn -0.2385 -0.8881 0.3930
vn -0.1046 -0.3251 0.9399
vn -0.7854 -0.3251 0.5268
vn -0.1046 0.3251 0.9399
vn -0.2385 0.8881 0.3930
vn -0.7854 0.3251 0.5268
vn -0.3930 -0.8881 -0.2385
vn -0.9399 -0.3251 -0.1046
vn -0.5268 -0.3251 -0.7854
vn -0.3930 0.8881 -0.2385
vn -0.5268 0.3251 -0.7854
vn -0.9399 0.3251 -0.1046
vn 0.3930 -0.8881 0.2385
vn 0.9399 -0.3251 0.1046
vn 0.5268 -0.3251 0.7854
vn 0.3930 0.8881 0.2385
vn 0.5268 0.3251 0.7854
vn 0.9399 0.3251 0.1046
vn 0.2385 -0.8881 -0.3930
vn 0.1046 -0.3251 -0.9399
vn 0.7854 -0.3251 -0.5268
vn 0.2385 0.8881 -0.3930
vn 0.7854 0.3251 -0.5268
vn 0.1046 0.3251 -0.9399
vn -0.3717 -0.9239 0.0910
vn -0.8974 -0.3827 0.2196
vn -0.1521 -0.0000 0.9884
vn -0.8064 -0.0000 0.5913
vn -0.3717 0.9239 0.0910
vn -0.8974 0.3827 0.2196
vn -0.5913 -0.0000 -0.8064
vn -0.9884 -0.0000 -0.1521
vn -0.0910 -0.9239 -0.3717
vn -0.2196 -0.3827 -0.8974
vn -0.0910 0.9239 -0.3717
vn -0.2196 0.3827 -0.8974
vn 0.8064 -0.0000 -0.5913
vn 0.1521 -0.0000 -0.9884
vn 0.3717 -0.9239 -0.0910
vn 0.8974 -0.3827 -0.2196
vn 0.3717 0.9239 -0.0910
vn 0.8974 0.3827 -0.2196
vn 0.5913 -0.0000 0.8064
vn 0.9884 -0.0000 0.1521
vn 0.0910 -0.9239 0.3717
vn 0.2196 -0.3827 0.8974
vn 0.0910 0.9239 0.3717
vn 0.2196 0.3827 0.8974
vn -0.0000 -1.0000 -0.0000
vn -0.9713 -0.0000 0.2377
vn 0.2377 -0.0000 0.9713
vn -0.0000 1.0000 -0.0000
vn -0.2377 -0.0000 -0.9713
vn 0.9713 -0.0000 -0.2377
vt 0.090729 0.004548
vt 0.088240 0.004548
vt 0.088240 0.003111
vt 0.090729 0.002059
vt 0.119744 0.004548
vt 0.119744 0.002059
vt 0.121181 0.002059
vt 0.122233 0.004548
vt 0.119744 0.325624
vt 0.122233 0.325624
vt 0.122233 0.327061
vt 0.119744 0.328113
vt 0.114764 0.004548
vt 0.112275 0.004548
vt 0.112275 0.003111
vt 0.114764 0.002059
vt 0.090729 0.501628
vt 0.090729 0.504117
vt 0.089292 0.504117
vt 0.088240 0.501628
vt 0.114764 0.325624
vt 0.114764 0.328113
vt 0.113327 0.328113
vt 0.112275 0.325624
vt 0.105668 0.004548
vt 0.105668 0.002059
vt 0.107105 0.002059
vt 0.108157 0.004548
vt 0.119744 0.310686
vt 0.119744 0.308196
vt 0.121181 0.308196
vt 0.122233 0.310686
vt 0.095709 0.754716
vt 0.098199 0.754716
vt 0.098199 0.756153
vt 0.095709 0.757205
vt 0.105668 0.501628
vt 0.108157 0.501628
vt 0.108157 0.503065
vt 0.105668 0.504117
vt 0.090729 0.754715
vt 0.090729 0.757205
vt 0.089292 0.757205
vt 0.088240 0.754716
vt 0.114764 0.310686
vt 0.112275 0.310686
vt 0.112275 0.309248
vt 0.114764 0.308196
vt 0.090729 0.248540
vt 0.090729 0.251029
vt 0.089292 0.251029
vt 0.088240 0.248540
vt 0.119744 0.334720
vt 0.119744 0.332231
vt 0.121181 0.332231
vt 0.122233 0.334720
vt 0.119744 0.248540
vt 0.122233 0.248540
vt 0.122233 0.249977
vt 0.119744 0.251029
vt 0.090729 0.257636
vt 0.088240 0.257636
vt 0.088240 0.256199
vt 0.090729 0.255147
vt 0.114764 0.248540
vt 0.114764 0.251029
vt 0.113327 0.251029
vt 0.112275 0.248540
vt 0.114764 0.334720
vt 0.112275 0.334720
vt 0.112275 0.333283
vt 0.114764 0.332231
vt 0.105668 0.248540
vt 0.108157 0.248540
vt 0.108157 0.249977
vt 0.105668 0.251029
vt 0.095709 0.510724
vt 0.095709 0.508235
vt 0.097146 0.508235
vt 0.098199 0.510724
vt 0.119744 0.349659
vt 0.122233 0.349659
vt 0.122233 0.351096
vt 0.119744 0.352148
vt 0.105668 0.257636
vt 0.105668 0.255147
vt 0.107105 0.255147
vt 0.108157 0.257636
vt 0.114764 0.349659
vt 0.114764 0.352148
vt 0.113327 0.352148
vt 0.112275 0.349659
vt 0.090729 0.510724
vt 0.088240 0.510724
vt 0.088240 0.509287
vt 0.090729 0.508235
s 0
usemtl DL2_IceBlue
f 569/1249/403 572/1250/403 573/1251/403 575/1252/403
f 570/1253/404 574/1254/404 573/1255/404 572/1256/404
f 571/1257/405 575/1258/405 573/1259/405 574/1260/405
f 576/1261/406 579/1262/406 580/1263/406 582/1264/406
f 577/1265/407 581/1266/407 580/1267/407 579/1268/407
f 578/1269/408 582/1270/408 580/1271/408 581/1272/408
f 583/1273/409 586/1274/409 587/1275/409 589/1276/409
f 584/1277/410 588/1278/410 587/1279/410 586/1280/410
f 585/1281/411 589/1282/411 587/1283/411 588/1284/411
f 590/1285/412 593/1286/412 594/1287/412 596/1288/412
f 591/1289/413 595/1290/413 594/1291/413 593/1292/413
f 592/1293/414 596/1294/414 594/1295/414 595/1296/414
f 597/1297/415 600/1298/415 601/1299/415 603/1300/415
f 598/1301/416 602/1302/416 601/1303/416 600/1304/416
f 599/1305/417 603/1306/417 601/1307/417 602/1308/417
f 604/1309/418 607/1310/418 608/1311/418 610/1312/418
f 605/1313/419 609/1314/419 608/1315/419 607/1316/419
f 606/1317/420 610/1318/420 608/1319/420 609/1320/420
f 611/1321/421 614/1322/421 615/1323/421 617/1324/421
f 612/1325/422 616/1326/422 615/1327/422 614/1328/422
f 613/1329/423 617/1330/423 615/1331/423 616/1332/423
f 618/1333/424 621/1334/424 622/1335/424 624/1336/424
f 619/1337/425 623/1338/425 622/1339/425 621/1340/425
f 620/1341/426 624/1342/426 622/1343/426 623/1344/426
f 583/1273/427 569/1249/427 575/1252/427 586/1274/427
f 586/1280/428 575/1258/428 571/1257/428 584/1277/428
f 570/1253/429 576/1261/429 582/1264/429 574/1254/429
f 574/1260/430 582/1270/430 578/1269/430 571/1257/430
f 577/1265/431 590/1285/431 596/1288/431 581/1266/431
f 581/1272/432 596/1294/432 592/1293/432 578/1269/432
f 591/1289/433 585/1281/433 588/1284/433 595/1290/433
f 595/1296/434 588/1278/434 584/1277/434 592/1293/434
f 611/1321/435 583/1273/435 589/1276/435 614/1322/435
f 614/1328/436 589/1282/436 585/1281/436 612/1325/436
f 590/1285/437 618/1333/437 624/1336/437 593/1286/437
f 593/1292/438 624/1342/438 620/1341/438 591/1289/438
f 619/1337/439 613/1329/439 616/1332/439 623/1338/439
f 623/1344/440 616/1326/440 612/1325/440 620/1341/440
f 597/1297/441 611/1321/441 617/1324/441 600/1298/441
f 600/1304/442 617/1330/442 613/1329/442 598/1301/442
f 618/1333/443 604/1309/443 610/1312/443 621/1334/443
f 621/1340/444 610/1318/444 606/1317/444 619/1337/444
f 605/1313/445 599/1305/445 602/1308/445 609/1314/445
f 609/1320/446 602/1302/446 598/1301/446 606/1317/446
f 569/1249/447 597/1297/447 603/1300/447 572/1250/447
f 572/1256/448 603/1306/448 599/1305/448 570/1253/448
f 604/1309/449 577/1265/449 579/1268/449 607/1310/449
f 607/1316/450 579/1262/450 576/1261/450 605/1313/450
f 583/1273/451 611/1321/451 597/1297/451 569/1249/451
f 571/1257/452 578/1269/452 592/1293/452 584/1277/452
f 599/1305/453 605/1313/453 576/1261/453 570/1253/453
f 618/1333/454 590/1285/454 577/1265/454 604/1309/454
f 585/1281/455 591/1289/455 620/1341/455 612/1325/455
f 613/1329/456 619/1337/456 606/1317/456 598/1301/456
o DL_Spine_Armor_0
v 16.760000 5.020000 3.240000
v 16.760000 5.180000 3.400000
v 16.600000 5.180000 3.240000
v 16.760000 5.066863 3.353137
v 16.667624 5.087624 3.332376
v 16.646862 5.180000 3.353137
v 16.646862 5.066863 3.240000
v 16.760000 5.620000 3.400000
v 16.760000 5.780000 3.240000
v 16.600000 5.620000 3.240000
v 16.760000 5.733137 3.353137
v 16.667624 5.712376 3.332376
v 16.646862 5.733137 3.240000
v 16.646862 5.620000 3.353137
v 16.760000 5.020000 -3.240000
v 16.600000 5.180000 -3.240000
v 16.760000 5.180000 -3.400000
v 16.646862 5.066863 -3.240000
v 16.667624 5.087624 -3.332376
v 16.646862 5.180000 -3.353137
v 16.760000 5.066863 -3.353137
v 16.760000 5.780000 -3.240000
v 16.760000 5.620000 -3.400000
v 16.600000 5.620000 -3.240000
v 16.760000 5.733137 -3.353137
v 16.667624 5.712376 -3.332376
v 16.646862 5.620000 -3.353137
v 16.646862 5.733137 -3.240000
v 21.240000 5.020000 3.240000
v 21.400000 5.180000 3.240000
v 21.240000 5.180000 3.400000
v 21.353138 5.066863 3.240000
v 21.332376 5.087624 3.332376
v 21.353138 5.180000 3.353137
v 21.240000 5.066863 3.353137
v 21.240000 5.780000 3.240000
v 21.240000 5.620000 3.400000
v 21.400000 5.620000 3.240000
v 21.240000 5.733137 3.353137
v 21.332376 5.712376 3.332376
v 21.353138 5.620000 3.353137
v 21.353138 5.733137 3.240000
v 21.240000 5.020000 -3.240000
v 21.240000 5.180000 -3.400000
v 21.400000 5.180000 -3.240000
v 21.240000 5.066863 -3.353137
v 21.332376 5.087624 -3.332376
v 21.353138 5.180000 -3.353137
v 21.353138 5.066863 -3.240000
v 21.240000 5.780000 -3.240000
v 21.400000 5.620000 -3.240000
v 21.240000 5.620000 -3.400000
v 21.353138 5.733137 -3.240000
v 21.332376 5.712376 -3.332376
v 21.353138 5.620000 -3.353137
v 21.240000 5.733137 -3.353137
vn -0.3251 -0.8881 0.3251
vn -0.3251 -0.3251 0.8881
vn -0.8881 -0.3251 0.3251
vn -0.3251 0.3251 0.8881
vn -0.3251 0.8881 0.3251
vn -0.8881 0.3251 0.3251
vn -0.3251 -0.8881 -0.3251
vn -0.8881 -0.3251 -0.3251
vn -0.3251 -0.3251 -0.8881
vn -0.3251 0.8881 -0.3251
vn -0.3251 0.3251 -0.8881
vn -0.8881 0.3251 -0.3251
vn 0.3251 -0.8881 0.3251
vn 0.8881 -0.3251 0.3251
vn 0.3251 -0.3251 0.8881
vn 0.3251 0.8881 0.3251
vn 0.3251 0.3251 0.8881
vn 0.8881 0.3251 0.3251
vn 0.3251 -0.8881 -0.3251
vn 0.3251 -0.3251 -0.8881
vn 0.8881 -0.3251 -0.3251
vn 0.3251 0.8881 -0.3251
vn 0.8881 0.3251 -0.3251
vn 0.3251 0.3251 -0.8881
vn -0.3827 -0.9239 -0.0000
vn -0.9239 -0.3827 -0.0000
vn -0.3827 -0.0000 0.9239
vn -0.9239 -0.0000 0.3827
vn -0.3827 0.9239 -0.0000
vn -0.9239 0.3827 -0.0000
vn -0.3827 -0.0000 -0.9239
vn -0.9239 -0.0000 -0.3827
vn -0.0000 -0.9239 -0.3827
vn -0.0000 -0.3827 -0.9239
vn -0.0000 0.9239 -0.3827
vn -0.0000 0.3827 -0.9239
vn 0.9239 -0.0000 -0.3827
vn 0.3827 -0.0000 -0.9239
vn 0.3827 -0.9239 -0.0000
vn 0.9239 -0.3827 -0.0000
vn 0.3827 0.9239 -0.0000
vn 0.9239 0.3827 -0.0000
vn 0.3827 -0.0000 0.9239
vn 0.9239 -0.0000 0.3827
vn -0.0000 -0.9239 0.3827
vn -0.0000 -0.3827 0.9239
vn -0.0000 0.9239 0.3827
vn -0.0000 0.3827 0.9239
vn -0.0000 -1.0000 -0.0000
vn -1.0000 -0.0000 -0.0000
vn -0.0000 -0.0000 1.0000
vn -0.0000 1.0000 -0.0000
vn -0.0000 -0.0000 -1.0000
vn 1.0000 -0.0000 -0.0000
vt 0.291867 0.014357
vt 0.291867 0.004446
vt 0.297589 0.004446
vt 0.301778 0.014357
vt 0.097581 0.444469
vt 0.097581 0.434558
vt 0.103303 0.434558
vt 0.107492 0.444469
vt 0.716442 0.415756
vt 0.726354 0.415756
vt 0.726354 0.421478
vt 0.716443 0.425667
vt 0.070326 0.444469
vt 0.060415 0.444469
vt 0.060415 0.438747
vt 0.070326 0.434558
vt 0.320581 0.014357
vt 0.310670 0.014357
vt 0.310670 0.008635
vt 0.320581 0.004446
vt 0.689187 0.415756
vt 0.689187 0.425667
vt 0.683465 0.425667
vt 0.679276 0.415756
vt 0.291867 0.415756
vt 0.301778 0.415756
vt 0.301778 0.421478
vt 0.291867 0.425667
vt 0.716443 0.014357
vt 0.716443 0.004446
vt 0.722165 0.004446
vt 0.726354 0.014357
vt 0.041612 0.721980
vt 0.051523 0.721980
vt 0.051523 0.727702
vt 0.041612 0.731891
vt 0.320581 0.415756
vt 0.320581 0.425667
vt 0.314858 0.425667
vt 0.310670 0.415756
vt 0.014357 0.721980
vt 0.014357 0.731891
vt 0.008635 0.731891
vt 0.004446 0.721980
vt 0.689187 0.014357
vt 0.679276 0.014357
vt 0.679276 0.008635
vt 0.689187 0.004446
vt 0.014357 0.014357
vt 0.004446 0.014357
vt 0.004446 0.008635
vt 0.014357 0.004446
vt 0.772412 0.014357
vt 0.772412 0.004446
vt 0.778134 0.004446
vt 0.782323 0.014357
vt 0.097581 0.721980
vt 0.107492 0.721980
vt 0.107492 0.727702
vt 0.097581 0.731891
vt 0.598091 0.014357
vt 0.598091 0.004446
vt 0.603813 0.004446
vt 0.608002 0.014357
vt 0.070326 0.721980
vt 0.070326 0.731891
vt 0.064603 0.731891
vt 0.060415 0.721980
vt 0.745156 0.014357
vt 0.735245 0.014357
vt 0.735245 0.008635
vt 0.745156 0.004446
vt 0.014357 0.415756
vt 0.014357 0.425667
vt 0.008635 0.425667
vt 0.004446 0.415756
vt 0.041612 0.444469
vt 0.041612 0.434558
vt 0.047334 0.434558
vt 0.051523 0.444469
vt 0.772412 0.415756
vt 0.782323 0.415756
vt 0.782323 0.421478
vt 0.772412 0.425667
vt 0.598091 0.415756
vt 0.608002 0.415756
vt 0.608002 0.421478
vt 0.598091 0.425667
vt 0.745156 0.415756
vt 0.745156 0.425667
vt 0.739434 0.425667
vt 0.735245 0.415756
vt 0.014357 0.444469
vt 0.004446 0.444469
vt 0.004446 0.438747
vt 0.014357 0.434558
s 0
usemtl DL2_Hull_Silver
f 625/1345/457 628/1346/457 629/1347/457 631/1348/457
f 626/1349/458 630/1350/458 629/1351/458 628/1352/458
f 627/1353/459 631/1354/459 629/1355/459 630/1356/459
f 632/1357/460 635/1358/460 636/1359/460 638/1360/460
f 633/1361/461 637/1362/461 636/1363/461 635/1364/461
f 634/1365/462 638/1366/462 636/1367/462 637/1368/462
f 639/1369/463 642/1370/463 643/1371/463 645/1372/463
f 640/1373/464 644/1374/464 643/1375/464 642/1376/464
f 641/1377/465 645/1378/465 643/1379/465 644/1380/465
f 646/1381/466 649/1382/466 650/1383/466 652/1384/466
f 647/1385/467 651/1386/467 650/1387/467 649/1388/467
f 648/1389/468 652/1390/468 650/1391/468 651/1392/468
f 653/1393/469 656/1394/469 657/1395/469 659/1396/469
f 654/1397/470 658/1398/470 657/1399/470 656/1400/470
f 655/1401/471 659/1402/471 657/1403/471 658/1404/471
f 660/1405/472 663/1406/472 664/1407/472 666/1408/472
f 661/1409/473 665/1410/473 664/1411/473 663/1412/473
f 662/1413/474 666/1414/474 664/1415/474 665/1416/474
f 667/1417/475 670/1418/475 671/1419/475 673/1420/475
f 668/1421/476 672/1422/476 671/1423/476 670/1424/476
f 669/1425/477 673/1426/477 671/1427/477 672/1428/477
f 674/1429/478 677/1430/478 678/1431/478 680/1432/478
f 675/1433/479 679/1434/479 678/1435/479 677/1436/479
f 676/1437/480 680/1438/480 678/1439/480 679/1440/480
f 639/1369/481 625/1345/481 631/1348/481 642/1370/481
f 642/1376/482 631/1354/482 627/1353/482 640/1373/482
f 626/1349/483 632/1357/483 638/1360/483 630/1350/483
f 630/1356/484 638/1366/484 634/1365/484 627/1353/484
f 633/1361/485 646/1381/485 652/1384/485 637/1362/485
f 637/1368/486 652/1390/486 648/1389/486 634/1365/486
f 647/1385/487 641/1377/487 644/1380/487 651/1386/487
f 651/1392/488 644/1374/488 640/1373/488 648/1389/488
f 667/1417/489 639/1369/489 645/1372/489 670/1418/489
f 670/1424/490 645/1378/490 641/1377/490 668/1421/490
f 646/1381/491 674/1429/491 680/1432/491 649/1382/491
f 649/1388/492 680/1438/492 676/1437/492 647/1385/492
f 675/1433/493 669/1425/493 672/1428/493 679/1434/493
f 679/1440/494 672/1422/494 668/1421/494 676/1437/494
f 653/1393/495 667/1417/495 673/1420/495 656/1394/495
f 656/1400/496 673/1426/496 669/1425/496 654/1397/496
f 674/1429/497 660/1405/497 666/1408/497 677/1430/497
f 677/1436/498 666/1414/498 662/1413/498 675/1433/498
f 661/1409/499 655/1401/499 658/1404/499 665/1410/499
f 665/1416/500 658/1398/500 654/1397/500 662/1413/500
f 625/1345/501 653/1393/501 659/1396/501 628/1346/501
f 628/1352/502 659/1402/502 655/1401/502 626/1349/502
f 660/1405/503 633/1361/503 635/1364/503 663/1406/503
f 663/1412/504 635/1358/504 632/1357/504 661/1409/504
f 639/1369/505 667/1417/505 653/1393/505 625/1345/505
f 627/1353/506 634/1365/506 648/1389/506 640/1373/506
f 655/1401/507 661/1409/507 632/1357/507 626/1349/507
f 674/1429/508 646/1381/508 633/1361/508 660/1405/508
f 641/1377/509 647/1385/509 676/1437/509 668/1421/509
f 669/1425/510 675/1433/510 662/1413/510 654/1397/510
o DL_Spine_Light_0
v 17.230000 5.790000 0.170000
v 17.230000 5.820000 0.200000
v 17.200001 5.820000 0.170000
v 17.230000 5.798787 0.191213
v 17.212679 5.802680 0.187321
v 17.208786 5.820000 0.191213
v 17.208786 5.798787 0.170000
v 17.230000 5.880000 0.200000
v 17.230000 5.910000 0.170000
v 17.200001 5.880000 0.170000
v 17.230000 5.901213 0.191213
v 17.212679 5.897320 0.187321
v 17.208786 5.901213 0.170000
v 17.208786 5.880000 0.191213
v 17.230000 5.790000 -0.170000
v 17.200001 5.820000 -0.170000
v 17.230000 5.820000 -0.200000
v 17.208786 5.798787 -0.170000
v 17.212679 5.802680 -0.187321
v 17.208786 5.820000 -0.191213
v 17.230000 5.798787 -0.191213
v 17.230000 5.910000 -0.170000
v 17.230000 5.880000 -0.200000
v 17.200001 5.880000 -0.170000
v 17.230000 5.901213 -0.191213
v 17.212679 5.897320 -0.187321
v 17.208786 5.880000 -0.191213
v 17.208786 5.901213 -0.170000
v 20.770000 5.790000 0.170000
v 20.799999 5.820000 0.170000
v 20.770000 5.820000 0.200000
v 20.791214 5.798787 0.170000
v 20.787321 5.802680 0.187321
v 20.791214 5.820000 0.191213
v 20.770000 5.798787 0.191213
v 20.770000 5.910000 0.170000
v 20.770000 5.880000 0.200000
v 20.799999 5.880000 0.170000
v 20.770000 5.901213 0.191213
v 20.787321 5.897320 0.187321
v 20.791214 5.880000 0.191213
v 20.791214 5.901213 0.170000
v 20.770000 5.790000 -0.170000
v 20.770000 5.820000 -0.200000
v 20.799999 5.820000 -0.170000
v 20.770000 5.798787 -0.191213
v 20.787321 5.802680 -0.187321
v 20.791214 5.820000 -0.191213
v 20.791214 5.798787 -0.170000
v 20.770000 5.910000 -0.170000
v 20.799999 5.880000 -0.170000
v 20.770000 5.880000 -0.200000
v 20.791214 5.901213 -0.170000
v 20.787321 5.897320 -0.187321
v 20.791214 5.880000 -0.191213
v 20.770000 5.901213 -0.191213
vn -0.3251 -0.8881 0.3251
vn -0.3251 -0.3251 0.8881
vn -0.8881 -0.3251 0.3251
vn -0.3251 0.3251 0.8881
vn -0.3251 0.8881 0.3251
vn -0.8881 0.3251 0.3251
vn -0.3251 -0.8881 -0.3251
vn -0.8881 -0.3251 -0.3251
vn -0.3251 -0.3251 -0.8881
vn -0.3251 0.8881 -0.3251
vn -0.3251 0.3251 -0.8881
vn -0.8881 0.3251 -0.3251
vn 0.3251 -0.8881 0.3251
vn 0.8881 -0.3251 0.3251
vn 0.3251 -0.3251 0.8881
vn 0.3251 0.8881 0.3251
vn 0.3251 0.3251 0.8881
vn 0.8881 0.3251 0.3251
vn 0.3251 -0.8881 -0.3251
vn 0.3251 -0.3251 -0.8881
vn 0.8881 -0.3251 -0.3251
vn 0.3251 0.8881 -0.3251
vn 0.8881 0.3251 -0.3251
vn 0.3251 0.3251 -0.8881
vn -0.3827 -0.9239 -0.0000
vn -0.9239 -0.3827 -0.0000
vn -0.3827 -0.0000 0.9239
vn -0.9239 -0.0000 0.3827
vn -0.3827 0.9239 -0.0000
vn -0.9239 0.3827 -0.0000
vn -0.3827 -0.0000 -0.9239
vn -0.9239 -0.0000 -0.3827
vn -0.0000 -0.9239 -0.3827
vn -0.0000 -0.3827 -0.9239
vn -0.0000 0.9239 -0.3827
vn -0.0000 0.3827 -0.9239
vn 0.9239 -0.0000 -0.3827
vn 0.3827 -0.0000 -0.9239
vn 0.3827 -0.9239 -0.0000
vn 0.9239 -0.3827 -0.0000
vn 0.3827 0.9239 -0.0000
vn 0.9239 0.3827 -0.0000
vn 0.3827 -0.0000 0.9239
vn 0.9239 -0.0000 0.3827
vn -0.0000 -0.9239 0.3827
vn -0.0000 -0.3827 0.9239
vn -0.0000 0.9239 0.3827
vn -0.0000 0.3827 0.9239
vn -0.0000 -1.0000 -0.0000
vn -1.0000 -0.0000 -0.0000
vn -0.0000 -0.0000 1.0000
vn -0.0000 1.0000 -0.0000
vn -0.0000 -0.0000 -1.0000
vn 1.0000 -0.0000 -0.0000
vt 0.089884 0.003901
vt 0.088017 0.003901
vt 0.088017 0.002823
vt 0.089884 0.002033
vt 0.093619 0.688356
vt 0.093619 0.686489
vt 0.094697 0.686489
vt 0.095486 0.688356
vt 0.093619 0.990622
vt 0.095486 0.990622
vt 0.095486 0.991701
vt 0.093619 0.992490
vt 0.089884 0.688356
vt 0.088017 0.688356
vt 0.088017 0.687278
vt 0.089884 0.686489
vt 0.089884 0.452403
vt 0.089884 0.454270
vt 0.088806 0.454270
vt 0.088017 0.452403
vt 0.089884 0.990622
vt 0.089884 0.992490
vt 0.088806 0.992490
vt 0.088017 0.990622
vt 0.111047 0.003901
vt 0.111047 0.002033
vt 0.112126 0.002033
vt 0.112915 0.003901
vt 0.093619 0.969459
vt 0.093619 0.967591
vt 0.094697 0.967591
vt 0.095486 0.969459
vt 0.093619 0.680555
vt 0.095486 0.680555
vt 0.095486 0.681633
vt 0.093619 0.682422
vt 0.111047 0.452403
vt 0.112915 0.452403
vt 0.112915 0.453481
vt 0.111047 0.454270
vt 0.089884 0.680555
vt 0.089884 0.682422
vt 0.088806 0.682422
vt 0.088017 0.680555
vt 0.089884 0.969459
vt 0.088017 0.969459
vt 0.088017 0.968381
vt 0.089884 0.967591
vt 0.089884 0.224251
vt 0.089884 0.226118
vt 0.088806 0.226118
vt 0.088017 0.224251
vt 0.122584 0.003901
vt 0.122584 0.002033
vt 0.123662 0.002033
vt 0.124451 0.003901
vt 0.093619 0.908706
vt 0.095486 0.908706
vt 0.095486 0.909785
vt 0.093619 0.910574
vt 0.089884 0.232053
vt 0.088017 0.232053
vt 0.088017 0.230974
vt 0.089884 0.230185
vt 0.089884 0.908706
vt 0.089884 0.910574
vt 0.088806 0.910574
vt 0.088016 0.908706
vt 0.118849 0.003901
vt 0.116982 0.003901
vt 0.116982 0.002823
vt 0.118849 0.002033
vt 0.111047 0.224251
vt 0.112915 0.224251
vt 0.112915 0.225329
vt 0.111047 0.226118
vt 0.093619 0.460204
vt 0.093619 0.458337
vt 0.094697 0.458337
vt 0.095486 0.460204
vt 0.122584 0.025064
vt 0.124451 0.025064
vt 0.124451 0.026143
vt 0.122584 0.026932
vt 0.111047 0.232053
vt 0.111047 0.230185
vt 0.112126 0.230185
vt 0.112915 0.232053
vt 0.118849 0.025064
vt 0.118849 0.026932
vt 0.117771 0.026932
vt 0.116982 0.025064
vt 0.089884 0.460204
vt 0.088017 0.460204
vt 0.088017 0.459126
vt 0.089884 0.458337
s 0
usemtl DL2_IceBlue
f 681/1441/511 684/1442/511 685/1443/511 687/1444/511
f 682/1445/512 686/1446/512 685/1447/512 684/1448/512
f 683/1449/513 687/1450/513 685/1451/513 686/1452/513
f 688/1453/514 691/1454/514 692/1455/514 694/1456/514
f 689/1457/515 693/1458/515 692/1459/515 691/1460/515
f 690/1461/516 694/1462/516 692/1463/516 693/1464/516
f 695/1465/517 698/1466/517 699/1467/517 701/1468/517
f 696/1469/518 700/1470/518 699/1471/518 698/1472/518
f 697/1473/519 701/1474/519 699/1475/519 700/1476/519
f 702/1477/520 705/1478/520 706/1479/520 708/1480/520
f 703/1481/521 707/1482/521 706/1483/521 705/1484/521
f 704/1485/522 708/1486/522 706/1487/522 707/1488/522
f 709/1489/523 712/1490/523 713/1491/523 715/1492/523
f 710/1493/524 714/1494/524 713/1495/524 712/1496/524
f 711/1497/525 715/1498/525 713/1499/525 714/1500/525
f 716/1501/526 719/1502/526 720/1503/526 722/1504/526
f 717/1505/527 721/1506/527 720/1507/527 719/1508/527
f 718/1509/528 722/1510/528 720/1511/528 721/1512/528
f 723/1513/529 726/1514/529 727/1515/529 729/1516/529
f 724/1517/530 728/1518/530 727/1519/530 726/1520/530
f 725/1521/531 729/1522/531 727/1523/531 728/1524/531
f 730/1525/532 733/1526/532 734/1527/532 736/1528/532
f 731/1529/533 735/1530/533 734/1531/533 733/1532/533
f 732/1533/534 736/1534/534 734/1535/534 735/1536/534
f 695/1465/535 681/1441/535 687/1444/535 698/1466/535
f 698/1472/536 687/1450/536 683/1449/536 696/1469/536
f 682/1445/537 688/1453/537 694/1456/537 686/1446/537
f 686/1452/538 694/1462/538 690/1461/538 683/1449/538
f 689/1457/539 702/1477/539 708/1480/539 693/1458/539
f 693/1464/540 708/1486/540 704/1485/540 690/1461/540
f 703/1481/541 697/1473/541 700/1476/541 707/1482/541
f 707/1488/542 700/1470/542 696/1469/542 704/1485/542
f 723/1513/543 695/1465/543 701/1468/543 726/1514/543
f 726/1520/544 701/1474/544 697/1473/544 724/1517/544
f 702/1477/545 730/1525/545 736/1528/545 705/1478/545
f 705/1484/546 736/1534/546 732/1533/546 703/1481/546
f 731/1529/547 725/1521/547 728/1524/547 735/1530/547
f 735/1536/548 728/1518/548 724/1517/548 732/1533/548
f 709/1489/549 723/1513/549 729/1516/549 712/1490/549
f 712/1496/550 729/1522/550 725/1521/550 710/1493/550
f 730/1525/551 716/1501/551 722/1504/551 733/1526/551
f 733/1532/552 722/1510/552 718/1509/552 731/1529/552
f 717/1505/553 711/1497/553 714/1500/553 721/1506/553
f 721/1512/554 714/1494/554 710/1493/554 718/1509/554
f 681/1441/555 709/1489/555 715/1492/555 684/1442/555
f 684/1448/556 715/1498/556 711/1497/556 682/1445/556
f 716/1501/557 689/1457/557 691/1460/557 719/1502/557
f 719/1508/558 691/1454/558 688/1453/558 717/1505/558
f 695/1465/559 723/1513/559 709/1489/559 681/1441/559
f 683/1449/560 690/1461/560 704/1485/560 696/1469/560
f 711/1497/561 717/1505/561 688/1453/561 682/1445/561
f 730/1525/562 702/1477/562 689/1457/562 716/1501/562
f 697/1473/563 703/1481/563 732/1533/563 724/1517/563
f 725/1521/564 731/1529/564 718/1509/564 710/1493/564
o DL_Spine_Armor_1
v 10.760000 5.020000 3.240000
v 10.760000 5.180000 3.400000
v 10.600000 5.180000 3.240000
v 10.760000 5.066863 3.353137
v 10.667624 5.087624 3.332376
v 10.646863 5.180000 3.353137
v 10.646863 5.066863 3.240000
v 10.760000 5.620000 3.400000
v 10.760000 5.780000 3.240000
v 10.600000 5.620000 3.240000
v 10.760000 5.733137 3.353137
v 10.667624 5.712376 3.332376
v 10.646863 5.733137 3.240000
v 10.646863 5.620000 3.353137
v 10.760000 5.020000 -3.240000
v 10.600000 5.180000 -3.240000
v 10.760000 5.180000 -3.400000
v 10.646863 5.066863 -3.240000
v 10.667624 5.087624 -3.332376
v 10.646863 5.180000 -3.353137
v 10.760000 5.066863 -3.353137
v 10.760000 5.780000 -3.240000
v 10.760000 5.620000 -3.400000
v 10.600000 5.620000 -3.240000
v 10.760000 5.733137 -3.353137
v 10.667624 5.712376 -3.332376
v 10.646863 5.620000 -3.353137
v 10.646863 5.733137 -3.240000
v 15.240000 5.020000 3.240000
v 15.400000 5.180000 3.240000
v 15.240000 5.180000 3.400000
v 15.353137 5.066863 3.240000
v 15.332376 5.087624 3.332376
v 15.353137 5.180000 3.353137
v 15.240000 5.066863 3.353137
v 15.240000 5.780000 3.240000
v 15.240000 5.620000 3.400000
v 15.400000 5.620000 3.240000
v 15.240000 5.733137 3.353137
v 15.332376 5.712376 3.332376
v 15.353137 5.620000 3.353137
v 15.353137 5.733137 3.240000
v 15.240000 5.020000 -3.240000
v 15.240000 5.180000 -3.400000
v 15.400000 5.180000 -3.240000
v 15.240000 5.066863 -3.353137
v 15.332376 5.087624 -3.332376
v 15.353137 5.180000 -3.353137
v 15.353137 5.066863 -3.240000
v 15.240000 5.780000 -3.240000
v 15.400000 5.620000 -3.240000
v 15.240000 5.620000 -3.400000
v 15.353137 5.733137 -3.240000
v 15.332376 5.712376 -3.332376
v 15.353137 5.620000 -3.353137
v 15.240000 5.733137 -3.353137
vn -0.3251 -0.8881 0.3251
vn -0.3251 -0.3251 0.8881
vn -0.8881 -0.3251 0.3251
vn -0.3251 0.3251 0.8881
vn -0.3251 0.8881 0.3251
vn -0.8881 0.3251 0.3251
vn -0.3251 -0.8881 -0.3251
vn -0.8881 -0.3251 -0.3251
vn -0.3251 -0.3251 -0.8881
vn -0.3251 0.8881 -0.3251
vn -0.3251 0.3251 -0.8881
vn -0.8881 0.3251 -0.3251
vn 0.3251 -0.8881 0.3251
vn 0.8881 -0.3251 0.3251
vn 0.3251 -0.3251 0.8881
vn 0.3251 0.8881 0.3251
vn 0.3251 0.3251 0.8881
vn 0.8881 0.3251 0.3251
vn 0.3251 -0.8881 -0.3251
vn 0.3251 -0.3251 -0.8881
vn 0.8881 -0.3251 -0.3251
vn 0.3251 0.8881 -0.3251
vn 0.8881 0.3251 -0.3251
vn 0.3251 0.3251 -0.8881
vn -0.3827 -0.9239 -0.0000
vn -0.9239 -0.3827 -0.0000
vn -0.3827 -0.0000 0.9239
vn -0.9239 -0.0000 0.3827
vn -0.3827 0.9239 -0.0000
vn -0.9239 0.3827 -0.0000
vn -0.3827 -0.0000 -0.9239
vn -0.9239 -0.0000 -0.3827
vn -0.0000 -0.9239 -0.3827
vn -0.0000 -0.3827 -0.9239
vn -0.0000 0.9239 -0.3827
vn -0.0000 0.3827 -0.9239
vn 0.9239 -0.0000 -0.3827
vn 0.3827 -0.0000 -0.9239
vn 0.3827 -0.9239 -0.0000
vn 0.9239 -0.3827 -0.0000
vn 0.3827 0.9239 -0.0000
vn 0.9239 0.3827 -0.0000
vn 0.3827 -0.0000 0.9239
vn 0.9239 -0.0000 0.3827
vn -0.0000 -0.9239 0.3827
vn -0.0000 -0.3827 0.9239
vn -0.0000 0.9239 0.3827
vn -0.0000 0.3827 0.9239
vn -0.0000 -1.0000 -0.0000
vn -1.0000 -0.0000 -0.0000
vn -0.0000 -0.0000 1.0000
vn -0.0000 1.0000 -0.0000
vn -0.0000 -0.0000 -1.0000
vn 1.0000 -0.0000 -0.0000
vt 0.291867 0.014357
vt 0.291867 0.004446
vt 0.297589 0.004446
vt 0.301778 0.014357
vt 0.097581 0.444469
vt 0.097581 0.434558
vt 0.103303 0.434558
vt 0.107492 0.444469
vt 0.716442 0.415756
vt 0.726354 0.415756
vt 0.726354 0.421478
vt 0.716443 0.425667
vt 0.070326 0.444469
vt 0.060415 0.444469
vt 0.060415 0.438747
vt 0.070326 0.434558
vt 0.320581 0.014357
vt 0.310670 0.014357
vt 0.310670 0.008635
vt 0.320581 0.004446
vt 0.689187 0.415756
vt 0.689187 0.425667
vt 0.683465 0.425667
vt 0.679276 0.415756
vt 0.291867 0.415756
vt 0.301778 0.415756
vt 0.301778 0.421478
vt 0.291867 0.425667
vt 0.716443 0.014357
vt 0.716443 0.004446
vt 0.722165 0.004446
vt 0.726354 0.014357
vt 0.041612 0.721980
vt 0.051523 0.721980
vt 0.051523 0.727702
vt 0.041612 0.731891
vt 0.320581 0.415756
vt 0.320581 0.425667
vt 0.314858 0.425667
vt 0.310670 0.415756
vt 0.014357 0.721980
vt 0.014357 0.731891
vt 0.008635 0.731891
vt 0.004446 0.721980
vt 0.689187 0.014357
vt 0.679276 0.014357
vt 0.679276 0.008635
vt 0.689187 0.004446
vt 0.014357 0.014357
vt 0.004446 0.014357
vt 0.004446 0.008635
vt 0.014357 0.004446
vt 0.772412 0.014357
vt 0.772412 0.004446
vt 0.778134 0.004446
vt 0.782323 0.014357
vt 0.097581 0.721980
vt 0.107492 0.721980
vt 0.107492 0.727702
vt 0.097581 0.731891
vt 0.598091 0.014357
vt 0.598091 0.004446
vt 0.603813 0.004446
vt 0.608002 0.014357
vt 0.070326 0.721980
vt 0.070326 0.731891
vt 0.064603 0.731891
vt 0.060415 0.721980
vt 0.745156 0.014357
vt 0.735245 0.014357
vt 0.735245 0.008635
vt 0.745156 0.004446
vt 0.014357 0.415756
vt 0.014357 0.425667
vt 0.008635 0.425667
vt 0.004446 0.415756
vt 0.041612 0.444469
vt 0.041612 0.434558
vt 0.047334 0.434558
vt 0.051523 0.444469
vt 0.772412 0.415756
vt 0.782323 0.415756
vt 0.782323 0.421478
vt 0.772412 0.425667
vt 0.598091 0.415756
vt 0.608002 0.415756
vt 0.608002 0.421478
vt 0.598091 0.425667
vt 0.745156 0.415756
vt 0.745156 0.425667
vt 0.739434 0.425667
vt 0.735245 0.415756
vt 0.014357 0.444469
vt 0.004446 0.444469
vt 0.004446 0.438747
vt 0.014357 0.434558
s 0
usemtl DL2_Hull_Silver
f 737/1537/565 740/1538/565 741/1539/565 743/1540/565
f 738/1541/566 742/1542/566 741/1543/566 740/1544/566
f 739/1545/567 743/1546/567 741/1547/567 742/1548/567
f 744/1549/568 747/1550/568 748/1551/568 750/1552/568
f 745/1553/569 749/1554/569 748/1555/569 747/1556/569
f 746/1557/570 750/1558/570 748/1559/570 749/1560/570
f 751/1561/571 754/1562/571 755/1563/571 757/1564/571
f 752/1565/572 756/1566/572 755/1567/572 754/1568/572
f 753/1569/573 757/1570/573 755/1571/573 756/1572/573
f 758/1573/574 761/1574/574 762/1575/574 764/1576/574
f 759/1577/575 763/1578/575 762/1579/575 761/1580/575
f 760/1581/576 764/1582/576 762/1583/576 763/1584/576
f 765/1585/577 768/1586/577 769/1587/577 771/1588/577
f 766/1589/578 770/1590/578 769/1591/578 768/1592/578
f 767/1593/579 771/1594/579 769/1595/579 770/1596/579
f 772/1597/580 775/1598/580 776/1599/580 778/1600/580
f 773/1601/581 777/1602/581 776/1603/581 775/1604/581
f 774/1605/582 778/1606/582 776/1607/582 777/1608/582
f 779/1609/583 782/1610/583 783/1611/583 785/1612/583
f 780/1613/584 784/1614/584 783/1615/584 782/1616/584
f 781/1617/585 785/1618/585 783/1619/585 784/1620/585
f 786/1621/586 789/1622/586 790/1623/586 792/1624/586
f 787/1625/587 791/1626/587 790/1627/587 789/1628/587
f 788/1629/588 792/1630/588 790/1631/588 791/1632/588
f 751/1561/589 737/1537/589 743/1540/589 754/1562/589
f 754/1568/590 743/1546/590 739/1545/590 752/1565/590
f 738/1541/591 744/1549/591 750/1552/591 742/1542/591
f 742/1548/592 750/1558/592 746/1557/592 739/1545/592
f 745/1553/593 758/1573/593 764/1576/593 749/1554/593
f 749/1560/594 764/1582/594 760/1581/594 746/1557/594
f 759/1577/595 753/1569/595 756/1572/595 763/1578/595
f 763/1584/596 756/1566/596 752/1565/596 760/1581/596
f 779/1609/597 751/1561/597 757/1564/597 782/1610/597
f 782/1616/598 757/1570/598 753/1569/598 780/1613/598
f 758/1573/599 786/1621/599 792/1624/599 761/1574/599
f 761/1580/600 792/1630/600 788/1629/600 759/1577/600
f 787/1625/601 781/1617/601 784/1620/601 791/1626/601
f 791/1632/602 784/1614/602 780/1613/602 788/1629/602
f 765/1585/603 779/1609/603 785/1612/603 768/1586/603
f 768/1592/604 785/1618/604 781/1617/604 766/1589/604
f 786/1621/605 772/1597/605 778/1600/605 789/1622/605
f 789/1628/606 778/1606/606 774/1605/606 787/1625/606
f 773/1601/607 767/1593/607 770/1596/607 777/1602/607
f 777/1608/608 770/1590/608 766/1589/608 774/1605/608
f 737/1537/609 765/1585/609 771/1588/609 740/1538/609
f 740/1544/610 771/1594/610 767/1593/610 738/1541/610
f 772/1597/611 745/1553/611 747/1556/611 775/1598/611
f 775/1604/612 747/1550/612 744/1549/612 773/1601/612
f 751/1561/613 779/1609/613 765/1585/613 737/1537/613
f 739/1545/614 746/1557/614 760/1581/614 752/1565/614
f 767/1593/615 773/1601/615 744/1549/615 738/1541/615
f 786/1621/616 758/1573/616 745/1553/616 772/1597/616
f 753/1569/617 759/1577/617 788/1629/617 780/1613/617
f 781/1617/618 787/1625/618 774/1605/618 766/1589/618
o DL_Spine_Light_1
v 11.230000 5.790000 0.170000
v 11.230000 5.820000 0.200000
v 11.200000 5.820000 0.170000
v 11.230000 5.798787 0.191213
v 11.212679 5.802680 0.187321
v 11.208787 5.820000 0.191213
v 11.208787 5.798787 0.170000
v 11.230000 5.880000 0.200000
v 11.230000 5.910000 0.170000
v 11.200000 5.880000 0.170000
v 11.230000 5.901213 0.191213
v 11.212679 5.897320 0.187321
v 11.208787 5.901213 0.170000
v 11.208787 5.880000 0.191213
v 11.230000 5.790000 -0.170000
v 11.200000 5.820000 -0.170000
v 11.230000 5.820000 -0.200000
v 11.208787 5.798787 -0.170000
v 11.212679 5.802680 -0.187321
v 11.208787 5.820000 -0.191213
v 11.230000 5.798787 -0.191213
v 11.230000 5.910000 -0.170000
v 11.230000 5.880000 -0.200000
v 11.200000 5.880000 -0.170000
v 11.230000 5.901213 -0.191213
v 11.212679 5.897320 -0.187321
v 11.208787 5.880000 -0.191213
v 11.208787 5.901213 -0.170000
v 14.770000 5.790000 0.170000
v 14.800000 5.820000 0.170000
v 14.770000 5.820000 0.200000
v 14.791213 5.798787 0.170000
v 14.787321 5.802680 0.187321
v 14.791213 5.820000 0.191213
v 14.770000 5.798787 0.191213
v 14.770000 5.910000 0.170000
v 14.770000 5.880000 0.200000
v 14.800000 5.880000 0.170000
v 14.770000 5.901213 0.191213
v 14.787321 5.897320 0.187321
v 14.791213 5.880000 0.191213
v 14.791213 5.901213 0.170000
v 14.770000 5.790000 -0.170000
v 14.770000 5.820000 -0.200000
v 14.800000 5.820000 -0.170000
v 14.770000 5.798787 -0.191213
v 14.787321 5.802680 -0.187321
v 14.791213 5.820000 -0.191213
v 14.791213 5.798787 -0.170000
v 14.770000 5.910000 -0.170000
v 14.800000 5.880000 -0.170000
v 14.770000 5.880000 -0.200000
v 14.791213 5.901213 -0.170000
v 14.787321 5.897320 -0.187321
v 14.791213 5.880000 -0.191213
v 14.770000 5.901213 -0.191213
vn -0.3251 -0.8881 0.3251
vn -0.3251 -0.3251 0.8881
vn -0.8881 -0.3251 0.3251
vn -0.3251 0.3251 0.8881
vn -0.3251 0.8881 0.3251
vn -0.8881 0.3251 0.3251
vn -0.3251 -0.8881 -0.3251
vn -0.8881 -0.3251 -0.3251
vn -0.3251 -0.3251 -0.8881
vn -0.3251 0.8881 -0.3251
vn -0.3251 0.3251 -0.8881
vn -0.8881 0.3251 -0.3251
vn 0.3251 -0.8881 0.3251
vn 0.8881 -0.3251 0.3251
vn 0.3251 -0.3251 0.8881
vn 0.3251 0.8881 0.3251
vn 0.3251 0.3251 0.8881
vn 0.8881 0.3251 0.3251
vn 0.3251 -0.8881 -0.3251
vn 0.3251 -0.3251 -0.8881
vn 0.8881 -0.3251 -0.3251
vn 0.3251 0.8881 -0.3251
vn 0.8881 0.3251 -0.3251
vn 0.3251 0.3251 -0.8881
vn -0.3827 -0.9239 -0.0000
vn -0.9239 -0.3827 -0.0000
vn -0.3827 -0.0000 0.9239
vn -0.9239 -0.0000 0.3827
vn -0.3827 0.9239 -0.0000
vn -0.9239 0.3827 -0.0000
vn -0.3827 -0.0000 -0.9239
vn -0.9239 -0.0000 -0.3827
vn -0.0000 -0.9239 -0.3827
vn -0.0000 -0.3827 -0.9239
vn -0.0000 0.9239 -0.3827
vn -0.0000 0.3827 -0.9239
vn 0.9239 -0.0000 -0.3827
vn 0.3827 -0.0000 -0.9239
vn 0.3827 -0.9239 -0.0000
vn 0.9239 -0.3827 -0.0000
vn 0.3827 0.9239 -0.0000
vn 0.9239 0.3827 -0.0000
vn 0.3827 -0.0000 0.9239
vn 0.9239 -0.0000 0.3827
vn -0.0000 -0.9239 0.3827
vn -0.0000 -0.3827 0.9239
vn -0.0000 0.9239 0.3827
vn -0.0000 0.3827 0.9239
vn -0.0000 -1.0000 -0.0000
vn -1.0000 -0.0000 -0.0000
vn -0.0000 -0.0000 1.0000
vn -0.0000 1.0000 -0.0000
vn -0.0000 -0.0000 -1.0000
vn 1.0000 -0.0000 -0.0000
vt 0.089884 0.003901
vt 0.088017 0.003901
vt 0.088017 0.002823
vt 0.089884 0.002033
vt 0.093619 0.688356
vt 0.093619 0.686489
vt 0.094697 0.686489
vt 0.095486 0.688356
vt 0.093619 0.990622
vt 0.095486 0.990622
vt 0.095486 0.991701
vt 0.093619 0.992490
vt 0.089884 0.688356
vt 0.088017 0.688356
vt 0.088017 0.687278
vt 0.089884 0.686489
vt 0.089884 0.452403
vt 0.089884 0.454270
vt 0.088806 0.454270
vt 0.088017 0.452403
vt 0.089884 0.990622
vt 0.089884 0.992490
vt 0.088806 0.992490
vt 0.088017 0.990622
vt 0.111047 0.003901
vt 0.111047 0.002033
vt 0.112126 0.002033
vt 0.112915 0.003901
vt 0.093619 0.969459
vt 0.093619 0.967591
vt 0.094697 0.967591
vt 0.095486 0.969459
vt 0.093619 0.680555
vt 0.095486 0.680555
vt 0.095486 0.681633
vt 0.093619 0.682422
vt 0.111047 0.452403
vt 0.112915 0.452403
vt 0.112915 0.453481
vt 0.111047 0.454270
vt 0.089884 0.680555
vt 0.089884 0.682422
vt 0.088806 0.682422
vt 0.088017 0.680555
vt 0.089884 0.969459
vt 0.088017 0.969459
vt 0.088017 0.968381
vt 0.089884 0.967591
vt 0.089884 0.224251
vt 0.089884 0.226118
vt 0.088806 0.226118
vt 0.088017 0.224251
vt 0.122584 0.003901
vt 0.122584 0.002033
vt 0.123662 0.002033
vt 0.124451 0.003901
vt 0.093619 0.908706
vt 0.095486 0.908706
vt 0.095486 0.909785
vt 0.093619 0.910574
vt 0.089884 0.232053
vt 0.088017 0.232053
vt 0.088017 0.230974
vt 0.089884 0.230185
vt 0.089884 0.908706
vt 0.089884 0.910574
vt 0.088806 0.910574
vt 0.088016 0.908706
vt 0.118849 0.003901
vt 0.116982 0.003901
vt 0.116982 0.002823
vt 0.118849 0.002033
vt 0.111047 0.224251
vt 0.112915 0.224251
vt 0.112915 0.225329
vt 0.111047 0.226118
vt 0.093619 0.460204
vt 0.093619 0.458337
vt 0.094697 0.458337
vt 0.095486 0.460204
vt 0.122584 0.025064
vt 0.124451 0.025064
vt 0.124451 0.026143
vt 0.122584 0.026932
vt 0.111047 0.232053
vt 0.111047 0.230185
vt 0.112126 0.230185
vt 0.112915 0.232053
vt 0.118849 0.025064
vt 0.118849 0.026932
vt 0.117771 0.026932
vt 0.116982 0.025064
vt 0.089884 0.460204
vt 0.088017 0.460204
vt 0.088017 0.459126
vt 0.089884 0.458337
s 0
usemtl DL2_IceBlue
f 793/1633/619 796/1634/619 797/1635/619 799/1636/619
f 794/1637/620 798/1638/620 797/1639/620 796/1640/620
f 795/1641/621 799/1642/621 797/1643/621 798/1644/621
f 800/1645/622 803/1646/622 804/1647/622 806/1648/622
f 801/1649/623 805/1650/623 804/1651/623 803/1652/623
f 802/1653/624 806/1654/624 804/1655/624 805/1656/624
f 807/1657/625 810/1658/625 811/1659/625 813/1660/625
f 808/1661/626 812/1662/626 811/1663/626 810/1664/626
f 809/1665/627 813/1666/627 811/1667/627 812/1668/627
f 814/1669/628 817/1670/628 818/1671/628 820/1672/628
f 815/1673/629 819/1674/629 818/1675/629 817/1676/629
f 816/1677/630 820/1678/630 818/1679/630 819/1680/630
f 821/1681/631 824/1682/631 825/1683/631 827/1684/631
f 822/1685/632 826/1686/632 825/1687/632 824/1688/632
f 823/1689/633 827/1690/633 825/1691/633 826/1692/633
f 828/1693/634 831/1694/634 832/1695/634 834/1696/634
f 829/1697/635 833/1698/635 832/1699/635 831/1700/635
f 830/1701/636 834/1702/636 832/1703/636 833/1704/636
f 835/1705/637 838/1706/637 839/1707/637 841/1708/637
f 836/1709/638 840/1710/638 839/1711/638 838/1712/638
f 837/1713/639 841/1714/639 839/1715/639 840/1716/639
f 842/1717/640 845/1718/640 846/1719/640 848/1720/640
f 843/1721/641 847/1722/641 846/1723/641 845/1724/641
f 844/1725/642 848/1726/642 846/1727/642 847/1728/642
f 807/1657/643 793/1633/643 799/1636/643 810/1658/643
f 810/1664/644 799/1642/644 795/1641/644 808/1661/644
f 794/1637/645 800/1645/645 806/1648/645 798/1638/645
f 798/1644/646 806/1654/646 802/1653/646 795/1641/646
f 801/1649/647 814/1669/647 820/1672/647 805/1650/647
f 805/1656/648 820/1678/648 816/1677/648 802/1653/648
f 815/1673/649 809/1665/649 812/1668/649 819/1674/649
f 819/1680/650 812/1662/650 808/1661/650 816/1677/650
f 835/1705/651 807/1657/651 813/1660/651 838/1706/651
f 838/1712/652 813/1666/652 809/1665/652 836/1709/652
f 814/1669/653 842/1717/653 848/1720/653 817/1670/653
f 817/1676/654 848/1726/654 844/1725/654 815/1673/654
f 843/1721/655 837/1713/655 840/1716/655 847/1722/655
f 847/1728/656 840/1710/656 836/1709/656 844/1725/656
f 821/1681/657 835/1705/657 841/1708/657 824/1682/657
f 824/1688/658 841/1714/658 837/1713/658 822/1685/658
f 842/1717/659 828/1693/659 834/1696/659 845/1718/659
f 845/1724/660 834/1702/660 830/1701/660 843/1721/660
f 829/1697/661 823/1689/661 826/1692/661 833/1698/661
f 833/1704/662 826/1686/662 822/1685/662 830/1701/662
f 793/1633/663 821/1681/663 827/1684/663 796/1634/663
f 796/1640/664 827/1690/664 823/1689/664 794/1637/664
f 828/1693/665 801/1649/665 803/1652/665 831/1694/665
f 831/1700/666 803/1646/666 800/1645/666 829/1697/666
f 807/1657/667 835/1705/667 821/1681/667 793/1633/667
f 795/1641/668 802/1653/668 816/1677/668 808/1661/668
f 823/1689/669 829/1697/669 800/1645/669 794/1637/669
f 842/1717/670 814/1669/670 801/1649/670 828/1693/670
f 809/1665/671 815/1673/671 844/1725/671 836/1709/671
f 837/1713/672 843/1721/672 830/1701/672 822/1685/672
o DL_Bow_Crest
v 28.328918 3.650000 2.380732
v 28.341705 3.810000 2.540220
v 28.169432 3.810000 2.393518
v 28.337961 3.696863 2.493507
v 28.244221 3.717624 2.480195
v 28.225185 3.810000 2.502548
v 28.216145 3.696863 2.389773
v 28.341705 4.590000 2.540220
v 28.328918 4.750000 2.380732
v 28.169432 4.590000 2.393518
v 28.337961 4.703137 2.493507
v 28.244221 4.682376 2.480195
v 28.216145 4.703137 2.389773
v 28.225185 4.590000 2.502548
v 28.034832 3.650000 -1.287499
v 27.875345 3.810000 -1.274712
v 28.022047 3.810000 -1.446987
v 27.922058 3.696863 -1.278458
v 27.935371 3.717624 -1.372197
v 27.913017 3.810000 -1.391233
v 28.025791 3.696863 -1.400274
v 28.034832 4.750000 -1.287499
v 28.022047 4.590000 -1.446987
v 27.875345 4.590000 -1.274712
v 28.025791 4.703137 -1.400274
v 27.935371 4.682376 -1.372197
v 27.913017 4.590000 -1.391233
v 27.922058 4.703137 -1.278458
v 41.965168 3.650000 1.287499
v 42.124657 3.810000 1.274712
v 41.977951 3.810000 1.446987
v 42.077942 3.696863 1.278458
v 42.064629 3.717624 1.372197
v 42.086983 3.810000 1.391233
v 41.974209 3.696863 1.400274
v 41.965168 4.750000 1.287499
v 41.977951 4.590000 1.446987
v 42.124657 4.590000 1.274712
v 41.974209 4.703137 1.400274
v 42.064629 4.682376 1.372197
v 42.086983 4.590000 1.391233
v 42.077942 4.703137 1.278458
v 41.671082 3.650000 -2.380732
v 41.658295 3.810000 -2.540220
v 41.830570 3.810000 -2.393518
v 41.662041 3.696863 -2.493507
v 41.755779 3.717624 -2.480195
v 41.774815 3.810000 -2.502548
v 41.783855 3.696863 -2.389773
v 41.671082 4.750000 -2.380732
v 41.830570 4.590000 -2.393518
v 41.658295 4.590000 -2.540220
v 41.783855 4.703137 -2.389773
v 41.755779 4.682376 -2.480195
v 41.774815 4.590000 -2.502548
v 41.662041 4.703137 -2.493507
vn -0.2980 -0.8881 0.3500
vn -0.2530 -0.3251 0.9112
vn -0.8593 -0.3251 0.3950
vn -0.2530 0.3251 0.9112
vn -0.2980 0.8881 0.3500
vn -0.8593 0.3251 0.3950
vn -0.3500 -0.8881 -0.2980
vn -0.9112 -0.3251 -0.2530
vn -0.3950 -0.3251 -0.8593
vn -0.3500 0.8881 -0.2980
vn -0.3950 0.3251 -0.8593
vn -0.9112 0.3251 -0.2530
vn 0.3500 -0.8881 0.2980
vn 0.9112 -0.3251 0.2530
vn 0.3950 -0.3251 0.8593
vn 0.3500 0.8881 0.2980
vn 0.3950 0.3251 0.8593
vn 0.9112 0.3251 0.2530
vn 0.2980 -0.8881 -0.3500
vn 0.2530 -0.3251 -0.9112
vn 0.8593 -0.3251 -0.3950
vn 0.2980 0.8881 -0.3500
vn 0.8593 0.3251 -0.3950
vn 0.2530 0.3251 -0.9112
vn -0.3815 -0.9239 0.0306
vn -0.9209 -0.3827 0.0738
vn -0.3076 -0.0000 0.9515
vn -0.8903 -0.0000 0.4553
vn -0.3815 0.9239 0.0306
vn -0.9209 0.3827 0.0738
vn -0.4553 -0.0000 -0.8903
vn -0.9515 -0.0000 -0.3076
vn -0.0306 -0.9239 -0.3815
vn -0.0738 -0.3827 -0.9209
vn -0.0306 0.9239 -0.3815
vn -0.0738 0.3827 -0.9209
vn 0.8903 -0.0000 -0.4553
vn 0.3076 -0.0000 -0.9515
vn 0.3815 -0.9239 -0.0306
vn 0.9209 -0.3827 -0.0738
vn 0.3815 0.9239 -0.0306
vn 0.9209 0.3827 -0.0738
vn 0.4553 -0.0000 0.8903
vn 0.9515 -0.0000 0.3076
vn 0.0306 -0.9239 0.3815
vn 0.0738 -0.3827 0.9209
vn 0.0306 0.9239 0.3815
vn 0.0738 0.3827 0.9209
vn -0.0000 -1.0000 -0.0000
vn -0.9968 -0.0000 0.0799
vn 0.0799 -0.0000 0.9968
vn -0.0000 1.0000 -0.0000
vn -0.0799 -0.0000 -0.9968
vn 0.9968 -0.0000 -0.0799
vt 0.015440 0.015440
vt 0.005551 0.015440
vt 0.005551 0.009730
vt 0.015440 0.005551
vt 0.659390 0.015440
vt 0.659390 0.005551
vt 0.665100 0.005551
vt 0.669279 0.015440
vt 0.852110 0.242886
vt 0.861999 0.242886
vt 0.861999 0.248596
vt 0.852110 0.252775
vt 0.611182 0.015440
vt 0.601293 0.015440
vt 0.601293 0.009730
vt 0.611182 0.005551
vt 0.273766 0.860948
vt 0.273766 0.870837
vt 0.268057 0.870837
vt 0.263877 0.860948
vt 0.803901 0.242886
vt 0.803901 0.252775
vt 0.798191 0.252775
vt 0.794012 0.242886
vt 0.242887 0.015440
vt 0.242887 0.005551
vt 0.248596 0.005551
vt 0.252776 0.015440
vt 0.852110 0.015440
vt 0.852110 0.005551
vt 0.857819 0.005551
vt 0.861999 0.015440
vt 0.580302 0.860948
vt 0.590191 0.860948
vt 0.590191 0.866657
vt 0.580302 0.870837
vt 0.501213 0.860948
vt 0.511102 0.860948
vt 0.511102 0.866657
vt 0.501213 0.870837
vt 0.532093 0.860948
vt 0.532093 0.870837
vt 0.526383 0.870837
vt 0.522204 0.860948
vt 0.803901 0.015440
vt 0.794012 0.015440
vt 0.794012 0.009731
vt 0.803901 0.005551
vt 0.015440 0.860948
vt 0.015440 0.870837
vt 0.009730 0.870837
vt 0.005551 0.860948
vt 0.852110 0.273766
vt 0.852110 0.263877
vt 0.857819 0.263877
vt 0.861999 0.273766
vt 0.659390 0.860948
vt 0.669279 0.860948
vt 0.669279 0.866657
vt 0.659390 0.870837
vt 0.273766 0.015440
vt 0.263877 0.015440
vt 0.263877 0.009730
vt 0.273766 0.005551
vt 0.611182 0.860948
vt 0.611182 0.870837
vt 0.605472 0.870837
vt 0.601293 0.860948
vt 0.803901 0.273766
vt 0.794012 0.273766
vt 0.794012 0.268057
vt 0.803901 0.263877
vt 0.242886 0.860948
vt 0.252775 0.860948
vt 0.252775 0.866657
vt 0.242886 0.870837
vt 0.580302 0.015440
vt 0.580302 0.005551
vt 0.586011 0.005551
vt 0.590191 0.015440
vt 0.852110 0.501213
vt 0.861999 0.501213
vt 0.861999 0.506922
vt 0.852110 0.511102
vt 0.501213 0.015440
vt 0.501213 0.005551
vt 0.506922 0.005551
vt 0.511102 0.015440
vt 0.803901 0.501213
vt 0.803901 0.511102
vt 0.798191 0.511102
vt 0.794012 0.501213
vt 0.532093 0.015440
vt 0.522204 0.015440
vt 0.522204 0.009730
vt 0.532093 0.005551
s 0
usemtl DL2_Armor_Indigo
f 849/1729/673 852/1730/673 853/1731/673 855/1732/673
f 850/1733/674 854/1734/674 853/1735/674 852/1736/674
f 851/1737/675 855/1738/675 853/1739/675 854/1740/675
f 856/1741/676 859/1742/676 860/1743/676 862/1744/676
f 857/1745/677 861/1746/677 860/1747/677 859/1748/677
f 858/1749/678 862/1750/678 860/1751/678 861/1752/678
f 863/1753/679 866/1754/679 867/1755/679 869/1756/679
f 864/1757/680 868/1758/680 867/1759/680 866/1760/680
f 865/1761/681 869/1762/681 867/1763/681 868/1764/681
f 870/1765/682 873/1766/682 874/1767/682 876/1768/682
f 871/1769/683 875/1770/683 874/1771/683 873/1772/683
f 872/1773/684 876/1774/684 874/1775/684 875/1776/684
f 877/1777/685 880/1778/685 881/1779/685 883/1780/685
f 878/1781/686 882/1782/686 881/1783/686 880/1784/686
f 879/1785/687 883/1786/687 881/1787/687 882/1788/687
f 884/1789/688 887/1790/688 888/1791/688 890/1792/688
f 885/1793/689 889/1794/689 888/1795/689 887/1796/689
f 886/1797/690 890/1798/690 888/1799/690 889/1800/690
f 891/1801/691 894/1802/691 895/1803/691 897/1804/691
f 892/1805/692 896/1806/692 895/1807/692 894/1808/692
f 893/1809/693 897/1810/693 895/1811/693 896/1812/693
f 898/1813/694 901/1814/694 902/1815/694 904/1816/694
f 899/1817/695 903/1818/695 902/1819/695 901/1820/695
f 900/1821/696 904/1822/696 902/1823/696 903/1824/696
f 863/1753/697 849/1729/697 855/1732/697 866/1754/697
f 866/1760/698 855/1738/698 851/1737/698 864/1757/698
f 850/1733/699 856/1741/699 862/1744/699 854/1734/699
f 854/1740/700 862/1750/700 858/1749/700 851/1737/700
f 857/1745/701 870/1765/701 876/1768/701 861/1746/701
f 861/1752/702 876/1774/702 872/1773/702 858/1749/702
f 871/1769/703 865/1761/703 868/1764/703 875/1770/703
f 875/1776/704 868/1758/704 864/1757/704 872/1773/704
f 891/1801/705 863/1753/705 869/1756/705 894/1802/705
f 894/1808/706 869/1762/706 865/1761/706 892/1805/706
f 870/1765/707 898/1813/707 904/1816/707 873/1766/707
f 873/1772/708 904/1822/708 900/1821/708 871/1769/708
f 899/1817/709 893/1809/709 896/1812/709 903/1818/709
f 903/1824/710 896/1806/710 892/1805/710 900/1821/710
f 877/1777/711 891/1801/711 897/1804/711 880/1778/711
f 880/1784/712 897/1810/712 893/1809/712 878/1781/712
f 898/1813/713 884/1789/713 890/1792/713 901/1814/713
f 901/1820/714 890/1798/714 886/1797/714 899/1817/714
f 885/1793/715 879/1785/715 882/1788/715 889/1794/715
f 889/1800/716 882/1782/716 878/1781/716 886/1797/716
f 849/1729/717 877/1777/717 883/1780/717 852/1730/717
f 852/1736/718 883/1786/718 879/1785/718 850/1733/718
f 884/1789/719 857/1745/719 859/1748/719 887/1790/719
f 887/1796/720 859/1742/720 856/1741/720 885/1793/720
f 863/1753/721 891/1801/721 877/1777/721 849/1729/721
f 851/1737/722 858/1749/722 872/1773/722 864/1757/722
f 879/1785/723 885/1793/723 856/1741/723 850/1733/723
f 898/1813/724 870/1765/724 857/1745/724 884/1789/724
f 865/1761/725 871/1769/725 900/1821/725 892/1805/725
f 893/1809/726 899/1817/726 886/1797/726 878/1781/726
o DL_Bow_Crest_Light
v 30.530001 4.770000 0.190000
v 30.530001 4.800000 0.220000
v 30.500000 4.800000 0.190000
v 30.530001 4.778787 0.211213
v 30.512680 4.782680 0.207321
v 30.508787 4.800000 0.211213
v 30.508787 4.778787 0.190000
v 30.530001 4.900000 0.220000
v 30.530001 4.930000 0.190000
v 30.500000 4.900000 0.190000
v 30.530001 4.921213 0.211213
v 30.512680 4.917320 0.207321
v 30.508787 4.921213 0.190000
v 30.508787 4.900000 0.211213
v 30.530001 4.770000 -0.190000
v 30.500000 4.800000 -0.190000
v 30.530001 4.800000 -0.220000
v 30.508787 4.778787 -0.190000
v 30.512680 4.782680 -0.207321
v 30.508787 4.800000 -0.211213
v 30.530001 4.778787 -0.211213
v 30.530001 4.930000 -0.190000
v 30.530001 4.900000 -0.220000
v 30.500000 4.900000 -0.190000
v 30.530001 4.921213 -0.211213
v 30.512680 4.917320 -0.207321
v 30.508787 4.900000 -0.211213
v 30.508787 4.921213 -0.190000
v 41.470001 4.770000 0.190000
v 41.500000 4.800000 0.190000
v 41.470001 4.800000 0.220000
v 41.491211 4.778787 0.190000
v 41.487320 4.782680 0.207321
v 41.491211 4.800000 0.211213
v 41.470001 4.778787 0.211213
v 41.470001 4.930000 0.190000
v 41.470001 4.900000 0.220000
v 41.500000 4.900000 0.190000
v 41.470001 4.921213 0.211213
v 41.487320 4.917320 0.207321
v 41.491211 4.900000 0.211213
v 41.491211 4.921213 0.190000
v 41.470001 4.770000 -0.190000
v 41.470001 4.800000 -0.220000
v 41.500000 4.800000 -0.190000
v 41.470001 4.778787 -0.211213
v 41.487320 4.782680 -0.207321
v 41.491211 4.800000 -0.211213
v 41.491211 4.778787 -0.190000
v 41.470001 4.930000 -0.190000
v 41.500000 4.900000 -0.190000
v 41.470001 4.900000 -0.220000
v 41.491211 4.921213 -0.190000
v 41.487320 4.917320 -0.207321
v 41.491211 4.900000 -0.211213
v 41.470001 4.921213 -0.211213
vn -0.3251 -0.8881 0.3251
vn -0.3251 -0.3251 0.8881
vn -0.8881 -0.3251 0.3251
vn -0.3251 0.3251 0.8881
vn -0.3251 0.8881 0.3251
vn -0.8881 0.3251 0.3251
vn -0.3251 -0.8881 -0.3251
vn -0.8881 -0.3251 -0.3251
vn -0.3251 -0.3251 -0.8881
vn -0.3251 0.8881 -0.3251
vn -0.3251 0.3251 -0.8881
vn -0.8881 0.3251 -0.3251
vn 0.3251 -0.8881 0.3251
vn 0.8881 -0.3251 0.3251
vn 0.3251 -0.3251 0.8881
vn 0.3251 0.8881 0.3251
vn 0.3251 0.3251 0.8881
vn 0.8881 0.3251 0.3251
vn 0.3251 -0.8881 -0.3251
vn 0.3251 -0.3251 -0.8881
vn 0.8881 -0.3251 -0.3251
vn 0.3251 0.8881 -0.3251
vn 0.8881 0.3251 -0.3251
vn 0.3251 0.3251 -0.8881
vn -0.3827 -0.9239 -0.0000
vn -0.9239 -0.3827 -0.0000
vn -0.3827 -0.0000 0.9239
vn -0.9239 -0.0000 0.3827
vn -0.3827 0.9239 -0.0000
vn -0.9239 0.3827 -0.0000
vn -0.3827 -0.0000 -0.9239
vn -0.9239 -0.0000 -0.3827
vn -0.0000 -0.9239 -0.3827
vn -0.0000 -0.3827 -0.9239
vn -0.0000 0.9239 -0.3827
vn -0.0000 0.3827 -0.9239
vn 0.9239 -0.0000 -0.3827
vn 0.3827 -0.0000 -0.9239
vn 0.3827 -0.9239 -0.0000
vn 0.9239 -0.3827 -0.0000
vn 0.3827 0.9239 -0.0000
vn 0.9239 0.3827 -0.0000
vn 0.3827 -0.0000 0.9239
vn 0.9239 -0.0000 0.3827
vn -0.0000 -0.9239 0.3827
vn -0.0000 -0.3827 0.9239
vn -0.0000 0.9239 0.3827
vn -0.0000 0.3827 0.9239
vn -0.0000 -1.0000 -0.0000
vn -1.0000 -0.0000 -0.0000
vn -0.0000 -0.0000 1.0000
vn -0.0000 1.0000 -0.0000
vn -0.0000 -0.0000 -1.0000
vn 1.0000 -0.0000 -0.0000
vt 0.059458 0.004430
vt 0.057593 0.004430
vt 0.057593 0.003353
vt 0.059458 0.002565
vt 0.180861 0.004430
vt 0.180861 0.002565
vt 0.181938 0.002565
vt 0.182726 0.004430
vt 0.180861 0.717161
vt 0.182726 0.717161
vt 0.182726 0.718238
vt 0.180861 0.719027
vt 0.174643 0.004430
vt 0.172778 0.004430
vt 0.172778 0.003353
vt 0.174643 0.002565
vt 0.091946 0.684673
vt 0.091946 0.686538
vt 0.090869 0.686538
vt 0.090081 0.684673
vt 0.174643 0.717161
vt 0.174643 0.719027
vt 0.173566 0.719027
vt 0.172778 0.717161
vt 0.083086 0.004430
vt 0.083086 0.002565
vt 0.084163 0.002565
vt 0.084952 0.004430
vt 0.180861 0.693533
vt 0.180861 0.691668
vt 0.181938 0.691668
vt 0.182726 0.693533
vt 0.165783 0.684673
vt 0.167648 0.684673
vt 0.167648 0.685750
vt 0.165783 0.686538
vt 0.115574 0.684673
vt 0.117440 0.684673
vt 0.117440 0.685750
vt 0.115574 0.686538
vt 0.159565 0.684673
vt 0.159565 0.686538
vt 0.158488 0.686538
vt 0.157700 0.684673
vt 0.174643 0.693533
vt 0.172778 0.693533
vt 0.172778 0.692456
vt 0.174643 0.691668
vt 0.059458 0.684673
vt 0.059458 0.686538
vt 0.058381 0.686538
vt 0.057593 0.684673
vt 0.180861 0.726021
vt 0.180861 0.724156
vt 0.181938 0.724156
vt 0.182726 0.726021
vt 0.180861 0.684673
vt 0.182726 0.684673
vt 0.182726 0.685750
vt 0.180861 0.686538
vt 0.091946 0.004430
vt 0.090081 0.004430
vt 0.090081 0.003353
vt 0.091946 0.002565
vt 0.174643 0.684673
vt 0.174643 0.686538
vt 0.173566 0.686538
vt 0.172778 0.684673
vt 0.174643 0.726021
vt 0.172778 0.726021
vt 0.172778 0.724944
vt 0.174643 0.724156
vt 0.083086 0.684673
vt 0.084952 0.684673
vt 0.084952 0.685750
vt 0.083086 0.686538
vt 0.165783 0.004430
vt 0.165783 0.002565
vt 0.166860 0.002565
vt 0.167648 0.004430
vt 0.180861 0.749649
vt 0.182726 0.749649
vt 0.182726 0.750726
vt 0.180861 0.751515
vt 0.115574 0.004430
vt 0.115574 0.002565
vt 0.116651 0.002565
vt 0.117440 0.004430
vt 0.174643 0.749649
vt 0.174643 0.751515
vt 0.173566 0.751515
vt 0.172778 0.749649
vt 0.159565 0.004430
vt 0.157700 0.004430
vt 0.157700 0.003353
vt 0.159565 0.002565
s 0
usemtl DL2_IceBlue
f 905/1825/727 908/1826/727 909/1827/727 911/1828/727
f 906/1829/728 910/1830/728 909/1831/728 908/1832/728
f 907/1833/729 911/1834/729 909/1835/729 910/1836/729
f 912/1837/730 915/1838/730 916/1839/730 918/1840/730
f 913/1841/731 917/1842/731 916/1843/731 915/1844/731
f 914/1845/732 918/1846/732 916/1847/732 917/1848/732
f 919/1849/733 922/1850/733 923/1851/733 925/1852/733
f 920/1853/734 924/1854/734 923/1855/734 922/1856/734
f 921/1857/735 925/1858/735 923/1859/735 924/1860/735
f 926/1861/736 929/1862/736 930/1863/736 932/1864/736
f 927/1865/737 931/1866/737 930/1867/737 929/1868/737
f 928/1869/738 932/1870/738 930/1871/738 931/1872/738
f 933/1873/739 936/1874/739 937/1875/739 939/1876/739
f 934/1877/740 938/1878/740 937/1879/740 936/1880/740
f 935/1881/741 939/1882/741 937/1883/741 938/1884/741
f 940/1885/742 943/1886/742 944/1887/742 946/1888/742
f 941/1889/743 945/1890/743 944/1891/743 943/1892/743
f 942/1893/744 946/1894/744 944/1895/744 945/1896/744
f 947/1897/745 950/1898/745 951/1899/745 953/1900/745
f 948/1901/746 952/1902/746 951/1903/746 950/1904/746
f 949/1905/747 953/1906/747 951/1907/747 952/1908/747
f 954/1909/748 957/1910/748 958/1911/748 960/1912/748
f 955/1913/749 959/1914/749 958/1915/749 957/1916/749
f 956/1917/750 960/1918/750 958/1919/750 959/1920/750
f 919/1849/751 905/1825/751 911/1828/751 922/1850/751
f 922/1856/752 911/1834/752 907/1833/752 920/1853/752
f 906/1829/753 912/1837/753 918/1840/753 910/1830/753
f 910/1836/754 918/1846/754 914/1845/754 907/1833/754
f 913/1841/755 926/1861/755 932/1864/755 917/1842/755
f 917/1848/756 932/1870/756 928/1869/756 914/1845/756
f 927/1865/757 921/1857/757 924/1860/757 931/1866/757
f 931/1872/758 924/1854/758 920/1853/758 928/1869/758
f 947/1897/759 919/1849/759 925/1852/759 950/1898/759
f 950/1904/760 925/1858/760 921/1857/760 948/1901/760
f 926/1861/761 954/1909/761 960/1912/761 929/1862/761
f 929/1868/762 960/1918/762 956/1917/762 927/1865/762
f 955/1913/763 949/1905/763 952/1908/763 959/1914/763
f 959/1920/764 952/1902/764 948/1901/764 956/1917/764
f 933/1873/765 947/1897/765 953/1900/765 936/1874/765
f 936/1880/766 953/1906/766 949/1905/766 934/1877/766
f 954/1909/767 940/1885/767 946/1888/767 957/1910/767
f 957/1916/768 946/1894/768 942/1893/768 955/1913/768
f 941/1889/769 935/1881/769 938/1884/769 945/1890/769
f 945/1896/770 938/1878/770 934/1877/770 942/1893/770
f 905/1825/771 933/1873/771 939/1876/771 908/1826/771
f 908/1832/772 939/1882/772 935/1881/772 906/1829/772
f 940/1885/773 913/1841/773 915/1844/773 943/1886/773
f 943/1892/774 915/1838/774 912/1837/774 941/1889/774
f 919/1849/775 947/1897/775 933/1873/775 905/1825/775
f 907/1833/776 914/1845/776 928/1869/776 920/1853/776
f 935/1881/777 941/1889/777 912/1837/777 906/1829/777
f 954/1909/778 926/1861/778 913/1841/778 940/1885/778
f 921/1857/779 927/1865/779 956/1917/779 948/1901/779
f 949/1905/780 955/1913/780 942/1893/780 934/1877/780
o DL_T_Base_-1_0
v 26.500000 2.150000 2.680000
v 27.900002 2.150000 2.680000
v 26.500000 1.668016 2.836606
v 27.900002 1.668016 2.836606
v 26.500000 1.370134 3.246606
v 27.900002 1.370134 3.246606
v 26.500000 1.370134 3.753394
v 27.900002 1.370134 3.753394
v 26.500000 1.668016 4.163394
v 27.900002 1.668016 4.163394
v 26.500000 2.150000 4.320000
v 27.900002 2.150000 4.320000
v 26.500000 2.631984 4.163394
v 27.900002 2.631984 4.163394
v 26.500000 2.929867 3.753394
v 27.900002 2.929866 3.753394
v 26.500000 2.929867 3.246606
v 27.900002 2.929866 3.246606
v 26.500000 2.631984 2.836606
v 27.900002 2.631984 2.836606
vn -0.0000 -0.3090 -0.9511
vn -0.0000 -0.8090 -0.5878
vn -0.0000 -1.0000 -0.0000
vn -0.0000 -0.8090 0.5878
vn -0.0000 -0.3090 0.9511
vn -0.0000 0.3090 0.9511
vn -0.0000 0.8090 0.5878
vn -0.0000 1.0000 -0.0000
vn 1.0000 -0.0000 -0.0000
vn -0.0000 0.8090 -0.5878
vn -0.0000 0.3090 -0.9511
vn -1.0000 -0.0000 -0.0000
vt 0.118960 0.304195
vt 0.118960 0.217159
vt 0.150466 0.217159
vt 0.150466 0.304195
vt 0.175956 0.217159
vt 0.175956 0.304195
vt 0.093471 0.581199
vt 0.093471 0.494163
vt 0.124977 0.494163
vt 0.124977 0.581199
vt 0.093471 0.396530
vt 0.093471 0.309494
vt 0.118960 0.309494
vt 0.118960 0.396530
vt 0.150466 0.309494
vt 0.150466 0.396530
vt 0.175956 0.309494
vt 0.175956 0.396530
vt 0.093471 0.488865
vt 0.093471 0.401828
vt 0.118960 0.401828
vt 0.118960 0.488865
vt 0.150466 0.401828
vt 0.150466 0.488865
vt 0.111990 0.094870
vt 0.093471 0.069381
vt 0.093471 0.037874
vt 0.111990 0.012385
vt 0.141954 0.002649
vt 0.171919 0.012385
vt 0.190438 0.037874
vt 0.190438 0.069381
vt 0.171919 0.094870
vt 0.141954 0.104606
vt 0.175956 0.401828
vt 0.175956 0.488865
vt 0.093471 0.304195
vt 0.093471 0.217159
vt 0.093471 0.176636
vt 0.093471 0.145129
vt 0.111990 0.119640
vt 0.141954 0.109904
vt 0.171919 0.119640
vt 0.190438 0.145129
vt 0.190438 0.176636
vt 0.171919 0.202125
vt 0.141954 0.211861
vt 0.111990 0.202125
s 0
usemtl DL2_Armor_Indigo
f 961/1921/781 962/1922/781 964/1923/781 963/1924/781
f 963/1924/782 964/1923/782 966/1925/782 965/1926/782
f 965/1927/783 966/1928/783 968/1929/783 967/1930/783
f 967/1931/784 968/1932/784 970/1933/784 969/1934/784
f 969/1934/785 970/1933/785 972/1935/785 971/1936/785
f 971/1936/786 972/1935/786 974/1937/786 973/1938/786
f 973/1939/787 974/1940/787 976/1941/787 975/1942/787
f 975/1942/788 976/1941/788 978/1943/788 977/1944/788
f 964/1945/789 962/1946/789 980/1947/789 978/1948/789 976/1949/789 974/1950/789 972/1951/789 970/1952/789 968/1953/789 966/1954/789
f 977/1944/790 978/1943/790 980/1955/790 979/1956/790
f 979/1957/791 980/1958/791 962/1922/791 961/1921/791
f 961/1959/792 963/1960/792 965/1961/792 967/1962/792 969/1963/792 971/1964/792 973/1965/792 975/1966/792 977/1967/792 979/1968/792
o DL_T_Base_-1_1
v 25.099998 2.150000 4.230000
v 26.500000 2.150000 4.230000
v 25.099998 1.668016 4.386606
v 26.500000 1.668016 4.386606
v 25.099998 1.370134 4.796606
v 26.500000 1.370134 4.796606
v 25.099998 1.370134 5.303394
v 26.500000 1.370134 5.303394
v 25.099998 1.668016 5.713394
v 26.500000 1.668016 5.713394
v 25.099998 2.150000 5.870000
v 26.500000 2.150000 5.870000
v 25.099998 2.631984 5.713394
v 26.500000 2.631984 5.713394
v 25.099998 2.929867 5.303394
v 26.500000 2.929866 5.303394
v 25.099998 2.929867 4.796606
v 26.500000 2.929866 4.796606
v 25.099998 2.631984 4.386606
v 26.500000 2.631984 4.386606
vn -0.0000 -0.3090 -0.9511
vn -0.0000 -0.8090 -0.5878
vn -0.0000 -1.0000 -0.0000
vn -0.0000 -0.8090 0.5878
vn -0.0000 -0.3090 0.9511
vn -0.0000 0.3090 0.9511
vn -0.0000 0.8090 0.5878
vn -0.0000 1.0000 -0.0000
vn 1.0000 -0.0000 -0.0000
vn -0.0000 0.8090 -0.5878
vn -0.0000 0.3090 -0.9511
vn -1.0000 -0.0000 -0.0000
vt 0.118960 0.304195
vt 0.118960 0.217159
vt 0.150466 0.217159
vt 0.150466 0.304195
vt 0.175956 0.217159
vt 0.175956 0.304195
vt 0.093471 0.581199
vt 0.093471 0.494163
vt 0.124977 0.494163
vt 0.124977 0.581199
vt 0.093471 0.396530
vt 0.093471 0.309494
vt 0.118960 0.309494
vt 0.118960 0.396530
vt 0.150466 0.309494
vt 0.150466 0.396530
vt 0.175956 0.309494
vt 0.175956 0.396530
vt 0.093471 0.488865
vt 0.093471 0.401828
vt 0.118960 0.401828
vt 0.118960 0.488865
vt 0.150466 0.401828
vt 0.150466 0.488865
vt 0.111990 0.094870
vt 0.093471 0.069381
vt 0.093471 0.037874
vt 0.111990 0.012385
vt 0.141954 0.002649
vt 0.171919 0.012385
vt 0.190438 0.037874
vt 0.190438 0.069381
vt 0.171919 0.094870
vt 0.141954 0.104606
vt 0.175956 0.401828
vt 0.175956 0.488865
vt 0.093471 0.304195
vt 0.093471 0.217159
vt 0.093471 0.176636
vt 0.093471 0.145129
vt 0.111990 0.119640
vt 0.141954 0.109904
vt 0.171919 0.119640
vt 0.190438 0.145129
vt 0.190438 0.176636
vt 0.171919 0.202125
vt 0.141954 0.211861
vt 0.111990 0.202125
s 0
usemtl DL2_Armor_Indigo
f 981/1969/793 982/1970/793 984/1971/793 983/1972/793
f 983/1972/794 984/1971/794 986/1973/794 985/1974/794
f 985/1975/795 986/1976/795 988/1977/795 987/1978/795
f 987/1979/796 988/1980/796 990/1981/796 989/1982/796
f 989/1982/797 990/1981/797 992/1983/797 991/1984/797
f 991/1984/798 992/1983/798 994/1985/798 993/1986/798
f 993/1987/799 994/1988/799 996/1989/799 995/1990/799
f 995/1990/800 996/1989/800 998/1991/800 997/1992/800
f 984/1993/801 982/1994/801 1000/1995/801 998/1996/801 996/1997/801 994/1998/801 992/1999/801 990/2000/801 988/2001/801 986/2002/801
f 997/1992/802 998/1991/802 1000/2003/802 999/2004/802
f 999/2005/803 1000/2006/803 982/1970/803 981/1969/803
f 981/2007/804 983/2008/804 985/2009/804 987/2010/804 989/2011/804 991/2012/804 993/2013/804 995/2014/804 997/2015/804 999/2016/804
o DL_T_Base_-1_2
v 23.699999 2.150000 5.780000
v 25.100000 2.150000 5.780000
v 23.699999 1.668016 5.936606
v 25.100000 1.668016 5.936606
v 23.699999 1.370134 6.346606
v 25.100000 1.370134 6.346606
v 23.699999 1.370134 6.853394
v 25.100000 1.370134 6.853394
v 23.699999 1.668016 7.263394
v 25.100000 1.668016 7.263394
v 23.699999 2.150000 7.420000
v 25.100000 2.150000 7.420000
v 23.699999 2.631984 7.263394
v 25.100000 2.631984 7.263394
v 23.699999 2.929867 6.853394
v 25.100000 2.929866 6.853394
v 23.699999 2.929867 6.346606
v 25.100000 2.929866 6.346606
v 23.699999 2.631984 5.936606
v 25.100000 2.631984 5.936606
vn -0.0000 -0.3090 -0.9511
vn -0.0000 -0.8090 -0.5878
vn -0.0000 -1.0000 -0.0000
vn -0.0000 -0.8090 0.5878
vn -0.0000 -0.3090 0.9511
vn -0.0000 0.3090 0.9511
vn -0.0000 0.8090 0.5878
vn -0.0000 1.0000 -0.0000
vn 1.0000 -0.0000 -0.0000
vn -0.0000 0.8090 -0.5878
vn -0.0000 0.3090 -0.9511
vn -1.0000 -0.0000 -0.0000
vt 0.118960 0.304195
vt 0.118960 0.217159
vt 0.150466 0.217159
vt 0.150466 0.304195
vt 0.175956 0.217159
vt 0.175956 0.304195
vt 0.093471 0.581199
vt 0.093471 0.494163
vt 0.124977 0.494163
vt 0.124977 0.581199
vt 0.093471 0.396530
vt 0.093471 0.309494
vt 0.118960 0.309494
vt 0.118960 0.396530
vt 0.150466 0.309494
vt 0.150466 0.396530
vt 0.175956 0.309494
vt 0.175956 0.396530
vt 0.093471 0.488865
vt 0.093471 0.401828
vt 0.118960 0.401828
vt 0.118960 0.488865
vt 0.150466 0.401828
vt 0.150466 0.488865
vt 0.111990 0.094870
vt 0.093471 0.069381
vt 0.093471 0.037874
vt 0.111990 0.012385
vt 0.141954 0.002649
vt 0.171919 0.012385
vt 0.190438 0.037874
vt 0.190438 0.069381
vt 0.171919 0.094870
vt 0.141954 0.104606
vt 0.175956 0.401828
vt 0.175956 0.488865
vt 0.093471 0.304195
vt 0.093471 0.217159
vt 0.093471 0.176636
vt 0.093471 0.145129
vt 0.111990 0.119640
vt 0.141954 0.109904
vt 0.171919 0.119640
vt 0.190438 0.145129
vt 0.190438 0.176636
vt 0.171919 0.202125
vt 0.141954 0.211861
vt 0.111990 0.202125
s 0
usemtl DL2_Armor_Indigo
f 1001/2017/805 1002/2018/805 1004/2019/805 1003/2020/805
f 1003/2020/806 1004/2019/806 1006/2021/806 1005/2022/806
f 1005/2023/807 1006/2024/807 1008/2025/807 1007/2026/807
f 1007/2027/808 1008/2028/808 1010/2029/808 1009/2030/808
f 1009/2030/809 1010/2029/809 1012/2031/809 1011/2032/809
f 1011/2032/810 1012/2031/810 1014/2033/810 1013/2034/810
f 1013/2035/811 1014/2036/811 1016/2037/811 1015/2038/811
f 1015/2038/812 1016/2037/812 1018/2039/812 1017/2040/812
f 1004/2041/813 1002/2042/813 1020/2043/813 1018/2044/813 1016/2045/813 1014/2046/813 1012/2047/813 1010/2048/813 1008/2049/813 1006/2050/813
f 1017/2040/814 1018/2039/814 1020/2051/814 1019/2052/814
f 1019/2053/815 1020/2054/815 1002/2018/815 1001/2017/815
f 1001/2055/816 1003/2056/816 1005/2057/816 1007/2058/816 1009/2059/816 1011/2060/816 1013/2061/816 1015/2062/816 1017/2063/816 1019/2064/816
o DL_T_Base_-1_3
v 22.299999 2.150000 7.329999
v 23.700001 2.150000 7.329999
v 22.299999 1.668016 7.486606
v 23.700001 1.668016 7.486606
v 22.299999 1.370134 7.896605
v 23.700001 1.370134 7.896605
v 22.299999 1.370134 8.403394
v 23.700001 1.370134 8.403394
v 22.299999 1.668016 8.813394
v 23.700001 1.668016 8.813394
v 22.299999 2.150000 8.969999
v 23.700001 2.150000 8.969999
v 22.299999 2.631984 8.813394
v 23.700001 2.631984 8.813394
v 22.299999 2.929867 8.403394
v 23.700001 2.929866 8.403394
v 22.299999 2.929867 7.896605
v 23.700001 2.929866 7.896605
v 22.299999 2.631984 7.486606
v 23.700001 2.631984 7.486606
vn -0.0000 -0.3090 -0.9511
vn -0.0000 -0.8090 -0.5878
vn -0.0000 -1.0000 -0.0000
vn -0.0000 -0.8090 0.5878
vn -0.0000 -0.3090 0.9511
vn -0.0000 0.3090 0.9511
vn -0.0000 0.8090 0.5878
vn -0.0000 1.0000 -0.0000
vn 1.0000 -0.0000 -0.0000
vn -0.0000 0.8090 -0.5878
vn -0.0000 0.3090 -0.9511
vn -1.0000 -0.0000 -0.0000
vt 0.118960 0.304195
vt 0.118960 0.217159
vt 0.150466 0.217159
vt 0.150466 0.304195
vt 0.175956 0.217159
vt 0.175956 0.304195
vt 0.093471 0.581199
vt 0.093471 0.494163
vt 0.124977 0.494163
vt 0.124977 0.581199
vt 0.093471 0.396530
vt 0.093471 0.309494
vt 0.118960 0.309494
vt 0.118960 0.396530
vt 0.150466 0.309494
vt 0.150466 0.396530
vt 0.175956 0.309494
vt 0.175956 0.396530
vt 0.093471 0.488865
vt 0.093471 0.401828
vt 0.118960 0.401828
vt 0.118960 0.488865
vt 0.150466 0.401828
vt 0.150466 0.488865
vt 0.111990 0.094870
vt 0.093471 0.069381
vt 0.093471 0.037874
vt 0.111990 0.012385
vt 0.141954 0.002649
vt 0.171919 0.012385
vt 0.190438 0.037874
vt 0.190438 0.069381
vt 0.171919 0.094870
vt 0.141954 0.104606
vt 0.175956 0.401828
vt 0.175956 0.488865
vt 0.093471 0.304195
vt 0.093471 0.217159
vt 0.093471 0.176636
vt 0.093471 0.145129
vt 0.111990 0.119640
vt 0.141954 0.109904
vt 0.171919 0.119640
vt 0.190438 0.145129
vt 0.190438 0.176636
vt 0.171919 0.202125
vt 0.141954 0.211861
vt 0.111990 0.202125
s 0
usemtl DL2_Armor_Indigo
f 1021/2065/817 1022/2066/817 1024/2067/817 1023/2068/817
f 1023/2068/818 1024/2067/818 1026/2069/818 1025/2070/818
f 1025/2071/819 1026/2072/819 1028/2073/819 1027/2074/819
f 1027/2075/820 1028/2076/820 1030/2077/820 1029/2078/820
f 1029/2078/821 1030/2077/821 1032/2079/821 1031/2080/821
f 1031/2080/822 1032/2079/822 1034/2081/822 1033/2082/822
f 1033/2083/823 1034/2084/823 1036/2085/823 1035/2086/823
f 1035/2086/824 1036/2085/824 1038/2087/824 1037/2088/824
f 1024/2089/825 1022/2090/825 1040/2091/825 1038/2092/825 1036/2093/825 1034/2094/825 1032/2095/825 1030/2096/825 1028/2097/825 1026/2098/825
f 1037/2088/826 1038/2087/826 1040/2099/826 1039/2100/826
f 1039/2101/827 1040/2102/827 1022/2066/827 1021/2065/827
f 1021/2103/828 1023/2104/828 1025/2105/828 1027/2106/828 1029/2107/828 1031/2108/828 1033/2109/828 1035/2110/828 1037/2111/828 1039/2112/828
o DL_T_Base_-1_4
v 20.900000 2.150000 8.880000
v 22.300001 2.150000 8.880000
v 20.900000 1.668016 9.036606
v 22.300001 1.668016 9.036606
v 20.900000 1.370134 9.446606
v 22.300001 1.370134 9.446606
v 20.900000 1.370134 9.953394
v 22.300001 1.370134 9.953394
v 20.900000 1.668016 10.363394
v 22.300001 1.668016 10.363394
v 20.900000 2.150000 10.520000
v 22.300001 2.150000 10.520000
v 20.900000 2.631984 10.363394
v 22.300001 2.631984 10.363394
v 20.900000 2.929867 9.953394
v 22.300001 2.929866 9.953394
v 20.900000 2.929867 9.446606
v 22.300001 2.929866 9.446606
v 20.900000 2.631984 9.036606
v 22.300001 2.631984 9.036606
vn -0.0000 -0.3090 -0.9511
vn -0.0000 -0.8090 -0.5878
vn -0.0000 -1.0000 -0.0000
vn -0.0000 -0.8090 0.5878
vn -0.0000 -0.3090 0.9511
vn -0.0000 0.3090 0.9511
vn -0.0000 0.8090 0.5878
vn -0.0000 1.0000 -0.0000
vn 1.0000 -0.0000 -0.0000
vn -0.0000 0.8090 -0.5878
vn -0.0000 0.3090 -0.9511
vn -1.0000 -0.0000 -0.0000
vt 0.118960 0.304195
vt 0.118960 0.217159
vt 0.150466 0.217159
vt 0.150466 0.304195
vt 0.175956 0.217159
vt 0.175956 0.304195
vt 0.093471 0.581199
vt 0.093471 0.494163
vt 0.124977 0.494163
vt 0.124977 0.581199
vt 0.093471 0.396530
vt 0.093471 0.309494
vt 0.118960 0.309494
vt 0.118960 0.396530
vt 0.150466 0.309494
vt 0.150466 0.396530
vt 0.175956 0.309494
vt 0.175956 0.396530
vt 0.093471 0.488865
vt 0.093471 0.401828
vt 0.118960 0.401828
vt 0.118960 0.488865
vt 0.150466 0.401828
vt 0.150466 0.488865
vt 0.111990 0.094870
vt 0.093471 0.069381
vt 0.093471 0.037874
vt 0.111990 0.012385
vt 0.141954 0.002649
vt 0.171919 0.012385
vt 0.190438 0.037874
vt 0.190438 0.069381
vt 0.171919 0.094870
vt 0.141954 0.104606
vt 0.175956 0.401828
vt 0.175956 0.488865
vt 0.093471 0.304195
vt 0.093471 0.217159
vt 0.093471 0.176636
vt 0.093471 0.145129
vt 0.111990 0.119640
vt 0.141954 0.109904
vt 0.171919 0.119640
vt 0.190438 0.145129
vt 0.190438 0.176636
vt 0.171919 0.202125
vt 0.141954 0.211861
vt 0.111990 0.202125
s 0
usemtl DL2_Armor_Indigo
f 1041/2113/829 1042/2114/829 1044/2115/829 1043/2116/829
f 1043/2116/830 1044/2115/830 1046/2117/830 1045/2118/830
f 1045/2119/831 1046/2120/831 1048/2121/831 1047/2122/831
f 1047/2123/832 1048/2124/832 1050/2125/832 1049/2126/832
f 1049/2126/833 1050/2125/833 1052/2127/833 1051/2128/833
f 1051/2128/834 1052/2127/834 1054/2129/834 1053/2130/834
f 1053/2131/835 1054/2132/835 1056/2133/835 1055/2134/835
f 1055/2134/836 1056/2133/836 1058/2135/836 1057/2136/836
f 1044/2137/837 1042/2138/837 1060/2139/837 1058/2140/837 1056/2141/837 1054/2142/837 1052/2143/837 1050/2144/837 1048/2145/837 1046/2146/837
f 1057/2136/838 1058/2135/838 1060/2147/838 1059/2148/838
f 1059/2149/839 1060/2150/839 1042/2114/839 1041/2113/839
f 1041/2151/840 1043/2152/840 1045/2153/840 1047/2154/840 1049/2155/840 1051/2156/840 1053/2157/840 1055/2158/840 1057/2159/840 1059/2160/840
o DL_T_Base_-1_5
v 19.500000 2.150000 10.430000
v 20.900002 2.150000 10.430000
v 19.500000 1.668016 10.586606
v 20.900002 1.668016 10.586606
v 19.500000 1.370134 10.996606
v 20.900002 1.370134 10.996606
v 19.500000 1.370134 11.503394
v 20.900002 1.370134 11.503394
v 19.500000 1.668016 11.913394
v 20.900002 1.668016 11.913394
v 19.500000 2.150000 12.070000
v 20.900002 2.150000 12.070000
v 19.500000 2.631984 11.913394
v 20.900002 2.631984 11.913394
v 19.500000 2.929867 11.503394
v 20.900002 2.929866 11.503394
v 19.500000 2.929867 10.996606
v 20.900002 2.929866 10.996606
v 19.500000 2.631984 10.586606
v 20.900002 2.631984 10.586606
vn -0.0000 -0.3090 -0.9511
vn -0.0000 -0.8090 -0.5878
vn -0.0000 -1.0000 -0.0000
vn -0.0000 -0.8090 0.5878
vn -0.0000 -0.3090 0.9511
vn -0.0000 0.3090 0.9511
vn -0.0000 0.8090 0.5878
vn -0.0000 1.0000 -0.0000
vn 1.0000 -0.0000 -0.0000
vn -0.0000 0.8090 -0.5878
vn -0.0000 0.3090 -0.9511
vn -1.0000 -0.0000 -0.0000
vt 0.118960 0.304195
vt 0.118960 0.217159
vt 0.150466 0.217159
vt 0.150466 0.304195
vt 0.175956 0.217159
vt 0.175956 0.304195
vt 0.093471 0.581199
vt 0.093471 0.494163
vt 0.124977 0.494163
vt 0.124977 0.581199
vt 0.093471 0.396530
vt 0.093471 0.309494
vt 0.118960 0.309494
vt 0.118960 0.396530
vt 0.150466 0.309494
vt 0.150466 0.396530
vt 0.175956 0.309494
vt 0.175956 0.396530
vt 0.093471 0.488865
vt 0.093471 0.401828
vt 0.118960 0.401828
vt 0.118960 0.488865
vt 0.150466 0.401828
vt 0.150466 0.488865
vt 0.111990 0.094870
vt 0.093471 0.069381
vt 0.093471 0.037874
vt 0.111990 0.012385
vt 0.141954 0.002649
vt 0.171919 0.012385
vt 0.190438 0.037874
vt 0.190438 0.069381
vt 0.171919 0.094870
vt 0.141954 0.104606
vt 0.175956 0.401828
vt 0.175956 0.488865
vt 0.093471 0.304195
vt 0.093471 0.217159
vt 0.093471 0.176636
vt 0.093471 0.145129
vt 0.111990 0.119640
vt 0.141954 0.109904
vt 0.171919 0.119640
vt 0.190438 0.145129
vt 0.190438 0.176636
vt 0.171919 0.202125
vt 0.141954 0.211861
vt 0.111990 0.202125
s 0
usemtl DL2_Armor_Indigo
f 1061/2161/841 1062/2162/841 1064/2163/841 1063/2164/841
f 1063/2164/842 1064/2163/842 1066/2165/842 1065/2166/842
f 1065/2167/843 1066/2168/843 1068/2169/843 1067/2170/843
f 1067/2171/844 1068/2172/844 1070/2173/844 1069/2174/844
f 1069/2174/845 1070/2173/845 1072/2175/845 1071/2176/845
f 1071/2176/846 1072/2175/846 1074/2177/846 1073/2178/846
f 1073/2179/847 1074/2180/847 1076/2181/847 1075/2182/847
f 1075/2182/848 1076/2181/848 1078/2183/848 1077/2184/848
f 1064/2185/849 1062/2186/849 1080/2187/849 1078/2188/849 1076/2189/849 1074/2190/849 1072/2191/849 1070/2192/849 1068/2193/849 1066/2194/849
f 1077/2184/850 1078/2183/850 1080/2195/850 1079/2196/850
f 1079/2197/851 1080/2198/851 1062/2162/851 1061/2161/851
f 1061/2199/852 1063/2200/852 1065/2201/852 1067/2202/852 1069/2203/852 1071/2204/852 1073/2205/852 1075/2206/852 1077/2207/852 1079/2208/852
o DL_T_Base_-1_6
v 18.099998 2.150000 11.980000
v 19.500000 2.150000 11.980000
v 18.099998 1.668016 12.136606
v 19.500000 1.668016 12.136606
v 18.099998 1.370134 12.546606
v 19.500000 1.370134 12.546606
v 18.099998 1.370134 13.053394
v 19.500000 1.370134 13.053394
v 18.099998 1.668016 13.463394
v 19.500000 1.668016 13.463394
v 18.099998 2.150000 13.620000
v 19.500000 2.150000 13.620000
v 18.099998 2.631984 13.463394
v 19.500000 2.631984 13.463394
v 18.099998 2.929867 13.053394
v 19.500000 2.929866 13.053394
v 18.099998 2.929867 12.546606
v 19.500000 2.929866 12.546606
v 18.099998 2.631984 12.136606
v 19.500000 2.631984 12.136606
vn -0.0000 -0.3090 -0.9511
vn -0.0000 -0.8090 -0.5878
vn -0.0000 -1.0000 -0.0000
vn -0.0000 -0.8090 0.5878
vn -0.0000 -0.3090 0.9511
vn -0.0000 0.3090 0.9511
vn -0.0000 0.8090 0.5878
vn -0.0000 1.0000 -0.0000
vn 1.0000 -0.0000 -0.0000
vn -0.0000 0.8090 -0.5878
vn -0.0000 0.3090 -0.9511
vn -1.0000 -0.0000 -0.0000
vt 0.118960 0.304195
vt 0.118960 0.217159
vt 0.150466 0.217159
vt 0.150466 0.304195
vt 0.175956 0.217159
vt 0.175956 0.304195
vt 0.093471 0.581199
vt 0.093471 0.494163
vt 0.124977 0.494163
vt 0.124977 0.581199
vt 0.093471 0.396530
vt 0.093471 0.309494
vt 0.118960 0.309494
vt 0.118960 0.396530
vt 0.150466 0.309494
vt 0.150466 0.396530
vt 0.175956 0.309494
vt 0.175956 0.396530
vt 0.093471 0.488865
vt 0.093471 0.401828
vt 0.118960 0.401828
vt 0.118960 0.488865
vt 0.150466 0.401828
vt 0.150466 0.488865
vt 0.111990 0.094870
vt 0.093471 0.069381
vt 0.093471 0.037874
vt 0.111990 0.012385
vt 0.141954 0.002649
vt 0.171919 0.012385
vt 0.190438 0.037874
vt 0.190438 0.069381
vt 0.171919 0.094870
vt 0.141954 0.104606
vt 0.175956 0.401828
vt 0.175956 0.488865
vt 0.093471 0.304195
vt 0.093471 0.217159
vt 0.093471 0.176636
vt 0.093471 0.145129
vt 0.111990 0.119640
vt 0.141954 0.109904
vt 0.171919 0.119640
vt 0.190438 0.145129
vt 0.190438 0.176636
vt 0.171919 0.202125
vt 0.141954 0.211861
vt 0.111990 0.202125
s 0
usemtl DL2_Armor_Indigo
f 1081/2209/853 1082/2210/853 1084/2211/853 1083/2212/853
f 1083/2212/854 1084/2211/854 1086/2213/854 1085/2214/854
f 1085/2215/855 1086/2216/855 1088/2217/855 1087/2218/855
f 1087/2219/856 1088/2220/856 1090/2221/856 1089/2222/856
f 1089/2222/857 1090/2221/857 1092/2223/857 1091/2224/857
f 1091/2224/858 1092/2223/858 1094/2225/858 1093/2226/858
f 1093/2227/859 1094/2228/859 1096/2229/859 1095/2230/859
f 1095/2230/860 1096/2229/860 1098/2231/860 1097/2232/860
f 1084/2233/861 1082/2234/861 1100/2235/861 1098/2236/861 1096/2237/861 1094/2238/861 1092/2239/861 1090/2240/861 1088/2241/861 1086/2242/861
f 1097/2232/862 1098/2231/862 1100/2243/862 1099/2244/862
f 1099/2245/863 1100/2246/863 1082/2210/863 1081/2209/863
f 1081/2247/864 1083/2248/864 1085/2249/864 1087/2250/864 1089/2251/864 1091/2252/864 1093/2253/864 1095/2254/864 1097/2255/864 1099/2256/864
o DL_T_Base_-1_7
v 16.699999 2.150000 13.530001
v 18.100000 2.150000 13.530001
v 16.699999 1.668016 13.686606
v 18.100000 1.668016 13.686606
v 16.699999 1.370134 14.096606
v 18.100000 1.370134 14.096606
v 16.699999 1.370134 14.603395
v 18.100000 1.370134 14.603395
v 16.699999 1.668016 15.013394
v 18.100000 1.668016 15.013394
v 16.699999 2.150000 15.170000
v 18.100000 2.150000 15.170000
v 16.699999 2.631984 15.013394
v 18.100000 2.631984 15.013394
v 16.699999 2.929867 14.603395
v 18.100000 2.929866 14.603395
v 16.699999 2.929867 14.096606
v 18.100000 2.929866 14.096606
v 16.699999 2.631984 13.686606
v 18.100000 2.631984 13.686606
vn -0.0000 -0.3090 -0.9511
vn -0.0000 -0.8090 -0.5878
vn -0.0000 -1.0000 -0.0000
vn -0.0000 -0.8090 0.5878
vn -0.0000 -0.3090 0.9511
vn -0.0000 0.3090 0.9511
vn -0.0000 0.8090 0.5878
vn -0.0000 1.0000 -0.0000
vn 1.0000 -0.0000 -0.0000
vn -0.0000 0.8090 -0.5878
vn -0.0000 0.3090 -0.9511
vn -1.0000 -0.0000 -0.0000
vt 0.118960 0.304195
vt 0.118960 0.217159
vt 0.150466 0.217159
vt 0.150466 0.304195
vt 0.175956 0.217159
vt 0.175956 0.304195
vt 0.093471 0.581199
vt 0.093471 0.494163
vt 0.124977 0.494163
vt 0.124977 0.581199
vt 0.093471 0.396530
vt 0.093471 0.309494
vt 0.118960 0.309494
vt 0.118960 0.396530
vt 0.150466 0.309494
vt 0.150466 0.396530
vt 0.175956 0.309494
vt 0.175956 0.396530
vt 0.093471 0.488865
vt 0.093471 0.401828
vt 0.118960 0.401828
vt 0.118960 0.488865
vt 0.150466 0.401828
vt 0.150466 0.488865
vt 0.111990 0.094870
vt 0.093471 0.069381
vt 0.093471 0.037874
vt 0.111990 0.012385
vt 0.141954 0.002649
vt 0.171919 0.012385
vt 0.190438 0.037874
vt 0.190438 0.069381
vt 0.171919 0.094870
vt 0.141954 0.104606
vt 0.175956 0.401828
vt 0.175956 0.488865
vt 0.093471 0.304195
vt 0.093471 0.217159
vt 0.093471 0.176636
vt 0.093471 0.145129
vt 0.111990 0.119640
vt 0.141954 0.109904
vt 0.171919 0.119640
vt 0.190438 0.145129
vt 0.190438 0.176636
vt 0.171919 0.202125
vt 0.141954 0.211861
vt 0.111990 0.202125
s 0
usemtl DL2_Armor_Indigo
f 1101/2257/865 1102/2258/865 1104/2259/865 1103/2260/865
f 1103/2260/866 1104/2259/866 1106/2261/866 1105/2262/866
f 1105/2263/867 1106/2264/867 1108/2265/867 1107/2266/867
f 1107/2267/868 1108/2268/868 1110/2269/868 1109/2270/868
f 1109/2270/869 1110/2269/869 1112/2271/869 1111/2272/869
f 1111/2272/870 1112/2271/870 1114/2273/870 1113/2274/870
f 1113/2275/871 1114/2276/871 1116/2277/871 1115/2278/871
f 1115/2278/872 1116/2277/872 1118/2279/872 1117/2280/872
f 1104/2281/873 1102/2282/873 1120/2283/873 1118/2284/873 1116/2285/873 1114/2286/873 1112/2287/873 1110/2288/873 1108/2289/873 1106/2290/873
f 1117/2280/874 1118/2279/874 1120/2291/874 1119/2292/874
f 1119/2293/875 1120/2294/875 1102/2258/875 1101/2257/875
f 1101/2295/876 1103/2296/876 1105/2297/876 1107/2298/876 1109/2299/876 1111/2300/876 1113/2301/876 1115/2302/876 1117/2303/876 1119/2304/876
o DL_X_Base_-1_0
v 14.900000 1.450000 9.880000
v 15.900000 1.450000 9.880000
v 14.900000 1.085573 9.998409
v 15.900000 1.085573 9.998409
v 14.900000 0.860345 10.308410
v 15.900000 0.860345 10.308410
v 14.900000 0.860345 10.691590
v 15.900000 0.860345 10.691590
v 14.900000 1.085573 11.001591
v 15.900000 1.085573 11.001591
v 14.900000 1.450000 11.120000
v 15.900000 1.450000 11.120000
v 14.900000 1.814427 11.001591
v 15.900000 1.814427 11.001591
v 14.900000 2.039655 10.691590
v 15.900000 2.039655 10.691590
v 14.900000 2.039655 10.308410
v 15.900000 2.039655 10.308410
v 14.900000 1.814427 9.998409
v 15.900000 1.814427 9.998409
vn -0.0000 -0.3090 -0.9511
vn -0.0000 -0.8090 -0.5878
vn -0.0000 -1.0000 -0.0000
vn -0.0000 -0.8090 0.5878
vn -0.0000 -0.3090 0.9511
vn -0.0000 0.3090 0.9511
vn -0.0000 0.8090 0.5878
vn -0.0000 1.0000 -0.0000
vn 1.0000 -0.0000 -0.0000
vn -0.0000 0.8090 -0.5878
vn -0.0000 0.3090 -0.9511
vn -1.0000 -0.0000 -0.0000
vt 0.152819 0.209032
vt 0.090610 0.209032
vt 0.090610 0.185194
vt 0.152819 0.185194
vt 0.090610 0.165909
vt 0.152819 0.165909
vt 0.090610 0.429297
vt 0.090610 0.367088
vt 0.114447 0.367088
vt 0.114447 0.429297
vt 0.152819 0.295376
vt 0.090610 0.295376
vt 0.090610 0.276091
vt 0.152819 0.276091
vt 0.090610 0.252254
vt 0.152819 0.252254
vt 0.090610 0.232969
vt 0.152819 0.232969
vt 0.152819 0.362435
vt 0.090610 0.362435
vt 0.090610 0.343150
vt 0.152819 0.343150
vt 0.090610 0.319313
vt 0.152819 0.319313
vt 0.127292 0.079466
vt 0.104621 0.072099
vt 0.090610 0.052815
vt 0.090610 0.028977
vt 0.104621 0.009692
vt 0.127292 0.002326
vt 0.149962 0.009692
vt 0.163974 0.028977
vt 0.163974 0.052815
vt 0.149962 0.072099
vt 0.090610 0.300028
vt 0.152819 0.300028
vt 0.152819 0.228317
vt 0.090610 0.228317
vt 0.104621 0.153891
vt 0.090610 0.134606
vt 0.090610 0.110769
vt 0.104621 0.091484
vt 0.127292 0.084118
vt 0.149962 0.091484
vt 0.163974 0.110769
vt 0.163974 0.134606
vt 0.149962 0.153891
vt 0.127292 0.161257
s 0
usemtl DL2_Hull_Silver
f 1121/2305/877 1122/2306/877 1124/2307/877 1123/2308/877
f 1123/2308/878 1124/2307/878 1126/2309/878 1125/2310/878
f 1125/2311/879 1126/2312/879 1128/2313/879 1127/2314/879
f 1127/2315/880 1128/2316/880 1130/2317/880 1129/2318/880
f 1129/2318/881 1130/2317/881 1132/2319/881 1131/2320/881
f 1131/2320/882 1132/2319/882 1134/2321/882 1133/2322/882
f 1133/2323/883 1134/2324/883 1136/2325/883 1135/2326/883
f 1135/2326/884 1136/2325/884 1138/2327/884 1137/2328/884
f 1124/2329/885 1122/2330/885 1140/2331/885 1138/2332/885 1136/2333/885 1134/2334/885 1132/2335/885 1130/2336/885 1128/2337/885 1126/2338/885
f 1137/2328/886 1138/2327/886 1140/2339/886 1139/2340/886
f 1139/2341/887 1140/2342/887 1122/2306/887 1121/2305/887
f 1121/2343/888 1123/2344/888 1125/2345/888 1127/2346/888 1129/2347/888 1131/2348/888 1133/2349/888 1135/2350/888 1137/2351/888 1139/2352/888
o DL_T_Base_1_0
v 26.500000 2.150000 -4.320000
v 27.900002 2.150000 -4.320000
v 26.500000 1.668016 -4.163394
v 27.900002 1.668016 -4.163394
v 26.500000 1.370134 -3.753394
v 27.900002 1.370134 -3.753394
v 26.500000 1.370134 -3.246606
v 27.900002 1.370134 -3.246606
v 26.500000 1.668016 -2.836606
v 27.900002 1.668016 -2.836606
v 26.500000 2.150000 -2.680000
v 27.900002 2.150000 -2.680000
v 26.500000 2.631984 -2.836606
v 27.900002 2.631984 -2.836606
v 26.500000 2.929867 -3.246606
v 27.900002 2.929866 -3.246606
v 26.500000 2.929867 -3.753394
v 27.900002 2.929866 -3.753394
v 26.500000 2.631984 -4.163394
v 27.900002 2.631984 -4.163394
vn -0.0000 -0.3090 -0.9511
vn -0.0000 -0.8090 -0.5878
vn -0.0000 -1.0000 -0.0000
vn -0.0000 -0.8090 0.5878
vn -0.0000 -0.3090 0.9511
vn -0.0000 0.3090 0.9511
vn -0.0000 0.8090 0.5878
vn -0.0000 1.0000 -0.0000
vn 1.0000 -0.0000 -0.0000
vn -0.0000 0.8090 -0.5878
vn -0.0000 0.3090 -0.9511
vn -1.0000 -0.0000 -0.0000
vt 0.118960 0.304195
vt 0.118960 0.217159
vt 0.150466 0.217159
vt 0.150466 0.304195
vt 0.175956 0.217159
vt 0.175956 0.304195
vt 0.093471 0.581199
vt 0.093471 0.494163
vt 0.124977 0.494163
vt 0.124977 0.581199
vt 0.093471 0.396530
vt 0.093471 0.309494
vt 0.118960 0.309494
vt 0.118960 0.396530
vt 0.150466 0.309494
vt 0.150466 0.396530
vt 0.175956 0.309494
vt 0.175956 0.396530
vt 0.093471 0.488865
vt 0.093471 0.401828
vt 0.118960 0.401828
vt 0.118960 0.488865
vt 0.150466 0.401828
vt 0.150466 0.488865
vt 0.111990 0.094870
vt 0.093471 0.069381
vt 0.093471 0.037874
vt 0.111990 0.012385
vt 0.141954 0.002649
vt 0.171919 0.012385
vt 0.190438 0.037874
vt 0.190438 0.069381
vt 0.171919 0.094870
vt 0.141954 0.104606
vt 0.175956 0.401828
vt 0.175956 0.488865
vt 0.093471 0.304195
vt 0.093471 0.217159
vt 0.093471 0.176636
vt 0.093471 0.145129
vt 0.111990 0.119640
vt 0.141954 0.109904
vt 0.171919 0.119640
vt 0.190438 0.145129
vt 0.190438 0.176636
vt 0.171919 0.202125
vt 0.141954 0.211861
vt 0.111990 0.202125
s 0
usemtl DL2_Armor_Indigo
f 1141/2353/889 1142/2354/889 1144/2355/889 1143/2356/889
f 1143/2356/890 1144/2355/890 1146/2357/890 1145/2358/890
f 1145/2359/891 1146/2360/891 1148/2361/891 1147/2362/891
f 1147/2363/892 1148/2364/892 1150/2365/892 1149/2366/892
f 1149/2366/893 1150/2365/893 1152/2367/893 1151/2368/893
f 1151/2368/894 1152/2367/894 1154/2369/894 1153/2370/894
f 1153/2371/895 1154/2372/895 1156/2373/895 1155/2374/895
f 1155/2374/896 1156/2373/896 1158/2375/896 1157/2376/896
f 1144/2377/897 1142/2378/897 1160/2379/897 1158/2380/897 1156/2381/897 1154/2382/897 1152/2383/897 1150/2384/897 1148/2385/897 1146/2386/897
f 1157/2376/898 1158/2375/898 1160/2387/898 1159/2388/898
f 1159/2389/899 1160/2390/899 1142/2354/899 1141/2353/899
f 1141/2391/900 1143/2392/900 1145/2393/900 1147/2394/900 1149/2395/900 1151/2396/900 1153/2397/900 1155/2398/900 1157/2399/900 1159/2400/900
o DL_T_Base_1_1
v 25.099998 2.150000 -5.870000
v 26.500000 2.150000 -5.870000
v 25.099998 1.668016 -5.713394
v 26.500000 1.668016 -5.713394
v 25.099998 1.370134 -5.303394
v 26.500000 1.370134 -5.303394
v 25.099998 1.370134 -4.796606
v 26.500000 1.370134 -4.796606
v 25.099998 1.668016 -4.386606
v 26.500000 1.668016 -4.386606
v 25.099998 2.150000 -4.230000
v 26.500000 2.150000 -4.230000
v 25.099998 2.631984 -4.386606
v 26.500000 2.631984 -4.386606
v 25.099998 2.929867 -4.796606
v 26.500000 2.929866 -4.796606
v 25.099998 2.929867 -5.303394
v 26.500000 2.929866 -5.303394
v 25.099998 2.631984 -5.713394
v 26.500000 2.631984 -5.713394
vn -0.0000 -0.3090 -0.9511
vn -0.0000 -0.8090 -0.5878
vn -0.0000 -1.0000 -0.0000
vn -0.0000 -0.8090 0.5878
vn -0.0000 -0.3090 0.9511
vn -0.0000 0.3090 0.9511
vn -0.0000 0.8090 0.5878
vn -0.0000 1.0000 -0.0000
vn 1.0000 -0.0000 -0.0000
vn -0.0000 0.8090 -0.5878
vn -0.0000 0.3090 -0.9511
vn -1.0000 -0.0000 -0.0000
vt 0.118960 0.304195
vt 0.118960 0.217159
vt 0.150466 0.217159
vt 0.150466 0.304195
vt 0.175956 0.217159
vt 0.175956 0.304195
vt 0.093471 0.581199
vt 0.093471 0.494163
vt 0.124977 0.494163
vt 0.124977 0.581199
vt 0.093471 0.396530
vt 0.093471 0.309494
vt 0.118960 0.309494
vt 0.118960 0.396530
vt 0.150466 0.309494
vt 0.150466 0.396530
vt 0.175956 0.309494
vt 0.175956 0.396530
vt 0.093471 0.488865
vt 0.093471 0.401828
vt 0.118960 0.401828
vt 0.118960 0.488865
vt 0.150466 0.401828
vt 0.150466 0.488865
vt 0.111990 0.094870
vt 0.093471 0.069381
vt 0.093471 0.037874
vt 0.111990 0.012385
vt 0.141954 0.002649
vt 0.171919 0.012385
vt 0.190438 0.037874
vt 0.190438 0.069381
vt 0.171919 0.094870
vt 0.141954 0.104606
vt 0.175956 0.401828
vt 0.175956 0.488865
vt 0.093471 0.304195
vt 0.093471 0.217159
vt 0.093471 0.176636
vt 0.093471 0.145129
vt 0.111990 0.119640
vt 0.141954 0.109904
vt 0.171919 0.119640
vt 0.190438 0.145129
vt 0.190438 0.176636
vt 0.171919 0.202125
vt 0.141954 0.211861
vt 0.111990 0.202125
s 0
usemtl DL2_Armor_Indigo
f 1161/2401/901 1162/2402/901 1164/2403/901 1163/2404/901
f 1163/2404/902 1164/2403/902 1166/2405/902 1165/2406/902
f 1165/2407/903 1166/2408/903 1168/2409/903 1167/2410/903
f 1167/2411/904 1168/2412/904 1170/2413/904 1169/2414/904
f 1169/2414/905 1170/2413/905 1172/2415/905 1171/2416/905
f 1171/2416/906 1172/2415/906 1174/2417/906 1173/2418/906
f 1173/2419/907 1174/2420/907 1176/2421/907 1175/2422/907
f 1175/2422/908 1176/2421/908 1178/2423/908 1177/2424/908
f 1164/2425/909 1162/2426/909 1180/2427/909 1178/2428/909 1176/2429/909 1174/2430/909 1172/2431/909 1170/2432/909 1168/2433/909 1166/2434/909
f 1177/2424/910 1178/2423/910 1180/2435/910 1179/2436/910
f 1179/2437/911 1180/2438/911 1162/2402/911 1161/2401/911
f 1161/2439/912 1163/2440/912 1165/2441/912 1167/2442/912 1169/2443/912 1171/2444/912 1173/2445/912 1175/2446/912 1177/2447/912 1179/2448/912
o DL_T_Base_1_2
v 23.699999 2.150000 -7.420000
v 25.100000 2.150000 -7.420000
v 23.699999 1.668016 -7.263394
v 25.100000 1.668016 -7.263394
v 23.699999 1.370134 -6.853394
v 25.100000 1.370134 -6.853394
v 23.699999 1.370134 -6.346606
v 25.100000 1.370134 -6.346606
v 23.699999 1.668016 -5.936606
v 25.100000 1.668016 -5.936606
v 23.699999 2.150000 -5.780000
v 25.100000 2.150000 -5.780000
v 23.699999 2.631984 -5.936606
v 25.100000 2.631984 -5.936606
v 23.699999 2.929867 -6.346606
v 25.100000 2.929866 -6.346606
v 23.699999 2.929867 -6.853394
v 25.100000 2.929866 -6.853394
v 23.699999 2.631984 -7.263394
v 25.100000 2.631984 -7.263394
vn -0.0000 -0.3090 -0.9511
vn -0.0000 -0.8090 -0.5878
vn -0.0000 -1.0000 -0.0000
vn -0.0000 -0.8090 0.5878
vn -0.0000 -0.3090 0.9511
vn -0.0000 0.3090 0.9511
vn -0.0000 0.8090 0.5878
vn -0.0000 1.0000 -0.0000
vn 1.0000 -0.0000 -0.0000
vn -0.0000 0.8090 -0.5878
vn -0.0000 0.3090 -0.9511
vn -1.0000 -0.0000 -0.0000
vt 0.118960 0.304195
vt 0.118960 0.217159
vt 0.150466 0.217159
vt 0.150466 0.304195
vt 0.175956 0.217159
vt 0.175956 0.304195
vt 0.093471 0.581199
vt 0.093471 0.494163
vt 0.124977 0.494163
vt 0.124977 0.581199
vt 0.093471 0.396530
vt 0.093471 0.309494
vt 0.118960 0.309494
vt 0.118960 0.396530
vt 0.150466 0.309494
vt 0.150466 0.396530
vt 0.175956 0.309494
vt 0.175956 0.396530
vt 0.093471 0.488865
vt 0.093471 0.401828
vt 0.118960 0.401828
vt 0.118960 0.488865
vt 0.150466 0.401828
vt 0.150466 0.488865
vt 0.111990 0.094870
vt 0.093471 0.069381
vt 0.093471 0.037874
vt 0.111990 0.012385
vt 0.141954 0.002649
vt 0.171919 0.012385
vt 0.190438 0.037874
vt 0.190438 0.069381
vt 0.171919 0.094870
vt 0.141954 0.104606
vt 0.175956 0.401828
vt 0.175956 0.488865
vt 0.093471 0.304195
vt 0.093471 0.217159
vt 0.093471 0.176636
vt 0.093471 0.145129
vt 0.111990 0.119640
vt 0.141954 0.109904
vt 0.171919 0.119640
vt 0.190438 0.145129
vt 0.190438 0.176636
vt 0.171919 0.202125
vt 0.141954 0.211861
vt 0.111990 0.202125
s 0
usemtl DL2_Armor_Indigo
f 1181/2449/913 1182/2450/913 1184/2451/913 1183/2452/913
f 1183/2452/914 1184/2451/914 1186/2453/914 1185/2454/914
f 1185/2455/915 1186/2456/915 1188/2457/915 1187/2458/915
f 1187/2459/916 1188/2460/916 1190/2461/916 1189/2462/916
f 1189/2462/917 1190/2461/917 1192/2463/917 1191/2464/917
f 1191/2464/918 1192/2463/918 1194/2465/918 1193/2466/918
f 1193/2467/919 1194/2468/919 1196/2469/919 1195/2470/919
f 1195/2470/920 1196/2469/920 1198/2471/920 1197/2472/920
f 1184/2473/921 1182/2474/921 1200/2475/921 1198/2476/921 1196/2477/921 1194/2478/921 1192/2479/921 1190/2480/921 1188/2481/921 1186/2482/921
f 1197/2472/922 1198/2471/922 1200/2483/922 1199/2484/922
f 1199/2485/923 1200/2486/923 1182/2450/923 1181/2449/923
f 1181/2487/924 1183/2488/924 1185/2489/924 1187/2490/924 1189/2491/924 1191/2492/924 1193/2493/924 1195/2494/924 1197/2495/924 1199/2496/924
o DL_T_Base_1_3
v 22.299999 2.150000 -8.969999
v 23.700001 2.150000 -8.969999
v 22.299999 1.668016 -8.813394
v 23.700001 1.668016 -8.813394
v 22.299999 1.370134 -8.403394
v 23.700001 1.370134 -8.403394
v 22.299999 1.370134 -7.896605
v 23.700001 1.370134 -7.896605
v 22.299999 1.668016 -7.486606
v 23.700001 1.668016 -7.486606
v 22.299999 2.150000 -7.329999
v 23.700001 2.150000 -7.329999
v 22.299999 2.631984 -7.486606
v 23.700001 2.631984 -7.486606
v 22.299999 2.929867 -7.896605
v 23.700001 2.929866 -7.896605
v 22.299999 2.929867 -8.403394
v 23.700001 2.929866 -8.403394
v 22.299999 2.631984 -8.813394
v 23.700001 2.631984 -8.813394
vn -0.0000 -0.3090 -0.9511
vn -0.0000 -0.8090 -0.5878
vn -0.0000 -1.0000 -0.0000
vn -0.0000 -0.8090 0.5878
vn -0.0000 -0.3090 0.9511
vn -0.0000 0.3090 0.9511
vn -0.0000 0.8090 0.5878
vn -0.0000 1.0000 -0.0000
vn 1.0000 -0.0000 -0.0000
vn -0.0000 0.8090 -0.5878
vn -0.0000 0.3090 -0.9511
vn -1.0000 -0.0000 -0.0000
vt 0.118960 0.304195
vt 0.118960 0.217159
vt 0.150466 0.217159
vt 0.150466 0.304195
vt 0.175956 0.217159
vt 0.175956 0.304195
vt 0.093471 0.581199
vt 0.093471 0.494163
vt 0.124977 0.494163
vt 0.124977 0.581199
vt 0.093471 0.396530
vt 0.093471 0.309494
vt 0.118960 0.309494
vt 0.118960 0.396530
vt 0.150466 0.309494
vt 0.150466 0.396530
vt 0.175956 0.309494
vt 0.175956 0.396530
vt 0.093471 0.488865
vt 0.093471 0.401828
vt 0.118960 0.401828
vt 0.118960 0.488865
vt 0.150466 0.401828
vt 0.150466 0.488865
vt 0.111990 0.094870
vt 0.093471 0.069381
vt 0.093471 0.037874
vt 0.111990 0.012385
vt 0.141954 0.002649
vt 0.171919 0.012385
vt 0.190438 0.037874
vt 0.190438 0.069381
vt 0.171919 0.094870
vt 0.141954 0.104606
vt 0.175956 0.401828
vt 0.175956 0.488865
vt 0.093471 0.304195
vt 0.093471 0.217159
vt 0.093471 0.176636
vt 0.093471 0.145129
vt 0.111990 0.119640
vt 0.141954 0.109904
vt 0.171919 0.119640
vt 0.190438 0.145129
vt 0.190438 0.176636
vt 0.171919 0.202125
vt 0.141954 0.211861
vt 0.111990 0.202125
s 0
usemtl DL2_Armor_Indigo
f 1201/2497/925 1202/2498/925 1204/2499/925 1203/2500/925
f 1203/2500/926 1204/2499/926 1206/2501/926 1205/2502/926
f 1205/2503/927 1206/2504/927 1208/2505/927 1207/2506/927
f 1207/2507/928 1208/2508/928 1210/2509/928 1209/2510/928
f 1209/2510/929 1210/2509/929 1212/2511/929 1211/2512/929
f 1211/2512/930 1212/2511/930 1214/2513/930 1213/2514/930
f 1213/2515/931 1214/2516/931 1216/2517/931 1215/2518/931
f 1215/2518/932 1216/2517/932 1218/2519/932 1217/2520/932
f 1204/2521/933 1202/2522/933 1220/2523/933 1218/2524/933 1216/2525/933 1214/2526/933 1212/2527/933 1210/2528/933 1208/2529/933 1206/2530/933
f 1217/2520/934 1218/2519/934 1220/2531/934 1219/2532/934
f 1219/2533/935 1220/2534/935 1202/2498/935 1201/2497/935
f 1201/2535/936 1203/2536/936 1205/2537/936 1207/2538/936 1209/2539/936 1211/2540/936 1213/2541/936 1215/2542/936 1217/2543/936 1219/2544/936
o DL_T_Base_1_4
v 20.900000 2.150000 -10.520000
v 22.300001 2.150000 -10.520000
v 20.900000 1.668016 -10.363394
v 22.300001 1.668016 -10.363394
v 20.900000 1.370134 -9.953394
v 22.300001 1.370134 -9.953394
v 20.900000 1.370134 -9.446606
v 22.300001 1.370134 -9.446606
v 20.900000 1.668016 -9.036606
v 22.300001 1.668016 -9.036606
v 20.900000 2.150000 -8.880000
v 22.300001 2.150000 -8.880000
v 20.900000 2.631984 -9.036606
v 22.300001 2.631984 -9.036606
v 20.900000 2.929867 -9.446606
v 22.300001 2.929866 -9.446606
v 20.900000 2.929867 -9.953394
v 22.300001 2.929866 -9.953394
v 20.900000 2.631984 -10.363394
v 22.300001 2.631984 -10.363394
vn -0.0000 -0.3090 -0.9511
vn -0.0000 -0.8090 -0.5878
vn -0.0000 -1.0000 -0.0000
vn -0.0000 -0.8090 0.5878
vn -0.0000 -0.3090 0.9511
vn -0.0000 0.3090 0.9511
vn -0.0000 0.8090 0.5878
vn -0.0000 1.0000 -0.0000
vn 1.0000 -0.0000 -0.0000
vn -0.0000 0.8090 -0.5878
vn -0.0000 0.3090 -0.9511
vn -1.0000 -0.0000 -0.0000
vt 0.118960 0.304195
vt 0.118960 0.217159
vt 0.150466 0.217159
vt 0.150466 0.304195
vt 0.175956 0.217159
vt 0.175956 0.304195
vt 0.093471 0.581199
vt 0.093471 0.494163
vt 0.124977 0.494163
vt 0.124977 0.581199
vt 0.093471 0.396530
vt 0.093471 0.309494
vt 0.118960 0.309494
vt 0.118960 0.396530
vt 0.150466 0.309494
vt 0.150466 0.396530
vt 0.175956 0.309494
vt 0.175956 0.396530
vt 0.093471 0.488865
vt 0.093471 0.401828
vt 0.118960 0.401828
vt 0.118960 0.488865
vt 0.150466 0.401828
vt 0.150466 0.488865
vt 0.111990 0.094870
vt 0.093471 0.069381
vt 0.093471 0.037874
vt 0.111990 0.012385
vt 0.141954 0.002649
vt 0.171919 0.012385
vt 0.190438 0.037874
vt 0.190438 0.069381
vt 0.171919 0.094870
vt 0.141954 0.104606
vt 0.175956 0.401828
vt 0.175956 0.488865
vt 0.093471 0.304195
vt 0.093471 0.217159
vt 0.093471 0.176636
vt 0.093471 0.145129
vt 0.111990 0.119640
vt 0.141954 0.109904
vt 0.171919 0.119640
vt 0.190438 0.145129
vt 0.190438 0.176636
vt 0.171919 0.202125
vt 0.141954 0.211861
vt 0.111990 0.202125
s 0
usemtl DL2_Armor_Indigo
f 1221/2545/937 1222/2546/937 1224/2547/937 1223/2548/937
f 1223/2548/938 1224/2547/938 1226/2549/938 1225/2550/938
f 1225/2551/939 1226/2552/939 1228/2553/939 1227/2554/939
f 1227/2555/940 1228/2556/940 1230/2557/940 1229/2558/940
f 1229/2558/941 1230/2557/941 1232/2559/941 1231/2560/941
f 1231/2560/942 1232/2559/942 1234/2561/942 1233/2562/942
f 1233/2563/943 1234/2564/943 1236/2565/943 1235/2566/943
f 1235/2566/944 1236/2565/944 1238/2567/944 1237/2568/944
f 1224/2569/945 1222/2570/945 1240/2571/945 1238/2572/945 1236/2573/945 1234/2574/945 1232/2575/945 1230/2576/945 1228/2577/945 1226/2578/945
f 1237/2568/946 1238/2567/946 1240/2579/946 1239/2580/946
f 1239/2581/947 1240/2582/947 1222/2546/947 1221/2545/947
f 1221/2583/948 1223/2584/948 1225/2585/948 1227/2586/948 1229/2587/948 1231/2588/948 1233/2589/948 1235/2590/948 1237/2591/948 1239/2592/948
o DL_T_Base_1_5
v 19.500000 2.150000 -12.070000
v 20.900002 2.150000 -12.070000
v 19.500000 1.668016 -11.913394
v 20.900002 1.668016 -11.913394
v 19.500000 1.370134 -11.503394
v 20.900002 1.370134 -11.503394
v 19.500000 1.370134 -10.996606
v 20.900002 1.370134 -10.996606
v 19.500000 1.668016 -10.586606
v 20.900002 1.668016 -10.586606
v 19.500000 2.150000 -10.430000
v 20.900002 2.150000 -10.430000
v 19.500000 2.631984 -10.586606
v 20.900002 2.631984 -10.586606
v 19.500000 2.929867 -10.996606
v 20.900002 2.929866 -10.996606
v 19.500000 2.929867 -11.503394
v 20.900002 2.929866 -11.503394
v 19.500000 2.631984 -11.913394
v 20.900002 2.631984 -11.913394
vn -0.0000 -0.3090 -0.9511
vn -0.0000 -0.8090 -0.5878
vn -0.0000 -1.0000 -0.0000
vn -0.0000 -0.8090 0.5878
vn -0.0000 -0.3090 0.9511
vn -0.0000 0.3090 0.9511
vn -0.0000 0.8090 0.5878
vn -0.0000 1.0000 -0.0000
vn 1.0000 -0.0000 -0.0000
vn -0.0000 0.8090 -0.5878
vn -0.0000 0.3090 -0.9511
vn -1.0000 -0.0000 -0.0000
vt 0.118960 0.304195
vt 0.118960 0.217159
vt 0.150466 0.217159
vt 0.150466 0.304195
vt 0.175956 0.217159
vt 0.175956 0.304195
vt 0.093471 0.581199
vt 0.093471 0.494163
vt 0.124977 0.494163
vt 0.124977 0.581199
vt 0.093471 0.396530
vt 0.093471 0.309494
vt 0.118960 0.309494
vt 0.118960 0.396530
vt 0.150466 0.309494
vt 0.150466 0.396530
vt 0.175956 0.309494
vt 0.175956 0.396530
vt 0.093471 0.488865
vt 0.093471 0.401828
vt 0.118960 0.401828
vt 0.118960 0.488865
vt 0.150466 0.401828
vt 0.150466 0.488865
vt 0.111990 0.094870
vt 0.093471 0.069381
vt 0.093471 0.037874
vt 0.111990 0.012385
vt 0.141954 0.002649
vt 0.171919 0.012385
vt 0.190438 0.037874
vt 0.190438 0.069381
vt 0.171919 0.094870
vt 0.141954 0.104606
vt 0.175956 0.401828
vt 0.175956 0.488865
vt 0.093471 0.304195
vt 0.093471 0.217159
vt 0.093471 0.176636
vt 0.093471 0.145129
vt 0.111990 0.119640
vt 0.141954 0.109904
vt 0.171919 0.119640
vt 0.190438 0.145129
vt 0.190438 0.176636
vt 0.171919 0.202125
vt 0.141954 0.211861
vt 0.111990 0.202125
s 0
usemtl DL2_Armor_Indigo
f 1241/2593/949 1242/2594/949 1244/2595/949 1243/2596/949
f 1243/2596/950 1244/2595/950 1246/2597/950 1245/2598/950
f 1245/2599/951 1246/2600/951 1248/2601/951 1247/2602/951
f 1247/2603/952 1248/2604/952 1250/2605/952 1249/2606/952
f 1249/2606/953 1250/2605/953 1252/2607/953 1251/2608/953
f 1251/2608/954 1252/2607/954 1254/2609/954 1253/2610/954
f 1253/2611/955 1254/2612/955 1256/2613/955 1255/2614/955
f 1255/2614/956 1256/2613/956 1258/2615/956 1257/2616/956
f 1244/2617/957 1242/2618/957 1260/2619/957 1258/2620/957 1256/2621/957 1254/2622/957 1252/2623/957 1250/2624/957 1248/2625/957 1246/2626/957
f 1257/2616/958 1258/2615/958 1260/2627/958 1259/2628/958
f 1259/2629/959 1260/2630/959 1242/2594/959 1241/2593/959
f 1241/2631/960 1243/2632/960 1245/2633/960 1247/2634/960 1249/2635/960 1251/2636/960 1253/2637/960 1255/2638/960 1257/2639/960 1259/2640/960
o DL_T_Base_1_6
v 18.099998 2.150000 -13.620000
v 19.500000 2.150000 -13.620000
v 18.099998 1.668016 -13.463394
v 19.500000 1.668016 -13.463394
v 18.099998 1.370134 -13.053394
v 19.500000 1.370134 -13.053394
v 18.099998 1.370134 -12.546606
v 19.500000 1.370134 -12.546606
v 18.099998 1.668016 -12.136606
v 19.500000 1.668016 -12.136606
v 18.099998 2.150000 -11.980000
v 19.500000 2.150000 -11.980000
v 18.099998 2.631984 -12.136606
v 19.500000 2.631984 -12.136606
v 18.099998 2.929867 -12.546606
v 19.500000 2.929866 -12.546606
v 18.099998 2.929867 -13.053394
v 19.500000 2.929866 -13.053394
v 18.099998 2.631984 -13.463394
v 19.500000 2.631984 -13.463394
vn -0.0000 -0.3090 -0.9511
vn -0.0000 -0.8090 -0.5878
vn -0.0000 -1.0000 -0.0000
vn -0.0000 -0.8090 0.5878
vn -0.0000 -0.3090 0.9511
vn -0.0000 0.3090 0.9511
vn -0.0000 0.8090 0.5878
vn -0.0000 1.0000 -0.0000
vn 1.0000 -0.0000 -0.0000
vn -0.0000 0.8090 -0.5878
vn -0.0000 0.3090 -0.9511
vn -1.0000 -0.0000 -0.0000
vt 0.118960 0.304195
vt 0.118960 0.217159
vt 0.150466 0.217159
vt 0.150466 0.304195
vt 0.175956 0.217159
vt 0.175956 0.304195
vt 0.093471 0.581199
vt 0.093471 0.494163
vt 0.124977 0.494163
vt 0.124977 0.581199
vt 0.093471 0.396530
vt 0.093471 0.309494
vt 0.118960 0.309494
vt 0.118960 0.396530
vt 0.150466 0.309494
vt 0.150466 0.396530
vt 0.175956 0.309494
vt 0.175956 0.396530
vt 0.093471 0.488865
vt 0.093471 0.401828
vt 0.118960 0.401828
vt 0.118960 0.488865
vt 0.150466 0.401828
vt 0.150466 0.488865
vt 0.111990 0.094870
vt 0.093471 0.069381
vt 0.093471 0.037874
vt 0.111990 0.012385
vt 0.141954 0.002649
vt 0.171919 0.012385
vt 0.190438 0.037874
vt 0.190438 0.069381
vt 0.171919 0.094870
vt 0.141954 0.104606
vt 0.175956 0.401828
vt 0.175956 0.488865
vt 0.093471 0.304195
vt 0.093471 0.217159
vt 0.093471 0.176636
vt 0.093471 0.145129
vt 0.111990 0.119640
vt 0.141954 0.109904
vt 0.171919 0.119640
vt 0.190438 0.145129
vt 0.190438 0.176636
vt 0.171919 0.202125
vt 0.141954 0.211861
vt 0.111990 0.202125
s 0
usemtl DL2_Armor_Indigo
f 1261/2641/961 1262/2642/961 1264/2643/961 1263/2644/961
f 1263/2644/962 1264/2643/962 1266/2645/962 1265/2646/962
f 1265/2647/963 1266/2648/963 1268/2649/963 1267/2650/963
f 1267/2651/964 1268/2652/964 1270/2653/964 1269/2654/964
f 1269/2654/965 1270/2653/965 1272/2655/965 1271/2656/965
f 1271/2656/966 1272/2655/966 1274/2657/966 1273/2658/966
f 1273/2659/967 1274/2660/967 1276/2661/967 1275/2662/967
f 1275/2662/968 1276/2661/968 1278/2663/968 1277/2664/968
f 1264/2665/969 1262/2666/969 1280/2667/969 1278/2668/969 1276/2669/969 1274/2670/969 1272/2671/969 1270/2672/969 1268/2673/969 1266/2674/969
f 1277/2664/970 1278/2663/970 1280/2675/970 1279/2676/970
f 1279/2677/971 1280/2678/971 1262/2642/971 1261/2641/971
f 1261/2679/972 1263/2680/972 1265/2681/972 1267/2682/972 1269/2683/972 1271/2684/972 1273/2685/972 1275/2686/972 1277/2687/972 1279/2688/972
o DL_T_Base_1_7
v 16.699999 2.150000 -15.170000
v 18.100000 2.150000 -15.170000
v 16.699999 1.668016 -15.013394
v 18.100000 1.668016 -15.013394
v 16.699999 1.370134 -14.603395
v 18.100000 1.370134 -14.603395
v 16.699999 1.370134 -14.096606
v 18.100000 1.370134 -14.096606
v 16.699999 1.668016 -13.686606
v 18.100000 1.668016 -13.686606
v 16.699999 2.150000 -13.530001
v 18.100000 2.150000 -13.530001
v 16.699999 2.631984 -13.686606
v 18.100000 2.631984 -13.686606
v 16.699999 2.929867 -14.096606
v 18.100000 2.929866 -14.096606
v 16.699999 2.929867 -14.603395
v 18.100000 2.929866 -14.603395
v 16.699999 2.631984 -15.013394
v 18.100000 2.631984 -15.013394
vn -0.0000 -0.3090 -0.9511
vn -0.0000 -0.8090 -0.5878
vn -0.0000 -1.0000 -0.0000
vn -0.0000 -0.8090 0.5878
vn -0.0000 -0.3090 0.9511
vn -0.0000 0.3090 0.9511
vn -0.0000 0.8090 0.5878
vn -0.0000 1.0000 -0.0000
vn 1.0000 -0.0000 -0.0000
vn -0.0000 0.8090 -0.5878
vn -0.0000 0.3090 -0.9511
vn -1.0000 -0.0000 -0.0000
vt 0.118960 0.304195
vt 0.118960 0.217159
vt 0.150466 0.217159
vt 0.150466 0.304195
vt 0.175956 0.217159
vt 0.175956 0.304195
vt 0.093471 0.581199
vt 0.093471 0.494163
vt 0.124977 0.494163
vt 0.124977 0.581199
vt 0.093471 0.396530
vt 0.093471 0.309494
vt 0.118960 0.309494
vt 0.118960 0.396530
vt 0.150466 0.309494
vt 0.150466 0.396530
vt 0.175956 0.309494
vt 0.175956 0.396530
vt 0.093471 0.488865
vt 0.093471 0.401828
vt 0.118960 0.401828
vt 0.118960 0.488865
vt 0.150466 0.401828
vt 0.150466 0.488865
vt 0.111990 0.094870
vt 0.093471 0.069381
vt 0.093471 0.037874
vt 0.111990 0.012385
vt 0.141954 0.002649
vt 0.171919 0.012385
vt 0.190438 0.037874
vt 0.190438 0.069381
vt 0.171919 0.094870
vt 0.141954 0.104606
vt 0.175956 0.401828
vt 0.175956 0.488865
vt 0.093471 0.304195
vt 0.093471 0.217159
vt 0.093471 0.176636
vt 0.093471 0.145129
vt 0.111990 0.119640
vt 0.141954 0.109904
vt 0.171919 0.119640
vt 0.190438 0.145129
vt 0.190438 0.176636
vt 0.171919 0.202125
vt 0.141954 0.211861
vt 0.111990 0.202125
s 0
usemtl DL2_Armor_Indigo
f 1281/2689/973 1282/2690/973 1284/2691/973 1283/2692/973
f 1283/2692/974 1284/2691/974 1286/2693/974 1285/2694/974
f 1285/2695/975 1286/2696/975 1288/2697/975 1287/2698/975
f 1287/2699/976 1288/2700/976 1290/2701/976 1289/2702/976
f 1289/2702/977 1290/2701/977 1292/2703/977 1291/2704/977
f 1291/2704/978 1292/2703/978 1294/2705/978 1293/2706/978
f 1293/2707/979 1294/2708/979 1296/2709/979 1295/2710/979
f 1295/2710/980 1296/2709/980 1298/2711/980 1297/2712/980
f 1284/2713/981 1282/2714/981 1300/2715/981 1298/2716/981 1296/2717/981 1294/2718/981 1292/2719/981 1290/2720/981 1288/2721/981 1286/2722/981
f 1297/2712/982 1298/2711/982 1300/2723/982 1299/2724/982
f 1299/2725/983 1300/2726/983 1282/2690/983 1281/2689/983
f 1281/2727/984 1283/2728/984 1285/2729/984 1287/2730/984 1289/2731/984 1291/2732/984 1293/2733/984 1295/2734/984 1297/2735/984 1299/2736/984
o DL_X_Base_1_0
v 14.900000 1.450000 -11.120000
v 15.900000 1.450000 -11.120000
v 14.900000 1.085573 -11.001591
v 15.900000 1.085573 -11.001591
v 14.900000 0.860345 -10.691590
v 15.900000 0.860345 -10.691590
v 14.900000 0.860345 -10.308410
v 15.900000 0.860345 -10.308410
v 14.900000 1.085573 -9.998409
v 15.900000 1.085573 -9.998409
v 14.900000 1.450000 -9.880000
v 15.900000 1.450000 -9.880000
v 14.900000 1.814427 -9.998409
v 15.900000 1.814427 -9.998409
v 14.900000 2.039655 -10.308410
v 15.900000 2.039655 -10.308410
v 14.900000 2.039655 -10.691590
v 15.900000 2.039655 -10.691590
v 14.900000 1.814427 -11.001591
v 15.900000 1.814427 -11.001591
vn -0.0000 -0.3090 -0.9511
vn -0.0000 -0.8090 -0.5878
vn -0.0000 -1.0000 -0.0000
vn -0.0000 -0.8090 0.5878
vn -0.0000 -0.3090 0.9511
vn -0.0000 0.3090 0.9511
vn -0.0000 0.8090 0.5878
vn -0.0000 1.0000 -0.0000
vn 1.0000 -0.0000 -0.0000
vn -0.0000 0.8090 -0.5878
vn -0.0000 0.3090 -0.9511
vn -1.0000 -0.0000 -0.0000
vt 0.152819 0.209032
vt 0.090610 0.209032
vt 0.090610 0.185194
vt 0.152819 0.185194
vt 0.090610 0.165909
vt 0.152819 0.165909
vt 0.090610 0.429297
vt 0.090610 0.367088
vt 0.114447 0.367088
vt 0.114447 0.429297
vt 0.152819 0.295376
vt 0.090610 0.295376
vt 0.090610 0.276091
vt 0.152819 0.276091
vt 0.090610 0.252254
vt 0.152819 0.252254
vt 0.090610 0.232969
vt 0.152819 0.232969
vt 0.152819 0.362435
vt 0.090610 0.362435
vt 0.090610 0.343150
vt 0.152819 0.343150
vt 0.090610 0.319313
vt 0.152819 0.319313
vt 0.127292 0.079466
vt 0.104621 0.072099
vt 0.090610 0.052815
vt 0.090610 0.028977
vt 0.104621 0.009692
vt 0.127292 0.002326
vt 0.149962 0.009692
vt 0.163974 0.028977
vt 0.163974 0.052815
vt 0.149962 0.072099
vt 0.090610 0.300028
vt 0.152819 0.300028
vt 0.152819 0.228317
vt 0.090610 0.228317
vt 0.104621 0.153891
vt 0.090610 0.134606
vt 0.090610 0.110769
vt 0.104621 0.091484
vt 0.127292 0.084118
vt 0.149962 0.091484
vt 0.163974 0.110769
vt 0.163974 0.134606
vt 0.149962 0.153891
vt 0.127292 0.161257
s 0
usemtl DL2_Hull_Silver
f 1301/2737/985 1302/2738/985 1304/2739/985 1303/2740/985
f 1303/2740/986 1304/2739/986 1306/2741/986 1305/2742/986
f 1305/2743/987 1306/2744/987 1308/2745/987 1307/2746/987
f 1307/2747/988 1308/2748/988 1310/2749/988 1309/2750/988
f 1309/2750/989 1310/2749/989 1312/2751/989 1311/2752/989
f 1311/2752/990 1312/2751/990 1314/2753/990 1313/2754/990
f 1313/2755/991 1314/2756/991 1316/2757/991 1315/2758/991
f 1315/2758/992 1316/2757/992 1318/2759/992 1317/2760/992
f 1304/2761/993 1302/2762/993 1320/2763/993 1318/2764/993 1316/2765/993 1314/2766/993 1312/2767/993 1310/2768/993 1308/2769/993 1306/2770/993
f 1317/2760/994 1318/2759/994 1320/2771/994 1319/2772/994
f 1319/2773/995 1320/2774/995 1302/2738/995 1301/2737/995
f 1301/2775/996 1303/2776/996 1305/2777/996 1307/2778/996 1309/2779/996 1311/2780/996 1313/2781/996 1315/2782/996 1317/2783/996 1319/2784/996
o DL_Turret_Rail_-1
v 17.030001 2.700000 7.150000
v 17.030001 2.730000 7.180000
v 17.000000 2.730000 7.150000
v 17.030001 2.708787 7.171213
v 17.012680 2.712679 7.167321
v 17.008787 2.730000 7.171213
v 17.008787 2.708787 7.150000
v 17.030001 2.870000 7.180000
v 17.030001 2.900000 7.150000
v 17.000000 2.870000 7.150000
v 17.030001 2.891213 7.171213
v 17.012680 2.887321 7.167321
v 17.008787 2.891213 7.150000
v 17.008787 2.870000 7.171213
v 17.030001 2.700000 6.850000
v 17.000000 2.730000 6.850000
v 17.030001 2.730000 6.820000
v 17.008787 2.708787 6.850000
v 17.012680 2.712679 6.832679
v 17.008787 2.730000 6.828787
v 17.030001 2.708787 6.828787
v 17.030001 2.900000 6.850000
v 17.030001 2.870000 6.820000
v 17.000000 2.870000 6.850000
v 17.030001 2.891213 6.828787
v 17.012680 2.887321 6.832679
v 17.008787 2.870000 6.828787
v 17.008787 2.891213 6.850000
v 32.970001 2.700000 7.150000
v 33.000000 2.730000 7.150000
v 32.970001 2.730000 7.180000
v 32.991211 2.708787 7.150000
v 32.987320 2.712679 7.167321
v 32.991211 2.730000 7.171213
v 32.970001 2.708787 7.171213
v 32.970001 2.900000 7.150000
v 32.970001 2.870000 7.180000
v 33.000000 2.870000 7.150000
v 32.970001 2.891213 7.171213
v 32.987320 2.887321 7.167321
v 32.991211 2.870000 7.171213
v 32.991211 2.891213 7.150000
v 32.970001 2.700000 6.850000
v 32.970001 2.730000 6.820000
v 33.000000 2.730000 6.850000
v 32.970001 2.708787 6.828787
v 32.987320 2.712679 6.832679
v 32.991211 2.730000 6.828787
v 32.991211 2.708787 6.850000
v 32.970001 2.900000 6.850000
v 33.000000 2.870000 6.850000
v 32.970001 2.870000 6.820000
v 32.991211 2.891213 6.850000
v 32.987320 2.887321 6.832679
v 32.991211 2.870000 6.828787
v 32.970001 2.891213 6.828787
vn -0.3251 -0.8881 0.3251
vn -0.3250 -0.3251 0.8881
vn -0.8881 -0.3251 0.3250
vn -0.3251 0.3251 0.8881
vn -0.3251 0.8881 0.3251
vn -0.8881 0.3251 0.3250
vn -0.3251 -0.8881 -0.3251
vn -0.8881 -0.3251 -0.3250
vn -0.3251 -0.3251 -0.8881
vn -0.3251 0.8881 -0.3251
vn -0.3250 0.3251 -0.8881
vn -0.8881 0.3251 -0.3250
vn 0.3251 -0.8881 0.3251
vn 0.8881 -0.3251 0.3250
vn 0.3251 -0.3251 0.8881
vn 0.3251 0.8881 0.3251
vn 0.3250 0.3251 0.8881
vn 0.8881 0.3251 0.3250
vn 0.3251 -0.8881 -0.3251
vn 0.3250 -0.3251 -0.8881
vn 0.8881 -0.3251 -0.3250
vn 0.3251 0.8881 -0.3251
vn 0.8881 0.3251 -0.3250
vn 0.3251 0.3251 -0.8881
vn -0.3827 -0.9239 -0.0000
vn -0.9239 -0.3827 -0.0000
vn -0.3827 -0.0000 0.9239
vn -0.9239 -0.0000 0.3827
vn -0.3827 0.9239 -0.0000
vn -0.9239 0.3827 -0.0000
vn -0.3827 -0.0000 -0.9239
vn -0.9239 -0.0000 -0.3827
vn -0.0000 -0.9239 -0.3827
vn -0.0000 -0.3827 -0.9239
vn -0.0000 0.9239 -0.3827
vn -0.0000 0.3827 -0.9239
vn 0.9239 -0.0000 -0.3827
vn 0.3827 -0.0000 -0.9239
vn 0.3827 -0.9239 -0.0000
vn 0.9239 -0.3827 -0.0000
vn 0.3827 0.9239 -0.0000
vn 0.9239 0.3827 -0.0000
vn 0.3827 -0.0000 0.9239
vn 0.9239 -0.0000 0.3827
vn -0.0000 -0.9239 0.3827
vn -0.0000 -0.3827 0.9239
vn -0.0000 0.9239 0.3827
vn -0.0000 0.3827 0.9239
vn -0.0000 -1.0000 -0.0000
vn -1.0000 -0.0000 -0.0000
vn -0.0000 -0.0000 1.0000
vn -0.0000 1.0000 -0.0000
vn -0.0000 -0.0000 -1.0000
vn 1.0000 -0.0000 -0.0000
vt 0.004635 0.004635
vt 0.002770 0.004635
vt 0.002770 0.003558
vt 0.004635 0.002770
vt 0.142972 0.004635
vt 0.142972 0.002770
vt 0.144049 0.002770
vt 0.144837 0.004635
vt 0.196886 0.023281
vt 0.198751 0.023281
vt 0.198751 0.024358
vt 0.196886 0.025146
vt 0.134271 0.004635
vt 0.132406 0.004635
vt 0.132406 0.003558
vt 0.134271 0.002770
vt 0.032551 0.995365
vt 0.032551 0.997230
vt 0.031474 0.997230
vt 0.030686 0.995365
vt 0.188185 0.023281
vt 0.188185 0.025146
vt 0.187108 0.025146
vt 0.186320 0.023281
vt 0.023281 0.004635
vt 0.023281 0.002770
vt 0.024358 0.002770
vt 0.025146 0.004635
vt 0.196886 0.004635
vt 0.196886 0.002770
vt 0.197963 0.002770
vt 0.198751 0.004635
vt 0.125001 0.995365
vt 0.126865 0.995365
vt 0.126865 0.996442
vt 0.125001 0.997230
vt 0.051197 0.995365
vt 0.053062 0.995365
vt 0.053062 0.996442
vt 0.051197 0.997230
vt 0.116299 0.995365
vt 0.116299 0.997230
vt 0.115223 0.997230
vt 0.114434 0.995365
vt 0.188185 0.004635
vt 0.186320 0.004635
vt 0.186320 0.003558
vt 0.188185 0.002770
vt 0.004635 0.995365
vt 0.004635 0.997230
vt 0.003558 0.997230
vt 0.002770 0.995365
vt 0.196886 0.032551
vt 0.196886 0.030686
vt 0.197963 0.030686
vt 0.198751 0.032551
vt 0.142972 0.995365
vt 0.144837 0.995365
vt 0.144837 0.996442
vt 0.142972 0.997230
vt 0.032551 0.004635
vt 0.030686 0.004635
vt 0.030686 0.003558
vt 0.032551 0.002770
vt 0.134271 0.995365
vt 0.134271 0.997230
vt 0.133194 0.997230
vt 0.132406 0.995365
vt 0.188185 0.032551
vt 0.186320 0.032551
vt 0.186320 0.031474
vt 0.188185 0.030686
vt 0.023281 0.995365
vt 0.025146 0.995365
vt 0.025146 0.996442
vt 0.023281 0.997230
vt 0.125001 0.004635
vt 0.125001 0.002770
vt 0.126077 0.002770
vt 0.126865 0.004635
vt 0.196886 0.051197
vt 0.198751 0.051197
vt 0.198751 0.052274
vt 0.196886 0.053062
vt 0.051197 0.004635
vt 0.051197 0.002770
vt 0.052274 0.002770
vt 0.053062 0.004635
vt 0.188185 0.051197
vt 0.188185 0.053062
vt 0.187108 0.053062
vt 0.186320 0.051197
vt 0.116299 0.004635
vt 0.114435 0.004635
vt 0.114435 0.003558
vt 0.116299 0.002770
s 0
usemtl DL2_Judgement_Red
f 1321/2785/997 1324/2786/997 1325/2787/997 1327/2788/997
f 1322/2789/998 1326/2790/998 1325/2791/998 1324/2792/998
f 1323/2793/999 1327/2794/999 1325/2795/999 1326/2796/999
f 1328/2797/1000 1331/2798/1000 1332/2799/1000 1334/2800/1000
f 1329/2801/1001 1333/2802/1001 1332/2803/1001 1331/2804/1001
f 1330/2805/1002 1334/2806/1002 1332/2807/1002 1333/2808/1002
f 1335/2809/1003 1338/2810/1003 1339/2811/1003 1341/2812/1003
f 1336/2813/1004 1340/2814/1004 1339/2815/1004 1338/2816/1004
f 1337/2817/1005 1341/2818/1005 1339/2819/1005 1340/2820/1005
f 1342/2821/1006 1345/2822/1006 1346/2823/1006 1348/2824/1006
f 1343/2825/1007 1347/2826/1007 1346/2827/1007 1345/2828/1007
f 1344/2829/1008 1348/2830/1008 1346/2831/1008 1347/2832/1008
f 1349/2833/1009 1352/2834/1009 1353/2835/1009 1355/2836/1009
f 1350/2837/1010 1354/2838/1010 1353/2839/1010 1352/2840/1010
f 1351/2841/1011 1355/2842/1011 1353/2843/1011 1354/2844/1011
f 1356/2845/1012 1359/2846/1012 1360/2847/1012 1362/2848/1012
f 1357/2849/1013 1361/2850/1013 1360/2851/1013 1359/2852/1013
f 1358/2853/1014 1362/2854/1014 1360/2855/1014 1361/2856/1014
f 1363/2857/1015 1366/2858/1015 1367/2859/1015 1369/2860/1015
f 1364/2861/1016 1368/2862/1016 1367/2863/1016 1366/2864/1016
f 1365/2865/1017 1369/2866/1017 1367/2867/1017 1368/2868/1017
f 1370/2869/1018 1373/2870/1018 1374/2871/1018 1376/2872/1018
f 1371/2873/1019 1375/2874/1019 1374/2875/1019 1373/2876/1019
f 1372/2877/1020 1376/2878/1020 1374/2879/1020 1375/2880/1020
f 1335/2809/1021 1321/2785/1021 1327/2788/1021 1338/2810/1021
f 1338/2816/1022 1327/2794/1022 1323/2793/1022 1336/2813/1022
f 1322/2789/1023 1328/2797/1023 1334/2800/1023 1326/2790/1023
f 1326/2796/1024 1334/2806/1024 1330/2805/1024 1323/2793/1024
f 1329/2801/1025 1342/2821/1025 1348/2824/1025 1333/2802/1025
f 1333/2808/1026 1348/2830/1026 1344/2829/1026 1330/2805/1026
f 1343/2825/1027 1337/2817/1027 1340/2820/1027 1347/2826/1027
f 1347/2832/1028 1340/2814/1028 1336/2813/1028 1344/2829/1028
f 1363/2857/1029 1335/2809/1029 1341/2812/1029 1366/2858/1029
f 1366/2864/1030 1341/2818/1030 1337/2817/1030 1364/2861/1030
f 1342/2821/1031 1370/2869/1031 1376/2872/1031 1345/2822/1031
f 1345/2828/1032 1376/2878/1032 1372/2877/1032 1343/2825/1032
f 1371/2873/1033 1365/2865/1033 1368/2868/1033 1375/2874/1033
f 1375/2880/1034 1368/2862/1034 1364/2861/1034 1372/2877/1034
f 1349/2833/1035 1363/2857/1035 1369/2860/1035 1352/2834/1035
f 1352/2840/1036 1369/2866/1036 1365/2865/1036 1350/2837/1036
f 1370/2869/1037 1356/2845/1037 1362/2848/1037 1373/2870/1037
f 1373/2876/1038 1362/2854/1038 1358/2853/1038 1371/2873/1038
f 1357/2849/1039 1351/2841/1039 1354/2844/1039 1361/2850/1039
f 1361/2856/1040 1354/2838/1040 1350/2837/1040 1358/2853/1040
f 1321/2785/1041 1349/2833/1041 1355/2836/1041 1324/2786/1041
f 1324/2792/1042 1355/2842/1042 1351/2841/1042 1322/2789/1042
f 1356/2845/1043 1329/2801/1043 1331/2804/1043 1359/2846/1043
f 1359/2852/1044 1331/2798/1044 1328/2797/1044 1357/2849/1044
f 1335/2809/1045 1363/2857/1045 1349/2833/1045 1321/2785/1045
f 1323/2793/1046 1330/2805/1046 1344/2829/1046 1336/2813/1046
f 1351/2841/1047 1357/2849/1047 1328/2797/1047 1322/2789/1047
f 1370/2869/1048 1342/2821/1048 1329/2801/1048 1356/2845/1048
f 1337/2817/1049 1343/2825/1049 1372/2877/1049 1364/2861/1049
f 1365/2865/1050 1371/2873/1050 1358/2853/1050 1350/2837/1050
o DL_Turret_Rail_1
v 17.030001 2.700000 -6.850000
v 17.030001 2.730000 -6.820000
v 17.000000 2.730000 -6.850000
v 17.030001 2.708787 -6.828787
v 17.012680 2.712679 -6.832679
v 17.008787 2.730000 -6.828787
v 17.008787 2.708787 -6.850000
v 17.030001 2.870000 -6.820000
v 17.030001 2.900000 -6.850000
v 17.000000 2.870000 -6.850000
v 17.030001 2.891213 -6.828787
v 17.012680 2.887321 -6.832679
v 17.008787 2.891213 -6.850000
v 17.008787 2.870000 -6.828787
v 17.030001 2.700000 -7.150000
v 17.000000 2.730000 -7.150000
v 17.030001 2.730000 -7.180000
v 17.008787 2.708787 -7.150000
v 17.012680 2.712679 -7.167321
v 17.008787 2.730000 -7.171213
v 17.030001 2.708787 -7.171213
v 17.030001 2.900000 -7.150000
v 17.030001 2.870000 -7.180000
v 17.000000 2.870000 -7.150000
v 17.030001 2.891213 -7.171213
v 17.012680 2.887321 -7.167321
v 17.008787 2.870000 -7.171213
v 17.008787 2.891213 -7.150000
v 32.970001 2.700000 -6.850000
v 33.000000 2.730000 -6.850000
v 32.970001 2.730000 -6.820000
v 32.991211 2.708787 -6.850000
v 32.987320 2.712679 -6.832679
v 32.991211 2.730000 -6.828787
v 32.970001 2.708787 -6.828787
v 32.970001 2.900000 -6.850000
v 32.970001 2.870000 -6.820000
v 33.000000 2.870000 -6.850000
v 32.970001 2.891213 -6.828787
v 32.987320 2.887321 -6.832679
v 32.991211 2.870000 -6.828787
v 32.991211 2.891213 -6.850000
v 32.970001 2.700000 -7.150000
v 32.970001 2.730000 -7.180000
v 33.000000 2.730000 -7.150000
v 32.970001 2.708787 -7.171213
v 32.987320 2.712679 -7.167321
v 32.991211 2.730000 -7.171213
v 32.991211 2.708787 -7.150000
v 32.970001 2.900000 -7.150000
v 33.000000 2.870000 -7.150000
v 32.970001 2.870000 -7.180000
v 32.991211 2.891213 -7.150000
v 32.987320 2.887321 -7.167321
v 32.991211 2.870000 -7.171213
v 32.970001 2.891213 -7.171213
vn -0.3251 -0.8881 0.3251
vn -0.3250 -0.3251 0.8881
vn -0.8881 -0.3251 0.3250
vn -0.3251 0.3251 0.8881
vn -0.3251 0.8881 0.3251
vn -0.8881 0.3251 0.3250
vn -0.3251 -0.8881 -0.3251
vn -0.8881 -0.3251 -0.3250
vn -0.3251 -0.3251 -0.8881
vn -0.3251 0.8881 -0.3251
vn -0.3250 0.3251 -0.8881
vn -0.8881 0.3251 -0.3250
vn 0.3251 -0.8881 0.3251
vn 0.8881 -0.3251 0.3250
vn 0.3251 -0.3251 0.8881
vn 0.3251 0.8881 0.3251
vn 0.3250 0.3251 0.8881
vn 0.8881 0.3251 0.3250
vn 0.3251 -0.8881 -0.3251
vn 0.3250 -0.3251 -0.8881
vn 0.8881 -0.3251 -0.3250
vn 0.3251 0.8881 -0.3251
vn 0.8881 0.3251 -0.3250
vn 0.3251 0.3251 -0.8881
vn -0.3827 -0.9239 -0.0000
vn -0.9239 -0.3827 -0.0000
vn -0.3827 -0.0000 0.9239
vn -0.9239 -0.0000 0.3827
vn -0.3827 0.9239 -0.0000
vn -0.9239 0.3827 -0.0000
vn -0.3827 -0.0000 -0.9239
vn -0.9239 -0.0000 -0.3827
vn -0.0000 -0.9239 -0.3827
vn -0.0000 -0.3827 -0.9239
vn -0.0000 0.9239 -0.3827
vn -0.0000 0.3827 -0.9239
vn 0.9239 -0.0000 -0.3827
vn 0.3827 -0.0000 -0.9239
vn 0.3827 -0.9239 -0.0000
vn 0.9239 -0.3827 -0.0000
vn 0.3827 0.9239 -0.0000
vn 0.9239 0.3827 -0.0000
vn 0.3827 -0.0000 0.9239
vn 0.9239 -0.0000 0.3827
vn -0.0000 -0.9239 0.3827
vn -0.0000 -0.3827 0.9239
vn -0.0000 0.9239 0.3827
vn -0.0000 0.3827 0.9239
vn -0.0000 -1.0000 -0.0000
vn -1.0000 -0.0000 -0.0000
vn -0.0000 -0.0000 1.0000
vn -0.0000 1.0000 -0.0000
vn -0.0000 -0.0000 -1.0000
vn 1.0000 -0.0000 -0.0000
vt 0.003259 0.003259
vt 0.001389 0.003259
vt 0.001389 0.002179
vt 0.003259 0.001389
vt 0.077659 0.003259
vt 0.077659 0.001389
vt 0.078739 0.001389
vt 0.079529 0.003259
vt 0.092902 0.021957
vt 0.094772 0.021957
vt 0.094772 0.023036
vt 0.092902 0.023827
vt 0.068933 0.003259
vt 0.067064 0.003259
vt 0.067064 0.002179
vt 0.068933 0.001389
vt 0.028474 0.996741
vt 0.028474 0.998611
vt 0.027395 0.998611
vt 0.026605 0.996741
vt 0.084177 0.021957
vt 0.084177 0.023826
vt 0.083097 0.023826
vt 0.082307 0.021957
vt 0.021957 0.003259
vt 0.021957 0.001389
vt 0.023036 0.001389
vt 0.023827 0.003259
vt 0.092902 0.003259
vt 0.092902 0.001389
vt 0.093982 0.001389
vt 0.094772 0.003259
vt 0.062416 0.996741
vt 0.064285 0.996741
vt 0.064285 0.997821
vt 0.062416 0.998611
vt 0.047172 0.996741
vt 0.049042 0.996741
vt 0.049042 0.997821
vt 0.047172 0.998611
vt 0.053690 0.996741
vt 0.053690 0.998611
vt 0.052610 0.998611
vt 0.051820 0.996741
vt 0.084177 0.003259
vt 0.082307 0.003259
vt 0.082307 0.002179
vt 0.084177 0.001389
vt 0.003259 0.996741
vt 0.003259 0.998611
vt 0.002179 0.998611
vt 0.001389 0.996741
vt 0.092902 0.028474
vt 0.092902 0.026605
vt 0.093982 0.026605
vt 0.094772 0.028474
vt 0.077659 0.996741
vt 0.079529 0.996741
vt 0.079529 0.997821
vt 0.077659 0.998611
vt 0.028474 0.003259
vt 0.026605 0.003259
vt 0.026605 0.002179
vt 0.028474 0.001389
vt 0.068933 0.996741
vt 0.068933 0.998611
vt 0.067854 0.998611
vt 0.067064 0.996741
vt 0.084177 0.028474
vt 0.082307 0.028474
vt 0.082307 0.027395
vt 0.084177 0.026605
vt 0.021957 0.996741
vt 0.023826 0.996741
vt 0.023826 0.997821
vt 0.021957 0.998611
vt 0.062416 0.003259
vt 0.062416 0.001389
vt 0.063495 0.001389
vt 0.064286 0.003259
vt 0.092902 0.047172
vt 0.094772 0.047172
vt 0.094772 0.048252
vt 0.092902 0.049042
vt 0.047172 0.003259
vt 0.047172 0.001389
vt 0.048252 0.001389
vt 0.049042 0.003259
vt 0.084177 0.047172
vt 0.084177 0.049042
vt 0.083097 0.049042
vt 0.082307 0.047172
vt 0.053690 0.003259
vt 0.051820 0.003259
vt 0.051820 0.002179
vt 0.053690 0.001389
s 0
usemtl DL2_Judgement_Red
f 1377/2881/1051 1380/2882/1051 1381/2883/1051 1383/2884/1051
f 1378/2885/1052 1382/2886/1052 1381/2887/1052 1380/2888/1052
f 1379/2889/1053 1383/2890/1053 1381/2891/1053 1382/2892/1053
f 1384/2893/1054 1387/2894/1054 1388/2895/1054 1390/2896/1054
f 1385/2897/1055 1389/2898/1055 1388/2899/1055 1387/2900/1055
f 1386/2901/1056 1390/2902/1056 1388/2903/1056 1389/2904/1056
f 1391/2905/1057 1394/2906/1057 1395/2907/1057 1397/2908/1057
f 1392/2909/1058 1396/2910/1058 1395/2911/1058 1394/2912/1058
f 1393/2913/1059 1397/2914/1059 1395/2915/1059 1396/2916/1059
f 1398/2917/1060 1401/2918/1060 1402/2919/1060 1404/2920/1060
f 1399/2921/1061 1403/2922/1061 1402/2923/1061 1401/2924/1061
f 1400/2925/1062 1404/2926/1062 1402/2927/1062 1403/2928/1062
f 1405/2929/1063 1408/2930/1063 1409/2931/1063 1411/2932/1063
f 1406/2933/1064 1410/2934/1064 1409/2935/1064 1408/2936/1064
f 1407/2937/1065 1411/2938/1065 1409/2939/1065 1410/2940/1065
f 1412/2941/1066 1415/2942/1066 1416/2943/1066 1418/2944/1066
f 1413/2945/1067 1417/2946/1067 1416/2947/1067 1415/2948/1067
f 1414/2949/1068 1418/2950/1068 1416/2951/1068 1417/2952/1068
f 1419/2953/1069 1422/2954/1069 1423/2955/1069 1425/2956/1069
f 1420/2957/1070 1424/2958/1070 1423/2959/1070 1422/2960/1070
f 1421/2961/1071 1425/2962/1071 1423/2963/1071 1424/2964/1071
f 1426/2965/1072 1429/2966/1072 1430/2967/1072 1432/2968/1072
f 1427/2969/1073 1431/2970/1073 1430/2971/1073 1429/2972/1073
f 1428/2973/1074 1432/2974/1074 1430/2975/1074 1431/2976/1074
f 1391/2905/1075 1377/2881/1075 1383/2884/1075 1394/2906/1075
f 1394/2912/1076 1383/2890/1076 1379/2889/1076 1392/2909/1076
f 1378/2885/1077 1384/2893/1077 1390/2896/1077 1382/2886/1077
f 1382/2892/1078 1390/2902/1078 1386/2901/1078 1379/2889/1078
f 1385/2897/1079 1398/2917/1079 1404/2920/1079 1389/2898/1079
f 1389/2904/1080 1404/2926/1080 1400/2925/1080 1386/2901/1080
f 1399/2921/1081 1393/2913/1081 1396/2916/1081 1403/2922/1081
f 1403/2928/1082 1396/2910/1082 1392/2909/1082 1400/2925/1082
f 1419/2953/1083 1391/2905/1083 1397/2908/1083 1422/2954/1083
f 1422/2960/1084 1397/2914/1084 1393/2913/1084 1420/2957/1084
f 1398/2917/1085 1426/2965/1085 1432/2968/1085 1401/2918/1085
f 1401/2924/1086 1432/2974/1086 1428/2973/1086 1399/2921/1086
f 1427/2969/1087 1421/2961/1087 1424/2964/1087 1431/2970/1087
f 1431/2976/1088 1424/2958/1088 1420/2957/1088 1428/2973/1088
f 1405/2929/1089 1419/2953/1089 1425/2956/1089 1408/2930/1089
f 1408/2936/1090 1425/2962/1090 1421/2961/1090 1406/2933/1090
f 1426/2965/1091 1412/2941/1091 1418/2944/1091 1429/2966/1091
f 1429/2972/1092 1418/2950/1092 1414/2949/1092 1427/2969/1092
f 1413/2945/1093 1407/2937/1093 1410/2940/1093 1417/2946/1093
f 1417/2952/1094 1410/2934/1094 1406/2933/1094 1414/2949/1094
f 1377/2881/1095 1405/2929/1095 1411/2932/1095 1380/2882/1095
f 1380/2888/1096 1411/2938/1096 1407/2937/1096 1378/2885/1096
f 1412/2941/1097 1385/2897/1097 1387/2900/1097 1415/2942/1097
f 1415/2948/1098 1387/2894/1098 1384/2893/1098 1413/2945/1098
f 1391/2905/1099 1419/2953/1099 1405/2929/1099 1377/2881/1099
f 1379/2889/1100 1386/2901/1100 1400/2925/1100 1392/2909/1100
f 1407/2937/1101 1413/2945/1101 1384/2893/1101 1378/2885/1101
f 1426/2965/1102 1398/2917/1102 1385/2897/1102 1412/2941/1102
f 1393/2913/1103 1399/2921/1103 1428/2973/1103 1420/2957/1103
f 1421/2961/1104 1427/2969/1104 1414/2949/1104 1406/2933/1104
