"registry_id","key","semantic_owner","scope","data_type","default_value","legal_writer","legal_reader","lifecycle","constraints","planning","tests","status"
"ASR-001","aemusa_ms_country_route_initialized","历史进度","country","flag","no","路线初始化唯一结算","仅限已登记 scripted trigger 或获批模块接口只读访问","存档永久","玩家国家与爱缪莎路线资格成立","全线","T001/T003","formal_awp_00"
"ASR-002","aemusa_ms_country_route_version_index","历史进度","country","variable","0","aemusa_ms_initialize_route_v1_once／批准的迁移接口","仅限已登记 scripted trigger 或获批模块接口只读访问","存档永久","枚举：0 未初始化，1 为 1.0 主线；正常流程只允许从未设置写为 1，后续迁移必须单调升级","全线","T001/T004/T017","formal_awp_01"
"ASR-003","aemusa_ms_country_chapter_index","历史进度","country","variable","0","章节唯一结算","仅限已登记 scripted trigger 或获批模块接口只读访问","存档永久","枚举：0 未完成序章；1 序章；2-17 对应第 01-16 章；18 尾声；只允许单调推进","全线","T001/T002","formal_awp_00"
"ASR-004","aemusa_ms_country_act_index","历史进度","country","variable","0","幕唯一结算","仅限已登记 scripted trigger 或获批模块接口只读访问","存档永久","枚举：0 尚无幕完成；1-6 对应 ACT-01 至 ACT-06；只允许单调推进","全线","T001/T002","formal_awp_00"
"ASR-005","aemusa_ms_country_story_v1_complete","历史进度","country","flag","no","成功或非转变结局结算","仅限已登记 scripted trigger 或获批模块接口只读访问","存档永久","必须存在一种合法终局结果","NT／AED-16","T012/T013/T016","formal_awp_00"
"ASR-020","aemusa_ms_country_history_fallen_empire_war_started","历史进度","country","flag","no","失落帝国战争适配器","仅限已登记 scripted trigger 或获批模块接口只读访问","存档永久","真实合格开战；可先于第四章结算","AED-04-00／05-00","T001/T002","formal_awp_00"
"ASR-021","aemusa_ms_country_history_fallen_empire_war_completed","历史进度","country","flag","no","战争结果适配器","仅限已登记 scripted trigger 或获批模块接口只读访问","存档永久","战争真实结束","AED-06-00","T002/T004","formal_awp_00"
"ASR-022","aemusa_ms_country_history_fallen_empire_war_settled","历史进度","country","flag","no","第六章唯一结算","仅限已登记 scripted trigger 或获批模块接口只读访问","存档永久","战后复盘完成","AED-06-90","T002/T003","formal_awp_00"
"ASR-023","aemusa_ms_country_vanilla_crisis_route_index","历史进度","country","variable","0","原版危机路线锁定接口","仅限已登记 scripted trigger 或获批模块接口只读访问","存档永久","只能从 0 变为 1-4 一次","AED-C-00","T005/T017","formal_awp_00"
"ASR-024","aemusa_ms_country_history_vanilla_crisis_locked","历史进度","country","flag","no","原版危机路线锁定接口","仅限已登记 scripted trigger 或获批模块接口只读访问","存档永久","route_index 为 1-4","AED-C-00","T005","formal_awp_00"
"ASR-025","aemusa_ms_country_history_vanilla_crisis_started","历史进度","country","flag","no","原版危机事实适配器","仅限已登记 scripted trigger 或获批模块接口只读访问","存档永久","候选已锁定且危机真实开始","AED-C-10","T005","formal_awp_00"
"ASR-026","aemusa_ms_country_history_vanilla_crisis_completed","历史进度","country","flag","no","原版危机结果适配器","仅限已登记 scripted trigger 或获批模块接口只读访问","存档永久","已锁定候选真实完成","AED-C-50","T005","formal_awp_00"
"ASR-027","aemusa_ms_country_history_vanilla_crisis_settled","历史进度","country","flag","no","第七章入口唯一结算","仅限已登记 scripted trigger 或获批模块接口只读访问","存档永久","完成事实与贡献复盘有效","AED-C-50","T005/T006","formal_awp_00"
"ASR-028","aemusa_ms_crisis_exclusive_initialized","专属危机","country","flag","no","专属危机初始化接口","仅限已登记 scripted trigger 或获批模块接口只读访问","存档永久","第十章完成、每局仅一次","AED-11-00","T006","formal_awp_00"
"ASR-029","aemusa_ms_crisis_exclusive_phase_index","专属危机","country","variable","0","专属危机状态机","仅限已登记 scripted trigger 或获批模块接口只读访问","危机至路线永久","枚举采用已批准 ASM：0、10、20、30、40、50、60、70、80、90；只允许单调推进","AED-11 至 AED-13","T006/T017","formal_awp_00"
"ASR-030","aemusa_ms_crisis_exclusive_completed","专属危机","country","flag","no","专属危机双钥匙结算","仅限已登记 scripted trigger 或获批模块接口只读访问","存档永久","毁灭载体清除且未来重开","AED-13-20","T006/T008","formal_awp_00"
"ASR-031","aemusa_ms_crisis_exclusive_settled","历史进度","country","flag","no","危机唯一胜利结算","仅限已登记 scripted trigger 或获批模块接口只读访问","存档永久","completed 且未失败","AED-13-30","T006/T016","formal_awp_00"
"ASR-032","aemusa_ms_crisis_exclusive_irreversible_failure","历史进度","country","flag","no","专属危机失败唯一结算","仅限已登记 scripted trigger 或获批模块接口只读访问","存档永久","与 completed／settled 互斥","AED-11 至 AED-13","T017","formal_awp_00"
"ASR-040","aemusa_ms_country_civilization_action_tempo_index","文明选择","country","variable","0","AWP-02 首次行动节奏选择唯一结算","仅限已登记 scripted trigger 或获批模块接口只读访问","存档永久","枚举：0 未选择；1 谨慎收集更多证据；2 开展范围有限且可停止的调查。只记录首次选择，不是勇敢／怯懦或善恶值；后续政策变化必须新增修订记录，不得覆盖","AED-01／跨章只读","T002/T003/T018","formal_awp_02"
"ASR-041","aemusa_ms_country_civilization_information_policy_index","文明选择","country","variable","0","AWP-02 首次信息治理选择唯一结算","仅限已登记 scripted trigger 或获批模块接口只读访问","存档永久","枚举：0 未选择；1 有限保密并接受制度监督；2 分阶段公开并承担误读风险。只记录首次选择，不代表永久公开范围；后续修订必须追加记录，不得覆盖","AED-PRO／跨章只读","T002/T003/T018/T019","formal_awp_02"
"ASR-042","aemusa_ms_country_civilization_responsibility_radius_index","文明选择","country","variable","0","AWP-02 首次责任半径选择唯一结算","仅限已登记 scripted trigger 或获批模块接口只读访问","存档永久","枚举：0 未选择；1 国家内部责任优先；2 将殖民地、盟友与其他受影响文明纳入责任评估。只记录首次选择，严禁解释为善恶值；第二章只能读取并形成应用记录，不得覆盖","AED-01／02","T002/T003/T018","formal_awp_02"
"ASR-043","aemusa_ms_country_civilization_diplomacy_recorded","文明选择","country","flag","no","外交行动复盘","仅限已登记 scripted trigger 或获批模块接口只读访问","存档永久","必须来自现实行动","跨章","T018","formal_awp_00"
"ASR-044","aemusa_ms_country_civilization_rescue_recorded","文明选择","country","flag","no","救援行动复盘","仅限已登记 scripted trigger 或获批模块接口只读访问","存档永久","必须来自现实行动","跨章","T008/T018","formal_awp_00"
"ASR-045","aemusa_ms_country_civilization_reality_contribution_recorded","文明选择","country","flag","no","危机贡献适配器","仅限已登记 scripted trigger 或获批模块接口只读访问","存档永久","不由文本伪造","原版／专属危机","T005/T006","formal_awp_00"
"ASR-046","aemusa_ms_country_responsibility_ledger_initialized","关系与责任","country","flag","no","序章责任账本初始化","仅限已登记 scripted trigger 或获批模块接口只读访问","存档永久","路线已初始化","PRO","T001","formal_awp_00"
"ASR-047","aemusa_ms_country_responsibility_disagreement_recorded","关系与责任","country","flag","no","对应选择结算","仅限已登记 scripted trigger 或获批模块接口只读访问","存档永久","不因修复删除","跨章","T004/T018","formal_awp_00"
"ASR-048","aemusa_ms_country_responsibility_sacrifice_recorded","关系与责任","country","flag","no","损失／选择结算","仅限已登记 scripted trigger 或获批模块接口只读访问","存档永久","不因胜利删除","跨章","T008/T018","formal_awp_00"
"ASR-049","aemusa_ms_country_responsibility_repair_required","关系与责任","country","flag","no","责任审计接口","仅限已登记 scripted trigger 或获批模块接口只读访问","可恢复至完成","有真实缺口","AED-08 至 AED-15","T010/T011","formal_awp_00"
"ASR-050","aemusa_ms_country_responsibility_repair_completed","关系与责任","country","flag","no","责任恢复接口","仅限已登记 scripted trigger 或获批模块接口只读访问","存档永久","required 且真实修复完成","AED-10／14／15","T010/T011","formal_awp_00"
"ASR-051","aemusa_ms_country_responsibility_final_review_completed","关系与责任","country","flag","no","最终资格审计","仅限已登记 scripted trigger 或获批模块接口只读访问","存档永久","历史、裂痕和修复均已读取","AED-15-00","T010/T015","formal_awp_00"
"ASR-060","aemusa_ms_country_loss_ledger_initialized","损失账本","country","flag","no","首次现实损失结算","仅限已登记 scripted trigger 或获批模块接口只读访问","存档永久","路线已初始化","跨章","T008","formal_awp_00"
"ASR-061","aemusa_ms_country_loss_has_permanent_losses","损失账本","country","flag","no","永久损失接口","仅限已登记 scripted trigger 或获批模块接口只读访问","存档永久","至少一项真实永久损失","跨章","T008","formal_awp_00"
"ASR-062","aemusa_ms_country_loss_ledger_locked_for_ending","损失账本","country","flag","no","第十三章代价清点","仅限已登记 scripted trigger 或获批模块接口只读访问","存档永久","专属危机已结算","AED-13-40","T008/T016","formal_awp_00"
"ASR-063","aemusa_ms_crisis_anchor_result_ledger_locked","专属危机","country","flag","no","多锚点结果汇总","仅限已登记 scripted trigger 或获批模块接口只读访问","存档永久","所有活动锚点已有终态","AED-12-60／13","T006/T008","formal_awp_00"
"ASR-064","aemusa_ms_crisis_weakness_verified","专属危机","country","flag","no","巨构弱点验证接口","仅限已登记 scripted trigger 或获批模块接口只读访问","存档永久","真实资料达到验证标准","AED-12-40","T007","formal_awp_00"
"ASR-065","aemusa_ms_crisis_weakness_published","文明选择","country","flag","no","资料公开结算","仅限已登记 scripted trigger 或获批模块接口只读访问","存档永久","verified 且玩家批准公开","AED-12-40","T007/T019","formal_awp_00"
"ASR-066","aemusa_ms_crisis_megastructure_analysis_paused","专属危机","country","flag","no","巨构占领适配器","仅限已登记 scripted trigger 或获批模块接口只读访问","占领期间","巨构被占领","AED-12-40","T007","formal_awp_00"
"ASR-067","aemusa_ms_crisis_local_stabilization_available","专属危机","country","flag","no","局部恒定职责适配器","仅限已登记 scripted trigger 或获批模块接口只读访问","危机期间","不绑定具体载体","AED-12-10／13-20","T006/T020","formal_awp_00"
"ASR-070","aemusa_ms_truth_civilization_facts_settled","真相层级","country","flag","no","文明证据复盘结算","仅限已登记 scripted trigger 或获批模块接口只读访问","存档永久","专属危机已结算","AED-14-10","T009/T019","formal_awp_00"
"ASR-071","aemusa_ms_truth_fate_is_impersonal_confirmed","真相层级","country","flag","no","命运去人格化结算","仅限已登记 scripted trigger 或获批模块接口只读访问","存档永久","文明证据充分","AED-14-10","T009/T019","formal_awp_00"
"ASR-072","aemusa_ms_truth_boundary_layers_locked","真相层级","country","flag","no","四层矩阵审计","仅限已登记 scripted trigger 或获批模块接口只读访问","存档永久","埃索林证言边界有效","AED-14-20","T009/T019","formal_awp_00"
"ASR-073","aemusa_ms_truth_world_difference_mutually_confirmed","终局互认","country","flag","no","爱缪莎／玩家互认结算","仅限已登记 scripted trigger 或获批模块接口只读访问","存档永久","专属危机后、四层矩阵完成","AED-14-30","T009","formal_awp_00"
"ASR-074","aemusa_ms_truth_player_continuity_mutually_confirmed","终局互认","country","flag","no","爱缪莎／玩家互认结算","仅限已登记 scripted trigger 或获批模块接口只读访问","存档永久","与 world_difference 同场确认","AED-14-30","T009","formal_awp_00"
"ASR-075","aemusa_ms_truth_central_court_visibility_index","角色知情","country","variable","0","真相层级服务","仅限已登记 scripted trigger 或获批模块接口只读访问","存档永久","中央庭不得读取玩家层真相；精确可见层枚举尚未获批，禁止写入","跨章","T009/T019","reserved_pending_enum_review"
"ASR-076","aemusa_ms_truth_aemusa_visibility_index","角色知情","country","variable","0","真相层级服务","仅限已登记 scripted trigger 或获批模块接口只读访问","存档永久","危机前不能达到终局互认层；精确可见层枚举尚未获批，禁止写入","跨章","T009/T019","reserved_pending_enum_review"
"ASR-077","aemusa_ms_truth_open_mysteries_locked","开放谜团","country","flag","no","谜团登记结算","仅限已登记 scripted trigger 或获批模块接口只读访问","存档永久","只能登记未知，不能回答","AED-14-20／EPI","T019","formal_awp_00"
"ASR-080","aemusa_ms_country_final_gate_level_30_met","终局资格","country","flag","no","最终资格审计","仅限已登记 scripted trigger 或获批模块接口只读访问","可重检后永久","爱缪莎真实达到 30 级","AED-14／15","T010","formal_awp_00"
"ASR-081","aemusa_ms_country_final_gate_history_complete","终局资格","country","flag","no","最终资格审计","仅限已登记 scripted trigger 或获批模块接口只读访问","存档永久","必需章节和战争历史完整","AED-15-00","T010/T015","formal_awp_00"
"ASR-082","aemusa_ms_country_final_gate_crises_complete","终局资格","country","flag","no","最终资格审计","仅限已登记 scripted trigger 或获批模块接口只读访问","存档永久","原版与专属危机均已结算","AED-15-00","T010/T015","formal_awp_00"
"ASR-083","aemusa_ms_country_final_gate_truth_complete","终局资格","country","flag","no","最终资格审计","仅限已登记 scripted trigger 或获批模块接口只读访问","存档永久","AED-14-30 已结算","AED-15-00","T009/T015","formal_awp_00"
"ASR-084","aemusa_ms_country_final_gate_responsibility_complete","终局资格","country","flag","no","最终资格审计","仅限已登记 scripted trigger 或获批模块接口只读访问","存档永久","责任终审完成","AED-15-00","T010/T015","formal_awp_00"
"ASR-085","aemusa_ms_country_final_gate_all_met","终局资格","country","flag","no","最终资格汇总审计","仅限已登记 scripted trigger 或获批模块接口只读访问","可重检后永久","ASR-080 至 084 全部成立","AED-15-00","T010/T015","formal_awp_00"
"ASR-086","aemusa_ms_decision_joint_state_index","双方决定","country","variable","0","双方决定服务","仅限已登记 scripted trigger 或获批模块接口只读访问","存档永久","值 0-5，合法状态单向转移","AED-15","T011-T017","formal_awp_00"
"ASR-087","aemusa_ms_decision_player_authorized","玩家决定","country","flag","no","玩家授权结算","仅限已登记 scripted trigger 或获批模块接口只读访问","存档永久","与 player_refused 互斥","AED-15-20","T014/T015","formal_awp_00"
"ASR-088","aemusa_ms_decision_player_refused","玩家决定","country","flag","no","玩家拒绝结算","仅限已登记 scripted trigger 或获批模块接口只读访问","存档永久","与 player_authorized 互斥","AED-15-20／NT-10","T012/T017","formal_awp_00"
"ASR-089","aemusa_ms_decision_aemusa_accepted","角色决定","country","flag","no","爱缪莎决定结算","仅限已登记 scripted trigger 或获批模块接口只读访问","存档永久","玩家已授权；与 refused 互斥","AED-15-30","T015/T017","formal_awp_00"
"ASR-090","aemusa_ms_decision_aemusa_refused","角色决定","country","flag","no","爱缪莎决定结算","仅限已登记 scripted trigger 或获批模块接口只读访问","存档永久","玩家已授权；与 accepted 互斥","AED-15-30／NT-20","T013/T017","formal_awp_00"
"ASR-100","aemusa_ms_country_pause_active","历史进度","country","flag","no","暂停／恢复接口","仅限已登记 scripted trigger 或获批模块接口只读访问","可恢复","不能代表永久拒绝","跨章","T004/T011","formal_awp_00"
"ASR-101","aemusa_ms_country_pause_reason_index","历史进度","country","variable","0","暂停／恢复接口","仅限已登记 scripted trigger 或获批模块接口只读访问","可恢复","枚举：0 无；1 玩家暂缓；2 等级不足；3 责任修复不足；4 资料复盘不足；5 角色不可用；6 表现中断；7 状态冲突；与 active 一致","跨章","T004/T011","formal_awp_00"
"ASR-102","aemusa_ms_country_consistency_conflict_active","一致性审计","country","flag","no","审计器","仅限已登记 scripted trigger 或获批模块接口只读访问","直到专项修复","不能通过普通恢复清除","全线","T017","formal_awp_00"
"ASR-103","aemusa_ms_country_consistency_conflict_index","一致性审计","country","variable","0","审计器","仅限已登记 scripted trigger 或获批模块接口只读访问","直到专项修复","具体硬冲突编号尚未获批；AWP-00 只读审计不得写入","全线","T017","reserved_pending_enum_review"
"ASR-104","aemusa_ms_country_ending_non_transform_player_refusal_settled","结局","country","flag","no","NT-10 唯一结算","仅限已登记 scripted trigger 或获批模块接口只读访问","存档永久","与其他结局互斥","AED-NT-10","T012/T017","formal_awp_00"
"ASR-105","aemusa_ms_country_ending_non_transform_aemusa_refusal_settled","结局","country","flag","no","NT-20 唯一结算","仅限已登记 scripted trigger 或获批模块接口只读访问","存档永久","与其他结局互斥","AED-NT-20","T013/T017","formal_awp_00"
"ASR-106","aemusa_ms_country_ending_fate_sovereign_settled","结局","country","flag","no","AED-16-10 唯一结算","仅限已登记 scripted trigger 或获批模块接口只读访问","存档永久","双方同意且全资格满足","AED-16-10","T015-T017","formal_awp_00"
"ASR-107","aemusa_ms_country_fate_sovereign_authority_active","终局权限","country","flag","no","AED-16-10 权限结算","仅限已登记 scripted trigger 或获批模块接口只读访问","存档永久","ASR-106 同时成立","AED-16-10","T010/T016","formal_awp_00"
"ASR-108","aemusa_ms_country_epilogue_tone_index","尾声历史","country","variable","0","尾声语气审计","仅限已登记 scripted trigger 或获批模块接口只读访问","存档永久","枚举：0 未锁定；1 共同守望；2 文明责任；3 未知未来；仅成功结局且不得影响权能或奖励","AED-EPI-00","T018","formal_awp_00"
"ASR-109","aemusa_ms_country_epilogue_settled","尾声历史","country","flag","no","AED-EPI-20 唯一结算","仅限已登记 scripted trigger 或获批模块接口只读访问","存档永久","成功结局和语气已锁定","AED-EPI","T016/T018","formal_awp_00"
"ASR-120","aemusa_ms_aemusa_leader_target","角色定位","saved target","target","none","角色接入／恢复接口","仅限已登记 scripted trigger 或获批模块接口只读访问","可替换","不能证明路线进度","全线","T003/T004","formal_awp_00"
"ASR-121","aemusa_ms_current_scene_target","临时表现","saved target","target","none","场景表现接口","仅限已登记 scripted trigger 或获批模块接口只读访问","临时","缺失时从权威账本恢复表现","跨章","T004","formal_awp_00"
"ASR-122","aemusa_ms_current_anchor_target","专属危机表现","saved target","target","none","锚点状态机","仅限已登记 scripted trigger 或获批模块接口只读访问","锚点生命周期","不能单独证明锚点结果","AED-12／13","T006/T008","formal_awp_00"
"ASR-123","aemusa_ms_megastructure_target","专属危机表现","saved target","target","none","巨构接入／恢复接口","仅限已登记 scripted trigger 或获批模块接口只读访问","可替换","所有权变化不删除资料","AED-12-40","T007","formal_awp_00"
"ASR-124","aemusa_ms_country_presentation_replay_active_temp","临时表现","country","flag","no","表现重放接口","仅限已登记 scripted trigger 或获批模块接口只读访问","临时","不得触发选择和结算","全线","T003/T004","formal_awp_00"
"ASR-006.AED-PRO-00","aemusa_ms_country_cluster_aed_pro_00_started","历史进度","country","flag","no","begin_story_cluster","事件簇生命周期审计与获批章节接口","事件簇永久","入口检查通过","AED-PRO-00","T001-T004","formal_awp_00"
"ASR-007.AED-PRO-00","aemusa_ms_country_cluster_aed_pro_00_in_progress","历史进度","country","flag","no","事件簇操作接口","事件簇生命周期审计与获批章节接口","事件簇","已 started、未 completed","AED-PRO-00","T001-T004","formal_awp_00"
"ASR-008.AED-PRO-00","aemusa_ms_country_cluster_aed_pro_00_completed","历史进度","country","flag","no","complete_story_cluster","事件簇生命周期审计与获批章节接口","事件簇永久","子步骤完成、未 settled","AED-PRO-00","T001-T004","formal_awp_00"
"ASR-009.AED-PRO-00","aemusa_ms_country_cluster_aed_pro_00_settled","历史进度","country","flag","no","settle_story_cluster_once","事件簇生命周期审计与获批章节接口","存档永久","completed 且独立 settlement guard 尚未写入","AED-PRO-00","T001-T004","formal_awp_00"
"ASR-S001.AED-PRO-00","aemusa_ms_country_settlement_aed_pro_00_done","唯一结算","country","flag","no","settle_story_cluster_once","唯一结算审计器","存档永久","仅在 AED-PRO-00 completed 后写入；与 settled 结果事实分离","AED-PRO-00","T003/T016","formal_awp_00"
"ASR-006.AED-PRO-10","aemusa_ms_country_cluster_aed_pro_10_started","历史进度","country","flag","no","begin_story_cluster","事件簇生命周期审计与获批章节接口","事件簇永久","入口检查通过","AED-PRO-10","T001-T004","formal_awp_00"
"ASR-007.AED-PRO-10","aemusa_ms_country_cluster_aed_pro_10_in_progress","历史进度","country","flag","no","事件簇操作接口","事件簇生命周期审计与获批章节接口","事件簇","已 started、未 completed","AED-PRO-10","T001-T004","formal_awp_00"
"ASR-008.AED-PRO-10","aemusa_ms_country_cluster_aed_pro_10_completed","历史进度","country","flag","no","complete_story_cluster","事件簇生命周期审计与获批章节接口","事件簇永久","子步骤完成、未 settled","AED-PRO-10","T001-T004","formal_awp_00"
"ASR-009.AED-PRO-10","aemusa_ms_country_cluster_aed_pro_10_settled","历史进度","country","flag","no","settle_story_cluster_once","事件簇生命周期审计与获批章节接口","存档永久","completed 且独立 settlement guard 尚未写入","AED-PRO-10","T001-T004","formal_awp_00"
"ASR-S001.AED-PRO-10","aemusa_ms_country_settlement_aed_pro_10_done","唯一结算","country","flag","no","settle_story_cluster_once","唯一结算审计器","存档永久","仅在 AED-PRO-10 completed 后写入；与 settled 结果事实分离","AED-PRO-10","T003/T016","formal_awp_00"
"ASR-006.AED-PRO-20","aemusa_ms_country_cluster_aed_pro_20_started","历史进度","country","flag","no","begin_story_cluster","事件簇生命周期审计与获批章节接口","事件簇永久","入口检查通过","AED-PRO-20","T001-T004","formal_awp_00"
"ASR-007.AED-PRO-20","aemusa_ms_country_cluster_aed_pro_20_in_progress","历史进度","country","flag","no","事件簇操作接口","事件簇生命周期审计与获批章节接口","事件簇","已 started、未 completed","AED-PRO-20","T001-T004","formal_awp_00"
"ASR-008.AED-PRO-20","aemusa_ms_country_cluster_aed_pro_20_completed","历史进度","country","flag","no","complete_story_cluster","事件簇生命周期审计与获批章节接口","事件簇永久","子步骤完成、未 settled","AED-PRO-20","T001-T004","formal_awp_00"
"ASR-009.AED-PRO-20","aemusa_ms_country_cluster_aed_pro_20_settled","历史进度","country","flag","no","settle_story_cluster_once","事件簇生命周期审计与获批章节接口","存档永久","completed 且独立 settlement guard 尚未写入","AED-PRO-20","T001-T004","formal_awp_00"
"ASR-S001.AED-PRO-20","aemusa_ms_country_settlement_aed_pro_20_done","唯一结算","country","flag","no","settle_story_cluster_once","唯一结算审计器","存档永久","仅在 AED-PRO-20 completed 后写入；与 settled 结果事实分离","AED-PRO-20","T003/T016","formal_awp_00"
"ASR-006.AED-PRO-30","aemusa_ms_country_cluster_aed_pro_30_started","历史进度","country","flag","no","begin_story_cluster","事件簇生命周期审计与获批章节接口","事件簇永久","入口检查通过","AED-PRO-30","T001-T004","formal_awp_00"
"ASR-007.AED-PRO-30","aemusa_ms_country_cluster_aed_pro_30_in_progress","历史进度","country","flag","no","事件簇操作接口","事件簇生命周期审计与获批章节接口","事件簇","已 started、未 completed","AED-PRO-30","T001-T004","formal_awp_00"
"ASR-008.AED-PRO-30","aemusa_ms_country_cluster_aed_pro_30_completed","历史进度","country","flag","no","complete_story_cluster","事件簇生命周期审计与获批章节接口","事件簇永久","子步骤完成、未 settled","AED-PRO-30","T001-T004","formal_awp_00"
"ASR-009.AED-PRO-30","aemusa_ms_country_cluster_aed_pro_30_settled","历史进度","country","flag","no","settle_story_cluster_once","事件簇生命周期审计与获批章节接口","存档永久","completed 且独立 settlement guard 尚未写入","AED-PRO-30","T001-T004","formal_awp_00"
"ASR-S001.AED-PRO-30","aemusa_ms_country_settlement_aed_pro_30_done","唯一结算","country","flag","no","settle_story_cluster_once","唯一结算审计器","存档永久","仅在 AED-PRO-30 completed 后写入；与 settled 结果事实分离","AED-PRO-30","T003/T016","formal_awp_00"
"ASR-006.AED-PRO-90","aemusa_ms_country_cluster_aed_pro_90_started","历史进度","country","flag","no","begin_story_cluster","事件簇生命周期审计与获批章节接口","事件簇永久","入口检查通过","AED-PRO-90","T001-T004","formal_awp_00"
"ASR-007.AED-PRO-90","aemusa_ms_country_cluster_aed_pro_90_in_progress","历史进度","country","flag","no","事件簇操作接口","事件簇生命周期审计与获批章节接口","事件簇","已 started、未 completed","AED-PRO-90","T001-T004","formal_awp_00"
"ASR-008.AED-PRO-90","aemusa_ms_country_cluster_aed_pro_90_completed","历史进度","country","flag","no","complete_story_cluster","事件簇生命周期审计与获批章节接口","事件簇永久","子步骤完成、未 settled","AED-PRO-90","T001-T004","formal_awp_00"
"ASR-009.AED-PRO-90","aemusa_ms_country_cluster_aed_pro_90_settled","历史进度","country","flag","no","settle_story_cluster_once","事件簇生命周期审计与获批章节接口","存档永久","completed 且独立 settlement guard 尚未写入","AED-PRO-90","T001-T004","formal_awp_00"
"ASR-S001.AED-PRO-90","aemusa_ms_country_settlement_aed_pro_90_done","唯一结算","country","flag","no","settle_story_cluster_once","唯一结算审计器","存档永久","仅在 AED-PRO-90 completed 后写入；与 settled 结果事实分离","AED-PRO-90","T003/T016","formal_awp_00"
"ASR-006.AED-01-00","aemusa_ms_country_cluster_aed_01_00_started","历史进度","country","flag","no","begin_story_cluster","事件簇生命周期审计与获批章节接口","事件簇永久","入口检查通过","AED-01-00","T001-T004","formal_awp_00"
"ASR-007.AED-01-00","aemusa_ms_country_cluster_aed_01_00_in_progress","历史进度","country","flag","no","事件簇操作接口","事件簇生命周期审计与获批章节接口","事件簇","已 started、未 completed","AED-01-00","T001-T004","formal_awp_00"
"ASR-008.AED-01-00","aemusa_ms_country_cluster_aed_01_00_completed","历史进度","country","flag","no","complete_story_cluster","事件簇生命周期审计与获批章节接口","事件簇永久","子步骤完成、未 settled","AED-01-00","T001-T004","formal_awp_00"
"ASR-009.AED-01-00","aemusa_ms_country_cluster_aed_01_00_settled","历史进度","country","flag","no","settle_story_cluster_once","事件簇生命周期审计与获批章节接口","存档永久","completed 且独立 settlement guard 尚未写入","AED-01-00","T001-T004","formal_awp_00"
"ASR-S001.AED-01-00","aemusa_ms_country_settlement_aed_01_00_done","唯一结算","country","flag","no","settle_story_cluster_once","唯一结算审计器","存档永久","仅在 AED-01-00 completed 后写入；与 settled 结果事实分离","AED-01-00","T003/T016","formal_awp_00"
"ASR-006.AED-01-10","aemusa_ms_country_cluster_aed_01_10_started","历史进度","country","flag","no","begin_story_cluster","事件簇生命周期审计与获批章节接口","事件簇永久","入口检查通过","AED-01-10","T001-T004","formal_awp_00"
"ASR-007.AED-01-10","aemusa_ms_country_cluster_aed_01_10_in_progress","历史进度","country","flag","no","事件簇操作接口","事件簇生命周期审计与获批章节接口","事件簇","已 started、未 completed","AED-01-10","T001-T004","formal_awp_00"
"ASR-008.AED-01-10","aemusa_ms_country_cluster_aed_01_10_completed","历史进度","country","flag","no","complete_story_cluster","事件簇生命周期审计与获批章节接口","事件簇永久","子步骤完成、未 settled","AED-01-10","T001-T004","formal_awp_00"
"ASR-009.AED-01-10","aemusa_ms_country_cluster_aed_01_10_settled","历史进度","country","flag","no","settle_story_cluster_once","事件簇生命周期审计与获批章节接口","存档永久","completed 且独立 settlement guard 尚未写入","AED-01-10","T001-T004","formal_awp_00"
"ASR-S001.AED-01-10","aemusa_ms_country_settlement_aed_01_10_done","唯一结算","country","flag","no","settle_story_cluster_once","唯一结算审计器","存档永久","仅在 AED-01-10 completed 后写入；与 settled 结果事实分离","AED-01-10","T003/T016","formal_awp_00"
"ASR-006.AED-01-20","aemusa_ms_country_cluster_aed_01_20_started","历史进度","country","flag","no","begin_story_cluster","事件簇生命周期审计与获批章节接口","事件簇永久","入口检查通过","AED-01-20","T001-T004","formal_awp_00"
"ASR-007.AED-01-20","aemusa_ms_country_cluster_aed_01_20_in_progress","历史进度","country","flag","no","事件簇操作接口","事件簇生命周期审计与获批章节接口","事件簇","已 started、未 completed","AED-01-20","T001-T004","formal_awp_00"
"ASR-008.AED-01-20","aemusa_ms_country_cluster_aed_01_20_completed","历史进度","country","flag","no","complete_story_cluster","事件簇生命周期审计与获批章节接口","事件簇永久","子步骤完成、未 settled","AED-01-20","T001-T004","formal_awp_00"
"ASR-009.AED-01-20","aemusa_ms_country_cluster_aed_01_20_settled","历史进度","country","flag","no","settle_story_cluster_once","事件簇生命周期审计与获批章节接口","存档永久","completed 且独立 settlement guard 尚未写入","AED-01-20","T001-T004","formal_awp_00"
"ASR-S001.AED-01-20","aemusa_ms_country_settlement_aed_01_20_done","唯一结算","country","flag","no","settle_story_cluster_once","唯一结算审计器","存档永久","仅在 AED-01-20 completed 后写入；与 settled 结果事实分离","AED-01-20","T003/T016","formal_awp_00"
"ASR-006.AED-01-90","aemusa_ms_country_cluster_aed_01_90_started","历史进度","country","flag","no","begin_story_cluster","事件簇生命周期审计与获批章节接口","事件簇永久","入口检查通过","AED-01-90","T001-T004","formal_awp_00"
"ASR-007.AED-01-90","aemusa_ms_country_cluster_aed_01_90_in_progress","历史进度","country","flag","no","事件簇操作接口","事件簇生命周期审计与获批章节接口","事件簇","已 started、未 completed","AED-01-90","T001-T004","formal_awp_00"
"ASR-008.AED-01-90","aemusa_ms_country_cluster_aed_01_90_completed","历史进度","country","flag","no","complete_story_cluster","事件簇生命周期审计与获批章节接口","事件簇永久","子步骤完成、未 settled","AED-01-90","T001-T004","formal_awp_00"
"ASR-009.AED-01-90","aemusa_ms_country_cluster_aed_01_90_settled","历史进度","country","flag","no","settle_story_cluster_once","事件簇生命周期审计与获批章节接口","存档永久","completed 且独立 settlement guard 尚未写入","AED-01-90","T001-T004","formal_awp_00"
"ASR-S001.AED-01-90","aemusa_ms_country_settlement_aed_01_90_done","唯一结算","country","flag","no","settle_story_cluster_once","唯一结算审计器","存档永久","仅在 AED-01-90 completed 后写入；与 settled 结果事实分离","AED-01-90","T003/T016","formal_awp_00"
"ASR-006.AED-02-00","aemusa_ms_country_cluster_aed_02_00_started","历史进度","country","flag","no","begin_story_cluster","事件簇生命周期审计与获批章节接口","事件簇永久","入口检查通过","AED-02-00","T001-T004","formal_awp_00"
"ASR-007.AED-02-00","aemusa_ms_country_cluster_aed_02_00_in_progress","历史进度","country","flag","no","事件簇操作接口","事件簇生命周期审计与获批章节接口","事件簇","已 started、未 completed","AED-02-00","T001-T004","formal_awp_00"
"ASR-008.AED-02-00","aemusa_ms_country_cluster_aed_02_00_completed","历史进度","country","flag","no","complete_story_cluster","事件簇生命周期审计与获批章节接口","事件簇永久","子步骤完成、未 settled","AED-02-00","T001-T004","formal_awp_00"
"ASR-009.AED-02-00","aemusa_ms_country_cluster_aed_02_00_settled","历史进度","country","flag","no","settle_story_cluster_once","事件簇生命周期审计与获批章节接口","存档永久","completed 且独立 settlement guard 尚未写入","AED-02-00","T001-T004","formal_awp_00"
"ASR-S001.AED-02-00","aemusa_ms_country_settlement_aed_02_00_done","唯一结算","country","flag","no","settle_story_cluster_once","唯一结算审计器","存档永久","仅在 AED-02-00 completed 后写入；与 settled 结果事实分离","AED-02-00","T003/T016","formal_awp_00"
"ASR-006.AED-02-10","aemusa_ms_country_cluster_aed_02_10_started","历史进度","country","flag","no","begin_story_cluster","事件簇生命周期审计与获批章节接口","事件簇永久","入口检查通过","AED-02-10","T001-T004","formal_awp_00"
"ASR-007.AED-02-10","aemusa_ms_country_cluster_aed_02_10_in_progress","历史进度","country","flag","no","事件簇操作接口","事件簇生命周期审计与获批章节接口","事件簇","已 started、未 completed","AED-02-10","T001-T004","formal_awp_00"
"ASR-008.AED-02-10","aemusa_ms_country_cluster_aed_02_10_completed","历史进度","country","flag","no","complete_story_cluster","事件簇生命周期审计与获批章节接口","事件簇永久","子步骤完成、未 settled","AED-02-10","T001-T004","formal_awp_00"
"ASR-009.AED-02-10","aemusa_ms_country_cluster_aed_02_10_settled","历史进度","country","flag","no","settle_story_cluster_once","事件簇生命周期审计与获批章节接口","存档永久","completed 且独立 settlement guard 尚未写入","AED-02-10","T001-T004","formal_awp_00"
"ASR-S001.AED-02-10","aemusa_ms_country_settlement_aed_02_10_done","唯一结算","country","flag","no","settle_story_cluster_once","唯一结算审计器","存档永久","仅在 AED-02-10 completed 后写入；与 settled 结果事实分离","AED-02-10","T003/T016","formal_awp_00"
"ASR-006.AED-02-20","aemusa_ms_country_cluster_aed_02_20_started","历史进度","country","flag","no","begin_story_cluster","事件簇生命周期审计与获批章节接口","事件簇永久","入口检查通过","AED-02-20","T001-T004","formal_awp_00"
"ASR-007.AED-02-20","aemusa_ms_country_cluster_aed_02_20_in_progress","历史进度","country","flag","no","事件簇操作接口","事件簇生命周期审计与获批章节接口","事件簇","已 started、未 completed","AED-02-20","T001-T004","formal_awp_00"
"ASR-008.AED-02-20","aemusa_ms_country_cluster_aed_02_20_completed","历史进度","country","flag","no","complete_story_cluster","事件簇生命周期审计与获批章节接口","事件簇永久","子步骤完成、未 settled","AED-02-20","T001-T004","formal_awp_00"
"ASR-009.AED-02-20","aemusa_ms_country_cluster_aed_02_20_settled","历史进度","country","flag","no","settle_story_cluster_once","事件簇生命周期审计与获批章节接口","存档永久","completed 且独立 settlement guard 尚未写入","AED-02-20","T001-T004","formal_awp_00"
"ASR-S001.AED-02-20","aemusa_ms_country_settlement_aed_02_20_done","唯一结算","country","flag","no","settle_story_cluster_once","唯一结算审计器","存档永久","仅在 AED-02-20 completed 后写入；与 settled 结果事实分离","AED-02-20","T003/T016","formal_awp_00"
"ASR-006.AED-02-30","aemusa_ms_country_cluster_aed_02_30_started","历史进度","country","flag","no","begin_story_cluster","事件簇生命周期审计与获批章节接口","事件簇永久","入口检查通过","AED-02-30","T001-T004","formal_awp_00"
"ASR-007.AED-02-30","aemusa_ms_country_cluster_aed_02_30_in_progress","历史进度","country","flag","no","事件簇操作接口","事件簇生命周期审计与获批章节接口","事件簇","已 started、未 completed","AED-02-30","T001-T004","formal_awp_00"
"ASR-008.AED-02-30","aemusa_ms_country_cluster_aed_02_30_completed","历史进度","country","flag","no","complete_story_cluster","事件簇生命周期审计与获批章节接口","事件簇永久","子步骤完成、未 settled","AED-02-30","T001-T004","formal_awp_00"
"ASR-009.AED-02-30","aemusa_ms_country_cluster_aed_02_30_settled","历史进度","country","flag","no","settle_story_cluster_once","事件簇生命周期审计与获批章节接口","存档永久","completed 且独立 settlement guard 尚未写入","AED-02-30","T001-T004","formal_awp_00"
"ASR-S001.AED-02-30","aemusa_ms_country_settlement_aed_02_30_done","唯一结算","country","flag","no","settle_story_cluster_once","唯一结算审计器","存档永久","仅在 AED-02-30 completed 后写入；与 settled 结果事实分离","AED-02-30","T003/T016","formal_awp_00"
"ASR-006.AED-03-00","aemusa_ms_country_cluster_aed_03_00_started","历史进度","country","flag","no","begin_story_cluster","事件簇生命周期审计与获批章节接口","事件簇永久","入口检查通过","AED-03-00","T001-T004","formal_awp_00"
"ASR-007.AED-03-00","aemusa_ms_country_cluster_aed_03_00_in_progress","历史进度","country","flag","no","事件簇操作接口","事件簇生命周期审计与获批章节接口","事件簇","已 started、未 completed","AED-03-00","T001-T004","formal_awp_00"
"ASR-008.AED-03-00","aemusa_ms_country_cluster_aed_03_00_completed","历史进度","country","flag","no","complete_story_cluster","事件簇生命周期审计与获批章节接口","事件簇永久","子步骤完成、未 settled","AED-03-00","T001-T004","formal_awp_00"
"ASR-009.AED-03-00","aemusa_ms_country_cluster_aed_03_00_settled","历史进度","country","flag","no","settle_story_cluster_once","事件簇生命周期审计与获批章节接口","存档永久","completed 且独立 settlement guard 尚未写入","AED-03-00","T001-T004","formal_awp_00"
"ASR-S001.AED-03-00","aemusa_ms_country_settlement_aed_03_00_done","唯一结算","country","flag","no","settle_story_cluster_once","唯一结算审计器","存档永久","仅在 AED-03-00 completed 后写入；与 settled 结果事实分离","AED-03-00","T003/T016","formal_awp_00"
"ASR-006.AED-03-10","aemusa_ms_country_cluster_aed_03_10_started","历史进度","country","flag","no","begin_story_cluster","事件簇生命周期审计与获批章节接口","事件簇永久","入口检查通过","AED-03-10","T001-T004","formal_awp_00"
"ASR-007.AED-03-10","aemusa_ms_country_cluster_aed_03_10_in_progress","历史进度","country","flag","no","事件簇操作接口","事件簇生命周期审计与获批章节接口","事件簇","已 started、未 completed","AED-03-10","T001-T004","formal_awp_00"
"ASR-008.AED-03-10","aemusa_ms_country_cluster_aed_03_10_completed","历史进度","country","flag","no","complete_story_cluster","事件簇生命周期审计与获批章节接口","事件簇永久","子步骤完成、未 settled","AED-03-10","T001-T004","formal_awp_00"
"ASR-009.AED-03-10","aemusa_ms_country_cluster_aed_03_10_settled","历史进度","country","flag","no","settle_story_cluster_once","事件簇生命周期审计与获批章节接口","存档永久","completed 且独立 settlement guard 尚未写入","AED-03-10","T001-T004","formal_awp_00"
"ASR-S001.AED-03-10","aemusa_ms_country_settlement_aed_03_10_done","唯一结算","country","flag","no","settle_story_cluster_once","唯一结算审计器","存档永久","仅在 AED-03-10 completed 后写入；与 settled 结果事实分离","AED-03-10","T003/T016","formal_awp_00"
"ASR-006.AED-03-20","aemusa_ms_country_cluster_aed_03_20_started","历史进度","country","flag","no","begin_story_cluster","事件簇生命周期审计与获批章节接口","事件簇永久","入口检查通过","AED-03-20","T001-T004","formal_awp_00"
"ASR-007.AED-03-20","aemusa_ms_country_cluster_aed_03_20_in_progress","历史进度","country","flag","no","事件簇操作接口","事件簇生命周期审计与获批章节接口","事件簇","已 started、未 completed","AED-03-20","T001-T004","formal_awp_00"
"ASR-008.AED-03-20","aemusa_ms_country_cluster_aed_03_20_completed","历史进度","country","flag","no","complete_story_cluster","事件簇生命周期审计与获批章节接口","事件簇永久","子步骤完成、未 settled","AED-03-20","T001-T004","formal_awp_00"
"ASR-009.AED-03-20","aemusa_ms_country_cluster_aed_03_20_settled","历史进度","country","flag","no","settle_story_cluster_once","事件簇生命周期审计与获批章节接口","存档永久","completed 且独立 settlement guard 尚未写入","AED-03-20","T001-T004","formal_awp_00"
"ASR-S001.AED-03-20","aemusa_ms_country_settlement_aed_03_20_done","唯一结算","country","flag","no","settle_story_cluster_once","唯一结算审计器","存档永久","仅在 AED-03-20 completed 后写入；与 settled 结果事实分离","AED-03-20","T003/T016","formal_awp_00"
"ASR-006.AED-03-30","aemusa_ms_country_cluster_aed_03_30_started","历史进度","country","flag","no","begin_story_cluster","事件簇生命周期审计与获批章节接口","事件簇永久","入口检查通过","AED-03-30","T001-T004","formal_awp_00"
"ASR-007.AED-03-30","aemusa_ms_country_cluster_aed_03_30_in_progress","历史进度","country","flag","no","事件簇操作接口","事件簇生命周期审计与获批章节接口","事件簇","已 started、未 completed","AED-03-30","T001-T004","formal_awp_00"
"ASR-008.AED-03-30","aemusa_ms_country_cluster_aed_03_30_completed","历史进度","country","flag","no","complete_story_cluster","事件簇生命周期审计与获批章节接口","事件簇永久","子步骤完成、未 settled","AED-03-30","T001-T004","formal_awp_00"
"ASR-009.AED-03-30","aemusa_ms_country_cluster_aed_03_30_settled","历史进度","country","flag","no","settle_story_cluster_once","事件簇生命周期审计与获批章节接口","存档永久","completed 且独立 settlement guard 尚未写入","AED-03-30","T001-T004","formal_awp_00"
"ASR-S001.AED-03-30","aemusa_ms_country_settlement_aed_03_30_done","唯一结算","country","flag","no","settle_story_cluster_once","唯一结算审计器","存档永久","仅在 AED-03-30 completed 后写入；与 settled 结果事实分离","AED-03-30","T003/T016","formal_awp_00"
"ASR-006.AED-03-40","aemusa_ms_country_cluster_aed_03_40_started","历史进度","country","flag","no","begin_story_cluster","事件簇生命周期审计与获批章节接口","事件簇永久","入口检查通过","AED-03-40","T001-T004","formal_awp_00"
"ASR-007.AED-03-40","aemusa_ms_country_cluster_aed_03_40_in_progress","历史进度","country","flag","no","事件簇操作接口","事件簇生命周期审计与获批章节接口","事件簇","已 started、未 completed","AED-03-40","T001-T004","formal_awp_00"
"ASR-008.AED-03-40","aemusa_ms_country_cluster_aed_03_40_completed","历史进度","country","flag","no","complete_story_cluster","事件簇生命周期审计与获批章节接口","事件簇永久","子步骤完成、未 settled","AED-03-40","T001-T004","formal_awp_00"
"ASR-009.AED-03-40","aemusa_ms_country_cluster_aed_03_40_settled","历史进度","country","flag","no","settle_story_cluster_once","事件簇生命周期审计与获批章节接口","存档永久","completed 且独立 settlement guard 尚未写入","AED-03-40","T001-T004","formal_awp_00"
"ASR-S001.AED-03-40","aemusa_ms_country_settlement_aed_03_40_done","唯一结算","country","flag","no","settle_story_cluster_once","唯一结算审计器","存档永久","仅在 AED-03-40 completed 后写入；与 settled 结果事实分离","AED-03-40","T003/T016","formal_awp_00"
"ASR-006.AED-03-50","aemusa_ms_country_cluster_aed_03_50_started","历史进度","country","flag","no","begin_story_cluster","事件簇生命周期审计与获批章节接口","事件簇永久","入口检查通过","AED-03-50","T001-T004","formal_awp_00"
"ASR-007.AED-03-50","aemusa_ms_country_cluster_aed_03_50_in_progress","历史进度","country","flag","no","事件簇操作接口","事件簇生命周期审计与获批章节接口","事件簇","已 started、未 completed","AED-03-50","T001-T004","formal_awp_00"
"ASR-008.AED-03-50","aemusa_ms_country_cluster_aed_03_50_completed","历史进度","country","flag","no","complete_story_cluster","事件簇生命周期审计与获批章节接口","事件簇永久","子步骤完成、未 settled","AED-03-50","T001-T004","formal_awp_00"
"ASR-009.AED-03-50","aemusa_ms_country_cluster_aed_03_50_settled","历史进度","country","flag","no","settle_story_cluster_once","事件簇生命周期审计与获批章节接口","存档永久","completed 且独立 settlement guard 尚未写入","AED-03-50","T001-T004","formal_awp_00"
"ASR-S001.AED-03-50","aemusa_ms_country_settlement_aed_03_50_done","唯一结算","country","flag","no","settle_story_cluster_once","唯一结算审计器","存档永久","仅在 AED-03-50 completed 后写入；与 settled 结果事实分离","AED-03-50","T003/T016","formal_awp_00"
"ASR-006.AED-03-90","aemusa_ms_country_cluster_aed_03_90_started","历史进度","country","flag","no","begin_story_cluster","事件簇生命周期审计与获批章节接口","事件簇永久","入口检查通过","AED-03-90","T001-T004","formal_awp_00"
"ASR-007.AED-03-90","aemusa_ms_country_cluster_aed_03_90_in_progress","历史进度","country","flag","no","事件簇操作接口","事件簇生命周期审计与获批章节接口","事件簇","已 started、未 completed","AED-03-90","T001-T004","formal_awp_00"
"ASR-008.AED-03-90","aemusa_ms_country_cluster_aed_03_90_completed","历史进度","country","flag","no","complete_story_cluster","事件簇生命周期审计与获批章节接口","事件簇永久","子步骤完成、未 settled","AED-03-90","T001-T004","formal_awp_00"
"ASR-009.AED-03-90","aemusa_ms_country_cluster_aed_03_90_settled","历史进度","country","flag","no","settle_story_cluster_once","事件簇生命周期审计与获批章节接口","存档永久","completed 且独立 settlement guard 尚未写入","AED-03-90","T001-T004","formal_awp_00"
"ASR-S001.AED-03-90","aemusa_ms_country_settlement_aed_03_90_done","唯一结算","country","flag","no","settle_story_cluster_once","唯一结算审计器","存档永久","仅在 AED-03-90 completed 后写入；与 settled 结果事实分离","AED-03-90","T003/T016","formal_awp_00"
"ASR-006.AED-04-00","aemusa_ms_country_cluster_aed_04_00_started","历史进度","country","flag","no","begin_story_cluster","事件簇生命周期审计与获批章节接口","事件簇永久","入口检查通过","AED-04-00","T001-T004","formal_awp_00"
"ASR-007.AED-04-00","aemusa_ms_country_cluster_aed_04_00_in_progress","历史进度","country","flag","no","事件簇操作接口","事件簇生命周期审计与获批章节接口","事件簇","已 started、未 completed","AED-04-00","T001-T004","formal_awp_00"
"ASR-008.AED-04-00","aemusa_ms_country_cluster_aed_04_00_completed","历史进度","country","flag","no","complete_story_cluster","事件簇生命周期审计与获批章节接口","事件簇永久","子步骤完成、未 settled","AED-04-00","T001-T004","formal_awp_00"
"ASR-009.AED-04-00","aemusa_ms_country_cluster_aed_04_00_settled","历史进度","country","flag","no","settle_story_cluster_once","事件簇生命周期审计与获批章节接口","存档永久","completed 且独立 settlement guard 尚未写入","AED-04-00","T001-T004","formal_awp_00"
"ASR-S001.AED-04-00","aemusa_ms_country_settlement_aed_04_00_done","唯一结算","country","flag","no","settle_story_cluster_once","唯一结算审计器","存档永久","仅在 AED-04-00 completed 后写入；与 settled 结果事实分离","AED-04-00","T003/T016","formal_awp_00"
"ASR-006.AED-04-10","aemusa_ms_country_cluster_aed_04_10_started","历史进度","country","flag","no","begin_story_cluster","事件簇生命周期审计与获批章节接口","事件簇永久","入口检查通过","AED-04-10","T001-T004","formal_awp_00"
"ASR-007.AED-04-10","aemusa_ms_country_cluster_aed_04_10_in_progress","历史进度","country","flag","no","事件簇操作接口","事件簇生命周期审计与获批章节接口","事件簇","已 started、未 completed","AED-04-10","T001-T004","formal_awp_00"
"ASR-008.AED-04-10","aemusa_ms_country_cluster_aed_04_10_completed","历史进度","country","flag","no","complete_story_cluster","事件簇生命周期审计与获批章节接口","事件簇永久","子步骤完成、未 settled","AED-04-10","T001-T004","formal_awp_00"
"ASR-009.AED-04-10","aemusa_ms_country_cluster_aed_04_10_settled","历史进度","country","flag","no","settle_story_cluster_once","事件簇生命周期审计与获批章节接口","存档永久","completed 且独立 settlement guard 尚未写入","AED-04-10","T001-T004","formal_awp_00"
"ASR-S001.AED-04-10","aemusa_ms_country_settlement_aed_04_10_done","唯一结算","country","flag","no","settle_story_cluster_once","唯一结算审计器","存档永久","仅在 AED-04-10 completed 后写入；与 settled 结果事实分离","AED-04-10","T003/T016","formal_awp_00"
"ASR-006.AED-04-20","aemusa_ms_country_cluster_aed_04_20_started","历史进度","country","flag","no","begin_story_cluster","事件簇生命周期审计与获批章节接口","事件簇永久","入口检查通过","AED-04-20","T001-T004","formal_awp_00"
"ASR-007.AED-04-20","aemusa_ms_country_cluster_aed_04_20_in_progress","历史进度","country","flag","no","事件簇操作接口","事件簇生命周期审计与获批章节接口","事件簇","已 started、未 completed","AED-04-20","T001-T004","formal_awp_00"
"ASR-008.AED-04-20","aemusa_ms_country_cluster_aed_04_20_completed","历史进度","country","flag","no","complete_story_cluster","事件簇生命周期审计与获批章节接口","事件簇永久","子步骤完成、未 settled","AED-04-20","T001-T004","formal_awp_00"
"ASR-009.AED-04-20","aemusa_ms_country_cluster_aed_04_20_settled","历史进度","country","flag","no","settle_story_cluster_once","事件簇生命周期审计与获批章节接口","存档永久","completed 且独立 settlement guard 尚未写入","AED-04-20","T001-T004","formal_awp_00"
"ASR-S001.AED-04-20","aemusa_ms_country_settlement_aed_04_20_done","唯一结算","country","flag","no","settle_story_cluster_once","唯一结算审计器","存档永久","仅在 AED-04-20 completed 后写入；与 settled 结果事实分离","AED-04-20","T003/T016","formal_awp_00"
"ASR-006.AED-04-30","aemusa_ms_country_cluster_aed_04_30_started","历史进度","country","flag","no","begin_story_cluster","事件簇生命周期审计与获批章节接口","事件簇永久","入口检查通过","AED-04-30","T001-T004","formal_awp_00"
"ASR-007.AED-04-30","aemusa_ms_country_cluster_aed_04_30_in_progress","历史进度","country","flag","no","事件簇操作接口","事件簇生命周期审计与获批章节接口","事件簇","已 started、未 completed","AED-04-30","T001-T004","formal_awp_00"
"ASR-008.AED-04-30","aemusa_ms_country_cluster_aed_04_30_completed","历史进度","country","flag","no","complete_story_cluster","事件簇生命周期审计与获批章节接口","事件簇永久","子步骤完成、未 settled","AED-04-30","T001-T004","formal_awp_00"
"ASR-009.AED-04-30","aemusa_ms_country_cluster_aed_04_30_settled","历史进度","country","flag","no","settle_story_cluster_once","事件簇生命周期审计与获批章节接口","存档永久","completed 且独立 settlement guard 尚未写入","AED-04-30","T001-T004","formal_awp_00"
"ASR-S001.AED-04-30","aemusa_ms_country_settlement_aed_04_30_done","唯一结算","country","flag","no","settle_story_cluster_once","唯一结算审计器","存档永久","仅在 AED-04-30 completed 后写入；与 settled 结果事实分离","AED-04-30","T003/T016","formal_awp_00"
"ASR-006.AED-04-40","aemusa_ms_country_cluster_aed_04_40_started","历史进度","country","flag","no","begin_story_cluster","事件簇生命周期审计与获批章节接口","事件簇永久","入口检查通过","AED-04-40","T001-T004","formal_awp_00"
"ASR-007.AED-04-40","aemusa_ms_country_cluster_aed_04_40_in_progress","历史进度","country","flag","no","事件簇操作接口","事件簇生命周期审计与获批章节接口","事件簇","已 started、未 completed","AED-04-40","T001-T004","formal_awp_00"
"ASR-008.AED-04-40","aemusa_ms_country_cluster_aed_04_40_completed","历史进度","country","flag","no","complete_story_cluster","事件簇生命周期审计与获批章节接口","事件簇永久","子步骤完成、未 settled","AED-04-40","T001-T004","formal_awp_00"
"ASR-009.AED-04-40","aemusa_ms_country_cluster_aed_04_40_settled","历史进度","country","flag","no","settle_story_cluster_once","事件簇生命周期审计与获批章节接口","存档永久","completed 且独立 settlement guard 尚未写入","AED-04-40","T001-T004","formal_awp_00"
"ASR-S001.AED-04-40","aemusa_ms_country_settlement_aed_04_40_done","唯一结算","country","flag","no","settle_story_cluster_once","唯一结算审计器","存档永久","仅在 AED-04-40 completed 后写入；与 settled 结果事实分离","AED-04-40","T003/T016","formal_awp_00"
"ASR-006.AED-05-00","aemusa_ms_country_cluster_aed_05_00_started","历史进度","country","flag","no","begin_story_cluster","事件簇生命周期审计与获批章节接口","事件簇永久","入口检查通过","AED-05-00","T001-T004","formal_awp_00"
"ASR-007.AED-05-00","aemusa_ms_country_cluster_aed_05_00_in_progress","历史进度","country","flag","no","事件簇操作接口","事件簇生命周期审计与获批章节接口","事件簇","已 started、未 completed","AED-05-00","T001-T004","formal_awp_00"
"ASR-008.AED-05-00","aemusa_ms_country_cluster_aed_05_00_completed","历史进度","country","flag","no","complete_story_cluster","事件簇生命周期审计与获批章节接口","事件簇永久","子步骤完成、未 settled","AED-05-00","T001-T004","formal_awp_00"
"ASR-009.AED-05-00","aemusa_ms_country_cluster_aed_05_00_settled","历史进度","country","flag","no","settle_story_cluster_once","事件簇生命周期审计与获批章节接口","存档永久","completed 且独立 settlement guard 尚未写入","AED-05-00","T001-T004","formal_awp_00"
"ASR-S001.AED-05-00","aemusa_ms_country_settlement_aed_05_00_done","唯一结算","country","flag","no","settle_story_cluster_once","唯一结算审计器","存档永久","仅在 AED-05-00 completed 后写入；与 settled 结果事实分离","AED-05-00","T003/T016","formal_awp_00"
"ASR-006.AED-05-10","aemusa_ms_country_cluster_aed_05_10_started","历史进度","country","flag","no","begin_story_cluster","事件簇生命周期审计与获批章节接口","事件簇永久","入口检查通过","AED-05-10","T001-T004","formal_awp_00"
"ASR-007.AED-05-10","aemusa_ms_country_cluster_aed_05_10_in_progress","历史进度","country","flag","no","事件簇操作接口","事件簇生命周期审计与获批章节接口","事件簇","已 started、未 completed","AED-05-10","T001-T004","formal_awp_00"
"ASR-008.AED-05-10","aemusa_ms_country_cluster_aed_05_10_completed","历史进度","country","flag","no","complete_story_cluster","事件簇生命周期审计与获批章节接口","事件簇永久","子步骤完成、未 settled","AED-05-10","T001-T004","formal_awp_00"
"ASR-009.AED-05-10","aemusa_ms_country_cluster_aed_05_10_settled","历史进度","country","flag","no","settle_story_cluster_once","事件簇生命周期审计与获批章节接口","存档永久","completed 且独立 settlement guard 尚未写入","AED-05-10","T001-T004","formal_awp_00"
"ASR-S001.AED-05-10","aemusa_ms_country_settlement_aed_05_10_done","唯一结算","country","flag","no","settle_story_cluster_once","唯一结算审计器","存档永久","仅在 AED-05-10 completed 后写入；与 settled 结果事实分离","AED-05-10","T003/T016","formal_awp_00"
"ASR-006.AED-05-20","aemusa_ms_country_cluster_aed_05_20_started","历史进度","country","flag","no","begin_story_cluster","事件簇生命周期审计与获批章节接口","事件簇永久","入口检查通过","AED-05-20","T001-T004","formal_awp_00"
"ASR-007.AED-05-20","aemusa_ms_country_cluster_aed_05_20_in_progress","历史进度","country","flag","no","事件簇操作接口","事件簇生命周期审计与获批章节接口","事件簇","已 started、未 completed","AED-05-20","T001-T004","formal_awp_00"
"ASR-008.AED-05-20","aemusa_ms_country_cluster_aed_05_20_completed","历史进度","country","flag","no","complete_story_cluster","事件簇生命周期审计与获批章节接口","事件簇永久","子步骤完成、未 settled","AED-05-20","T001-T004","formal_awp_00"
"ASR-009.AED-05-20","aemusa_ms_country_cluster_aed_05_20_settled","历史进度","country","flag","no","settle_story_cluster_once","事件簇生命周期审计与获批章节接口","存档永久","completed 且独立 settlement guard 尚未写入","AED-05-20","T001-T004","formal_awp_00"
"ASR-S001.AED-05-20","aemusa_ms_country_settlement_aed_05_20_done","唯一结算","country","flag","no","settle_story_cluster_once","唯一结算审计器","存档永久","仅在 AED-05-20 completed 后写入；与 settled 结果事实分离","AED-05-20","T003/T016","formal_awp_00"
"ASR-006.AED-05-30","aemusa_ms_country_cluster_aed_05_30_started","历史进度","country","flag","no","begin_story_cluster","事件簇生命周期审计与获批章节接口","事件簇永久","入口检查通过","AED-05-30","T001-T004","formal_awp_00"
"ASR-007.AED-05-30","aemusa_ms_country_cluster_aed_05_30_in_progress","历史进度","country","flag","no","事件簇操作接口","事件簇生命周期审计与获批章节接口","事件簇","已 started、未 completed","AED-05-30","T001-T004","formal_awp_00"
"ASR-008.AED-05-30","aemusa_ms_country_cluster_aed_05_30_completed","历史进度","country","flag","no","complete_story_cluster","事件簇生命周期审计与获批章节接口","事件簇永久","子步骤完成、未 settled","AED-05-30","T001-T004","formal_awp_00"
"ASR-009.AED-05-30","aemusa_ms_country_cluster_aed_05_30_settled","历史进度","country","flag","no","settle_story_cluster_once","事件簇生命周期审计与获批章节接口","存档永久","completed 且独立 settlement guard 尚未写入","AED-05-30","T001-T004","formal_awp_00"
"ASR-S001.AED-05-30","aemusa_ms_country_settlement_aed_05_30_done","唯一结算","country","flag","no","settle_story_cluster_once","唯一结算审计器","存档永久","仅在 AED-05-30 completed 后写入；与 settled 结果事实分离","AED-05-30","T003/T016","formal_awp_00"
"ASR-006.AED-05-40","aemusa_ms_country_cluster_aed_05_40_started","历史进度","country","flag","no","begin_story_cluster","事件簇生命周期审计与获批章节接口","事件簇永久","入口检查通过","AED-05-40","T001-T004","formal_awp_00"
"ASR-007.AED-05-40","aemusa_ms_country_cluster_aed_05_40_in_progress","历史进度","country","flag","no","事件簇操作接口","事件簇生命周期审计与获批章节接口","事件簇","已 started、未 completed","AED-05-40","T001-T004","formal_awp_00"
"ASR-008.AED-05-40","aemusa_ms_country_cluster_aed_05_40_completed","历史进度","country","flag","no","complete_story_cluster","事件簇生命周期审计与获批章节接口","事件簇永久","子步骤完成、未 settled","AED-05-40","T001-T004","formal_awp_00"
"ASR-009.AED-05-40","aemusa_ms_country_cluster_aed_05_40_settled","历史进度","country","flag","no","settle_story_cluster_once","事件簇生命周期审计与获批章节接口","存档永久","completed 且独立 settlement guard 尚未写入","AED-05-40","T001-T004","formal_awp_00"
"ASR-S001.AED-05-40","aemusa_ms_country_settlement_aed_05_40_done","唯一结算","country","flag","no","settle_story_cluster_once","唯一结算审计器","存档永久","仅在 AED-05-40 completed 后写入；与 settled 结果事实分离","AED-05-40","T003/T016","formal_awp_00"
"ASR-006.AED-06-00","aemusa_ms_country_cluster_aed_06_00_started","历史进度","country","flag","no","begin_story_cluster","事件簇生命周期审计与获批章节接口","事件簇永久","入口检查通过","AED-06-00","T001-T004","formal_awp_00"
"ASR-007.AED-06-00","aemusa_ms_country_cluster_aed_06_00_in_progress","历史进度","country","flag","no","事件簇操作接口","事件簇生命周期审计与获批章节接口","事件簇","已 started、未 completed","AED-06-00","T001-T004","formal_awp_00"
"ASR-008.AED-06-00","aemusa_ms_country_cluster_aed_06_00_completed","历史进度","country","flag","no","complete_story_cluster","事件簇生命周期审计与获批章节接口","事件簇永久","子步骤完成、未 settled","AED-06-00","T001-T004","formal_awp_00"
"ASR-009.AED-06-00","aemusa_ms_country_cluster_aed_06_00_settled","历史进度","country","flag","no","settle_story_cluster_once","事件簇生命周期审计与获批章节接口","存档永久","completed 且独立 settlement guard 尚未写入","AED-06-00","T001-T004","formal_awp_00"
"ASR-S001.AED-06-00","aemusa_ms_country_settlement_aed_06_00_done","唯一结算","country","flag","no","settle_story_cluster_once","唯一结算审计器","存档永久","仅在 AED-06-00 completed 后写入；与 settled 结果事实分离","AED-06-00","T003/T016","formal_awp_00"
"ASR-006.AED-06-10","aemusa_ms_country_cluster_aed_06_10_started","历史进度","country","flag","no","begin_story_cluster","事件簇生命周期审计与获批章节接口","事件簇永久","入口检查通过","AED-06-10","T001-T004","formal_awp_00"
"ASR-007.AED-06-10","aemusa_ms_country_cluster_aed_06_10_in_progress","历史进度","country","flag","no","事件簇操作接口","事件簇生命周期审计与获批章节接口","事件簇","已 started、未 completed","AED-06-10","T001-T004","formal_awp_00"
"ASR-008.AED-06-10","aemusa_ms_country_cluster_aed_06_10_completed","历史进度","country","flag","no","complete_story_cluster","事件簇生命周期审计与获批章节接口","事件簇永久","子步骤完成、未 settled","AED-06-10","T001-T004","formal_awp_00"
"ASR-009.AED-06-10","aemusa_ms_country_cluster_aed_06_10_settled","历史进度","country","flag","no","settle_story_cluster_once","事件簇生命周期审计与获批章节接口","存档永久","completed 且独立 settlement guard 尚未写入","AED-06-10","T001-T004","formal_awp_00"
"ASR-S001.AED-06-10","aemusa_ms_country_settlement_aed_06_10_done","唯一结算","country","flag","no","settle_story_cluster_once","唯一结算审计器","存档永久","仅在 AED-06-10 completed 后写入；与 settled 结果事实分离","AED-06-10","T003/T016","formal_awp_00"
"ASR-006.AED-06-20","aemusa_ms_country_cluster_aed_06_20_started","历史进度","country","flag","no","begin_story_cluster","事件簇生命周期审计与获批章节接口","事件簇永久","入口检查通过","AED-06-20","T001-T004","formal_awp_00"
"ASR-007.AED-06-20","aemusa_ms_country_cluster_aed_06_20_in_progress","历史进度","country","flag","no","事件簇操作接口","事件簇生命周期审计与获批章节接口","事件簇","已 started、未 completed","AED-06-20","T001-T004","formal_awp_00"
"ASR-008.AED-06-20","aemusa_ms_country_cluster_aed_06_20_completed","历史进度","country","flag","no","complete_story_cluster","事件簇生命周期审计与获批章节接口","事件簇永久","子步骤完成、未 settled","AED-06-20","T001-T004","formal_awp_00"
"ASR-009.AED-06-20","aemusa_ms_country_cluster_aed_06_20_settled","历史进度","country","flag","no","settle_story_cluster_once","事件簇生命周期审计与获批章节接口","存档永久","completed 且独立 settlement guard 尚未写入","AED-06-20","T001-T004","formal_awp_00"
"ASR-S001.AED-06-20","aemusa_ms_country_settlement_aed_06_20_done","唯一结算","country","flag","no","settle_story_cluster_once","唯一结算审计器","存档永久","仅在 AED-06-20 completed 后写入；与 settled 结果事实分离","AED-06-20","T003/T016","formal_awp_00"
"ASR-006.AED-06-30","aemusa_ms_country_cluster_aed_06_30_started","历史进度","country","flag","no","begin_story_cluster","事件簇生命周期审计与获批章节接口","事件簇永久","入口检查通过","AED-06-30","T001-T004","formal_awp_00"
"ASR-007.AED-06-30","aemusa_ms_country_cluster_aed_06_30_in_progress","历史进度","country","flag","no","事件簇操作接口","事件簇生命周期审计与获批章节接口","事件簇","已 started、未 completed","AED-06-30","T001-T004","formal_awp_00"
"ASR-008.AED-06-30","aemusa_ms_country_cluster_aed_06_30_completed","历史进度","country","flag","no","complete_story_cluster","事件簇生命周期审计与获批章节接口","事件簇永久","子步骤完成、未 settled","AED-06-30","T001-T004","formal_awp_00"
"ASR-009.AED-06-30","aemusa_ms_country_cluster_aed_06_30_settled","历史进度","country","flag","no","settle_story_cluster_once","事件簇生命周期审计与获批章节接口","存档永久","completed 且独立 settlement guard 尚未写入","AED-06-30","T001-T004","formal_awp_00"
"ASR-S001.AED-06-30","aemusa_ms_country_settlement_aed_06_30_done","唯一结算","country","flag","no","settle_story_cluster_once","唯一结算审计器","存档永久","仅在 AED-06-30 completed 后写入；与 settled 结果事实分离","AED-06-30","T003/T016","formal_awp_00"
"ASR-006.AED-06-40","aemusa_ms_country_cluster_aed_06_40_started","历史进度","country","flag","no","begin_story_cluster","事件簇生命周期审计与获批章节接口","事件簇永久","入口检查通过","AED-06-40","T001-T004","formal_awp_00"
"ASR-007.AED-06-40","aemusa_ms_country_cluster_aed_06_40_in_progress","历史进度","country","flag","no","事件簇操作接口","事件簇生命周期审计与获批章节接口","事件簇","已 started、未 completed","AED-06-40","T001-T004","formal_awp_00"
"ASR-008.AED-06-40","aemusa_ms_country_cluster_aed_06_40_completed","历史进度","country","flag","no","complete_story_cluster","事件簇生命周期审计与获批章节接口","事件簇永久","子步骤完成、未 settled","AED-06-40","T001-T004","formal_awp_00"
"ASR-009.AED-06-40","aemusa_ms_country_cluster_aed_06_40_settled","历史进度","country","flag","no","settle_story_cluster_once","事件簇生命周期审计与获批章节接口","存档永久","completed 且独立 settlement guard 尚未写入","AED-06-40","T001-T004","formal_awp_00"
"ASR-S001.AED-06-40","aemusa_ms_country_settlement_aed_06_40_done","唯一结算","country","flag","no","settle_story_cluster_once","唯一结算审计器","存档永久","仅在 AED-06-40 completed 后写入；与 settled 结果事实分离","AED-06-40","T003/T016","formal_awp_00"
"ASR-006.AED-06-90","aemusa_ms_country_cluster_aed_06_90_started","历史进度","country","flag","no","begin_story_cluster","事件簇生命周期审计与获批章节接口","事件簇永久","入口检查通过","AED-06-90","T001-T004","formal_awp_00"
"ASR-007.AED-06-90","aemusa_ms_country_cluster_aed_06_90_in_progress","历史进度","country","flag","no","事件簇操作接口","事件簇生命周期审计与获批章节接口","事件簇","已 started、未 completed","AED-06-90","T001-T004","formal_awp_00"
"ASR-008.AED-06-90","aemusa_ms_country_cluster_aed_06_90_completed","历史进度","country","flag","no","complete_story_cluster","事件簇生命周期审计与获批章节接口","事件簇永久","子步骤完成、未 settled","AED-06-90","T001-T004","formal_awp_00"
"ASR-009.AED-06-90","aemusa_ms_country_cluster_aed_06_90_settled","历史进度","country","flag","no","settle_story_cluster_once","事件簇生命周期审计与获批章节接口","存档永久","completed 且独立 settlement guard 尚未写入","AED-06-90","T001-T004","formal_awp_00"
"ASR-S001.AED-06-90","aemusa_ms_country_settlement_aed_06_90_done","唯一结算","country","flag","no","settle_story_cluster_once","唯一结算审计器","存档永久","仅在 AED-06-90 completed 后写入；与 settled 结果事实分离","AED-06-90","T003/T016","formal_awp_00"
"ASR-006.AED-C-00","aemusa_ms_country_cluster_aed_c_00_started","历史进度","country","flag","no","begin_story_cluster","事件簇生命周期审计与获批章节接口","事件簇永久","入口检查通过","AED-C-00","T001-T004","formal_awp_00"
"ASR-007.AED-C-00","aemusa_ms_country_cluster_aed_c_00_in_progress","历史进度","country","flag","no","事件簇操作接口","事件簇生命周期审计与获批章节接口","事件簇","已 started、未 completed","AED-C-00","T001-T004","formal_awp_00"
"ASR-008.AED-C-00","aemusa_ms_country_cluster_aed_c_00_completed","历史进度","country","flag","no","complete_story_cluster","事件簇生命周期审计与获批章节接口","事件簇永久","子步骤完成、未 settled","AED-C-00","T001-T004","formal_awp_00"
"ASR-009.AED-C-00","aemusa_ms_country_cluster_aed_c_00_settled","历史进度","country","flag","no","settle_story_cluster_once","事件簇生命周期审计与获批章节接口","存档永久","completed 且独立 settlement guard 尚未写入","AED-C-00","T001-T004","formal_awp_00"
"ASR-S001.AED-C-00","aemusa_ms_country_settlement_aed_c_00_done","唯一结算","country","flag","no","settle_story_cluster_once","唯一结算审计器","存档永久","仅在 AED-C-00 completed 后写入；与 settled 结果事实分离","AED-C-00","T003/T016","formal_awp_00"
"ASR-006.AED-C-10","aemusa_ms_country_cluster_aed_c_10_started","历史进度","country","flag","no","begin_story_cluster","事件簇生命周期审计与获批章节接口","事件簇永久","入口检查通过","AED-C-10","T001-T004","formal_awp_00"
"ASR-007.AED-C-10","aemusa_ms_country_cluster_aed_c_10_in_progress","历史进度","country","flag","no","事件簇操作接口","事件簇生命周期审计与获批章节接口","事件簇","已 started、未 completed","AED-C-10","T001-T004","formal_awp_00"
"ASR-008.AED-C-10","aemusa_ms_country_cluster_aed_c_10_completed","历史进度","country","flag","no","complete_story_cluster","事件簇生命周期审计与获批章节接口","事件簇永久","子步骤完成、未 settled","AED-C-10","T001-T004","formal_awp_00"
"ASR-009.AED-C-10","aemusa_ms_country_cluster_aed_c_10_settled","历史进度","country","flag","no","settle_story_cluster_once","事件簇生命周期审计与获批章节接口","存档永久","completed 且独立 settlement guard 尚未写入","AED-C-10","T001-T004","formal_awp_00"
"ASR-S001.AED-C-10","aemusa_ms_country_settlement_aed_c_10_done","唯一结算","country","flag","no","settle_story_cluster_once","唯一结算审计器","存档永久","仅在 AED-C-10 completed 后写入；与 settled 结果事实分离","AED-C-10","T003/T016","formal_awp_00"
"ASR-006.AED-C-20","aemusa_ms_country_cluster_aed_c_20_started","历史进度","country","flag","no","begin_story_cluster","事件簇生命周期审计与获批章节接口","事件簇永久","入口检查通过","AED-C-20","T001-T004","formal_awp_00"
"ASR-007.AED-C-20","aemusa_ms_country_cluster_aed_c_20_in_progress","历史进度","country","flag","no","事件簇操作接口","事件簇生命周期审计与获批章节接口","事件簇","已 started、未 completed","AED-C-20","T001-T004","formal_awp_00"
"ASR-008.AED-C-20","aemusa_ms_country_cluster_aed_c_20_completed","历史进度","country","flag","no","complete_story_cluster","事件簇生命周期审计与获批章节接口","事件簇永久","子步骤完成、未 settled","AED-C-20","T001-T004","formal_awp_00"
"ASR-009.AED-C-20","aemusa_ms_country_cluster_aed_c_20_settled","历史进度","country","flag","no","settle_story_cluster_once","事件簇生命周期审计与获批章节接口","存档永久","completed 且独立 settlement guard 尚未写入","AED-C-20","T001-T004","formal_awp_00"
"ASR-S001.AED-C-20","aemusa_ms_country_settlement_aed_c_20_done","唯一结算","country","flag","no","settle_story_cluster_once","唯一结算审计器","存档永久","仅在 AED-C-20 completed 后写入；与 settled 结果事实分离","AED-C-20","T003/T016","formal_awp_00"
"ASR-006.AED-C-30","aemusa_ms_country_cluster_aed_c_30_started","历史进度","country","flag","no","begin_story_cluster","事件簇生命周期审计与获批章节接口","事件簇永久","入口检查通过","AED-C-30","T001-T004","formal_awp_00"
"ASR-007.AED-C-30","aemusa_ms_country_cluster_aed_c_30_in_progress","历史进度","country","flag","no","事件簇操作接口","事件簇生命周期审计与获批章节接口","事件簇","已 started、未 completed","AED-C-30","T001-T004","formal_awp_00"
"ASR-008.AED-C-30","aemusa_ms_country_cluster_aed_c_30_completed","历史进度","country","flag","no","complete_story_cluster","事件簇生命周期审计与获批章节接口","事件簇永久","子步骤完成、未 settled","AED-C-30","T001-T004","formal_awp_00"
"ASR-009.AED-C-30","aemusa_ms_country_cluster_aed_c_30_settled","历史进度","country","flag","no","settle_story_cluster_once","事件簇生命周期审计与获批章节接口","存档永久","completed 且独立 settlement guard 尚未写入","AED-C-30","T001-T004","formal_awp_00"
"ASR-S001.AED-C-30","aemusa_ms_country_settlement_aed_c_30_done","唯一结算","country","flag","no","settle_story_cluster_once","唯一结算审计器","存档永久","仅在 AED-C-30 completed 后写入；与 settled 结果事实分离","AED-C-30","T003/T016","formal_awp_00"
"ASR-006.AED-C-40","aemusa_ms_country_cluster_aed_c_40_started","历史进度","country","flag","no","begin_story_cluster","事件簇生命周期审计与获批章节接口","事件簇永久","入口检查通过","AED-C-40","T001-T004","formal_awp_00"
"ASR-007.AED-C-40","aemusa_ms_country_cluster_aed_c_40_in_progress","历史进度","country","flag","no","事件簇操作接口","事件簇生命周期审计与获批章节接口","事件簇","已 started、未 completed","AED-C-40","T001-T004","formal_awp_00"
"ASR-008.AED-C-40","aemusa_ms_country_cluster_aed_c_40_completed","历史进度","country","flag","no","complete_story_cluster","事件簇生命周期审计与获批章节接口","事件簇永久","子步骤完成、未 settled","AED-C-40","T001-T004","formal_awp_00"
"ASR-009.AED-C-40","aemusa_ms_country_cluster_aed_c_40_settled","历史进度","country","flag","no","settle_story_cluster_once","事件簇生命周期审计与获批章节接口","存档永久","completed 且独立 settlement guard 尚未写入","AED-C-40","T001-T004","formal_awp_00"
"ASR-S001.AED-C-40","aemusa_ms_country_settlement_aed_c_40_done","唯一结算","country","flag","no","settle_story_cluster_once","唯一结算审计器","存档永久","仅在 AED-C-40 completed 后写入；与 settled 结果事实分离","AED-C-40","T003/T016","formal_awp_00"
"ASR-006.AED-C-50","aemusa_ms_country_cluster_aed_c_50_started","历史进度","country","flag","no","begin_story_cluster","事件簇生命周期审计与获批章节接口","事件簇永久","入口检查通过","AED-C-50","T001-T004","formal_awp_00"
"ASR-007.AED-C-50","aemusa_ms_country_cluster_aed_c_50_in_progress","历史进度","country","flag","no","事件簇操作接口","事件簇生命周期审计与获批章节接口","事件簇","已 started、未 completed","AED-C-50","T001-T004","formal_awp_00"
"ASR-008.AED-C-50","aemusa_ms_country_cluster_aed_c_50_completed","历史进度","country","flag","no","complete_story_cluster","事件簇生命周期审计与获批章节接口","事件簇永久","子步骤完成、未 settled","AED-C-50","T001-T004","formal_awp_00"
"ASR-009.AED-C-50","aemusa_ms_country_cluster_aed_c_50_settled","历史进度","country","flag","no","settle_story_cluster_once","事件簇生命周期审计与获批章节接口","存档永久","completed 且独立 settlement guard 尚未写入","AED-C-50","T001-T004","formal_awp_00"
"ASR-S001.AED-C-50","aemusa_ms_country_settlement_aed_c_50_done","唯一结算","country","flag","no","settle_story_cluster_once","唯一结算审计器","存档永久","仅在 AED-C-50 completed 后写入；与 settled 结果事实分离","AED-C-50","T003/T016","formal_awp_00"
"ASR-006.AED-07-00","aemusa_ms_country_cluster_aed_07_00_started","历史进度","country","flag","no","begin_story_cluster","事件簇生命周期审计与获批章节接口","事件簇永久","入口检查通过","AED-07-00","T001-T004","formal_awp_00"
"ASR-007.AED-07-00","aemusa_ms_country_cluster_aed_07_00_in_progress","历史进度","country","flag","no","事件簇操作接口","事件簇生命周期审计与获批章节接口","事件簇","已 started、未 completed","AED-07-00","T001-T004","formal_awp_00"
"ASR-008.AED-07-00","aemusa_ms_country_cluster_aed_07_00_completed","历史进度","country","flag","no","complete_story_cluster","事件簇生命周期审计与获批章节接口","事件簇永久","子步骤完成、未 settled","AED-07-00","T001-T004","formal_awp_00"
"ASR-009.AED-07-00","aemusa_ms_country_cluster_aed_07_00_settled","历史进度","country","flag","no","settle_story_cluster_once","事件簇生命周期审计与获批章节接口","存档永久","completed 且独立 settlement guard 尚未写入","AED-07-00","T001-T004","formal_awp_00"
"ASR-S001.AED-07-00","aemusa_ms_country_settlement_aed_07_00_done","唯一结算","country","flag","no","settle_story_cluster_once","唯一结算审计器","存档永久","仅在 AED-07-00 completed 后写入；与 settled 结果事实分离","AED-07-00","T003/T016","formal_awp_00"
"ASR-006.AED-C-A","aemusa_ms_country_cluster_aed_c_a_started","历史进度","country","flag","no","begin_story_cluster","事件簇生命周期审计与获批章节接口","事件簇永久","入口检查通过","AED-C-A","T001-T004","formal_awp_00"
"ASR-007.AED-C-A","aemusa_ms_country_cluster_aed_c_a_in_progress","历史进度","country","flag","no","事件簇操作接口","事件簇生命周期审计与获批章节接口","事件簇","已 started、未 completed","AED-C-A","T001-T004","formal_awp_00"
"ASR-008.AED-C-A","aemusa_ms_country_cluster_aed_c_a_completed","历史进度","country","flag","no","complete_story_cluster","事件簇生命周期审计与获批章节接口","事件簇永久","子步骤完成、未 settled","AED-C-A","T001-T004","formal_awp_00"
"ASR-009.AED-C-A","aemusa_ms_country_cluster_aed_c_a_settled","历史进度","country","flag","no","settle_story_cluster_once","事件簇生命周期审计与获批章节接口","存档永久","completed 且独立 settlement guard 尚未写入","AED-C-A","T001-T004","formal_awp_00"
"ASR-S001.AED-C-A","aemusa_ms_country_settlement_aed_c_a_done","唯一结算","country","flag","no","settle_story_cluster_once","唯一结算审计器","存档永久","仅在 AED-C-A completed 后写入；与 settled 结果事实分离","AED-C-A","T003/T016","formal_awp_00"
"ASR-006.AED-C-B","aemusa_ms_country_cluster_aed_c_b_started","历史进度","country","flag","no","begin_story_cluster","事件簇生命周期审计与获批章节接口","事件簇永久","入口检查通过","AED-C-B","T001-T004","formal_awp_00"
"ASR-007.AED-C-B","aemusa_ms_country_cluster_aed_c_b_in_progress","历史进度","country","flag","no","事件簇操作接口","事件簇生命周期审计与获批章节接口","事件簇","已 started、未 completed","AED-C-B","T001-T004","formal_awp_00"
"ASR-008.AED-C-B","aemusa_ms_country_cluster_aed_c_b_completed","历史进度","country","flag","no","complete_story_cluster","事件簇生命周期审计与获批章节接口","事件簇永久","子步骤完成、未 settled","AED-C-B","T001-T004","formal_awp_00"
"ASR-009.AED-C-B","aemusa_ms_country_cluster_aed_c_b_settled","历史进度","country","flag","no","settle_story_cluster_once","事件簇生命周期审计与获批章节接口","存档永久","completed 且独立 settlement guard 尚未写入","AED-C-B","T001-T004","formal_awp_00"
"ASR-S001.AED-C-B","aemusa_ms_country_settlement_aed_c_b_done","唯一结算","country","flag","no","settle_story_cluster_once","唯一结算审计器","存档永久","仅在 AED-C-B completed 后写入；与 settled 结果事实分离","AED-C-B","T003/T016","formal_awp_00"
"ASR-006.AED-C-C","aemusa_ms_country_cluster_aed_c_c_started","历史进度","country","flag","no","begin_story_cluster","事件簇生命周期审计与获批章节接口","事件簇永久","入口检查通过","AED-C-C","T001-T004","formal_awp_00"
"ASR-007.AED-C-C","aemusa_ms_country_cluster_aed_c_c_in_progress","历史进度","country","flag","no","事件簇操作接口","事件簇生命周期审计与获批章节接口","事件簇","已 started、未 completed","AED-C-C","T001-T004","formal_awp_00"
"ASR-008.AED-C-C","aemusa_ms_country_cluster_aed_c_c_completed","历史进度","country","flag","no","complete_story_cluster","事件簇生命周期审计与获批章节接口","事件簇永久","子步骤完成、未 settled","AED-C-C","T001-T004","formal_awp_00"
"ASR-009.AED-C-C","aemusa_ms_country_cluster_aed_c_c_settled","历史进度","country","flag","no","settle_story_cluster_once","事件簇生命周期审计与获批章节接口","存档永久","completed 且独立 settlement guard 尚未写入","AED-C-C","T001-T004","formal_awp_00"
"ASR-S001.AED-C-C","aemusa_ms_country_settlement_aed_c_c_done","唯一结算","country","flag","no","settle_story_cluster_once","唯一结算审计器","存档永久","仅在 AED-C-C completed 后写入；与 settled 结果事实分离","AED-C-C","T003/T016","formal_awp_00"
"ASR-006.AED-C-D","aemusa_ms_country_cluster_aed_c_d_started","历史进度","country","flag","no","begin_story_cluster","事件簇生命周期审计与获批章节接口","事件簇永久","入口检查通过","AED-C-D","T001-T004","formal_awp_00"
"ASR-007.AED-C-D","aemusa_ms_country_cluster_aed_c_d_in_progress","历史进度","country","flag","no","事件簇操作接口","事件簇生命周期审计与获批章节接口","事件簇","已 started、未 completed","AED-C-D","T001-T004","formal_awp_00"
"ASR-008.AED-C-D","aemusa_ms_country_cluster_aed_c_d_completed","历史进度","country","flag","no","complete_story_cluster","事件簇生命周期审计与获批章节接口","事件簇永久","子步骤完成、未 settled","AED-C-D","T001-T004","formal_awp_00"
"ASR-009.AED-C-D","aemusa_ms_country_cluster_aed_c_d_settled","历史进度","country","flag","no","settle_story_cluster_once","事件簇生命周期审计与获批章节接口","存档永久","completed 且独立 settlement guard 尚未写入","AED-C-D","T001-T004","formal_awp_00"
"ASR-S001.AED-C-D","aemusa_ms_country_settlement_aed_c_d_done","唯一结算","country","flag","no","settle_story_cluster_once","唯一结算审计器","存档永久","仅在 AED-C-D completed 后写入；与 settled 结果事实分离","AED-C-D","T003/T016","formal_awp_00"
"ASR-006.AED-07-10","aemusa_ms_country_cluster_aed_07_10_started","历史进度","country","flag","no","begin_story_cluster","事件簇生命周期审计与获批章节接口","事件簇永久","入口检查通过","AED-07-10","T001-T004","formal_awp_00"
"ASR-007.AED-07-10","aemusa_ms_country_cluster_aed_07_10_in_progress","历史进度","country","flag","no","事件簇操作接口","事件簇生命周期审计与获批章节接口","事件簇","已 started、未 completed","AED-07-10","T001-T004","formal_awp_00"
"ASR-008.AED-07-10","aemusa_ms_country_cluster_aed_07_10_completed","历史进度","country","flag","no","complete_story_cluster","事件簇生命周期审计与获批章节接口","事件簇永久","子步骤完成、未 settled","AED-07-10","T001-T004","formal_awp_00"
"ASR-009.AED-07-10","aemusa_ms_country_cluster_aed_07_10_settled","历史进度","country","flag","no","settle_story_cluster_once","事件簇生命周期审计与获批章节接口","存档永久","completed 且独立 settlement guard 尚未写入","AED-07-10","T001-T004","formal_awp_00"
"ASR-S001.AED-07-10","aemusa_ms_country_settlement_aed_07_10_done","唯一结算","country","flag","no","settle_story_cluster_once","唯一结算审计器","存档永久","仅在 AED-07-10 completed 后写入；与 settled 结果事实分离","AED-07-10","T003/T016","formal_awp_00"
"ASR-006.AED-07-20","aemusa_ms_country_cluster_aed_07_20_started","历史进度","country","flag","no","begin_story_cluster","事件簇生命周期审计与获批章节接口","事件簇永久","入口检查通过","AED-07-20","T001-T004","formal_awp_00"
"ASR-007.AED-07-20","aemusa_ms_country_cluster_aed_07_20_in_progress","历史进度","country","flag","no","事件簇操作接口","事件簇生命周期审计与获批章节接口","事件簇","已 started、未 completed","AED-07-20","T001-T004","formal_awp_00"
"ASR-008.AED-07-20","aemusa_ms_country_cluster_aed_07_20_completed","历史进度","country","flag","no","complete_story_cluster","事件簇生命周期审计与获批章节接口","事件簇永久","子步骤完成、未 settled","AED-07-20","T001-T004","formal_awp_00"
"ASR-009.AED-07-20","aemusa_ms_country_cluster_aed_07_20_settled","历史进度","country","flag","no","settle_story_cluster_once","事件簇生命周期审计与获批章节接口","存档永久","completed 且独立 settlement guard 尚未写入","AED-07-20","T001-T004","formal_awp_00"
"ASR-S001.AED-07-20","aemusa_ms_country_settlement_aed_07_20_done","唯一结算","country","flag","no","settle_story_cluster_once","唯一结算审计器","存档永久","仅在 AED-07-20 completed 后写入；与 settled 结果事实分离","AED-07-20","T003/T016","formal_awp_00"
"ASR-006.AED-07-30","aemusa_ms_country_cluster_aed_07_30_started","历史进度","country","flag","no","begin_story_cluster","事件簇生命周期审计与获批章节接口","事件簇永久","入口检查通过","AED-07-30","T001-T004","formal_awp_00"
"ASR-007.AED-07-30","aemusa_ms_country_cluster_aed_07_30_in_progress","历史进度","country","flag","no","事件簇操作接口","事件簇生命周期审计与获批章节接口","事件簇","已 started、未 completed","AED-07-30","T001-T004","formal_awp_00"
"ASR-008.AED-07-30","aemusa_ms_country_cluster_aed_07_30_completed","历史进度","country","flag","no","complete_story_cluster","事件簇生命周期审计与获批章节接口","事件簇永久","子步骤完成、未 settled","AED-07-30","T001-T004","formal_awp_00"
"ASR-009.AED-07-30","aemusa_ms_country_cluster_aed_07_30_settled","历史进度","country","flag","no","settle_story_cluster_once","事件簇生命周期审计与获批章节接口","存档永久","completed 且独立 settlement guard 尚未写入","AED-07-30","T001-T004","formal_awp_00"
"ASR-S001.AED-07-30","aemusa_ms_country_settlement_aed_07_30_done","唯一结算","country","flag","no","settle_story_cluster_once","唯一结算审计器","存档永久","仅在 AED-07-30 completed 后写入；与 settled 结果事实分离","AED-07-30","T003/T016","formal_awp_00"
"ASR-006.AED-07-40","aemusa_ms_country_cluster_aed_07_40_started","历史进度","country","flag","no","begin_story_cluster","事件簇生命周期审计与获批章节接口","事件簇永久","入口检查通过","AED-07-40","T001-T004","formal_awp_00"
"ASR-007.AED-07-40","aemusa_ms_country_cluster_aed_07_40_in_progress","历史进度","country","flag","no","事件簇操作接口","事件簇生命周期审计与获批章节接口","事件簇","已 started、未 completed","AED-07-40","T001-T004","formal_awp_00"
"ASR-008.AED-07-40","aemusa_ms_country_cluster_aed_07_40_completed","历史进度","country","flag","no","complete_story_cluster","事件簇生命周期审计与获批章节接口","事件簇永久","子步骤完成、未 settled","AED-07-40","T001-T004","formal_awp_00"
"ASR-009.AED-07-40","aemusa_ms_country_cluster_aed_07_40_settled","历史进度","country","flag","no","settle_story_cluster_once","事件簇生命周期审计与获批章节接口","存档永久","completed 且独立 settlement guard 尚未写入","AED-07-40","T001-T004","formal_awp_00"
"ASR-S001.AED-07-40","aemusa_ms_country_settlement_aed_07_40_done","唯一结算","country","flag","no","settle_story_cluster_once","唯一结算审计器","存档永久","仅在 AED-07-40 completed 后写入；与 settled 结果事实分离","AED-07-40","T003/T016","formal_awp_00"
"ASR-006.AED-07-50","aemusa_ms_country_cluster_aed_07_50_started","历史进度","country","flag","no","begin_story_cluster","事件簇生命周期审计与获批章节接口","事件簇永久","入口检查通过","AED-07-50","T001-T004","formal_awp_00"
"ASR-007.AED-07-50","aemusa_ms_country_cluster_aed_07_50_in_progress","历史进度","country","flag","no","事件簇操作接口","事件簇生命周期审计与获批章节接口","事件簇","已 started、未 completed","AED-07-50","T001-T004","formal_awp_00"
"ASR-008.AED-07-50","aemusa_ms_country_cluster_aed_07_50_completed","历史进度","country","flag","no","complete_story_cluster","事件簇生命周期审计与获批章节接口","事件簇永久","子步骤完成、未 settled","AED-07-50","T001-T004","formal_awp_00"
"ASR-009.AED-07-50","aemusa_ms_country_cluster_aed_07_50_settled","历史进度","country","flag","no","settle_story_cluster_once","事件簇生命周期审计与获批章节接口","存档永久","completed 且独立 settlement guard 尚未写入","AED-07-50","T001-T004","formal_awp_00"
"ASR-S001.AED-07-50","aemusa_ms_country_settlement_aed_07_50_done","唯一结算","country","flag","no","settle_story_cluster_once","唯一结算审计器","存档永久","仅在 AED-07-50 completed 后写入；与 settled 结果事实分离","AED-07-50","T003/T016","formal_awp_00"
"ASR-006.AED-08-00","aemusa_ms_country_cluster_aed_08_00_started","历史进度","country","flag","no","begin_story_cluster","事件簇生命周期审计与获批章节接口","事件簇永久","入口检查通过","AED-08-00","T001-T004","formal_awp_00"
"ASR-007.AED-08-00","aemusa_ms_country_cluster_aed_08_00_in_progress","历史进度","country","flag","no","事件簇操作接口","事件簇生命周期审计与获批章节接口","事件簇","已 started、未 completed","AED-08-00","T001-T004","formal_awp_00"
"ASR-008.AED-08-00","aemusa_ms_country_cluster_aed_08_00_completed","历史进度","country","flag","no","complete_story_cluster","事件簇生命周期审计与获批章节接口","事件簇永久","子步骤完成、未 settled","AED-08-00","T001-T004","formal_awp_00"
"ASR-009.AED-08-00","aemusa_ms_country_cluster_aed_08_00_settled","历史进度","country","flag","no","settle_story_cluster_once","事件簇生命周期审计与获批章节接口","存档永久","completed 且独立 settlement guard 尚未写入","AED-08-00","T001-T004","formal_awp_00"
"ASR-S001.AED-08-00","aemusa_ms_country_settlement_aed_08_00_done","唯一结算","country","flag","no","settle_story_cluster_once","唯一结算审计器","存档永久","仅在 AED-08-00 completed 后写入；与 settled 结果事实分离","AED-08-00","T003/T016","formal_awp_00"
"ASR-006.AED-08-10","aemusa_ms_country_cluster_aed_08_10_started","历史进度","country","flag","no","begin_story_cluster","事件簇生命周期审计与获批章节接口","事件簇永久","入口检查通过","AED-08-10","T001-T004","formal_awp_00"
"ASR-007.AED-08-10","aemusa_ms_country_cluster_aed_08_10_in_progress","历史进度","country","flag","no","事件簇操作接口","事件簇生命周期审计与获批章节接口","事件簇","已 started、未 completed","AED-08-10","T001-T004","formal_awp_00"
"ASR-008.AED-08-10","aemusa_ms_country_cluster_aed_08_10_completed","历史进度","country","flag","no","complete_story_cluster","事件簇生命周期审计与获批章节接口","事件簇永久","子步骤完成、未 settled","AED-08-10","T001-T004","formal_awp_00"
"ASR-009.AED-08-10","aemusa_ms_country_cluster_aed_08_10_settled","历史进度","country","flag","no","settle_story_cluster_once","事件簇生命周期审计与获批章节接口","存档永久","completed 且独立 settlement guard 尚未写入","AED-08-10","T001-T004","formal_awp_00"
"ASR-S001.AED-08-10","aemusa_ms_country_settlement_aed_08_10_done","唯一结算","country","flag","no","settle_story_cluster_once","唯一结算审计器","存档永久","仅在 AED-08-10 completed 后写入；与 settled 结果事实分离","AED-08-10","T003/T016","formal_awp_00"
"ASR-006.AED-08-20","aemusa_ms_country_cluster_aed_08_20_started","历史进度","country","flag","no","begin_story_cluster","事件簇生命周期审计与获批章节接口","事件簇永久","入口检查通过","AED-08-20","T001-T004","formal_awp_00"
"ASR-007.AED-08-20","aemusa_ms_country_cluster_aed_08_20_in_progress","历史进度","country","flag","no","事件簇操作接口","事件簇生命周期审计与获批章节接口","事件簇","已 started、未 completed","AED-08-20","T001-T004","formal_awp_00"
"ASR-008.AED-08-20","aemusa_ms_country_cluster_aed_08_20_completed","历史进度","country","flag","no","complete_story_cluster","事件簇生命周期审计与获批章节接口","事件簇永久","子步骤完成、未 settled","AED-08-20","T001-T004","formal_awp_00"
"ASR-009.AED-08-20","aemusa_ms_country_cluster_aed_08_20_settled","历史进度","country","flag","no","settle_story_cluster_once","事件簇生命周期审计与获批章节接口","存档永久","completed 且独立 settlement guard 尚未写入","AED-08-20","T001-T004","formal_awp_00"
"ASR-S001.AED-08-20","aemusa_ms_country_settlement_aed_08_20_done","唯一结算","country","flag","no","settle_story_cluster_once","唯一结算审计器","存档永久","仅在 AED-08-20 completed 后写入；与 settled 结果事实分离","AED-08-20","T003/T016","formal_awp_00"
"ASR-006.AED-08-30","aemusa_ms_country_cluster_aed_08_30_started","历史进度","country","flag","no","begin_story_cluster","事件簇生命周期审计与获批章节接口","事件簇永久","入口检查通过","AED-08-30","T001-T004","formal_awp_00"
"ASR-007.AED-08-30","aemusa_ms_country_cluster_aed_08_30_in_progress","历史进度","country","flag","no","事件簇操作接口","事件簇生命周期审计与获批章节接口","事件簇","已 started、未 completed","AED-08-30","T001-T004","formal_awp_00"
"ASR-008.AED-08-30","aemusa_ms_country_cluster_aed_08_30_completed","历史进度","country","flag","no","complete_story_cluster","事件簇生命周期审计与获批章节接口","事件簇永久","子步骤完成、未 settled","AED-08-30","T001-T004","formal_awp_00"
"ASR-009.AED-08-30","aemusa_ms_country_cluster_aed_08_30_settled","历史进度","country","flag","no","settle_story_cluster_once","事件簇生命周期审计与获批章节接口","存档永久","completed 且独立 settlement guard 尚未写入","AED-08-30","T001-T004","formal_awp_00"
"ASR-S001.AED-08-30","aemusa_ms_country_settlement_aed_08_30_done","唯一结算","country","flag","no","settle_story_cluster_once","唯一结算审计器","存档永久","仅在 AED-08-30 completed 后写入；与 settled 结果事实分离","AED-08-30","T003/T016","formal_awp_00"
"ASR-006.AED-08-40","aemusa_ms_country_cluster_aed_08_40_started","历史进度","country","flag","no","begin_story_cluster","事件簇生命周期审计与获批章节接口","事件簇永久","入口检查通过","AED-08-40","T001-T004","formal_awp_00"
"ASR-007.AED-08-40","aemusa_ms_country_cluster_aed_08_40_in_progress","历史进度","country","flag","no","事件簇操作接口","事件簇生命周期审计与获批章节接口","事件簇","已 started、未 completed","AED-08-40","T001-T004","formal_awp_00"
"ASR-008.AED-08-40","aemusa_ms_country_cluster_aed_08_40_completed","历史进度","country","flag","no","complete_story_cluster","事件簇生命周期审计与获批章节接口","事件簇永久","子步骤完成、未 settled","AED-08-40","T001-T004","formal_awp_00"
"ASR-009.AED-08-40","aemusa_ms_country_cluster_aed_08_40_settled","历史进度","country","flag","no","settle_story_cluster_once","事件簇生命周期审计与获批章节接口","存档永久","completed 且独立 settlement guard 尚未写入","AED-08-40","T001-T004","formal_awp_00"
"ASR-S001.AED-08-40","aemusa_ms_country_settlement_aed_08_40_done","唯一结算","country","flag","no","settle_story_cluster_once","唯一结算审计器","存档永久","仅在 AED-08-40 completed 后写入；与 settled 结果事实分离","AED-08-40","T003/T016","formal_awp_00"
"ASR-006.AED-09-00","aemusa_ms_country_cluster_aed_09_00_started","历史进度","country","flag","no","begin_story_cluster","事件簇生命周期审计与获批章节接口","事件簇永久","入口检查通过","AED-09-00","T001-T004","formal_awp_00"
"ASR-007.AED-09-00","aemusa_ms_country_cluster_aed_09_00_in_progress","历史进度","country","flag","no","事件簇操作接口","事件簇生命周期审计与获批章节接口","事件簇","已 started、未 completed","AED-09-00","T001-T004","formal_awp_00"
"ASR-008.AED-09-00","aemusa_ms_country_cluster_aed_09_00_completed","历史进度","country","flag","no","complete_story_cluster","事件簇生命周期审计与获批章节接口","事件簇永久","子步骤完成、未 settled","AED-09-00","T001-T004","formal_awp_00"
"ASR-009.AED-09-00","aemusa_ms_country_cluster_aed_09_00_settled","历史进度","country","flag","no","settle_story_cluster_once","事件簇生命周期审计与获批章节接口","存档永久","completed 且独立 settlement guard 尚未写入","AED-09-00","T001-T004","formal_awp_00"
"ASR-S001.AED-09-00","aemusa_ms_country_settlement_aed_09_00_done","唯一结算","country","flag","no","settle_story_cluster_once","唯一结算审计器","存档永久","仅在 AED-09-00 completed 后写入；与 settled 结果事实分离","AED-09-00","T003/T016","formal_awp_00"
"ASR-006.AED-09-10","aemusa_ms_country_cluster_aed_09_10_started","历史进度","country","flag","no","begin_story_cluster","事件簇生命周期审计与获批章节接口","事件簇永久","入口检查通过","AED-09-10","T001-T004","formal_awp_00"
"ASR-007.AED-09-10","aemusa_ms_country_cluster_aed_09_10_in_progress","历史进度","country","flag","no","事件簇操作接口","事件簇生命周期审计与获批章节接口","事件簇","已 started、未 completed","AED-09-10","T001-T004","formal_awp_00"
"ASR-008.AED-09-10","aemusa_ms_country_cluster_aed_09_10_completed","历史进度","country","flag","no","complete_story_cluster","事件簇生命周期审计与获批章节接口","事件簇永久","子步骤完成、未 settled","AED-09-10","T001-T004","formal_awp_00"
"ASR-009.AED-09-10","aemusa_ms_country_cluster_aed_09_10_settled","历史进度","country","flag","no","settle_story_cluster_once","事件簇生命周期审计与获批章节接口","存档永久","completed 且独立 settlement guard 尚未写入","AED-09-10","T001-T004","formal_awp_00"
"ASR-S001.AED-09-10","aemusa_ms_country_settlement_aed_09_10_done","唯一结算","country","flag","no","settle_story_cluster_once","唯一结算审计器","存档永久","仅在 AED-09-10 completed 后写入；与 settled 结果事实分离","AED-09-10","T003/T016","formal_awp_00"
"ASR-006.AED-09-20","aemusa_ms_country_cluster_aed_09_20_started","历史进度","country","flag","no","begin_story_cluster","事件簇生命周期审计与获批章节接口","事件簇永久","入口检查通过","AED-09-20","T001-T004","formal_awp_00"
"ASR-007.AED-09-20","aemusa_ms_country_cluster_aed_09_20_in_progress","历史进度","country","flag","no","事件簇操作接口","事件簇生命周期审计与获批章节接口","事件簇","已 started、未 completed","AED-09-20","T001-T004","formal_awp_00"
"ASR-008.AED-09-20","aemusa_ms_country_cluster_aed_09_20_completed","历史进度","country","flag","no","complete_story_cluster","事件簇生命周期审计与获批章节接口","事件簇永久","子步骤完成、未 settled","AED-09-20","T001-T004","formal_awp_00"
"ASR-009.AED-09-20","aemusa_ms_country_cluster_aed_09_20_settled","历史进度","country","flag","no","settle_story_cluster_once","事件簇生命周期审计与获批章节接口","存档永久","completed 且独立 settlement guard 尚未写入","AED-09-20","T001-T004","formal_awp_00"
"ASR-S001.AED-09-20","aemusa_ms_country_settlement_aed_09_20_done","唯一结算","country","flag","no","settle_story_cluster_once","唯一结算审计器","存档永久","仅在 AED-09-20 completed 后写入；与 settled 结果事实分离","AED-09-20","T003/T016","formal_awp_00"
"ASR-006.AED-09-30","aemusa_ms_country_cluster_aed_09_30_started","历史进度","country","flag","no","begin_story_cluster","事件簇生命周期审计与获批章节接口","事件簇永久","入口检查通过","AED-09-30","T001-T004","formal_awp_00"
"ASR-007.AED-09-30","aemusa_ms_country_cluster_aed_09_30_in_progress","历史进度","country","flag","no","事件簇操作接口","事件簇生命周期审计与获批章节接口","事件簇","已 started、未 completed","AED-09-30","T001-T004","formal_awp_00"
"ASR-008.AED-09-30","aemusa_ms_country_cluster_aed_09_30_completed","历史进度","country","flag","no","complete_story_cluster","事件簇生命周期审计与获批章节接口","事件簇永久","子步骤完成、未 settled","AED-09-30","T001-T004","formal_awp_00"
"ASR-009.AED-09-30","aemusa_ms_country_cluster_aed_09_30_settled","历史进度","country","flag","no","settle_story_cluster_once","事件簇生命周期审计与获批章节接口","存档永久","completed 且独立 settlement guard 尚未写入","AED-09-30","T001-T004","formal_awp_00"
"ASR-S001.AED-09-30","aemusa_ms_country_settlement_aed_09_30_done","唯一结算","country","flag","no","settle_story_cluster_once","唯一结算审计器","存档永久","仅在 AED-09-30 completed 后写入；与 settled 结果事实分离","AED-09-30","T003/T016","formal_awp_00"
"ASR-006.AED-09-40","aemusa_ms_country_cluster_aed_09_40_started","历史进度","country","flag","no","begin_story_cluster","事件簇生命周期审计与获批章节接口","事件簇永久","入口检查通过","AED-09-40","T001-T004","formal_awp_00"
"ASR-007.AED-09-40","aemusa_ms_country_cluster_aed_09_40_in_progress","历史进度","country","flag","no","事件簇操作接口","事件簇生命周期审计与获批章节接口","事件簇","已 started、未 completed","AED-09-40","T001-T004","formal_awp_00"
"ASR-008.AED-09-40","aemusa_ms_country_cluster_aed_09_40_completed","历史进度","country","flag","no","complete_story_cluster","事件簇生命周期审计与获批章节接口","事件簇永久","子步骤完成、未 settled","AED-09-40","T001-T004","formal_awp_00"
"ASR-009.AED-09-40","aemusa_ms_country_cluster_aed_09_40_settled","历史进度","country","flag","no","settle_story_cluster_once","事件簇生命周期审计与获批章节接口","存档永久","completed 且独立 settlement guard 尚未写入","AED-09-40","T001-T004","formal_awp_00"
"ASR-S001.AED-09-40","aemusa_ms_country_settlement_aed_09_40_done","唯一结算","country","flag","no","settle_story_cluster_once","唯一结算审计器","存档永久","仅在 AED-09-40 completed 后写入；与 settled 结果事实分离","AED-09-40","T003/T016","formal_awp_00"
"ASR-006.AED-10-00","aemusa_ms_country_cluster_aed_10_00_started","历史进度","country","flag","no","begin_story_cluster","事件簇生命周期审计与获批章节接口","事件簇永久","入口检查通过","AED-10-00","T001-T004","formal_awp_00"
"ASR-007.AED-10-00","aemusa_ms_country_cluster_aed_10_00_in_progress","历史进度","country","flag","no","事件簇操作接口","事件簇生命周期审计与获批章节接口","事件簇","已 started、未 completed","AED-10-00","T001-T004","formal_awp_00"
"ASR-008.AED-10-00","aemusa_ms_country_cluster_aed_10_00_completed","历史进度","country","flag","no","complete_story_cluster","事件簇生命周期审计与获批章节接口","事件簇永久","子步骤完成、未 settled","AED-10-00","T001-T004","formal_awp_00"
"ASR-009.AED-10-00","aemusa_ms_country_cluster_aed_10_00_settled","历史进度","country","flag","no","settle_story_cluster_once","事件簇生命周期审计与获批章节接口","存档永久","completed 且独立 settlement guard 尚未写入","AED-10-00","T001-T004","formal_awp_00"
"ASR-S001.AED-10-00","aemusa_ms_country_settlement_aed_10_00_done","唯一结算","country","flag","no","settle_story_cluster_once","唯一结算审计器","存档永久","仅在 AED-10-00 completed 后写入；与 settled 结果事实分离","AED-10-00","T003/T016","formal_awp_00"
"ASR-006.AED-10-10","aemusa_ms_country_cluster_aed_10_10_started","历史进度","country","flag","no","begin_story_cluster","事件簇生命周期审计与获批章节接口","事件簇永久","入口检查通过","AED-10-10","T001-T004","formal_awp_00"
"ASR-007.AED-10-10","aemusa_ms_country_cluster_aed_10_10_in_progress","历史进度","country","flag","no","事件簇操作接口","事件簇生命周期审计与获批章节接口","事件簇","已 started、未 completed","AED-10-10","T001-T004","formal_awp_00"
"ASR-008.AED-10-10","aemusa_ms_country_cluster_aed_10_10_completed","历史进度","country","flag","no","complete_story_cluster","事件簇生命周期审计与获批章节接口","事件簇永久","子步骤完成、未 settled","AED-10-10","T001-T004","formal_awp_00"
"ASR-009.AED-10-10","aemusa_ms_country_cluster_aed_10_10_settled","历史进度","country","flag","no","settle_story_cluster_once","事件簇生命周期审计与获批章节接口","存档永久","completed 且独立 settlement guard 尚未写入","AED-10-10","T001-T004","formal_awp_00"
"ASR-S001.AED-10-10","aemusa_ms_country_settlement_aed_10_10_done","唯一结算","country","flag","no","settle_story_cluster_once","唯一结算审计器","存档永久","仅在 AED-10-10 completed 后写入；与 settled 结果事实分离","AED-10-10","T003/T016","formal_awp_00"
"ASR-006.AED-10-20","aemusa_ms_country_cluster_aed_10_20_started","历史进度","country","flag","no","begin_story_cluster","事件簇生命周期审计与获批章节接口","事件簇永久","入口检查通过","AED-10-20","T001-T004","formal_awp_00"
"ASR-007.AED-10-20","aemusa_ms_country_cluster_aed_10_20_in_progress","历史进度","country","flag","no","事件簇操作接口","事件簇生命周期审计与获批章节接口","事件簇","已 started、未 completed","AED-10-20","T001-T004","formal_awp_00"
"ASR-008.AED-10-20","aemusa_ms_country_cluster_aed_10_20_completed","历史进度","country","flag","no","complete_story_cluster","事件簇生命周期审计与获批章节接口","事件簇永久","子步骤完成、未 settled","AED-10-20","T001-T004","formal_awp_00"
"ASR-009.AED-10-20","aemusa_ms_country_cluster_aed_10_20_settled","历史进度","country","flag","no","settle_story_cluster_once","事件簇生命周期审计与获批章节接口","存档永久","completed 且独立 settlement guard 尚未写入","AED-10-20","T001-T004","formal_awp_00"
"ASR-S001.AED-10-20","aemusa_ms_country_settlement_aed_10_20_done","唯一结算","country","flag","no","settle_story_cluster_once","唯一结算审计器","存档永久","仅在 AED-10-20 completed 后写入；与 settled 结果事实分离","AED-10-20","T003/T016","formal_awp_00"
"ASR-006.AED-10-30","aemusa_ms_country_cluster_aed_10_30_started","历史进度","country","flag","no","begin_story_cluster","事件簇生命周期审计与获批章节接口","事件簇永久","入口检查通过","AED-10-30","T001-T004","formal_awp_00"
"ASR-007.AED-10-30","aemusa_ms_country_cluster_aed_10_30_in_progress","历史进度","country","flag","no","事件簇操作接口","事件簇生命周期审计与获批章节接口","事件簇","已 started、未 completed","AED-10-30","T001-T004","formal_awp_00"
"ASR-008.AED-10-30","aemusa_ms_country_cluster_aed_10_30_completed","历史进度","country","flag","no","complete_story_cluster","事件簇生命周期审计与获批章节接口","事件簇永久","子步骤完成、未 settled","AED-10-30","T001-T004","formal_awp_00"
"ASR-009.AED-10-30","aemusa_ms_country_cluster_aed_10_30_settled","历史进度","country","flag","no","settle_story_cluster_once","事件簇生命周期审计与获批章节接口","存档永久","completed 且独立 settlement guard 尚未写入","AED-10-30","T001-T004","formal_awp_00"
"ASR-S001.AED-10-30","aemusa_ms_country_settlement_aed_10_30_done","唯一结算","country","flag","no","settle_story_cluster_once","唯一结算审计器","存档永久","仅在 AED-10-30 completed 后写入；与 settled 结果事实分离","AED-10-30","T003/T016","formal_awp_00"
"ASR-006.AED-10-40","aemusa_ms_country_cluster_aed_10_40_started","历史进度","country","flag","no","begin_story_cluster","事件簇生命周期审计与获批章节接口","事件簇永久","入口检查通过","AED-10-40","T001-T004","formal_awp_00"
"ASR-007.AED-10-40","aemusa_ms_country_cluster_aed_10_40_in_progress","历史进度","country","flag","no","事件簇操作接口","事件簇生命周期审计与获批章节接口","事件簇","已 started、未 completed","AED-10-40","T001-T004","formal_awp_00"
"ASR-008.AED-10-40","aemusa_ms_country_cluster_aed_10_40_completed","历史进度","country","flag","no","complete_story_cluster","事件簇生命周期审计与获批章节接口","事件簇永久","子步骤完成、未 settled","AED-10-40","T001-T004","formal_awp_00"
"ASR-009.AED-10-40","aemusa_ms_country_cluster_aed_10_40_settled","历史进度","country","flag","no","settle_story_cluster_once","事件簇生命周期审计与获批章节接口","存档永久","completed 且独立 settlement guard 尚未写入","AED-10-40","T001-T004","formal_awp_00"
"ASR-S001.AED-10-40","aemusa_ms_country_settlement_aed_10_40_done","唯一结算","country","flag","no","settle_story_cluster_once","唯一结算审计器","存档永久","仅在 AED-10-40 completed 后写入；与 settled 结果事实分离","AED-10-40","T003/T016","formal_awp_00"
"ASR-006.AED-11-00","aemusa_ms_country_cluster_aed_11_00_started","历史进度","country","flag","no","begin_story_cluster","事件簇生命周期审计与获批章节接口","事件簇永久","入口检查通过","AED-11-00","T001-T004","formal_awp_00"
"ASR-007.AED-11-00","aemusa_ms_country_cluster_aed_11_00_in_progress","历史进度","country","flag","no","事件簇操作接口","事件簇生命周期审计与获批章节接口","事件簇","已 started、未 completed","AED-11-00","T001-T004","formal_awp_00"
"ASR-008.AED-11-00","aemusa_ms_country_cluster_aed_11_00_completed","历史进度","country","flag","no","complete_story_cluster","事件簇生命周期审计与获批章节接口","事件簇永久","子步骤完成、未 settled","AED-11-00","T001-T004","formal_awp_00"
"ASR-009.AED-11-00","aemusa_ms_country_cluster_aed_11_00_settled","历史进度","country","flag","no","settle_story_cluster_once","事件簇生命周期审计与获批章节接口","存档永久","completed 且独立 settlement guard 尚未写入","AED-11-00","T001-T004","formal_awp_00"
"ASR-S001.AED-11-00","aemusa_ms_country_settlement_aed_11_00_done","唯一结算","country","flag","no","settle_story_cluster_once","唯一结算审计器","存档永久","仅在 AED-11-00 completed 后写入；与 settled 结果事实分离","AED-11-00","T003/T016","formal_awp_00"
"ASR-006.AED-11-10","aemusa_ms_country_cluster_aed_11_10_started","历史进度","country","flag","no","begin_story_cluster","事件簇生命周期审计与获批章节接口","事件簇永久","入口检查通过","AED-11-10","T001-T004","formal_awp_00"
"ASR-007.AED-11-10","aemusa_ms_country_cluster_aed_11_10_in_progress","历史进度","country","flag","no","事件簇操作接口","事件簇生命周期审计与获批章节接口","事件簇","已 started、未 completed","AED-11-10","T001-T004","formal_awp_00"
"ASR-008.AED-11-10","aemusa_ms_country_cluster_aed_11_10_completed","历史进度","country","flag","no","complete_story_cluster","事件簇生命周期审计与获批章节接口","事件簇永久","子步骤完成、未 settled","AED-11-10","T001-T004","formal_awp_00"
"ASR-009.AED-11-10","aemusa_ms_country_cluster_aed_11_10_settled","历史进度","country","flag","no","settle_story_cluster_once","事件簇生命周期审计与获批章节接口","存档永久","completed 且独立 settlement guard 尚未写入","AED-11-10","T001-T004","formal_awp_00"
"ASR-S001.AED-11-10","aemusa_ms_country_settlement_aed_11_10_done","唯一结算","country","flag","no","settle_story_cluster_once","唯一结算审计器","存档永久","仅在 AED-11-10 completed 后写入；与 settled 结果事实分离","AED-11-10","T003/T016","formal_awp_00"
"ASR-006.AED-11-20","aemusa_ms_country_cluster_aed_11_20_started","历史进度","country","flag","no","begin_story_cluster","事件簇生命周期审计与获批章节接口","事件簇永久","入口检查通过","AED-11-20","T001-T004","formal_awp_00"
"ASR-007.AED-11-20","aemusa_ms_country_cluster_aed_11_20_in_progress","历史进度","country","flag","no","事件簇操作接口","事件簇生命周期审计与获批章节接口","事件簇","已 started、未 completed","AED-11-20","T001-T004","formal_awp_00"
"ASR-008.AED-11-20","aemusa_ms_country_cluster_aed_11_20_completed","历史进度","country","flag","no","complete_story_cluster","事件簇生命周期审计与获批章节接口","事件簇永久","子步骤完成、未 settled","AED-11-20","T001-T004","formal_awp_00"
"ASR-009.AED-11-20","aemusa_ms_country_cluster_aed_11_20_settled","历史进度","country","flag","no","settle_story_cluster_once","事件簇生命周期审计与获批章节接口","存档永久","completed 且独立 settlement guard 尚未写入","AED-11-20","T001-T004","formal_awp_00"
"ASR-S001.AED-11-20","aemusa_ms_country_settlement_aed_11_20_done","唯一结算","country","flag","no","settle_story_cluster_once","唯一结算审计器","存档永久","仅在 AED-11-20 completed 后写入；与 settled 结果事实分离","AED-11-20","T003/T016","formal_awp_00"
"ASR-006.AED-11-30","aemusa_ms_country_cluster_aed_11_30_started","历史进度","country","flag","no","begin_story_cluster","事件簇生命周期审计与获批章节接口","事件簇永久","入口检查通过","AED-11-30","T001-T004","formal_awp_00"
"ASR-007.AED-11-30","aemusa_ms_country_cluster_aed_11_30_in_progress","历史进度","country","flag","no","事件簇操作接口","事件簇生命周期审计与获批章节接口","事件簇","已 started、未 completed","AED-11-30","T001-T004","formal_awp_00"
"ASR-008.AED-11-30","aemusa_ms_country_cluster_aed_11_30_completed","历史进度","country","flag","no","complete_story_cluster","事件簇生命周期审计与获批章节接口","事件簇永久","子步骤完成、未 settled","AED-11-30","T001-T004","formal_awp_00"
"ASR-009.AED-11-30","aemusa_ms_country_cluster_aed_11_30_settled","历史进度","country","flag","no","settle_story_cluster_once","事件簇生命周期审计与获批章节接口","存档永久","completed 且独立 settlement guard 尚未写入","AED-11-30","T001-T004","formal_awp_00"
"ASR-S001.AED-11-30","aemusa_ms_country_settlement_aed_11_30_done","唯一结算","country","flag","no","settle_story_cluster_once","唯一结算审计器","存档永久","仅在 AED-11-30 completed 后写入；与 settled 结果事实分离","AED-11-30","T003/T016","formal_awp_00"
"ASR-006.AED-11-40","aemusa_ms_country_cluster_aed_11_40_started","历史进度","country","flag","no","begin_story_cluster","事件簇生命周期审计与获批章节接口","事件簇永久","入口检查通过","AED-11-40","T001-T004","formal_awp_00"
"ASR-007.AED-11-40","aemusa_ms_country_cluster_aed_11_40_in_progress","历史进度","country","flag","no","事件簇操作接口","事件簇生命周期审计与获批章节接口","事件簇","已 started、未 completed","AED-11-40","T001-T004","formal_awp_00"
"ASR-008.AED-11-40","aemusa_ms_country_cluster_aed_11_40_completed","历史进度","country","flag","no","complete_story_cluster","事件簇生命周期审计与获批章节接口","事件簇永久","子步骤完成、未 settled","AED-11-40","T001-T004","formal_awp_00"
"ASR-009.AED-11-40","aemusa_ms_country_cluster_aed_11_40_settled","历史进度","country","flag","no","settle_story_cluster_once","事件簇生命周期审计与获批章节接口","存档永久","completed 且独立 settlement guard 尚未写入","AED-11-40","T001-T004","formal_awp_00"
"ASR-S001.AED-11-40","aemusa_ms_country_settlement_aed_11_40_done","唯一结算","country","flag","no","settle_story_cluster_once","唯一结算审计器","存档永久","仅在 AED-11-40 completed 后写入；与 settled 结果事实分离","AED-11-40","T003/T016","formal_awp_00"
"ASR-006.AED-12-00","aemusa_ms_country_cluster_aed_12_00_started","历史进度","country","flag","no","begin_story_cluster","事件簇生命周期审计与获批章节接口","事件簇永久","入口检查通过","AED-12-00","T001-T004","formal_awp_00"
"ASR-007.AED-12-00","aemusa_ms_country_cluster_aed_12_00_in_progress","历史进度","country","flag","no","事件簇操作接口","事件簇生命周期审计与获批章节接口","事件簇","已 started、未 completed","AED-12-00","T001-T004","formal_awp_00"
"ASR-008.AED-12-00","aemusa_ms_country_cluster_aed_12_00_completed","历史进度","country","flag","no","complete_story_cluster","事件簇生命周期审计与获批章节接口","事件簇永久","子步骤完成、未 settled","AED-12-00","T001-T004","formal_awp_00"
"ASR-009.AED-12-00","aemusa_ms_country_cluster_aed_12_00_settled","历史进度","country","flag","no","settle_story_cluster_once","事件簇生命周期审计与获批章节接口","存档永久","completed 且独立 settlement guard 尚未写入","AED-12-00","T001-T004","formal_awp_00"
"ASR-S001.AED-12-00","aemusa_ms_country_settlement_aed_12_00_done","唯一结算","country","flag","no","settle_story_cluster_once","唯一结算审计器","存档永久","仅在 AED-12-00 completed 后写入；与 settled 结果事实分离","AED-12-00","T003/T016","formal_awp_00"
"ASR-006.AED-12-10","aemusa_ms_country_cluster_aed_12_10_started","历史进度","country","flag","no","begin_story_cluster","事件簇生命周期审计与获批章节接口","事件簇永久","入口检查通过","AED-12-10","T001-T004","formal_awp_00"
"ASR-007.AED-12-10","aemusa_ms_country_cluster_aed_12_10_in_progress","历史进度","country","flag","no","事件簇操作接口","事件簇生命周期审计与获批章节接口","事件簇","已 started、未 completed","AED-12-10","T001-T004","formal_awp_00"
"ASR-008.AED-12-10","aemusa_ms_country_cluster_aed_12_10_completed","历史进度","country","flag","no","complete_story_cluster","事件簇生命周期审计与获批章节接口","事件簇永久","子步骤完成、未 settled","AED-12-10","T001-T004","formal_awp_00"
"ASR-009.AED-12-10","aemusa_ms_country_cluster_aed_12_10_settled","历史进度","country","flag","no","settle_story_cluster_once","事件簇生命周期审计与获批章节接口","存档永久","completed 且独立 settlement guard 尚未写入","AED-12-10","T001-T004","formal_awp_00"
"ASR-S001.AED-12-10","aemusa_ms_country_settlement_aed_12_10_done","唯一结算","country","flag","no","settle_story_cluster_once","唯一结算审计器","存档永久","仅在 AED-12-10 completed 后写入；与 settled 结果事实分离","AED-12-10","T003/T016","formal_awp_00"
"ASR-006.AED-12-20","aemusa_ms_country_cluster_aed_12_20_started","历史进度","country","flag","no","begin_story_cluster","事件簇生命周期审计与获批章节接口","事件簇永久","入口检查通过","AED-12-20","T001-T004","formal_awp_00"
"ASR-007.AED-12-20","aemusa_ms_country_cluster_aed_12_20_in_progress","历史进度","country","flag","no","事件簇操作接口","事件簇生命周期审计与获批章节接口","事件簇","已 started、未 completed","AED-12-20","T001-T004","formal_awp_00"
"ASR-008.AED-12-20","aemusa_ms_country_cluster_aed_12_20_completed","历史进度","country","flag","no","complete_story_cluster","事件簇生命周期审计与获批章节接口","事件簇永久","子步骤完成、未 settled","AED-12-20","T001-T004","formal_awp_00"
"ASR-009.AED-12-20","aemusa_ms_country_cluster_aed_12_20_settled","历史进度","country","flag","no","settle_story_cluster_once","事件簇生命周期审计与获批章节接口","存档永久","completed 且独立 settlement guard 尚未写入","AED-12-20","T001-T004","formal_awp_00"
"ASR-S001.AED-12-20","aemusa_ms_country_settlement_aed_12_20_done","唯一结算","country","flag","no","settle_story_cluster_once","唯一结算审计器","存档永久","仅在 AED-12-20 completed 后写入；与 settled 结果事实分离","AED-12-20","T003/T016","formal_awp_00"
"ASR-006.AED-12-30","aemusa_ms_country_cluster_aed_12_30_started","历史进度","country","flag","no","begin_story_cluster","事件簇生命周期审计与获批章节接口","事件簇永久","入口检查通过","AED-12-30","T001-T004","formal_awp_00"
"ASR-007.AED-12-30","aemusa_ms_country_cluster_aed_12_30_in_progress","历史进度","country","flag","no","事件簇操作接口","事件簇生命周期审计与获批章节接口","事件簇","已 started、未 completed","AED-12-30","T001-T004","formal_awp_00"
"ASR-008.AED-12-30","aemusa_ms_country_cluster_aed_12_30_completed","历史进度","country","flag","no","complete_story_cluster","事件簇生命周期审计与获批章节接口","事件簇永久","子步骤完成、未 settled","AED-12-30","T001-T004","formal_awp_00"
"ASR-009.AED-12-30","aemusa_ms_country_cluster_aed_12_30_settled","历史进度","country","flag","no","settle_story_cluster_once","事件簇生命周期审计与获批章节接口","存档永久","completed 且独立 settlement guard 尚未写入","AED-12-30","T001-T004","formal_awp_00"
"ASR-S001.AED-12-30","aemusa_ms_country_settlement_aed_12_30_done","唯一结算","country","flag","no","settle_story_cluster_once","唯一结算审计器","存档永久","仅在 AED-12-30 completed 后写入；与 settled 结果事实分离","AED-12-30","T003/T016","formal_awp_00"
"ASR-006.AED-12-40","aemusa_ms_country_cluster_aed_12_40_started","历史进度","country","flag","no","begin_story_cluster","事件簇生命周期审计与获批章节接口","事件簇永久","入口检查通过","AED-12-40","T001-T004","formal_awp_00"
"ASR-007.AED-12-40","aemusa_ms_country_cluster_aed_12_40_in_progress","历史进度","country","flag","no","事件簇操作接口","事件簇生命周期审计与获批章节接口","事件簇","已 started、未 completed","AED-12-40","T001-T004","formal_awp_00"
"ASR-008.AED-12-40","aemusa_ms_country_cluster_aed_12_40_completed","历史进度","country","flag","no","complete_story_cluster","事件簇生命周期审计与获批章节接口","事件簇永久","子步骤完成、未 settled","AED-12-40","T001-T004","formal_awp_00"
"ASR-009.AED-12-40","aemusa_ms_country_cluster_aed_12_40_settled","历史进度","country","flag","no","settle_story_cluster_once","事件簇生命周期审计与获批章节接口","存档永久","completed 且独立 settlement guard 尚未写入","AED-12-40","T001-T004","formal_awp_00"
"ASR-S001.AED-12-40","aemusa_ms_country_settlement_aed_12_40_done","唯一结算","country","flag","no","settle_story_cluster_once","唯一结算审计器","存档永久","仅在 AED-12-40 completed 后写入；与 settled 结果事实分离","AED-12-40","T003/T016","formal_awp_00"
"ASR-006.AED-12-50","aemusa_ms_country_cluster_aed_12_50_started","历史进度","country","flag","no","begin_story_cluster","事件簇生命周期审计与获批章节接口","事件簇永久","入口检查通过","AED-12-50","T001-T004","formal_awp_00"
"ASR-007.AED-12-50","aemusa_ms_country_cluster_aed_12_50_in_progress","历史进度","country","flag","no","事件簇操作接口","事件簇生命周期审计与获批章节接口","事件簇","已 started、未 completed","AED-12-50","T001-T004","formal_awp_00"
"ASR-008.AED-12-50","aemusa_ms_country_cluster_aed_12_50_completed","历史进度","country","flag","no","complete_story_cluster","事件簇生命周期审计与获批章节接口","事件簇永久","子步骤完成、未 settled","AED-12-50","T001-T004","formal_awp_00"
"ASR-009.AED-12-50","aemusa_ms_country_cluster_aed_12_50_settled","历史进度","country","flag","no","settle_story_cluster_once","事件簇生命周期审计与获批章节接口","存档永久","completed 且独立 settlement guard 尚未写入","AED-12-50","T001-T004","formal_awp_00"
"ASR-S001.AED-12-50","aemusa_ms_country_settlement_aed_12_50_done","唯一结算","country","flag","no","settle_story_cluster_once","唯一结算审计器","存档永久","仅在 AED-12-50 completed 后写入；与 settled 结果事实分离","AED-12-50","T003/T016","formal_awp_00"
"ASR-006.AED-12-60","aemusa_ms_country_cluster_aed_12_60_started","历史进度","country","flag","no","begin_story_cluster","事件簇生命周期审计与获批章节接口","事件簇永久","入口检查通过","AED-12-60","T001-T004","formal_awp_00"
"ASR-007.AED-12-60","aemusa_ms_country_cluster_aed_12_60_in_progress","历史进度","country","flag","no","事件簇操作接口","事件簇生命周期审计与获批章节接口","事件簇","已 started、未 completed","AED-12-60","T001-T004","formal_awp_00"
"ASR-008.AED-12-60","aemusa_ms_country_cluster_aed_12_60_completed","历史进度","country","flag","no","complete_story_cluster","事件簇生命周期审计与获批章节接口","事件簇永久","子步骤完成、未 settled","AED-12-60","T001-T004","formal_awp_00"
"ASR-009.AED-12-60","aemusa_ms_country_cluster_aed_12_60_settled","历史进度","country","flag","no","settle_story_cluster_once","事件簇生命周期审计与获批章节接口","存档永久","completed 且独立 settlement guard 尚未写入","AED-12-60","T001-T004","formal_awp_00"
"ASR-S001.AED-12-60","aemusa_ms_country_settlement_aed_12_60_done","唯一结算","country","flag","no","settle_story_cluster_once","唯一结算审计器","存档永久","仅在 AED-12-60 completed 后写入；与 settled 结果事实分离","AED-12-60","T003/T016","formal_awp_00"
"ASR-006.AED-13-00","aemusa_ms_country_cluster_aed_13_00_started","历史进度","country","flag","no","begin_story_cluster","事件簇生命周期审计与获批章节接口","事件簇永久","入口检查通过","AED-13-00","T001-T004","formal_awp_00"
"ASR-007.AED-13-00","aemusa_ms_country_cluster_aed_13_00_in_progress","历史进度","country","flag","no","事件簇操作接口","事件簇生命周期审计与获批章节接口","事件簇","已 started、未 completed","AED-13-00","T001-T004","formal_awp_00"
"ASR-008.AED-13-00","aemusa_ms_country_cluster_aed_13_00_completed","历史进度","country","flag","no","complete_story_cluster","事件簇生命周期审计与获批章节接口","事件簇永久","子步骤完成、未 settled","AED-13-00","T001-T004","formal_awp_00"
"ASR-009.AED-13-00","aemusa_ms_country_cluster_aed_13_00_settled","历史进度","country","flag","no","settle_story_cluster_once","事件簇生命周期审计与获批章节接口","存档永久","completed 且独立 settlement guard 尚未写入","AED-13-00","T001-T004","formal_awp_00"
"ASR-S001.AED-13-00","aemusa_ms_country_settlement_aed_13_00_done","唯一结算","country","flag","no","settle_story_cluster_once","唯一结算审计器","存档永久","仅在 AED-13-00 completed 后写入；与 settled 结果事实分离","AED-13-00","T003/T016","formal_awp_00"
"ASR-006.AED-13-10","aemusa_ms_country_cluster_aed_13_10_started","历史进度","country","flag","no","begin_story_cluster","事件簇生命周期审计与获批章节接口","事件簇永久","入口检查通过","AED-13-10","T001-T004","formal_awp_00"
"ASR-007.AED-13-10","aemusa_ms_country_cluster_aed_13_10_in_progress","历史进度","country","flag","no","事件簇操作接口","事件簇生命周期审计与获批章节接口","事件簇","已 started、未 completed","AED-13-10","T001-T004","formal_awp_00"
"ASR-008.AED-13-10","aemusa_ms_country_cluster_aed_13_10_completed","历史进度","country","flag","no","complete_story_cluster","事件簇生命周期审计与获批章节接口","事件簇永久","子步骤完成、未 settled","AED-13-10","T001-T004","formal_awp_00"
"ASR-009.AED-13-10","aemusa_ms_country_cluster_aed_13_10_settled","历史进度","country","flag","no","settle_story_cluster_once","事件簇生命周期审计与获批章节接口","存档永久","completed 且独立 settlement guard 尚未写入","AED-13-10","T001-T004","formal_awp_00"
"ASR-S001.AED-13-10","aemusa_ms_country_settlement_aed_13_10_done","唯一结算","country","flag","no","settle_story_cluster_once","唯一结算审计器","存档永久","仅在 AED-13-10 completed 后写入；与 settled 结果事实分离","AED-13-10","T003/T016","formal_awp_00"
"ASR-006.AED-13-20","aemusa_ms_country_cluster_aed_13_20_started","历史进度","country","flag","no","begin_story_cluster","事件簇生命周期审计与获批章节接口","事件簇永久","入口检查通过","AED-13-20","T001-T004","formal_awp_00"
"ASR-007.AED-13-20","aemusa_ms_country_cluster_aed_13_20_in_progress","历史进度","country","flag","no","事件簇操作接口","事件簇生命周期审计与获批章节接口","事件簇","已 started、未 completed","AED-13-20","T001-T004","formal_awp_00"
"ASR-008.AED-13-20","aemusa_ms_country_cluster_aed_13_20_completed","历史进度","country","flag","no","complete_story_cluster","事件簇生命周期审计与获批章节接口","事件簇永久","子步骤完成、未 settled","AED-13-20","T001-T004","formal_awp_00"
"ASR-009.AED-13-20","aemusa_ms_country_cluster_aed_13_20_settled","历史进度","country","flag","no","settle_story_cluster_once","事件簇生命周期审计与获批章节接口","存档永久","completed 且独立 settlement guard 尚未写入","AED-13-20","T001-T004","formal_awp_00"
"ASR-S001.AED-13-20","aemusa_ms_country_settlement_aed_13_20_done","唯一结算","country","flag","no","settle_story_cluster_once","唯一结算审计器","存档永久","仅在 AED-13-20 completed 后写入；与 settled 结果事实分离","AED-13-20","T003/T016","formal_awp_00"
"ASR-006.AED-13-30","aemusa_ms_country_cluster_aed_13_30_started","历史进度","country","flag","no","begin_story_cluster","事件簇生命周期审计与获批章节接口","事件簇永久","入口检查通过","AED-13-30","T001-T004","formal_awp_00"
"ASR-007.AED-13-30","aemusa_ms_country_cluster_aed_13_30_in_progress","历史进度","country","flag","no","事件簇操作接口","事件簇生命周期审计与获批章节接口","事件簇","已 started、未 completed","AED-13-30","T001-T004","formal_awp_00"
"ASR-008.AED-13-30","aemusa_ms_country_cluster_aed_13_30_completed","历史进度","country","flag","no","complete_story_cluster","事件簇生命周期审计与获批章节接口","事件簇永久","子步骤完成、未 settled","AED-13-30","T001-T004","formal_awp_00"
"ASR-009.AED-13-30","aemusa_ms_country_cluster_aed_13_30_settled","历史进度","country","flag","no","settle_story_cluster_once","事件簇生命周期审计与获批章节接口","存档永久","completed 且独立 settlement guard 尚未写入","AED-13-30","T001-T004","formal_awp_00"
"ASR-S001.AED-13-30","aemusa_ms_country_settlement_aed_13_30_done","唯一结算","country","flag","no","settle_story_cluster_once","唯一结算审计器","存档永久","仅在 AED-13-30 completed 后写入；与 settled 结果事实分离","AED-13-30","T003/T016","formal_awp_00"
"ASR-006.AED-13-40","aemusa_ms_country_cluster_aed_13_40_started","历史进度","country","flag","no","begin_story_cluster","事件簇生命周期审计与获批章节接口","事件簇永久","入口检查通过","AED-13-40","T001-T004","formal_awp_00"
"ASR-007.AED-13-40","aemusa_ms_country_cluster_aed_13_40_in_progress","历史进度","country","flag","no","事件簇操作接口","事件簇生命周期审计与获批章节接口","事件簇","已 started、未 completed","AED-13-40","T001-T004","formal_awp_00"
"ASR-008.AED-13-40","aemusa_ms_country_cluster_aed_13_40_completed","历史进度","country","flag","no","complete_story_cluster","事件簇生命周期审计与获批章节接口","事件簇永久","子步骤完成、未 settled","AED-13-40","T001-T004","formal_awp_00"
"ASR-009.AED-13-40","aemusa_ms_country_cluster_aed_13_40_settled","历史进度","country","flag","no","settle_story_cluster_once","事件簇生命周期审计与获批章节接口","存档永久","completed 且独立 settlement guard 尚未写入","AED-13-40","T001-T004","formal_awp_00"
"ASR-S001.AED-13-40","aemusa_ms_country_settlement_aed_13_40_done","唯一结算","country","flag","no","settle_story_cluster_once","唯一结算审计器","存档永久","仅在 AED-13-40 completed 后写入；与 settled 结果事实分离","AED-13-40","T003/T016","formal_awp_00"
"ASR-006.AED-14-00","aemusa_ms_country_cluster_aed_14_00_started","历史进度","country","flag","no","begin_story_cluster","事件簇生命周期审计与获批章节接口","事件簇永久","入口检查通过","AED-14-00","T001-T004","formal_awp_00"
"ASR-007.AED-14-00","aemusa_ms_country_cluster_aed_14_00_in_progress","历史进度","country","flag","no","事件簇操作接口","事件簇生命周期审计与获批章节接口","事件簇","已 started、未 completed","AED-14-00","T001-T004","formal_awp_00"
"ASR-008.AED-14-00","aemusa_ms_country_cluster_aed_14_00_completed","历史进度","country","flag","no","complete_story_cluster","事件簇生命周期审计与获批章节接口","事件簇永久","子步骤完成、未 settled","AED-14-00","T001-T004","formal_awp_00"
"ASR-009.AED-14-00","aemusa_ms_country_cluster_aed_14_00_settled","历史进度","country","flag","no","settle_story_cluster_once","事件簇生命周期审计与获批章节接口","存档永久","completed 且独立 settlement guard 尚未写入","AED-14-00","T001-T004","formal_awp_00"
"ASR-S001.AED-14-00","aemusa_ms_country_settlement_aed_14_00_done","唯一结算","country","flag","no","settle_story_cluster_once","唯一结算审计器","存档永久","仅在 AED-14-00 completed 后写入；与 settled 结果事实分离","AED-14-00","T003/T016","formal_awp_00"
"ASR-006.AED-14-10","aemusa_ms_country_cluster_aed_14_10_started","历史进度","country","flag","no","begin_story_cluster","事件簇生命周期审计与获批章节接口","事件簇永久","入口检查通过","AED-14-10","T001-T004","formal_awp_00"
"ASR-007.AED-14-10","aemusa_ms_country_cluster_aed_14_10_in_progress","历史进度","country","flag","no","事件簇操作接口","事件簇生命周期审计与获批章节接口","事件簇","已 started、未 completed","AED-14-10","T001-T004","formal_awp_00"
"ASR-008.AED-14-10","aemusa_ms_country_cluster_aed_14_10_completed","历史进度","country","flag","no","complete_story_cluster","事件簇生命周期审计与获批章节接口","事件簇永久","子步骤完成、未 settled","AED-14-10","T001-T004","formal_awp_00"
"ASR-009.AED-14-10","aemusa_ms_country_cluster_aed_14_10_settled","历史进度","country","flag","no","settle_story_cluster_once","事件簇生命周期审计与获批章节接口","存档永久","completed 且独立 settlement guard 尚未写入","AED-14-10","T001-T004","formal_awp_00"
"ASR-S001.AED-14-10","aemusa_ms_country_settlement_aed_14_10_done","唯一结算","country","flag","no","settle_story_cluster_once","唯一结算审计器","存档永久","仅在 AED-14-10 completed 后写入；与 settled 结果事实分离","AED-14-10","T003/T016","formal_awp_00"
"ASR-006.AED-14-30","aemusa_ms_country_cluster_aed_14_30_started","历史进度","country","flag","no","begin_story_cluster","事件簇生命周期审计与获批章节接口","事件簇永久","入口检查通过","AED-14-30","T001-T004","formal_awp_00"
"ASR-007.AED-14-30","aemusa_ms_country_cluster_aed_14_30_in_progress","历史进度","country","flag","no","事件簇操作接口","事件簇生命周期审计与获批章节接口","事件簇","已 started、未 completed","AED-14-30","T001-T004","formal_awp_00"
"ASR-008.AED-14-30","aemusa_ms_country_cluster_aed_14_30_completed","历史进度","country","flag","no","complete_story_cluster","事件簇生命周期审计与获批章节接口","事件簇永久","子步骤完成、未 settled","AED-14-30","T001-T004","formal_awp_00"
"ASR-009.AED-14-30","aemusa_ms_country_cluster_aed_14_30_settled","历史进度","country","flag","no","settle_story_cluster_once","事件簇生命周期审计与获批章节接口","存档永久","completed 且独立 settlement guard 尚未写入","AED-14-30","T001-T004","formal_awp_00"
"ASR-S001.AED-14-30","aemusa_ms_country_settlement_aed_14_30_done","唯一结算","country","flag","no","settle_story_cluster_once","唯一结算审计器","存档永久","仅在 AED-14-30 completed 后写入；与 settled 结果事实分离","AED-14-30","T003/T016","formal_awp_00"
"ASR-006.AED-14-20","aemusa_ms_country_cluster_aed_14_20_started","历史进度","country","flag","no","begin_story_cluster","事件簇生命周期审计与获批章节接口","事件簇永久","入口检查通过","AED-14-20","T001-T004","formal_awp_00"
"ASR-007.AED-14-20","aemusa_ms_country_cluster_aed_14_20_in_progress","历史进度","country","flag","no","事件簇操作接口","事件簇生命周期审计与获批章节接口","事件簇","已 started、未 completed","AED-14-20","T001-T004","formal_awp_00"
"ASR-008.AED-14-20","aemusa_ms_country_cluster_aed_14_20_completed","历史进度","country","flag","no","complete_story_cluster","事件簇生命周期审计与获批章节接口","事件簇永久","子步骤完成、未 settled","AED-14-20","T001-T004","formal_awp_00"
"ASR-009.AED-14-20","aemusa_ms_country_cluster_aed_14_20_settled","历史进度","country","flag","no","settle_story_cluster_once","事件簇生命周期审计与获批章节接口","存档永久","completed 且独立 settlement guard 尚未写入","AED-14-20","T001-T004","formal_awp_00"
"ASR-S001.AED-14-20","aemusa_ms_country_settlement_aed_14_20_done","唯一结算","country","flag","no","settle_story_cluster_once","唯一结算审计器","存档永久","仅在 AED-14-20 completed 后写入；与 settled 结果事实分离","AED-14-20","T003/T016","formal_awp_00"
"ASR-006.AED-15-00","aemusa_ms_country_cluster_aed_15_00_started","历史进度","country","flag","no","begin_story_cluster","事件簇生命周期审计与获批章节接口","事件簇永久","入口检查通过","AED-15-00","T001-T004","formal_awp_00"
"ASR-007.AED-15-00","aemusa_ms_country_cluster_aed_15_00_in_progress","历史进度","country","flag","no","事件簇操作接口","事件簇生命周期审计与获批章节接口","事件簇","已 started、未 completed","AED-15-00","T001-T004","formal_awp_00"
"ASR-008.AED-15-00","aemusa_ms_country_cluster_aed_15_00_completed","历史进度","country","flag","no","complete_story_cluster","事件簇生命周期审计与获批章节接口","事件簇永久","子步骤完成、未 settled","AED-15-00","T001-T004","formal_awp_00"
"ASR-009.AED-15-00","aemusa_ms_country_cluster_aed_15_00_settled","历史进度","country","flag","no","settle_story_cluster_once","事件簇生命周期审计与获批章节接口","存档永久","completed 且独立 settlement guard 尚未写入","AED-15-00","T001-T004","formal_awp_00"
"ASR-S001.AED-15-00","aemusa_ms_country_settlement_aed_15_00_done","唯一结算","country","flag","no","settle_story_cluster_once","唯一结算审计器","存档永久","仅在 AED-15-00 completed 后写入；与 settled 结果事实分离","AED-15-00","T003/T016","formal_awp_00"
"ASR-006.AED-15-10","aemusa_ms_country_cluster_aed_15_10_started","历史进度","country","flag","no","begin_story_cluster","事件簇生命周期审计与获批章节接口","事件簇永久","入口检查通过","AED-15-10","T001-T004","formal_awp_00"
"ASR-007.AED-15-10","aemusa_ms_country_cluster_aed_15_10_in_progress","历史进度","country","flag","no","事件簇操作接口","事件簇生命周期审计与获批章节接口","事件簇","已 started、未 completed","AED-15-10","T001-T004","formal_awp_00"
"ASR-008.AED-15-10","aemusa_ms_country_cluster_aed_15_10_completed","历史进度","country","flag","no","complete_story_cluster","事件簇生命周期审计与获批章节接口","事件簇永久","子步骤完成、未 settled","AED-15-10","T001-T004","formal_awp_00"
"ASR-009.AED-15-10","aemusa_ms_country_cluster_aed_15_10_settled","历史进度","country","flag","no","settle_story_cluster_once","事件簇生命周期审计与获批章节接口","存档永久","completed 且独立 settlement guard 尚未写入","AED-15-10","T001-T004","formal_awp_00"
"ASR-S001.AED-15-10","aemusa_ms_country_settlement_aed_15_10_done","唯一结算","country","flag","no","settle_story_cluster_once","唯一结算审计器","存档永久","仅在 AED-15-10 completed 后写入；与 settled 结果事实分离","AED-15-10","T003/T016","formal_awp_00"
"ASR-006.AED-15-30","aemusa_ms_country_cluster_aed_15_30_started","历史进度","country","flag","no","begin_story_cluster","事件簇生命周期审计与获批章节接口","事件簇永久","入口检查通过","AED-15-30","T001-T004","formal_awp_00"
"ASR-007.AED-15-30","aemusa_ms_country_cluster_aed_15_30_in_progress","历史进度","country","flag","no","事件簇操作接口","事件簇生命周期审计与获批章节接口","事件簇","已 started、未 completed","AED-15-30","T001-T004","formal_awp_00"
"ASR-008.AED-15-30","aemusa_ms_country_cluster_aed_15_30_completed","历史进度","country","flag","no","complete_story_cluster","事件簇生命周期审计与获批章节接口","事件簇永久","子步骤完成、未 settled","AED-15-30","T001-T004","formal_awp_00"
"ASR-009.AED-15-30","aemusa_ms_country_cluster_aed_15_30_settled","历史进度","country","flag","no","settle_story_cluster_once","事件簇生命周期审计与获批章节接口","存档永久","completed 且独立 settlement guard 尚未写入","AED-15-30","T001-T004","formal_awp_00"
"ASR-S001.AED-15-30","aemusa_ms_country_settlement_aed_15_30_done","唯一结算","country","flag","no","settle_story_cluster_once","唯一结算审计器","存档永久","仅在 AED-15-30 completed 后写入；与 settled 结果事实分离","AED-15-30","T003/T016","formal_awp_00"
"ASR-006.AED-15-20","aemusa_ms_country_cluster_aed_15_20_started","历史进度","country","flag","no","begin_story_cluster","事件簇生命周期审计与获批章节接口","事件簇永久","入口检查通过","AED-15-20","T001-T004","formal_awp_00"
"ASR-007.AED-15-20","aemusa_ms_country_cluster_aed_15_20_in_progress","历史进度","country","flag","no","事件簇操作接口","事件簇生命周期审计与获批章节接口","事件簇","已 started、未 completed","AED-15-20","T001-T004","formal_awp_00"
"ASR-008.AED-15-20","aemusa_ms_country_cluster_aed_15_20_completed","历史进度","country","flag","no","complete_story_cluster","事件簇生命周期审计与获批章节接口","事件簇永久","子步骤完成、未 settled","AED-15-20","T001-T004","formal_awp_00"
"ASR-009.AED-15-20","aemusa_ms_country_cluster_aed_15_20_settled","历史进度","country","flag","no","settle_story_cluster_once","事件簇生命周期审计与获批章节接口","存档永久","completed 且独立 settlement guard 尚未写入","AED-15-20","T001-T004","formal_awp_00"
"ASR-S001.AED-15-20","aemusa_ms_country_settlement_aed_15_20_done","唯一结算","country","flag","no","settle_story_cluster_once","唯一结算审计器","存档永久","仅在 AED-15-20 completed 后写入；与 settled 结果事实分离","AED-15-20","T003/T016","formal_awp_00"
"ASR-006.AED-NT-10","aemusa_ms_country_cluster_aed_nt_10_started","历史进度","country","flag","no","begin_story_cluster","事件簇生命周期审计与获批章节接口","事件簇永久","入口检查通过","AED-NT-10","T001-T004","formal_awp_00"
"ASR-007.AED-NT-10","aemusa_ms_country_cluster_aed_nt_10_in_progress","历史进度","country","flag","no","事件簇操作接口","事件簇生命周期审计与获批章节接口","事件簇","已 started、未 completed","AED-NT-10","T001-T004","formal_awp_00"
"ASR-008.AED-NT-10","aemusa_ms_country_cluster_aed_nt_10_completed","历史进度","country","flag","no","complete_story_cluster","事件簇生命周期审计与获批章节接口","事件簇永久","子步骤完成、未 settled","AED-NT-10","T001-T004","formal_awp_00"
"ASR-009.AED-NT-10","aemusa_ms_country_cluster_aed_nt_10_settled","历史进度","country","flag","no","settle_story_cluster_once","事件簇生命周期审计与获批章节接口","存档永久","completed 且独立 settlement guard 尚未写入","AED-NT-10","T001-T004","formal_awp_00"
"ASR-S001.AED-NT-10","aemusa_ms_country_settlement_aed_nt_10_done","唯一结算","country","flag","no","settle_story_cluster_once","唯一结算审计器","存档永久","仅在 AED-NT-10 completed 后写入；与 settled 结果事实分离","AED-NT-10","T003/T016","formal_awp_00"
"ASR-006.AED-15-40","aemusa_ms_country_cluster_aed_15_40_started","历史进度","country","flag","no","begin_story_cluster","事件簇生命周期审计与获批章节接口","事件簇永久","入口检查通过","AED-15-40","T001-T004","formal_awp_00"
"ASR-007.AED-15-40","aemusa_ms_country_cluster_aed_15_40_in_progress","历史进度","country","flag","no","事件簇操作接口","事件簇生命周期审计与获批章节接口","事件簇","已 started、未 completed","AED-15-40","T001-T004","formal_awp_00"
"ASR-008.AED-15-40","aemusa_ms_country_cluster_aed_15_40_completed","历史进度","country","flag","no","complete_story_cluster","事件簇生命周期审计与获批章节接口","事件簇永久","子步骤完成、未 settled","AED-15-40","T001-T004","formal_awp_00"
"ASR-009.AED-15-40","aemusa_ms_country_cluster_aed_15_40_settled","历史进度","country","flag","no","settle_story_cluster_once","事件簇生命周期审计与获批章节接口","存档永久","completed 且独立 settlement guard 尚未写入","AED-15-40","T001-T004","formal_awp_00"
"ASR-S001.AED-15-40","aemusa_ms_country_settlement_aed_15_40_done","唯一结算","country","flag","no","settle_story_cluster_once","唯一结算审计器","存档永久","仅在 AED-15-40 completed 后写入；与 settled 结果事实分离","AED-15-40","T003/T016","formal_awp_00"
"ASR-006.AED-NT-20","aemusa_ms_country_cluster_aed_nt_20_started","历史进度","country","flag","no","begin_story_cluster","事件簇生命周期审计与获批章节接口","事件簇永久","入口检查通过","AED-NT-20","T001-T004","formal_awp_00"
"ASR-007.AED-NT-20","aemusa_ms_country_cluster_aed_nt_20_in_progress","历史进度","country","flag","no","事件簇操作接口","事件簇生命周期审计与获批章节接口","事件簇","已 started、未 completed","AED-NT-20","T001-T004","formal_awp_00"
"ASR-008.AED-NT-20","aemusa_ms_country_cluster_aed_nt_20_completed","历史进度","country","flag","no","complete_story_cluster","事件簇生命周期审计与获批章节接口","事件簇永久","子步骤完成、未 settled","AED-NT-20","T001-T004","formal_awp_00"
"ASR-009.AED-NT-20","aemusa_ms_country_cluster_aed_nt_20_settled","历史进度","country","flag","no","settle_story_cluster_once","事件簇生命周期审计与获批章节接口","存档永久","completed 且独立 settlement guard 尚未写入","AED-NT-20","T001-T004","formal_awp_00"
"ASR-S001.AED-NT-20","aemusa_ms_country_settlement_aed_nt_20_done","唯一结算","country","flag","no","settle_story_cluster_once","唯一结算审计器","存档永久","仅在 AED-NT-20 completed 后写入；与 settled 结果事实分离","AED-NT-20","T003/T016","formal_awp_00"
"ASR-006.AED-16-00","aemusa_ms_country_cluster_aed_16_00_started","历史进度","country","flag","no","begin_story_cluster","事件簇生命周期审计与获批章节接口","事件簇永久","入口检查通过","AED-16-00","T001-T004","formal_awp_00"
"ASR-007.AED-16-00","aemusa_ms_country_cluster_aed_16_00_in_progress","历史进度","country","flag","no","事件簇操作接口","事件簇生命周期审计与获批章节接口","事件簇","已 started、未 completed","AED-16-00","T001-T004","formal_awp_00"
"ASR-008.AED-16-00","aemusa_ms_country_cluster_aed_16_00_completed","历史进度","country","flag","no","complete_story_cluster","事件簇生命周期审计与获批章节接口","事件簇永久","子步骤完成、未 settled","AED-16-00","T001-T004","formal_awp_00"
"ASR-009.AED-16-00","aemusa_ms_country_cluster_aed_16_00_settled","历史进度","country","flag","no","settle_story_cluster_once","事件簇生命周期审计与获批章节接口","存档永久","completed 且独立 settlement guard 尚未写入","AED-16-00","T001-T004","formal_awp_00"
"ASR-S001.AED-16-00","aemusa_ms_country_settlement_aed_16_00_done","唯一结算","country","flag","no","settle_story_cluster_once","唯一结算审计器","存档永久","仅在 AED-16-00 completed 后写入；与 settled 结果事实分离","AED-16-00","T003/T016","formal_awp_00"
"ASR-006.AED-NT-30","aemusa_ms_country_cluster_aed_nt_30_started","历史进度","country","flag","no","begin_story_cluster","事件簇生命周期审计与获批章节接口","事件簇永久","入口检查通过","AED-NT-30","T001-T004","formal_awp_00"
"ASR-007.AED-NT-30","aemusa_ms_country_cluster_aed_nt_30_in_progress","历史进度","country","flag","no","事件簇操作接口","事件簇生命周期审计与获批章节接口","事件簇","已 started、未 completed","AED-NT-30","T001-T004","formal_awp_00"
"ASR-008.AED-NT-30","aemusa_ms_country_cluster_aed_nt_30_completed","历史进度","country","flag","no","complete_story_cluster","事件簇生命周期审计与获批章节接口","事件簇永久","子步骤完成、未 settled","AED-NT-30","T001-T004","formal_awp_00"
"ASR-009.AED-NT-30","aemusa_ms_country_cluster_aed_nt_30_settled","历史进度","country","flag","no","settle_story_cluster_once","事件簇生命周期审计与获批章节接口","存档永久","completed 且独立 settlement guard 尚未写入","AED-NT-30","T001-T004","formal_awp_00"
"ASR-S001.AED-NT-30","aemusa_ms_country_settlement_aed_nt_30_done","唯一结算","country","flag","no","settle_story_cluster_once","唯一结算审计器","存档永久","仅在 AED-NT-30 completed 后写入；与 settled 结果事实分离","AED-NT-30","T003/T016","formal_awp_00"
"ASR-006.AED-16-10","aemusa_ms_country_cluster_aed_16_10_started","历史进度","country","flag","no","begin_story_cluster","事件簇生命周期审计与获批章节接口","事件簇永久","入口检查通过","AED-16-10","T001-T004","formal_awp_00"
"ASR-007.AED-16-10","aemusa_ms_country_cluster_aed_16_10_in_progress","历史进度","country","flag","no","事件簇操作接口","事件簇生命周期审计与获批章节接口","事件簇","已 started、未 completed","AED-16-10","T001-T004","formal_awp_00"
"ASR-008.AED-16-10","aemusa_ms_country_cluster_aed_16_10_completed","历史进度","country","flag","no","complete_story_cluster","事件簇生命周期审计与获批章节接口","事件簇永久","子步骤完成、未 settled","AED-16-10","T001-T004","formal_awp_00"
"ASR-009.AED-16-10","aemusa_ms_country_cluster_aed_16_10_settled","历史进度","country","flag","no","settle_story_cluster_once","事件簇生命周期审计与获批章节接口","存档永久","completed 且独立 settlement guard 尚未写入","AED-16-10","T001-T004","formal_awp_00"
"ASR-S001.AED-16-10","aemusa_ms_country_settlement_aed_16_10_done","唯一结算","country","flag","no","settle_story_cluster_once","唯一结算审计器","存档永久","仅在 AED-16-10 completed 后写入；与 settled 结果事实分离","AED-16-10","T003/T016","formal_awp_00"
"ASR-006.AED-16-20","aemusa_ms_country_cluster_aed_16_20_started","历史进度","country","flag","no","begin_story_cluster","事件簇生命周期审计与获批章节接口","事件簇永久","入口检查通过","AED-16-20","T001-T004","formal_awp_00"
"ASR-007.AED-16-20","aemusa_ms_country_cluster_aed_16_20_in_progress","历史进度","country","flag","no","事件簇操作接口","事件簇生命周期审计与获批章节接口","事件簇","已 started、未 completed","AED-16-20","T001-T004","formal_awp_00"
"ASR-008.AED-16-20","aemusa_ms_country_cluster_aed_16_20_completed","历史进度","country","flag","no","complete_story_cluster","事件簇生命周期审计与获批章节接口","事件簇永久","子步骤完成、未 settled","AED-16-20","T001-T004","formal_awp_00"
"ASR-009.AED-16-20","aemusa_ms_country_cluster_aed_16_20_settled","历史进度","country","flag","no","settle_story_cluster_once","事件簇生命周期审计与获批章节接口","存档永久","completed 且独立 settlement guard 尚未写入","AED-16-20","T001-T004","formal_awp_00"
"ASR-S001.AED-16-20","aemusa_ms_country_settlement_aed_16_20_done","唯一结算","country","flag","no","settle_story_cluster_once","唯一结算审计器","存档永久","仅在 AED-16-20 completed 后写入；与 settled 结果事实分离","AED-16-20","T003/T016","formal_awp_00"
"ASR-006.AED-16-30","aemusa_ms_country_cluster_aed_16_30_started","历史进度","country","flag","no","begin_story_cluster","事件簇生命周期审计与获批章节接口","事件簇永久","入口检查通过","AED-16-30","T001-T004","formal_awp_00"
"ASR-007.AED-16-30","aemusa_ms_country_cluster_aed_16_30_in_progress","历史进度","country","flag","no","事件簇操作接口","事件簇生命周期审计与获批章节接口","事件簇","已 started、未 completed","AED-16-30","T001-T004","formal_awp_00"
"ASR-008.AED-16-30","aemusa_ms_country_cluster_aed_16_30_completed","历史进度","country","flag","no","complete_story_cluster","事件簇生命周期审计与获批章节接口","事件簇永久","子步骤完成、未 settled","AED-16-30","T001-T004","formal_awp_00"
"ASR-009.AED-16-30","aemusa_ms_country_cluster_aed_16_30_settled","历史进度","country","flag","no","settle_story_cluster_once","事件簇生命周期审计与获批章节接口","存档永久","completed 且独立 settlement guard 尚未写入","AED-16-30","T001-T004","formal_awp_00"
"ASR-S001.AED-16-30","aemusa_ms_country_settlement_aed_16_30_done","唯一结算","country","flag","no","settle_story_cluster_once","唯一结算审计器","存档永久","仅在 AED-16-30 completed 后写入；与 settled 结果事实分离","AED-16-30","T003/T016","formal_awp_00"
"ASR-006.AED-EPI-00","aemusa_ms_country_cluster_aed_epi_00_started","历史进度","country","flag","no","begin_story_cluster","事件簇生命周期审计与获批章节接口","事件簇永久","入口检查通过","AED-EPI-00","T001-T004","formal_awp_00"
"ASR-007.AED-EPI-00","aemusa_ms_country_cluster_aed_epi_00_in_progress","历史进度","country","flag","no","事件簇操作接口","事件簇生命周期审计与获批章节接口","事件簇","已 started、未 completed","AED-EPI-00","T001-T004","formal_awp_00"
"ASR-008.AED-EPI-00","aemusa_ms_country_cluster_aed_epi_00_completed","历史进度","country","flag","no","complete_story_cluster","事件簇生命周期审计与获批章节接口","事件簇永久","子步骤完成、未 settled","AED-EPI-00","T001-T004","formal_awp_00"
"ASR-009.AED-EPI-00","aemusa_ms_country_cluster_aed_epi_00_settled","历史进度","country","flag","no","settle_story_cluster_once","事件簇生命周期审计与获批章节接口","存档永久","completed 且独立 settlement guard 尚未写入","AED-EPI-00","T001-T004","formal_awp_00"
"ASR-S001.AED-EPI-00","aemusa_ms_country_settlement_aed_epi_00_done","唯一结算","country","flag","no","settle_story_cluster_once","唯一结算审计器","存档永久","仅在 AED-EPI-00 completed 后写入；与 settled 结果事实分离","AED-EPI-00","T003/T016","formal_awp_00"
"ASR-006.AED-EPI-10","aemusa_ms_country_cluster_aed_epi_10_started","历史进度","country","flag","no","begin_story_cluster","事件簇生命周期审计与获批章节接口","事件簇永久","入口检查通过","AED-EPI-10","T001-T004","formal_awp_00"
"ASR-007.AED-EPI-10","aemusa_ms_country_cluster_aed_epi_10_in_progress","历史进度","country","flag","no","事件簇操作接口","事件簇生命周期审计与获批章节接口","事件簇","已 started、未 completed","AED-EPI-10","T001-T004","formal_awp_00"
"ASR-008.AED-EPI-10","aemusa_ms_country_cluster_aed_epi_10_completed","历史进度","country","flag","no","complete_story_cluster","事件簇生命周期审计与获批章节接口","事件簇永久","子步骤完成、未 settled","AED-EPI-10","T001-T004","formal_awp_00"
"ASR-009.AED-EPI-10","aemusa_ms_country_cluster_aed_epi_10_settled","历史进度","country","flag","no","settle_story_cluster_once","事件簇生命周期审计与获批章节接口","存档永久","completed 且独立 settlement guard 尚未写入","AED-EPI-10","T001-T004","formal_awp_00"
"ASR-S001.AED-EPI-10","aemusa_ms_country_settlement_aed_epi_10_done","唯一结算","country","flag","no","settle_story_cluster_once","唯一结算审计器","存档永久","仅在 AED-EPI-10 completed 后写入；与 settled 结果事实分离","AED-EPI-10","T003/T016","formal_awp_00"
"ASR-006.AED-EPI-20","aemusa_ms_country_cluster_aed_epi_20_started","历史进度","country","flag","no","begin_story_cluster","事件簇生命周期审计与获批章节接口","事件簇永久","入口检查通过","AED-EPI-20","T001-T004","formal_awp_00"
"ASR-007.AED-EPI-20","aemusa_ms_country_cluster_aed_epi_20_in_progress","历史进度","country","flag","no","事件簇操作接口","事件簇生命周期审计与获批章节接口","事件簇","已 started、未 completed","AED-EPI-20","T001-T004","formal_awp_00"
"ASR-008.AED-EPI-20","aemusa_ms_country_cluster_aed_epi_20_completed","历史进度","country","flag","no","complete_story_cluster","事件簇生命周期审计与获批章节接口","事件簇永久","子步骤完成、未 settled","AED-EPI-20","T001-T004","formal_awp_00"
"ASR-009.AED-EPI-20","aemusa_ms_country_cluster_aed_epi_20_settled","历史进度","country","flag","no","settle_story_cluster_once","事件簇生命周期审计与获批章节接口","存档永久","completed 且独立 settlement guard 尚未写入","AED-EPI-20","T001-T004","formal_awp_00"
"ASR-S001.AED-EPI-20","aemusa_ms_country_settlement_aed_epi_20_done","唯一结算","country","flag","no","settle_story_cluster_once","唯一结算审计器","存档永久","仅在 AED-EPI-20 completed 后写入；与 settled 结果事实分离","AED-EPI-20","T003/T016","formal_awp_00"
"ASR-010.CH-00","aemusa_ms_country_chapter_00_completed","历史进度","country","flag","no","章节唯一结算","章节顺序与入口审计","存档永久","本章必需 AED 簇均 settled","CH-00（序章）","T001/T002","formal_awp_00"
"ASR-S010.CH-00","aemusa_ms_country_settlement_chapter_00_done","唯一结算","country","flag","no","章节唯一结算","唯一结算审计器","存档永久","只保护 CH-00（序章）结算一次；不得替代 chapter completed","CH-00（序章）","T002/T003","formal_awp_00"
"ASR-010.CH-01","aemusa_ms_country_chapter_01_completed","历史进度","country","flag","no","章节唯一结算","章节顺序与入口审计","存档永久","本章必需 AED 簇均 settled","CH-01","T001/T002","formal_awp_00"
"ASR-S010.CH-01","aemusa_ms_country_settlement_chapter_01_done","唯一结算","country","flag","no","章节唯一结算","唯一结算审计器","存档永久","只保护 CH-01 章节结算一次；不得替代 chapter completed","CH-01","T002/T003","formal_awp_00"
"ASR-010.CH-02","aemusa_ms_country_chapter_02_completed","历史进度","country","flag","no","章节唯一结算","章节顺序与入口审计","存档永久","本章必需 AED 簇均 settled","CH-02","T001/T002","formal_awp_00"
"ASR-S010.CH-02","aemusa_ms_country_settlement_chapter_02_done","唯一结算","country","flag","no","章节唯一结算","唯一结算审计器","存档永久","只保护 CH-02 章节结算一次；不得替代 chapter completed","CH-02","T002/T003","formal_awp_00"
"ASR-010.CH-03","aemusa_ms_country_chapter_03_completed","历史进度","country","flag","no","章节唯一结算","章节顺序与入口审计","存档永久","本章必需 AED 簇均 settled","CH-03","T001/T002","formal_awp_00"
"ASR-S010.CH-03","aemusa_ms_country_settlement_chapter_03_done","唯一结算","country","flag","no","章节唯一结算","唯一结算审计器","存档永久","只保护 CH-03 章节结算一次；不得替代 chapter completed","CH-03","T002/T003","formal_awp_00"
"ASR-010.CH-04","aemusa_ms_country_chapter_04_completed","历史进度","country","flag","no","章节唯一结算","章节顺序与入口审计","存档永久","本章必需 AED 簇均 settled","CH-04","T001/T002","formal_awp_00"
"ASR-S010.CH-04","aemusa_ms_country_settlement_chapter_04_done","唯一结算","country","flag","no","章节唯一结算","唯一结算审计器","存档永久","只保护 CH-04 章节结算一次；不得替代 chapter completed","CH-04","T002/T003","formal_awp_00"
"ASR-010.CH-05","aemusa_ms_country_chapter_05_completed","历史进度","country","flag","no","章节唯一结算","章节顺序与入口审计","存档永久","本章必需 AED 簇均 settled","CH-05","T001/T002","formal_awp_00"
"ASR-S010.CH-05","aemusa_ms_country_settlement_chapter_05_done","唯一结算","country","flag","no","章节唯一结算","唯一结算审计器","存档永久","只保护 CH-05 章节结算一次；不得替代 chapter completed","CH-05","T002/T003","formal_awp_00"
"ASR-010.CH-06","aemusa_ms_country_chapter_06_completed","历史进度","country","flag","no","章节唯一结算","章节顺序与入口审计","存档永久","本章必需 AED 簇均 settled","CH-06","T001/T002","formal_awp_00"
"ASR-S010.CH-06","aemusa_ms_country_settlement_chapter_06_done","唯一结算","country","flag","no","章节唯一结算","唯一结算审计器","存档永久","只保护 CH-06 章节结算一次；不得替代 chapter completed","CH-06","T002/T003","formal_awp_00"
"ASR-010.CH-07","aemusa_ms_country_chapter_07_completed","历史进度","country","flag","no","章节唯一结算","章节顺序与入口审计","存档永久","本章必需 AED 簇均 settled","CH-07","T001/T002","formal_awp_00"
"ASR-S010.CH-07","aemusa_ms_country_settlement_chapter_07_done","唯一结算","country","flag","no","章节唯一结算","唯一结算审计器","存档永久","只保护 CH-07 章节结算一次；不得替代 chapter completed","CH-07","T002/T003","formal_awp_00"
"ASR-010.CH-08","aemusa_ms_country_chapter_08_completed","历史进度","country","flag","no","章节唯一结算","章节顺序与入口审计","存档永久","本章必需 AED 簇均 settled","CH-08","T001/T002","formal_awp_00"
"ASR-S010.CH-08","aemusa_ms_country_settlement_chapter_08_done","唯一结算","country","flag","no","章节唯一结算","唯一结算审计器","存档永久","只保护 CH-08 章节结算一次；不得替代 chapter completed","CH-08","T002/T003","formal_awp_00"
"ASR-010.CH-09","aemusa_ms_country_chapter_09_completed","历史进度","country","flag","no","章节唯一结算","章节顺序与入口审计","存档永久","本章必需 AED 簇均 settled","CH-09","T001/T002","formal_awp_00"
"ASR-S010.CH-09","aemusa_ms_country_settlement_chapter_09_done","唯一结算","country","flag","no","章节唯一结算","唯一结算审计器","存档永久","只保护 CH-09 章节结算一次；不得替代 chapter completed","CH-09","T002/T003","formal_awp_00"
"ASR-010.CH-10","aemusa_ms_country_chapter_10_completed","历史进度","country","flag","no","章节唯一结算","章节顺序与入口审计","存档永久","本章必需 AED 簇均 settled","CH-10","T001/T002","formal_awp_00"
"ASR-S010.CH-10","aemusa_ms_country_settlement_chapter_10_done","唯一结算","country","flag","no","章节唯一结算","唯一结算审计器","存档永久","只保护 CH-10 章节结算一次；不得替代 chapter completed","CH-10","T002/T003","formal_awp_00"
"ASR-010.CH-11","aemusa_ms_country_chapter_11_completed","历史进度","country","flag","no","章节唯一结算","章节顺序与入口审计","存档永久","本章必需 AED 簇均 settled","CH-11","T001/T002","formal_awp_00"
"ASR-S010.CH-11","aemusa_ms_country_settlement_chapter_11_done","唯一结算","country","flag","no","章节唯一结算","唯一结算审计器","存档永久","只保护 CH-11 章节结算一次；不得替代 chapter completed","CH-11","T002/T003","formal_awp_00"
"ASR-010.CH-12","aemusa_ms_country_chapter_12_completed","历史进度","country","flag","no","章节唯一结算","章节顺序与入口审计","存档永久","本章必需 AED 簇均 settled","CH-12","T001/T002","formal_awp_00"
"ASR-S010.CH-12","aemusa_ms_country_settlement_chapter_12_done","唯一结算","country","flag","no","章节唯一结算","唯一结算审计器","存档永久","只保护 CH-12 章节结算一次；不得替代 chapter completed","CH-12","T002/T003","formal_awp_00"
"ASR-010.CH-13","aemusa_ms_country_chapter_13_completed","历史进度","country","flag","no","章节唯一结算","章节顺序与入口审计","存档永久","本章必需 AED 簇均 settled","CH-13","T001/T002","formal_awp_00"
"ASR-S010.CH-13","aemusa_ms_country_settlement_chapter_13_done","唯一结算","country","flag","no","章节唯一结算","唯一结算审计器","存档永久","只保护 CH-13 章节结算一次；不得替代 chapter completed","CH-13","T002/T003","formal_awp_00"
"ASR-010.CH-14","aemusa_ms_country_chapter_14_completed","历史进度","country","flag","no","章节唯一结算","章节顺序与入口审计","存档永久","本章必需 AED 簇均 settled","CH-14","T001/T002","formal_awp_00"
"ASR-S010.CH-14","aemusa_ms_country_settlement_chapter_14_done","唯一结算","country","flag","no","章节唯一结算","唯一结算审计器","存档永久","只保护 CH-14 章节结算一次；不得替代 chapter completed","CH-14","T002/T003","formal_awp_00"
"ASR-010.CH-15","aemusa_ms_country_chapter_15_completed","历史进度","country","flag","no","章节唯一结算","章节顺序与入口审计","存档永久","本章必需 AED 簇均 settled","CH-15","T001/T002","formal_awp_00"
"ASR-S010.CH-15","aemusa_ms_country_settlement_chapter_15_done","唯一结算","country","flag","no","章节唯一结算","唯一结算审计器","存档永久","只保护 CH-15 章节结算一次；不得替代 chapter completed","CH-15","T002/T003","formal_awp_00"
"ASR-010.CH-16","aemusa_ms_country_chapter_16_completed","历史进度","country","flag","no","章节唯一结算","章节顺序与入口审计","存档永久","本章必需 AED 簇均 settled","CH-16","T001/T002","formal_awp_00"
"ASR-S010.CH-16","aemusa_ms_country_settlement_chapter_16_done","唯一结算","country","flag","no","章节唯一结算","唯一结算审计器","存档永久","只保护 CH-16 章节结算一次；不得替代 chapter completed","CH-16","T002/T003","formal_awp_00"
"ASR-010.EPI","aemusa_ms_country_epilogue_completed","历史进度","country","flag","no","尾声唯一结算","章节顺序与入口审计","存档永久","尾声必需 AED 簇均 settled","EPI","T001/T002","formal_awp_00"
"ASR-S010.EPI","aemusa_ms_country_settlement_epilogue_chapter_done","唯一结算","country","flag","no","尾声唯一结算","唯一结算审计器","存档永久","只保护 EPI 尾声章节结算一次；不得替代 epilogue completed","EPI","T002/T003","formal_awp_00"
"ASR-011.ACT-01","aemusa_ms_country_act_01_completed","历史进度","country","flag","no","幕唯一结算","章节顺序与入口审计","存档永久","本幕必需章节全部完成","ACT-01","T001/T002","formal_awp_00"
"ASR-S011.ACT-01","aemusa_ms_country_settlement_act_01_done","唯一结算","country","flag","no","幕唯一结算","唯一结算审计器","存档永久","只保护 ACT-01 结算一次；不得替代 act completed","ACT-01","T002/T003","formal_awp_00"
"ASR-011.ACT-02","aemusa_ms_country_act_02_completed","历史进度","country","flag","no","幕唯一结算","章节顺序与入口审计","存档永久","本幕必需章节全部完成","ACT-02","T001/T002","formal_awp_00"
"ASR-S011.ACT-02","aemusa_ms_country_settlement_act_02_done","唯一结算","country","flag","no","幕唯一结算","唯一结算审计器","存档永久","只保护 ACT-02 结算一次；不得替代 act completed","ACT-02","T002/T003","formal_awp_00"
"ASR-011.ACT-03","aemusa_ms_country_act_03_completed","历史进度","country","flag","no","幕唯一结算","章节顺序与入口审计","存档永久","本幕必需章节全部完成","ACT-03","T001/T002","formal_awp_00"
"ASR-S011.ACT-03","aemusa_ms_country_settlement_act_03_done","唯一结算","country","flag","no","幕唯一结算","唯一结算审计器","存档永久","只保护 ACT-03 结算一次；不得替代 act completed","ACT-03","T002/T003","formal_awp_00"
"ASR-011.ACT-04","aemusa_ms_country_act_04_completed","历史进度","country","flag","no","幕唯一结算","章节顺序与入口审计","存档永久","本幕必需章节全部完成","ACT-04","T001/T002","formal_awp_00"
"ASR-S011.ACT-04","aemusa_ms_country_settlement_act_04_done","唯一结算","country","flag","no","幕唯一结算","唯一结算审计器","存档永久","只保护 ACT-04 结算一次；不得替代 act completed","ACT-04","T002/T003","formal_awp_00"
"ASR-011.ACT-05","aemusa_ms_country_act_05_completed","历史进度","country","flag","no","幕唯一结算","章节顺序与入口审计","存档永久","本幕必需章节全部完成","ACT-05","T001/T002","formal_awp_00"
"ASR-S011.ACT-05","aemusa_ms_country_settlement_act_05_done","唯一结算","country","flag","no","幕唯一结算","唯一结算审计器","存档永久","只保护 ACT-05 结算一次；不得替代 act completed","ACT-05","T002/T003","formal_awp_00"
"ASR-011.ACT-06","aemusa_ms_country_act_06_completed","历史进度","country","flag","no","幕唯一结算","章节顺序与入口审计","存档永久","本幕必需章节全部完成","ACT-06","T001/T002","formal_awp_00"
"ASR-S011.ACT-06","aemusa_ms_country_settlement_act_06_done","唯一结算","country","flag","no","幕唯一结算","唯一结算审计器","存档永久","只保护 ACT-06 结算一次；不得替代 act completed","ACT-06","T002/T003","formal_awp_00"
"ASR-S100","aemusa_ms_country_settlement_fallen_empire_war_done","唯一结算","country","flag","no","失落帝国战争结果映射唯一写入接口","唯一结算审计器","存档永久","只保护“失落帝国战争结果映射”执行一次；结果必须另有 ASR 事实证明","AED-06-90","T002/T003","formal_awp_00"
"ASR-S101","aemusa_ms_country_settlement_vanilla_crisis_route_done","唯一结算","country","flag","no","原版天灾路线锁定唯一写入接口","唯一结算审计器","存档永久","只保护“原版天灾路线锁定”执行一次；结果必须另有 ASR 事实证明","AED-C-00","T005/T017","formal_awp_00"
"ASR-S102","aemusa_ms_country_settlement_vanilla_crisis_done","唯一结算","country","flag","no","原版天灾完成唯一写入接口","唯一结算审计器","存档永久","只保护“原版天灾完成”执行一次；结果必须另有 ASR 事实证明","AED-C-50","T005/T016","formal_awp_00"
"ASR-S103","aemusa_ms_country_settlement_exclusive_crisis_initialization_done","唯一结算","country","flag","no","专属危机初始化唯一写入接口","唯一结算审计器","存档永久","只保护“专属危机初始化”执行一次；结果必须另有 ASR 事实证明","AED-11-00","T006/T016","formal_awp_00"
"ASR-S104","aemusa_ms_country_settlement_exclusive_crisis_victory_done","唯一结算","country","flag","no","专属危机胜利唯一写入接口","唯一结算审计器","存档永久","只保护“专属危机胜利”执行一次；结果必须另有 ASR 事实证明","AED-13-30","T006/T016","formal_awp_00"
"ASR-S105","aemusa_ms_country_settlement_exclusive_crisis_failure_done","唯一结算","country","flag","no","专属危机不可逆失败唯一写入接口","唯一结算审计器","存档永久","只保护“专属危机不可逆失败”执行一次；结果必须另有 ASR 事实证明","AED-11 至 AED-13","T017","formal_awp_00"
"ASR-S106","aemusa_ms_country_settlement_loss_ledger_done","唯一结算","country","flag","no","永久损失账本锁定唯一写入接口","唯一结算审计器","存档永久","只保护“永久损失账本锁定”执行一次；结果必须另有 ASR 事实证明","AED-13-40","T008/T016","formal_awp_00"
"ASR-S107","aemusa_ms_country_settlement_anchor_results_done","唯一结算","country","flag","no","锚点结果汇总唯一写入接口","唯一结算审计器","存档永久","只保护“锚点结果汇总”执行一次；结果必须另有 ASR 事实证明","AED-12-60／13","T006/T008","formal_awp_00"
"ASR-S108","aemusa_ms_country_settlement_player_decision_done","唯一结算","country","flag","no","玩家决定来源唯一写入接口","唯一结算审计器","存档永久","只保护“玩家决定来源”执行一次；结果必须另有 ASR 事实证明","AED-15-20","T012/T014/T017","formal_awp_00"
"ASR-S109","aemusa_ms_country_settlement_aemusa_decision_done","唯一结算","country","flag","no","爱缪莎决定来源唯一写入接口","唯一结算审计器","存档永久","只保护“爱缪莎决定来源”执行一次；结果必须另有 ASR 事实证明","AED-15-30","T013/T015/T017","formal_awp_00"
"ASR-S110","aemusa_ms_country_settlement_ending_player_refusal_done","唯一结算","country","flag","no","玩家拒绝非转变结局唯一写入接口","唯一结算审计器","存档永久","只保护“玩家拒绝非转变结局”执行一次；结果必须另有 ASR 事实证明","AED-NT-10","T012/T017","formal_awp_00"
"ASR-S111","aemusa_ms_country_settlement_ending_aemusa_refusal_done","唯一结算","country","flag","no","爱缪莎拒绝非转变结局唯一写入接口","唯一结算审计器","存档永久","只保护“爱缪莎拒绝非转变结局”执行一次；结果必须另有 ASR 事实证明","AED-NT-20","T013/T017","formal_awp_00"
"ASR-S112","aemusa_ms_country_settlement_fate_sovereign_done","唯一结算","country","flag","no","命运主宰身份与权限唯一写入接口","唯一结算审计器","存档永久","只保护“命运主宰身份与权限”执行一次；结果必须另有 ASR 事实证明","AED-16-10","T015-T017","formal_awp_00"
"ASR-S113","aemusa_ms_country_settlement_epilogue_done","唯一结算","country","flag","no","尾声语气与收束唯一写入接口","唯一结算审计器","存档永久","只保护“尾声语气与收束”执行一次；结果必须另有 ASR 事实证明","AED-EPI-20","T016/T018","formal_awp_00"
"ASR-S114","aemusa_ms_country_settlement_story_v1_done","唯一结算","country","flag","no","1.0 路线完成唯一写入接口","唯一结算审计器","存档永久","只保护“1.0 路线完成”执行一次；结果必须另有 ASR 事实证明","AED-16／NT","T012/T013/T016","formal_awp_00"
"ASR-AWP02-001","aemusa_ms_country_galactic_participation_recorded","文明选择","country","flag","no","真实银河参与 on_action 适配器","AWP-02 章节入口只读访问","存档永久","只能由实际完成的星系调查、殖民或后续获批现实行动写入；剧情文本不得自行补齐","AED-01-00","T001/T002","formal_awp_02"
"ASR-AWP02-002","aemusa_ms_country_prologue_oracle_demand_recorded","关系与责任","country","flag","no","AED-PRO-10 首次选择唯一结算","后续关系与修复模块只读访问","存档永久","只记录玩家曾要求确定答案；不是永久失败，也不提高预测可靠性","AED-PRO-10","T002/T003/T018","formal_awp_02"
"ASR-AWP02-003","aemusa_ms_country_first_responsibility_application_index","文明选择","country","variable","0","AED-02-20 首次责任应用唯一结算","后续责任复盘只读访问","存档永久","枚举：0 未选择；1 本国预测最优；2 承担额外代价以降低外部伤害。不得覆盖第一章责任半径，也不得解释为善恶值","AED-02-20","T002/T003/T018","formal_awp_02"
"ASR-AWP02-004","aemusa_ms_country_first_intervention_decision_index","文明选择","country","variable","0","AED-03-20 首次有限干预选择唯一结算","第三章执行与复盘只读访问","存档永久","枚举：0 未选择；1 采纳完整有限方案；2 缩小执行范围；3 拒绝方案。任何值都不得解释为爱缪莎主动改写命运","AED-03-20","T002/T003/T018","formal_awp_02"
"ASR-AWP02-005","aemusa_ms_country_first_intervention_operation_pending","临时进度","country","flag","no","AED-03-30 现实行动适配器","白夜馆路由器只读访问","直到现实行动结算","只表示有限行动正在执行；读档保留，结算后必须清除，不得作为胜利事实","AED-03-30","T002/T003","formal_awp_02"
"ASR-AWP02-006","aemusa_ms_country_first_intervention_secondary_cost_disclosed","关系与责任","country","flag","no","AED-03-40 后果唯一结算","后续公开复盘只读访问","存档永久","只记录二次代价已被诚实纳入正式记录；不得清除真实损失","AED-03-40","T002/T003/T018","formal_awp_02"
"ASR-AWP02-007","aemusa_ms_country_first_intervention_oracle_narrative_recorded","关系与责任","country","flag","no","AED-03-50 归因选择唯一结算","后续关系与修复模块只读访问","存档永久","记录玩家曾把一次结果包装成神谕证明；不是永久失败，原始错误归因不得删除","AED-03-50","T002/T003/T018","formal_awp_02"
"ASR-AWP02-008","aemusa_ms_country_first_intervention_attribution_corrected","关系与责任","country","flag","no","AED-03-50 正式复盘唯一结算","后续研究与关系模块只读访问","存档永久","记录观测、普通行动与偶然条件已经被区分；不能据此声称爱缪莎永远正确或完全无贡献","AED-03-50","T002/T003/T018","formal_awp_02"
"ASR-AWP03-001","aemusa_ms_country_fe_intervention_recorded","外交旁证","country","flag","no","AWP-03 原版关系修正适配器","历史审计只读访问；不参与章节资格","存档永久","已反查部分失落帝国要求回应；不证明精确要求或宣战资格","可选旁证","FEA-06","formal_awp_03"
"ASR-AWP03-002","aemusa_ms_country_fe_intervention_source_index","外交旁证","country","variable","0","AWP-03 原版关系修正适配器","历史审计只读访问；不参与章节资格","存档永久","枚举：0 未捕获；1 拒绝原版失落帝国要求；2 拒绝原版任务请求；3 接受原版任务请求；4 同一主体存在多种回应修正。不等于精确原版事件 ID","可选旁证","FEA-06","formal_awp_03"
"ASR-AWP03-003","aemusa_ms_country_fe_war_player_attack_recorded","战争旁证","country","flag","no","AWP-03 开战适配器","FEA-02 审计只读访问","存档永久","玩家作为原始攻击领袖对觉醒失落帝国战争领袖开战；不取得主线资格","AED-04-00","FEA-02","formal_awp_03"
"ASR-AWP03-004","aemusa_ms_country_fe_war_ally_defense_recorded","战争旁证","country","flag","no","AWP-03 开战适配器","FEA-02 审计只读访问","存档永久","玩家在觉醒失落帝国进攻战争中是非领袖防守参战者；不取得主线资格","AED-04-00","FEA-02","formal_awp_03"
"ASR-AWP03-005","aemusa_ms_country_fe_war_blocked_defense_recorded","战争旁证","country","flag","no","AWP-03 开战适配器","FEA-02 审计只读访问","存档永久","玩家为原始防守领袖但本路线已登记合格战争等前置不满足；不把第二场战争拼为同一实例","AED-04-00","FEA-01/02/06","formal_awp_03"
"ASR-AWP03-006","aemusa_ms_country_fe_war_late_join_recorded","战争旁证","country","flag","no","AWP-03 晚加入适配器","FEA-02 审计只读访问","存档永久","晚加入与觉醒失落帝国对立的战争；此回调无战争实例作用域，不追认原始开战资格","AED-04-00","FEA-02","formal_awp_03"
"ASR-AWP03-007","aemusa_ms_country_fe_war_player_victory","战争结果","country","flag","no","AWP-03 玩家领袖胜利适配器","第六章入口只读访问","存档永久","仅与已标记合格战争相同的 on_war_won 且玩家为胜方战争领袖；不得由结束或停战推断","AED-06-00","FEA-03/04","formal_awp_03"
"ASR-AWP03-008","aemusa_ms_country_fe_war_player_defeat","战争结果","country","flag","no","AWP-03 玩家领袖战败适配器","战后阻断审计只读访问","存档永久","同一合格战争的玩家领袖战败；与胜利和维持现状互斥，不取得第六章资格","AED-06-00","FEA-03","formal_awp_03"
"ASR-AWP03-009","aemusa_ms_country_fe_war_status_quo","战争结果","country","flag","no","AWP-03 维持现状适配器","战后阻断审计只读访问","存档永久","同一合格战争以维持现状结束；与胜利和战败互斥，不取得第六章资格","AED-06-00","FEA-03","formal_awp_03"
"ASR-AWP03-010","aemusa_ms_qualified_fe_war","战争实例","war","flag","no","AWP-03 合格开战适配器","战争结果回调只读访问","随战争对象存活","觉醒失落帝国为原始攻击战争领袖且玩家为原始防守战争领袖时标记；结束回调只读同一战争标记","AED-04-00／06-00","FEA-02/03/04","formal_awp_03"
"ASR-AWP03-011","aemusa_ms_fe_intervenor@root","外交旁证主体","global_event_target","event_target","unset","AWP-03 原版关系修正适配器","历史审计只读访问；不参与战争或章节资格","存档永久直到主体失效","用玩家 root 后缀隔离不同人类国家；仅对应可选外交旁证，不得冒充宣战者","可选旁证","FEA-06","formal_awp_03"
"ASR-AWP03-012","aemusa_ms_country_fe_intervention_ambiguous","外交旁证","country","flag","no","AWP-03 原版关系修正适配器","历史审计只读访问；不参与章节资格","直到候选唯一并锁定主体","多个失落帝国同时留下要求回应时标记歧义；候选唯一时清除；不阻断真实开战","可选旁证","FEA-06","formal_awp_03"
"ASR-AWP03-013","aemusa_ms_fe_war_attacker@root","战争攻击者","global_event_target","event_target","unset","AWP-03 合格开战适配器","战争审计与后续叙事只读访问","存档永久直到主体失效","从已标记战争中保存唯一的觉醒失落帝国原始攻击领袖；结果资格仍须读取同一战争标记","AED-04-00／06-00","FEA-02/03/05","formal_awp_03"
"ASR-AWP03-014","aemusa_ms_country_fe_war_public_accountability_index","公共责任选择","country","variable","0","AED-04-30 首次选择接口","第四章结算与后续战后复盘只读访问","存档永久","枚举：0 未选择；1 即时公开已核实事实；2 分阶段公开并设独立监督。只记录通报节奏，不写战争结果","AED-04-30／04-40","T002/T003","formal_awp_03"
