# Blender 5.1.2
# www.blender.org
mtllib destiny_lord_mid_stage9_refined_A.mtl
o DL_Main_Hull
v 43.590919 -2.150000 0.187495
v 45.080032 -2.600000 0.000000
v 43.590919 -2.150000 -0.187495
v 44.296646 -2.468198 0.009024
v 44.085667 -2.409813 -0.000000
v 44.296646 -2.468198 -0.009024
v 43.760365 -2.150000 -0.000000
v 20.113382 -2.600000 -11.443048
v 20.000000 -2.150000 -11.000000
v 20.033209 -2.468198 -11.129765
v -8.021255 -2.600000 -13.452664
v -8.000000 -2.150000 -13.000000
v -8.006226 -2.468198 -13.132582
v -37.556122 -2.150000 -8.073979
v -38.216228 -2.600000 -8.420169
v -38.318199 -2.150000 -7.681801
v -37.870853 -2.468198 -8.155146
v -38.011566 -2.409813 -8.022471
v -38.201313 -2.468198 -7.985082
v -37.963188 -2.150000 -7.928470
v -45.681801 -2.150000 -0.318198
v -46.636398 -2.600000 0.000000
v -45.681801 -2.150000 0.318199
v -46.093197 -2.468198 -0.093198
v -46.000000 -2.409813 0.000000
v -46.093197 -2.468198 0.093198
v -45.813602 -2.150000 0.000000
v -38.318199 -2.150000 7.681802
v -38.216228 -2.600000 8.420169
v -37.556122 -2.150000 8.073979
v -38.201313 -2.468198 7.985081
v -38.011566 -2.409813 8.022471
v -37.870853 -2.468199 8.155145
v -37.963188 -2.150000 7.928470
v -8.021255 -2.600000 13.452664
v -8.000000 -2.150000 13.000000
v -8.006226 -2.468198 13.132582
v 20.000000 -2.150000 11.000000
v 20.113382 -2.600000 11.443048
v 20.033209 -2.468198 11.129765
v 43.590919 2.150000 0.187495
v 43.590919 2.150000 -0.187495
v 42.919968 2.600000 0.000000
v 43.814602 2.150000 0.000000
v 43.598866 2.409807 0.000000
v 43.340168 2.468198 -0.132579
v 43.340168 2.468198 0.132579
v 20.000000 2.150000 -11.000000
v 19.886618 2.600000 -10.556952
v 19.966791 2.468198 -10.870235
v -8.000000 2.150000 -13.000000
v -7.978745 2.600000 -12.547336
v -7.993775 2.468198 -12.867418
v -37.556122 2.150000 -8.073979
v -38.318199 2.150000 -7.681802
v -37.783772 2.600000 -7.579831
v -37.963188 2.150000 -7.928470
v -37.935314 2.409813 -7.874312
v -38.116890 2.468198 -7.696718
v -37.685268 2.468198 -7.918834
v -45.681801 2.150000 -0.318199
v -45.681801 2.150000 0.318198
v -45.363602 2.600000 0.000000
v -45.813602 2.150000 -0.000000
v -45.731026 2.409807 -0.000000
v -45.588604 2.468198 0.225000
v -45.588604 2.468198 -0.225000
v -38.318199 2.150000 7.681801
v -37.556122 2.150000 8.073979
v -37.783772 2.600000 7.579831
v -37.963188 2.150000 7.928470
v -37.935318 2.409813 7.874311
v -37.685268 2.468198 7.918834
v -38.116890 2.468198 7.696718
v -8.000000 2.150000 13.000000
v -7.978745 2.600000 12.547336
v -7.993775 2.468198 12.867418
v 19.886618 2.600000 10.556952
v 20.000000 2.150000 11.000000
v 19.966791 2.468198 10.870235
vn 0.5029 0.8518 0.1468
vn 0.1879 0.9822 -0.0000
vn 0.5029 0.8518 -0.1468
vn -0.3593 0.4700 -0.8062
vn -0.1791 0.9203 -0.3479
vn -0.4472 0.4700 -0.7610
vn -0.7169 0.6778 -0.1635
vn -0.2863 0.9581 -0.0000
vn -0.7169 0.6778 0.1635
vn -0.4472 0.4700 0.7610
vn -0.1791 0.9203 0.3479
vn -0.3593 0.4700 0.8062
vn 0.5228 0.4883 0.6988
vn 0.5228 0.4883 -0.6988
vn 0.2698 0.9629 -0.0000
vn -0.2896 0.2806 -0.9151
vn -0.5763 0.2806 -0.7675
vn -0.2279 0.8672 -0.4428
vn -0.8578 0.3251 -0.3981
vn -0.8578 0.3251 0.3981
vn -0.4597 0.8881 -0.0000
vn -0.5763 0.2806 0.7675
vn -0.2896 0.2806 0.9151
vn -0.2279 0.8672 0.4428
vn 0.3849 0.3827 0.8399
vn 0.1594 0.9239 0.3479
vn 0.1594 0.9239 -0.3479
vn 0.3849 0.3827 -0.8399
vn 0.0273 0.9239 -0.3817
vn 0.0658 0.3827 -0.9215
vn -0.0629 0.9239 -0.3775
vn -0.1519 0.3827 -0.9113
vn -0.2706 0.9239 -0.2706
vn -0.6533 0.3827 -0.6533
vn -0.2706 0.9239 0.2706
vn -0.6533 0.3827 0.6533
vn -0.0629 0.9239 0.3775
vn -0.1519 0.3827 0.9113
vn 0.0273 0.9239 0.3817
vn 0.0658 0.3827 0.9215
vn 0.1645 0.9189 0.3586
vn 0.3803 0.4102 0.8289
vn 0.3803 0.4102 -0.8289
vn 0.1645 0.9189 -0.3586
vn 0.6902 -0.0044 -0.7236
vn 0.6902 -0.0044 0.7236
vn -0.5706 -0.0000 -0.8212
vn -0.3366 -0.0000 -0.9416
vn -0.9239 -0.0000 0.3827
vn -0.9239 -0.0000 -0.3827
vn -0.3366 -0.0000 0.9416
vn -0.5706 -0.0000 0.8212
vn 0.4167 -0.0000 0.9091
vn 0.4167 -0.0000 -0.9091
vn -0.0000 1.0000 -0.0000
vn 0.0712 -0.0000 -0.9975
vn -0.1644 -0.0000 -0.9864
vn -0.7071 -0.0000 -0.7071
vn -0.7071 -0.0000 0.7071
vn -0.1644 -0.0000 0.9864
vn 0.0712 -0.0000 0.9975
vt 0.713741 0.898483
vt 0.718709 0.903371
vt 0.713741 0.903371
vt 0.189373 1.007424
vt 0.188523 0.995531
vt 0.647397 0.009357
vt 0.647397 0.004469
vt 0.650265 0.004469
vt 0.652365 0.004469
vt 0.647397 0.898826
vt 0.652365 0.901827
vt 0.652365 0.903371
vt 0.647397 0.903371
vt 0.031134 0.096805
vt 0.037036 0.097580
vt 0.035931 0.098856
vt 0.035773 0.100536
vt 0.780086 0.009437
vt 0.780086 0.004469
vt 0.782954 0.004469
vt 0.785054 0.006157
vt 0.780086 0.124403
vt 0.785054 0.129370
vt 0.780086 0.129370
vt 0.117232 -0.002539
vt 0.117733 0.004469
vt 0.780086 0.143276
vt 0.780086 0.138308
vt 0.782954 0.138308
vt 0.785054 0.138308
vt 0.780086 0.258242
vt 0.785054 0.261522
vt 0.785054 0.263210
vt 0.780086 0.263210
vt 0.216577 0.083559
vt 0.212515 0.087912
vt 0.212120 0.086271
vt 0.210844 0.085165
vt 0.713741 0.009014
vt 0.713741 0.004469
vt 0.716610 0.004469
vt 0.718709 0.006013
vt 0.666270 0.898483
vt 0.666270 0.903371
vt 0.663402 0.903371
vt 0.661302 0.896255
vt 0.599925 0.009357
vt 0.594957 0.011585
vt 0.594957 0.008430
vt 0.599925 0.004469
vt 0.482918 0.983638
vt 0.486305 0.988759
vt 0.485180 0.991761
vt 0.480294 0.989188
vt 0.599925 0.898826
vt 0.599925 0.903371
vt 0.597057 0.903371
vt 0.594957 0.900371
vt 0.732615 0.009437
vt 0.727647 0.007749
vt 0.727647 0.004945
vt 0.732615 0.004469
vt 0.335972 0.100906
vt 0.330868 0.102121
vt 0.331131 0.099330
vt 0.333323 0.096377
vt 0.732615 0.124402
vt 0.732615 0.129370
vt 0.729746 0.129370
vt 0.727647 0.124403
vt 0.732615 0.143276
vt 0.727647 0.143276
vt 0.727647 0.140407
vt 0.732615 0.138308
vt 0.413478 0.011477
vt 0.409724 0.008223
vt 0.411602 0.006055
vt 0.416731 0.007722
vt 0.732615 0.258242
vt 0.732615 0.263210
vt 0.729746 0.263210
vt 0.727647 0.259930
vt 0.666270 0.009014
vt 0.661302 0.007469
vt 0.661302 0.004904
vt 0.666270 0.004469
vt 0.502907 0.088982
vt 0.504885 0.084122
vt 0.507004 0.085959
vt 0.508133 0.089459
vt 0.713741 0.616579
vt 0.718709 0.616579
vt 0.290776 0.722596
vt 0.295744 0.723496
vt 0.043726 0.741497
vt 0.048516 0.739900
vt 0.652365 0.291261
vt 0.647397 0.291261
vt -0.000533 0.433265
vt 0.004469 0.433143
vt 0.652365 0.596200
vt 0.647397 0.596200
vt 0.295744 0.412102
vt 0.290776 0.412692
vt 0.718709 0.311639
vt 0.713741 0.311639
vt 0.581052 0.721696
vt 0.585974 0.722587
vt 0.661302 0.616579
vt 0.666270 0.616579
vt 0.599925 0.291261
vt 0.594957 0.291261
vt 0.343805 0.739885
vt 0.348550 0.738303
vt 0.599925 0.596200
vt 0.594957 0.596195
vt 0.299733 0.433142
vt 0.304714 0.433021
vt 0.666270 0.311639
vt 0.661302 0.311645
vt 0.586000 0.412694
vt 0.581052 0.413282
s 0
usemtl DL2_Hull_Silver
f 1/1/1 4/2/1 5/2/1 7/3/1
f 2/4/2 6/5/2 5/5/2 4/5/2
f 3/6/3 7/7/3 5/8/3 6/9/3
f 14/10/4 17/11/4 18/12/4 20/13/4
f 15/14/5 19/15/5 18/16/5 17/17/5
f 16/18/6 20/19/6 18/20/6 19/21/6
f 21/22/7 24/23/7 25/23/7 27/24/7
f 22/25/8 26/26/8 25/26/8 24/26/8
f 23/27/9 27/28/9 25/29/9 26/30/9
f 28/31/10 31/32/10 32/33/10 34/34/10
f 29/35/11 33/36/11 32/37/11 31/38/11
f 30/39/12 34/40/12 32/41/12 33/42/12
f 41/43/13 44/44/13 45/45/13 47/46/13
f 42/47/14 46/48/14 45/49/14 44/50/14
f 43/51/15 47/52/15 45/53/15 46/54/15
f 54/55/16 57/56/16 58/57/16 60/58/16
f 55/59/17 59/60/17 58/61/17 57/62/17
f 56/63/18 60/64/18 58/65/18 59/66/18
f 61/67/19 64/68/19 65/69/19 67/70/19
f 62/71/20 66/72/20 65/73/20 64/74/20
f 63/75/21 67/76/21 65/77/21 66/78/21
f 68/79/22 71/80/22 72/81/22 74/82/22
f 69/83/23 73/84/23 72/85/23 71/86/23
f 70/87/24 74/88/24 72/89/24 73/90/24
f 1/1/25 38/91/25 40/92/25 4/2/25
f 4/5/26 40/93/26 39/94/26 2/4/26
f 2/4/27 8/95/27 10/96/27 6/5/27
f 6/9/28 10/97/28 9/98/28 3/6/28
f 8/95/29 11/99/29 13/100/29 10/96/29
f 10/97/30 13/101/30 12/102/30 9/98/30
f 11/99/31 15/14/31 17/17/31 13/100/31
f 13/101/32 17/11/32 14/10/32 12/102/32
f 15/14/33 22/25/33 24/26/33 19/15/33
f 19/21/34 24/23/34 21/22/34 16/18/34
f 22/25/35 29/35/35 31/38/35 26/26/35
f 26/30/36 31/32/36 28/31/36 23/27/36
f 29/35/37 35/103/37 37/104/37 33/36/37
f 33/42/38 37/105/38 36/106/38 30/39/38
f 35/103/39 39/94/39 40/93/39 37/104/39
f 37/105/40 40/92/40 38/91/40 36/106/40
f 43/51/41 78/107/41 80/108/41 47/52/41
f 47/46/42 80/109/42 79/110/42 41/43/42
f 42/47/43 48/111/43 50/112/43 46/48/43
f 46/54/44 50/113/44 49/114/44 43/51/44
f 48/111/30 51/115/30 53/116/30 50/112/30
f 50/113/29 53/117/29 52/118/29 49/114/29
f 51/115/32 54/55/32 60/58/32 53/116/32
f 53/117/31 60/64/31 56/63/31 52/118/31
f 55/59/34 61/67/34 67/70/34 59/60/34
f 59/66/33 67/76/33 63/75/33 56/63/33
f 62/71/36 68/79/36 74/82/36 66/72/36
f 66/78/35 74/88/35 70/87/35 63/75/35
f 69/83/38 75/119/38 77/120/38 73/84/38
f 73/90/37 77/121/37 76/122/37 70/87/37
f 75/119/40 79/110/40 80/109/40 77/120/40
f 77/121/39 80/108/39 78/107/39 76/122/39
f 3/6/45 42/47/45 44/50/45 7/7/45
f 7/3/46 44/44/46 41/43/46 1/1/46
f 16/18/47 55/59/47 57/62/47 20/19/47
f 20/13/48 57/56/48 54/55/48 14/10/48
f 23/27/49 62/71/49 64/74/49 27/28/49
f 27/24/50 64/68/50 61/67/50 21/22/50
f 30/39/51 69/83/51 71/86/51 34/40/51
f 34/34/52 71/80/52 68/79/52 28/31/52
f 38/91/53 1/1/53 41/43/53 79/110/53
f 3/6/54 9/98/54 48/111/54 42/47/54
f 2/4/55 8/95/55 11/99/55 15/14/55 22/25/55 29/35/55 35/103/55 39/94/55
f 9/98/56 12/102/56 51/115/56 48/111/56
f 12/102/57 14/10/57 54/55/57 51/115/57
f 16/18/58 21/22/58 61/67/58 55/59/58
f 23/27/59 28/31/59 68/79/59 62/71/59
f 30/39/60 36/106/60 75/119/60 69/83/60
f 36/106/61 38/91/61 79/110/61 75/119/61
f 43/51/55 49/114/55 52/118/55 56/63/55 63/75/55 70/87/55 76/122/55 78/107/55
o DL_Upper_Armor
v 29.580599 3.050000 0.163101
v 31.241564 2.600000 0.000000
v 29.580599 3.050000 -0.163100
v 30.377302 2.731802 -0.005311
v 30.124489 2.790187 0.000000
v 30.377302 2.731802 0.005311
v 29.754320 3.050000 0.000000
v 12.091633 2.600000 -7.447195
v 12.000000 3.050000 -7.000000
v 12.026838 2.731802 -7.130980
v -17.550249 3.050000 -7.985008
v -18.151237 2.600000 -8.455291
v -18.351391 3.050000 -7.718887
v -17.853848 2.731802 -8.127005
v -18.006233 2.790187 -8.018761
v -18.193094 2.731802 -8.014314
v -17.971193 3.050000 -7.913273
v -27.648609 3.050000 -0.281113
v -28.720352 2.600000 0.000000
v -27.648609 3.050000 0.281113
v -28.126259 2.731802 -0.067780
v -28.010517 2.790187 0.000000
v -28.126261 2.731802 0.067781
v -27.794161 3.050000 -0.000000
v -18.351391 3.050000 7.718887
v -18.151237 2.600000 8.455291
v -17.550249 3.050000 7.985008
v -18.193094 2.731802 8.014315
v -18.006233 2.790187 8.018761
v -17.853849 2.731802 8.127005
v -17.971193 3.050000 7.913273
v 12.000000 3.050000 7.000000
v 12.091633 2.600000 7.447195
v 12.026838 2.731802 7.130980
v 29.580599 4.650000 0.163100
v 29.580599 4.650000 -0.163101
v 28.758436 5.100000 0.000000
v 29.754320 4.650000 -0.000000
v 29.521000 4.909813 -0.000000
v 29.203297 4.968198 -0.168411
v 29.203297 4.968198 0.168411
v 12.000000 4.650000 -7.000000
v 11.908367 5.100000 -6.552805
v 11.973162 4.968198 -6.869020
v -17.550249 4.650000 -7.985008
v -18.351391 4.650000 -7.718887
v -17.848763 5.100000 -7.544709
v -17.971193 4.650000 -7.913273
v -17.952200 4.909813 -7.856095
v -18.158297 4.968198 -7.704574
v -17.696402 4.968198 -7.858005
v -27.648609 4.650000 -0.281113
v -27.648609 4.650000 0.281113
v -27.279648 5.100000 0.000000
v -27.797798 4.650000 0.000000
v -27.699257 4.909807 0.000000
v -27.536903 4.968197 0.198777
v -27.536903 4.968197 -0.198777
v -18.351391 4.650000 7.718887
v -17.550249 4.650000 7.985008
v -17.848763 5.100000 7.544709
v -17.971193 4.650000 7.913273
v -17.952200 4.909813 7.856095
v -17.696402 4.968198 7.858005
v -18.158297 4.968198 7.704574
v 11.908367 5.100000 6.552805
v 12.000000 4.650000 7.000000
v 11.973162 4.968198 6.869020
vn 0.4532 0.8857 0.1005
vn -0.1678 -0.9858 -0.0000
vn 0.4532 0.8857 -0.1005
vn -0.2157 0.4884 -0.8455
vn -0.1205 0.9241 -0.3626
vn -0.3331 0.4884 -0.8065
vn -0.6615 0.7284 -0.1784
vn -0.2588 0.9659 -0.0000
vn -0.6615 0.7284 0.1784
vn -0.3331 0.4884 0.8065
vn -0.1205 0.9241 0.3626
vn -0.2157 0.4884 0.8455
vn 0.5146 0.5375 0.6681
vn 0.5146 0.5375 -0.6681
vn 0.2420 0.9703 -0.0000
vn -0.1275 0.2756 -0.9528
vn -0.4680 0.2756 -0.8397
vn -0.1581 0.8652 -0.4759
vn -0.8020 0.3597 -0.4769
vn -0.8020 0.3597 0.4769
vn -0.4128 0.9108 -0.0000
vn -0.4680 0.2756 0.8397
vn -0.1275 0.2756 0.9528
vn -0.1581 0.8652 0.4759
vn 0.3349 0.3827 0.8611
vn 0.1387 0.9239 0.3567
vn 0.1387 0.9239 -0.3567
vn 0.3349 0.3827 -0.8611
vn 0.0127 0.9239 -0.3825
vn 0.0308 0.3827 -0.9234
vn -0.2391 0.9239 -0.2988
vn -0.5771 0.3827 -0.7214
vn -0.2391 0.9239 0.2988
vn -0.5771 0.3827 0.7214
vn 0.0127 0.9239 0.3825
vn 0.0308 0.3827 0.9234
vn -0.5765 0.3855 -0.7205
vn -0.2398 0.9234 -0.2997
vn -0.5765 0.3855 0.7205
vn -0.2398 0.9234 0.2997
vn 0.6845 -0.0000 -0.7290
vn 0.6845 -0.0000 0.7290
vn -0.4552 -0.0000 -0.8904
vn -0.1680 -0.0000 -0.9858
vn -0.8857 -0.0010 0.4643
vn -0.8857 -0.0010 -0.4643
vn -0.1680 -0.0000 0.9858
vn -0.4552 -0.0000 0.8904
vn 0.3624 -0.0000 0.9320
vn 0.3624 -0.0000 -0.9320
vn -0.0000 1.0000 -0.0000
vn 0.0333 -0.0000 -0.9994
vn -0.6247 -0.0000 -0.7809
vn -0.6247 -0.0000 0.7809
vn 0.0333 -0.0000 0.9994
vt 0.602001 0.775248
vt 0.609703 0.779110
vt 0.602001 0.779110
vt 0.168833 1.017342
vt 0.168125 0.996102
vt 0.652588 0.007759
vt 0.652588 0.003898
vt 0.657035 0.003898
vt 0.660290 0.003898
vt 0.652588 0.554061
vt 0.660290 0.558068
vt 0.658662 0.559912
vt 0.652588 0.559912
vt -0.003977 0.177202
vt 0.005350 0.177584
vt 0.003898 0.179529
vt 0.004059 0.181952
vt 0.652588 0.567614
vt 0.660290 0.562340
vt 0.652588 0.771407
vt 0.660290 0.779110
vt 0.652588 0.779110
vt 0.134641 -0.008425
vt 0.135051 0.003898
vt 0.602001 0.011600
vt 0.602001 0.003898
vt 0.606448 0.003898
vt 0.609703 0.003898
vt 0.602001 0.215393
vt 0.609703 0.220668
vt 0.608076 0.223096
vt 0.602001 0.223096
vt 0.285312 0.167559
vt 0.277609 0.172833
vt 0.277609 0.170406
vt 0.276030 0.168561
vt 0.602001 0.228946
vt 0.609703 0.224940
vt 0.574614 0.775248
vt 0.574614 0.779110
vt 0.570167 0.779110
vt 0.566912 0.772214
vt 0.625201 0.007759
vt 0.617499 0.010794
vt 0.617499 0.007729
vt 0.625201 0.003898
vt 0.448924 0.974863
vt 0.454187 0.983124
vt 0.452163 0.988892
vt 0.444222 0.983456
vt 0.625201 0.554061
vt 0.625201 0.559912
vt 0.619127 0.560362
vt 0.617499 0.555905
vt 0.625201 0.567614
vt 0.617499 0.565186
vt 0.293280 0.181857
vt 0.285756 0.184792
vt 0.285465 0.180427
vt 0.288561 0.175303
vt 0.625201 0.771407
vt 0.625201 0.779110
vt 0.620754 0.779110
vt 0.617499 0.770795
vt 0.574615 0.011600
vt 0.566912 0.012213
vt 0.566912 0.007917
vt 0.574615 0.003898
vt 0.416969 0.016221
vt 0.411583 0.010560
vt 0.414153 0.007118
vt 0.421966 0.010214
vt 0.574615 0.215393
vt 0.574615 0.223096
vt 0.568540 0.223437
vt 0.566912 0.217821
vt 0.574615 0.228946
vt 0.566912 0.227102
vt 0.551414 0.173252
vt 0.555686 0.166399
vt 0.558531 0.169722
vt 0.559117 0.175680
vt 0.602001 0.613375
vt 0.609703 0.613375
vt 0.277609 0.684185
vt 0.285312 0.685498
vt 0.030514 0.693991
vt 0.038112 0.692168
vt 0.660290 0.169633
vt 0.652588 0.169633
vt 0.551414 0.682872
vt 0.559053 0.684174
vt 0.566912 0.613325
vt 0.574615 0.613375
vt 0.625201 0.169633
vt 0.617499 0.169682
vt 0.319682 0.692153
vt 0.327217 0.690346
s 0
usemtl DL2_Armor_Indigo
f 81/123/62 84/124/62 85/124/62 87/125/62
f 82/126/63 86/127/63 85/127/63 84/127/63
f 83/128/64 87/129/64 85/130/64 86/131/64
f 91/132/65 94/133/65 95/134/65 97/135/65
f 92/136/66 96/137/66 95/138/66 94/139/66
f 93/140/67 97/135/67 95/134/67 96/141/67
f 98/142/68 101/143/68 102/143/68 104/144/68
f 99/145/69 103/146/69 102/146/69 101/146/69
f 100/147/70 104/148/70 102/149/70 103/150/70
f 105/151/71 108/152/71 109/153/71 111/154/71
f 106/155/72 110/156/72 109/157/72 108/158/72
f 107/159/73 111/154/73 109/153/73 110/160/73
f 115/161/74 118/162/74 119/163/74 121/164/74
f 116/165/75 120/166/75 119/167/75 118/168/75
f 117/169/76 121/170/76 119/171/76 120/172/76
f 125/173/77 128/174/77 129/175/77 131/176/77
f 126/177/78 130/178/78 129/175/78 128/174/78
f 127/179/79 131/180/79 129/181/79 130/182/79
f 132/183/80 135/184/80 136/185/80 138/186/80
f 133/187/81 137/188/81 136/189/81 135/190/81
f 134/191/82 138/192/82 136/193/82 137/194/82
f 139/195/83 142/196/83 143/197/83 145/198/83
f 140/199/84 144/200/84 143/197/84 142/196/84
f 141/201/85 145/202/85 143/203/85 144/204/85
f 81/123/86 112/205/86 114/206/86 84/124/86
f 84/127/87 114/207/87 113/208/87 82/126/87
f 82/126/88 88/209/88 90/210/88 86/127/88
f 86/131/89 90/211/89 89/212/89 83/128/89
f 88/209/90 92/136/90 94/139/90 90/210/90
f 90/211/91 94/133/91 91/132/91 89/212/91
f 92/136/92 99/145/92 101/146/92 96/137/92
f 96/141/93 101/143/93 98/142/93 93/140/93
f 99/145/94 106/155/94 108/158/94 103/146/94
f 103/150/95 108/152/95 105/151/95 100/147/95
f 106/155/96 113/208/96 114/207/96 110/156/96
f 110/160/97 114/206/97 112/205/97 107/159/97
f 117/169/87 146/213/87 148/214/87 121/170/87
f 121/164/86 148/215/86 147/216/86 115/161/86
f 116/165/89 122/217/89 124/218/89 120/166/89
f 120/172/88 124/219/88 123/220/88 117/169/88
f 122/217/91 125/173/91 131/176/91 124/218/91
f 124/219/90 131/180/90 127/179/90 123/220/90
f 126/177/98 132/183/98 138/186/98 130/178/98
f 130/182/99 138/192/99 134/191/99 127/179/99
f 133/187/100 139/195/100 145/198/100 137/188/100
f 137/194/101 145/202/101 141/201/101 134/191/101
f 140/199/97 147/216/97 148/215/97 144/200/97
f 144/204/96 148/214/96 146/213/96 141/201/96
f 83/128/102 116/165/102 118/168/102 87/129/102
f 87/125/103 118/162/103 115/161/103 81/123/103
f 93/140/104 126/177/104 128/174/104 97/135/104
f 97/135/105 128/174/105 125/173/105 91/132/105
f 100/147/106 133/187/106 135/190/106 104/148/106
f 104/144/107 135/184/107 132/183/107 98/142/107
f 107/159/108 140/199/108 142/196/108 111/154/108
f 111/154/109 142/196/109 139/195/109 105/151/109
f 112/205/110 81/123/110 115/161/110 147/216/110
f 83/128/111 89/212/111 122/217/111 116/165/111
f 82/126/112 88/209/112 92/136/112 99/145/112 106/155/112 113/208/112
f 89/212/113 91/132/113 125/173/113 122/217/113
f 93/140/114 98/142/114 132/183/114 126/177/114
f 100/147/115 105/151/115 139/195/115 133/187/115
f 107/159/116 112/205/116 147/216/116 140/199/116
f 117/169/112 123/220/112 127/179/112 134/191/112 141/201/112 146/213/112
o DL_Fate_Ring
v 10.150000 6.200000 0.000000
v 9.825000 6.762917 0.000000
v 9.175000 6.762917 0.000000
v 8.850000 6.200000 0.000000
v 9.175000 5.637083 0.000000
v 9.825000 5.637083 0.000000
v 9.653224 6.200000 -3.136521
v 9.344131 6.762917 -3.036091
v 8.725944 6.762917 -2.835230
v 8.416851 6.200000 -2.734800
v 8.725944 5.637083 -2.835230
v 9.344131 5.637083 -3.036091
v 8.211522 6.200000 -5.966020
v 7.948592 6.762917 -5.774990
v 7.422731 6.762917 -5.392930
v 7.159801 6.200000 -5.201900
v 7.422731 5.637083 -5.392930
v 7.948592 5.637083 -5.774990
v 5.966019 6.200000 -8.211523
v 5.774989 6.762917 -7.948593
v 5.392929 6.762917 -7.422732
v 5.201899 6.200000 -7.159801
v 5.392929 5.637083 -7.422732
v 5.774989 5.637083 -7.948593
v 3.136524 6.200000 -9.653223
v 3.036094 6.762917 -9.344130
v 2.835233 6.762917 -8.725944
v 2.734802 6.200000 -8.416850
v 2.835233 5.637083 -8.725944
v 3.036094 5.637083 -9.344130
v 0.000001 6.200000 -10.150000
v 0.000001 6.762917 -9.825000
v 0.000001 6.762917 -9.175000
v 0.000001 6.200000 -8.850000
v 0.000001 5.637083 -9.175000
v 0.000001 5.637083 -9.825000
v -3.136523 6.200000 -9.653223
v -3.036092 6.762917 -9.344130
v -2.835231 6.762917 -8.725944
v -2.734801 6.200000 -8.416850
v -2.835231 5.637083 -8.725944
v -3.036092 5.637083 -9.344130
v -5.966022 6.200000 -8.211521
v -5.774992 6.762917 -7.948591
v -5.392931 6.762917 -7.422730
v -5.201901 6.200000 -7.159800
v -5.392931 5.637083 -7.422730
v -5.774992 5.637083 -7.948591
v -8.211524 6.200000 -5.966018
v -7.948594 6.762917 -5.774988
v -7.422733 6.762917 -5.392928
v -7.159802 6.200000 -5.201898
v -7.422733 5.637083 -5.392928
v -7.948594 5.637083 -5.774988
v -9.653223 6.200000 -3.136523
v -9.344130 6.762917 -3.036092
v -8.725944 6.762917 -2.835231
v -8.416850 6.200000 -2.734801
v -8.725944 5.637083 -2.835231
v -9.344130 5.637083 -3.036092
v -10.150000 6.200000 -0.000001
v -9.825000 6.762917 -0.000001
v -9.175000 6.762917 -0.000001
v -8.850000 6.200000 -0.000001
v -9.175000 5.637083 -0.000001
v -9.825000 5.637083 -0.000001
v -9.653225 6.200000 3.136518
v -9.344131 6.762917 3.036088
v -8.725945 6.762917 2.835227
v -8.416852 6.200000 2.734797
v -8.725945 5.637083 2.835227
v -9.344131 5.637083 3.036088
v -8.211524 6.200000 5.966018
v -7.948594 6.762917 5.774988
v -7.422733 6.762917 5.392928
v -7.159802 6.200000 5.201898
v -7.422733 5.637083 5.392928
v -7.948594 5.637083 5.774988
v -5.966022 6.200000 8.211521
v -5.774992 6.762917 7.948591
v -5.392931 6.762917 7.422730
v -5.201901 6.200000 7.159800
v -5.392931 5.637083 7.422730
v -5.774992 5.637083 7.948591
v -3.136523 6.200000 9.653223
v -3.036092 6.762917 9.344130
v -2.835231 6.762917 8.725944
v -2.734801 6.200000 8.416850
v -2.835231 5.637083 8.725944
v -3.036092 5.637083 9.344130
v 0.000001 6.200000 10.150000
v 0.000001 6.762917 9.825000
v 0.000001 6.762917 9.175000
v 0.000001 6.200000 8.850000
v 0.000001 5.637083 9.175000
v 0.000001 5.637083 9.825000
v 3.136524 6.200000 9.653223
v 3.036094 6.762917 9.344130
v 2.835233 6.762917 8.725944
v 2.734802 6.200000 8.416850
v 2.835233 5.637083 8.725944
v 3.036094 5.637083 9.344130
v 5.966015 6.200000 8.211526
v 5.774985 6.762917 7.948596
v 5.392925 6.762917 7.422734
v 5.201895 6.200000 7.159804
v 5.392925 5.637083 7.422734
v 5.774985 5.637083 7.948596
v 8.211519 6.200000 5.966024
v 7.948589 6.762917 5.774994
v 7.422729 6.762917 5.392933
v 7.159798 6.200000 5.201903
v 7.422729 5.637083 5.392933
v 7.948589 5.637083 5.774994
v 9.653222 6.200000 3.136526
v 9.344130 6.762917 3.036095
v 8.725943 6.762917 2.835234
v 8.416850 6.200000 2.734803
v 8.725943 5.637083 2.835234
v 9.344130 5.637083 3.036095
vn 0.8580 0.4954 -0.1359
vn -0.0000 1.0000 -0.0000
vn -0.8580 0.4954 0.1359
vn -0.8580 -0.4954 0.1359
vn -0.0000 -1.0000 -0.0000
vn 0.8580 -0.4954 -0.1359
vn 0.7740 0.4954 -0.3944
vn -0.7740 0.4954 0.3944
vn -0.7740 -0.4954 0.3944
vn 0.7740 -0.4954 -0.3944
vn 0.6143 0.4954 -0.6143
vn -0.6143 0.4954 0.6143
vn -0.6143 -0.4954 0.6143
vn 0.6143 -0.4954 -0.6143
vn 0.3944 0.4954 -0.7740
vn -0.3944 0.4954 0.7740
vn -0.3944 -0.4954 0.7740
vn 0.3944 -0.4954 -0.7740
vn 0.1359 0.4954 -0.8580
vn -0.1359 0.4954 0.8580
vn -0.1359 -0.4954 0.8580
vn 0.1359 -0.4954 -0.8580
vn -0.1359 0.4954 -0.8580
vn 0.1359 0.4954 0.8580
vn 0.1359 -0.4954 0.8580
vn -0.1359 -0.4954 -0.8580
vn -0.3944 0.4954 -0.7740
vn 0.3944 0.4954 0.7740
vn 0.3944 -0.4954 0.7740
vn -0.3944 -0.4954 -0.7740
vn -0.6143 0.4954 -0.6143
vn 0.6143 0.4954 0.6143
vn 0.6143 -0.4954 0.6143
vn -0.6143 -0.4954 -0.6143
vn -0.7740 0.4954 -0.3944
vn 0.7740 0.4954 0.3944
vn 0.7740 -0.4954 0.3944
vn -0.7740 -0.4954 -0.3944
vn -0.8580 0.4954 -0.1359
vn 0.8580 0.4954 0.1359
vn 0.8580 -0.4954 0.1359
vn -0.8580 -0.4954 -0.1359
vt 0.909128 0.571478
vt 0.930462 0.644167
vt 0.912844 0.646749
vt 0.892193 0.576388
vt 0.171511 0.540222
vt 0.126422 0.540222
vt 0.127914 0.522571
vt 0.170019 0.522571
vt 0.833760 0.856447
vt 0.809011 0.920296
vt 0.792551 0.913977
vt 0.816423 0.852390
vt 0.120695 0.891001
vt 0.139297 0.819915
vt 0.156915 0.822806
vt 0.137630 0.896503
vt 0.503549 0.024279
vt 0.461444 0.024279
vt 0.459952 0.006628
vt 0.505041 0.006628
vt 0.703339 0.644171
vt 0.675882 0.567355
vt 0.692272 0.560397
vt 0.720637 0.639754
vt 0.937813 0.728119
vt 0.919960 0.728013
vt 0.083541 0.514106
vt 0.087869 0.498183
vt 0.774947 0.966685
vt 0.759693 0.958723
vt 0.145707 0.744059
vt 0.163560 0.744165
vt 0.421399 0.048667
vt 0.417071 0.032744
vt 0.638091 0.504514
vt 0.653231 0.495477
vt 0.930462 0.815118
vt 0.912844 0.812226
vt 0.047064 0.464430
vt 0.053805 0.451794
vt 0.070266 0.445475
vt 0.103123 0.490221
vt 0.139297 0.670859
vt 0.156915 0.668277
vt 0.387335 0.095056
vt 0.380593 0.082420
vt 0.364133 0.076101
vt 0.401816 0.024783
vt 0.909128 0.896646
vt 0.892193 0.891144
vt 0.020561 0.396058
vt 0.029056 0.387945
vt 0.046394 0.383888
vt 0.120695 0.607480
vt 0.137630 0.602571
vt 0.362586 0.158905
vt 0.354091 0.150792
vt 0.336754 0.146735
vt 0.875898 0.964724
vt 0.860028 0.957042
vt 0.006628 0.315681
vt 0.016045 0.312886
vt 0.033843 0.311488
vt 0.091722 0.560127
vt 0.107593 0.553478
vt 0.349575 0.233964
vt 0.340158 0.231168
vt 0.322360 0.229771
vt 0.774948 0.006628
vt 0.812631 0.057947
vt 0.796171 0.064265
vt 0.759693 0.014590
vt 0.006628 0.231168
vt 0.016045 0.233964
vt 0.033843 0.235362
vt 0.746437 0.014257
vt 0.709929 0.040950
vt 0.694058 0.034302
vt 0.731907 0.006628
vt 0.349575 0.312886
vt 0.340158 0.315681
vt 0.322360 0.317079
vt 0.840010 0.128581
vt 0.822673 0.132638
vt 0.020561 0.150792
vt 0.029056 0.158905
vt 0.046394 0.162962
vt 0.680956 0.088304
vt 0.664021 0.083394
vt 0.362586 0.387945
vt 0.354091 0.396058
vt 0.336754 0.400114
vt 0.854404 0.211616
vt 0.836606 0.213014
vt 0.047064 0.082420
vt 0.053805 0.095056
vt 0.070266 0.101374
vt 0.662354 0.151682
vt 0.644736 0.149100
vt 0.387335 0.451794
vt 0.380593 0.464430
vt 0.364133 0.470748
vt 0.854404 0.298925
vt 0.836606 0.297527
vt 0.083541 0.032744
vt 0.087869 0.048667
vt 0.103123 0.056629
vt 0.655944 0.224882
vt 0.638091 0.224988
vt 0.421399 0.498183
vt 0.417071 0.514106
vt 0.962371 0.014590
vt 0.925894 0.064265
vt 0.909434 0.057947
vt 0.947117 0.006628
vt 0.840010 0.381960
vt 0.822673 0.377903
vt 0.126422 0.006628
vt 0.127914 0.024279
vt 0.062596 0.958041
vt 0.032558 0.908949
vt 0.049493 0.904039
vt 0.078466 0.951393
vt 0.662354 0.300738
vt 0.644736 0.303629
vt 0.461444 0.522571
vt 0.459952 0.540222
vt 0.899392 0.132637
vt 0.882055 0.128581
vt 0.812631 0.452594
vt 0.796171 0.446276
vt 0.171511 0.006628
vt 0.170019 0.024279
vt 0.013273 0.843243
vt 0.030891 0.840661
vt 0.680956 0.371824
vt 0.664021 0.377326
vt 0.503549 0.522571
vt 0.505040 0.540222
vt 0.885459 0.213014
vt 0.867661 0.211616
vt 0.774947 0.503913
vt 0.759693 0.495951
vt 0.214392 0.032744
vt 0.210064 0.048667
vt 0.006628 0.767355
vt 0.024481 0.767461
vt 0.709929 0.431183
vt 0.694058 0.438865
vt 0.543594 0.498183
vt 0.547922 0.514106
vt 0.885459 0.297527
vt 0.867661 0.298924
vt 0.229646 0.024783
vt 0.267330 0.076101
vt 0.250870 0.082420
vt 0.244128 0.095056
vt 0.013273 0.688713
vt 0.030891 0.691605
vt 0.746437 0.473003
vt 0.731907 0.482221
vt 0.577658 0.451794
vt 0.584399 0.464430
vt 0.899392 0.377903
vt 0.882055 0.381960
vt 0.294709 0.146735
vt 0.277372 0.150792
vt 0.268877 0.158905
vt 0.032558 0.615016
vt 0.049493 0.620518
vt 0.561197 0.445475
vt 0.585069 0.383888
vt 0.602407 0.387945
vt 0.610902 0.396058
vt 0.925894 0.446276
vt 0.909433 0.452594
vt 0.309103 0.229771
vt 0.291305 0.231169
vt 0.281888 0.233964
vt 0.062596 0.553478
vt 0.078466 0.561160
vt 0.597620 0.311488
vt 0.615418 0.312886
vt 0.624835 0.315681
vt 0.962371 0.495951
vt 0.947117 0.503912
vt 0.309103 0.317079
vt 0.291305 0.315681
vt 0.281888 0.312886
vt 0.774947 0.517169
vt 0.809012 0.563558
vt 0.792551 0.569876
vt 0.759693 0.525130
vt 0.597620 0.235362
vt 0.615418 0.233964
vt 0.624835 0.231168
vt 0.638091 0.969144
vt 0.675882 0.936087
vt 0.692272 0.941326
vt 0.653231 0.975476
vt 0.294709 0.400114
vt 0.277372 0.396058
vt 0.268877 0.387945
vt 0.833760 0.627407
vt 0.816423 0.631463
vt 0.585069 0.162962
vt 0.602407 0.158905
vt 0.610902 0.150792
vt 0.703339 0.880912
vt 0.720637 0.884325
vt 0.267330 0.470748
vt 0.250870 0.464430
vt 0.244128 0.451794
vt 0.846772 0.702466
vt 0.828973 0.703864
vt 0.561197 0.101374
vt 0.577658 0.095056
vt 0.584399 0.082420
vt 0.717773 0.809017
vt 0.735549 0.810053
vt 0.229647 0.522067
vt 0.214392 0.514106
vt 0.210064 0.498183
vt 0.846772 0.781388
vt 0.828973 0.779990
vt 0.528340 0.056628
vt 0.543594 0.048667
vt 0.547922 0.032744
vt 0.717773 0.727442
vt 0.735549 0.725779
vt 0.875898 0.517169
vt 0.860028 0.523818
vt 0.091722 0.950360
vt 0.107593 0.958041
s 0
usemtl DL2_IceBlue
f 149/221/117 155/222/117 156/223/117 150/224/117
f 150/225/118 156/226/118 157/227/118 151/228/118
f 151/229/119 157/230/119 158/231/119 152/232/119
f 152/233/120 158/234/120 159/235/120 153/236/120
f 153/237/121 159/238/121 160/239/121 154/240/121
f 154/241/122 160/242/122 155/243/122 149/244/122
f 155/222/123 161/245/123 162/246/123 156/223/123
f 156/226/118 162/247/118 163/248/118 157/227/118
f 157/230/124 163/249/124 164/250/124 158/231/124
f 158/234/125 164/251/125 165/252/125 159/235/125
f 159/238/121 165/253/121 166/254/121 160/239/121
f 160/242/126 166/255/126 161/256/126 155/243/126
f 161/245/127 167/257/127 168/258/127 162/246/127
f 162/247/118 168/259/118 169/260/118 163/248/118
f 163/248/128 169/260/128 170/261/128 164/262/128
f 164/251/129 170/263/129 171/264/129 165/252/129
f 165/253/121 171/265/121 172/266/121 166/254/121
f 166/254/130 172/266/130 167/267/130 161/268/130
f 167/257/131 173/269/131 174/270/131 168/258/131
f 168/259/118 174/271/118 175/272/118 169/260/118
f 169/260/132 175/272/132 176/273/132 170/261/132
f 170/263/133 176/274/133 177/275/133 171/264/133
f 171/265/121 177/276/121 178/277/121 172/266/121
f 172/266/134 178/277/134 173/278/134 167/267/134
f 173/269/135 179/279/135 180/280/135 174/270/135
f 174/271/118 180/281/118 181/282/118 175/272/118
f 175/272/136 181/282/136 182/283/136 176/273/136
f 176/274/137 182/284/137 183/285/137 177/275/137
f 177/276/121 183/286/121 184/287/121 178/277/121
f 178/277/138 184/287/138 179/288/138 173/278/138
f 179/289/139 185/290/139 186/291/139 180/292/139
f 180/281/118 186/293/118 187/294/118 181/282/118
f 181/282/140 187/294/140 188/295/140 182/283/140
f 182/296/141 188/297/141 189/298/141 183/299/141
f 183/286/121 189/300/121 190/301/121 184/287/121
f 184/287/142 190/301/142 185/302/142 179/288/142
f 185/290/143 191/303/143 192/304/143 186/291/143
f 186/293/118 192/305/118 193/306/118 187/294/118
f 187/294/144 193/306/144 194/307/144 188/295/144
f 188/297/145 194/308/145 195/309/145 189/298/145
f 189/300/121 195/310/121 196/311/121 190/301/121
f 190/301/146 196/311/146 191/312/146 185/302/146
f 191/303/147 197/313/147 198/314/147 192/304/147
f 192/305/118 198/315/118 199/316/118 193/306/118
f 193/306/148 199/316/148 200/317/148 194/307/148
f 194/308/149 200/318/149 201/319/149 195/309/149
f 195/310/121 201/320/121 202/321/121 196/311/121
f 196/311/150 202/321/150 197/322/150 191/312/150
f 197/313/151 203/323/151 204/324/151 198/314/151
f 198/315/118 204/325/118 205/326/118 199/316/118
f 199/316/152 205/326/152 206/327/152 200/317/152
f 200/318/153 206/328/153 207/329/153 201/319/153
f 201/320/121 207/330/121 208/331/121 202/321/121
f 202/332/154 208/333/154 203/334/154 197/335/154
f 203/323/155 209/336/155 210/337/155 204/324/155
f 204/325/118 210/338/118 211/339/118 205/326/118
f 205/340/156 211/341/156 212/342/156 206/343/156
f 206/328/157 212/344/157 213/345/157 207/329/157
f 207/330/121 213/346/121 214/347/121 208/331/121
f 208/333/158 214/348/158 209/349/158 203/334/158
f 209/336/119 215/350/119 216/351/119 210/337/119
f 210/338/118 216/352/118 217/353/118 211/339/118
f 211/341/117 217/354/117 218/355/117 212/342/117
f 212/344/122 218/356/122 219/357/122 213/345/122
f 213/346/121 219/358/121 220/359/121 214/347/121
f 214/348/120 220/360/120 215/361/120 209/349/120
f 215/350/124 221/362/124 222/363/124 216/351/124
f 216/352/118 222/364/118 223/365/118 217/353/118
f 217/354/123 223/366/123 224/367/123 218/355/123
f 218/356/126 224/368/126 225/369/126 219/357/126
f 219/358/121 225/370/121 226/371/121 220/359/121
f 220/360/125 226/372/125 221/373/125 215/361/125
f 221/374/128 227/375/128 228/376/128 222/364/128
f 222/364/118 228/376/118 229/377/118 223/365/118
f 223/366/127 229/378/127 230/379/127 224/367/127
f 224/368/130 230/380/130 231/381/130 225/369/130
f 225/370/121 231/382/121 232/383/121 226/371/121
f 226/372/129 232/384/129 227/385/129 221/373/129
f 227/375/132 233/386/132 234/387/132 228/376/132
f 228/376/118 234/387/118 235/388/118 229/377/118
f 229/378/131 235/389/131 236/390/131 230/379/131
f 230/391/134 236/392/134 237/393/134 231/382/134
f 231/382/121 237/393/121 238/394/121 232/383/121
f 232/384/133 238/395/133 233/396/133 227/385/133
f 233/386/136 239/397/136 240/398/136 234/387/136
f 234/387/118 240/398/118 241/399/118 235/388/118
f 235/389/135 241/400/135 242/401/135 236/390/135
f 236/392/138 242/402/138 243/403/138 237/393/138
f 237/393/121 243/403/121 244/404/121 238/394/121
f 238/395/137 244/405/137 239/406/137 233/396/137
f 239/397/140 245/407/140 246/408/140 240/398/140
f 240/398/118 246/408/118 247/409/118 241/399/118
f 241/410/139 247/411/139 248/412/139 242/413/139
f 242/402/142 248/414/142 249/415/142 243/403/142
f 243/403/121 249/415/121 250/416/121 244/404/121
f 244/417/141 250/418/141 245/419/141 239/420/141
f 245/407/144 251/421/144 252/422/144 246/408/144
f 246/408/118 252/422/118 253/423/118 247/409/118
f 247/411/143 253/424/143 254/425/143 248/412/143
f 248/414/146 254/426/146 255/427/146 249/415/146
f 249/415/121 255/427/121 256/428/121 250/416/121
f 250/418/145 256/429/145 251/430/145 245/419/145
f 251/421/148 257/431/148 258/432/148 252/422/148
f 252/422/118 258/432/118 259/433/118 253/423/118
f 253/424/147 259/434/147 260/435/147 254/425/147
f 254/426/150 260/436/150 261/437/150 255/427/150
f 255/427/121 261/437/121 262/438/121 256/428/121
f 256/429/149 262/439/149 257/440/149 251/430/149
f 257/431/152 263/441/152 264/442/152 258/432/152
f 258/432/118 264/442/118 265/443/118 259/433/118
f 259/434/151 265/444/151 266/445/151 260/435/151
f 260/436/154 266/446/154 267/447/154 261/437/154
f 261/437/121 267/447/121 268/448/121 262/438/121
f 262/439/153 268/449/153 263/450/153 257/440/153
f 263/451/156 149/221/156 150/224/156 264/452/156
f 264/442/118 150/225/118 151/228/118 265/443/118
f 265/444/155 151/229/155 152/232/155 266/445/155
f 266/453/158 152/233/158 153/236/158 267/454/158
f 267/447/121 153/237/121 154/240/121 268/448/121
f 268/449/157 154/241/157 149/244/157 263/450/157
o DL_Fate_Crystal
v -2.121320 2.900000 -2.121320
v -0.565685 9.900000 -0.565685
v 2.121320 2.900000 -2.121320
v 0.565685 9.900000 -0.565685
v 2.121320 2.900000 2.121320
v 0.565685 9.900000 0.565685
v -2.121320 2.900000 2.121320
v -0.565685 9.900000 0.565685
vn -0.0000 0.2169 -0.9762
vn 0.9762 0.2169 -0.0000
vn -0.0000 1.0000 -0.0000
vn -0.0000 0.2169 0.9762
vn -0.9762 0.2169 -0.0000
vn -0.0000 -1.0000 -0.0000
vt 0.005616 0.448756
vt 0.101751 0.005616
vt 0.171668 0.005616
vt 0.267803 0.448756
vt 0.279035 0.448756
vt 0.375170 0.005616
vt 0.445086 0.005616
vt 0.541222 0.448756
vt 0.622370 0.529904
vt 0.552454 0.529904
vt 0.552454 0.459988
vt 0.622370 0.459988
vt 0.552454 0.448756
vt 0.648589 0.005616
vt 0.718505 0.005616
vt 0.814640 0.448756
vt 0.005616 0.903127
vt 0.101751 0.459988
vt 0.171668 0.459988
vt 0.267803 0.903127
vt 0.279035 0.722174
vt 0.279035 0.459988
vt 0.541222 0.459988
vt 0.541222 0.722174
s 0
usemtl DL2_IceBlue
f 269/455/159 270/456/159 272/457/159 271/458/159
f 271/459/160 272/460/160 274/461/160 273/462/160
f 272/463/161 270/464/161 276/465/161 274/466/161
f 273/467/162 274/468/162 276/469/162 275/470/162
f 275/471/163 276/472/163 270/473/163 269/474/163
f 269/475/164 271/476/164 273/477/164 275/478/164
o DL_Bridge
v -9.000000 5.800000 2.800000
v -9.000000 6.000000 3.000000
v -9.200000 6.000000 2.800000
v -9.000000 5.858579 2.941422
v -9.115469 5.884530 2.915470
v -9.141420 6.000000 2.941422
v -9.141420 5.858579 2.800000
v -9.000000 8.000000 3.000000
v -9.000000 8.200000 2.800000
v -9.200000 8.000000 2.800000
v -9.000000 8.141421 2.941422
v -9.115469 8.115470 2.915470
v -9.141420 8.141421 2.800000
v -9.141420 8.000000 2.941422
v -9.000000 5.800000 -2.800000
v -9.200000 6.000000 -2.800000
v -9.000000 6.000000 -3.000000
v -9.141421 5.858579 -2.800000
v -9.115470 5.884530 -2.915470
v -9.141421 6.000000 -2.941422
v -9.000000 5.858579 -2.941422
v -9.000000 8.200000 -2.800000
v -9.000000 8.000000 -3.000000
v -9.200000 8.000000 -2.800000
v -9.000000 8.141421 -2.941422
v -9.115469 8.115470 -2.915470
v -9.141420 8.000000 -2.941422
v -9.141420 8.141421 -2.800000
v -1.000000 5.800000 2.800000
v -0.800000 6.000000 2.800000
v -1.000000 6.000000 3.000000
v -0.858579 5.858579 2.800000
v -0.884530 5.884530 2.915470
v -0.858579 6.000000 2.941422
v -1.000000 5.858579 2.941422
v -1.000000 8.200000 2.800000
v -1.000000 8.000000 3.000000
v -0.800000 8.000000 2.800000
v -1.000000 8.141421 2.941422
v -0.884531 8.115470 2.915470
v -0.858579 8.000000 2.941422
v -0.858579 8.141421 2.800000
v -1.000000 5.800000 -2.800000
v -1.000000 6.000000 -3.000000
v -0.800000 6.000000 -2.800000
v -1.000000 5.858579 -2.941422
v -0.884531 5.884530 -2.915470
v -0.858579 6.000000 -2.941422
v -0.858579 5.858579 -2.800000
v -1.000000 8.200000 -2.800000
v -0.800000 8.000000 -2.800000
v -1.000000 8.000000 -3.000000
v -0.858579 8.141421 -2.800000
v -0.884530 8.115470 -2.915470
v -0.858579 8.000000 -2.941422
v -1.000000 8.141421 -2.941422
vn -0.3251 -0.8881 0.3251
vn -0.3251 -0.3251 0.8881
vn -0.8881 -0.3251 0.3251
vn -0.3251 0.3251 0.8881
vn -0.3251 0.8881 0.3251
vn -0.8881 0.3251 0.3251
vn -0.3251 -0.8881 -0.3251
vn -0.8881 -0.3251 -0.3251
vn -0.3251 -0.3251 -0.8881
vn -0.3251 0.8881 -0.3251
vn -0.3251 0.3251 -0.8881
vn -0.8881 0.3251 -0.3251
vn 0.3251 -0.8881 0.3251
vn 0.8881 -0.3251 0.3251
vn 0.3251 -0.3251 0.8881
vn 0.3251 0.8881 0.3251
vn 0.3251 0.3251 0.8881
vn 0.8881 0.3251 0.3251
vn 0.3251 -0.8881 -0.3251
vn 0.3251 -0.3251 -0.8881
vn 0.8881 -0.3251 -0.3251
vn 0.3251 0.8881 -0.3251
vn 0.8881 0.3251 -0.3251
vn 0.3251 0.3251 -0.8881
vn -0.3827 -0.9239 -0.0000
vn -0.9239 -0.3827 -0.0000
vn -0.3827 -0.0000 0.9239
vn -0.9239 -0.0000 0.3827
vn -0.3827 0.9239 -0.0000
vn -0.9239 0.3827 -0.0000
vn -0.3827 -0.0000 -0.9239
vn -0.9239 -0.0000 -0.3827
vn -0.0000 -0.9239 -0.3827
vn -0.0000 -0.3827 -0.9239
vn -0.0000 0.9239 -0.3827
vn -0.0000 0.3827 -0.9239
vn 0.9239 -0.0000 -0.3827
vn 0.3827 -0.0000 -0.9239
vn 0.3827 -0.9239 -0.0000
vn 0.9239 -0.3827 -0.0000
vn 0.3827 0.9239 -0.0000
vn 0.9239 0.3827 -0.0000
vn 0.3827 -0.0000 0.9239
vn 0.9239 -0.0000 0.3827
vn -0.0000 -0.9239 0.3827
vn -0.0000 -0.3827 0.9239
vn -0.0000 0.9239 0.3827
vn -0.0000 0.3827 0.9239
vn -0.0000 -1.0000 -0.0000
vn -1.0000 -0.0000 -0.0000
vn -0.0000 -0.0000 1.0000
vn -0.0000 1.0000 -0.0000
vn -0.0000 -0.0000 -1.0000
vn 1.0000 -0.0000 -0.0000
vt 0.017399 0.017399
vt 0.005769 0.017399
vt 0.005769 0.010684
vt 0.017399 0.005769
vt 0.133700 0.517399
vt 0.133700 0.505769
vt 0.140414 0.505769
vt 0.145330 0.517399
vt 0.284798 0.843040
vt 0.296428 0.843041
vt 0.296428 0.849755
vt 0.284798 0.854670
vt 0.017399 0.517399
vt 0.005769 0.517399
vt 0.005769 0.510684
vt 0.017399 0.505769
vt 0.377838 0.482601
vt 0.377838 0.494231
vt 0.371124 0.494231
vt 0.366208 0.482601
vt 0.168497 0.843040
vt 0.168497 0.854671
vt 0.161783 0.854671
vt 0.156867 0.843040
vt 0.343040 0.017399
vt 0.343041 0.005769
vt 0.349755 0.005769
vt 0.354671 0.017399
vt 0.284798 0.517399
vt 0.284798 0.505769
vt 0.291513 0.505769
vt 0.296428 0.517399
vt 0.854578 0.482601
vt 0.866208 0.482601
vt 0.866208 0.489316
vt 0.854578 0.494231
vt 0.703480 0.482601
vt 0.715110 0.482601
vt 0.715110 0.489316
vt 0.703480 0.494231
vt 0.738278 0.482601
vt 0.738278 0.494231
vt 0.731563 0.494231
vt 0.726648 0.482601
vt 0.168497 0.517399
vt 0.156867 0.517399
vt 0.156867 0.510684
vt 0.168497 0.505769
vt 0.017399 0.482601
vt 0.017399 0.494231
vt 0.010684 0.494231
vt 0.005769 0.482601
vt 0.435896 0.517399
vt 0.435896 0.505769
vt 0.442611 0.505769
vt 0.447526 0.517399
vt 0.133699 0.982601
vt 0.145330 0.982601
vt 0.145330 0.989316
vt 0.133699 0.994231
vt 0.377838 0.017399
vt 0.366208 0.017399
vt 0.366208 0.010684
vt 0.377838 0.005769
vt 0.017399 0.982601
vt 0.017399 0.994231
vt 0.010684 0.994231
vt 0.005769 0.982601
vt 0.319596 0.517399
vt 0.307966 0.517399
vt 0.307966 0.510684
vt 0.319596 0.505769
vt 0.343040 0.482601
vt 0.354670 0.482601
vt 0.354670 0.489316
vt 0.343040 0.494231
vt 0.854578 0.017399
vt 0.854578 0.005769
vt 0.861293 0.005769
vt 0.866208 0.017399
vt 0.435896 0.843040
vt 0.447526 0.843041
vt 0.447526 0.849755
vt 0.435896 0.854670
vt 0.703480 0.017399
vt 0.703480 0.005769
vt 0.710194 0.005769
vt 0.715110 0.017399
vt 0.319596 0.843040
vt 0.319596 0.854670
vt 0.312881 0.854670
vt 0.307966 0.843040
vt 0.738278 0.017399
vt 0.726648 0.017399
vt 0.726648 0.010684
vt 0.738278 0.005769
s 0
usemtl DL2_Hull_Silver
f 277/479/165 280/480/165 281/481/165 283/482/165
f 278/483/166 282/484/166 281/485/166 280/486/166
f 279/487/167 283/488/167 281/489/167 282/490/167
f 284/491/168 287/492/168 288/493/168 290/494/168
f 285/495/169 289/496/169 288/497/169 287/498/169
f 286/499/170 290/500/170 288/501/170 289/502/170
f 291/503/171 294/504/171 295/505/171 297/506/171
f 292/507/172 296/508/172 295/509/172 294/510/172
f 293/511/173 297/512/173 295/513/173 296/514/173
f 298/515/174 301/516/174 302/517/174 304/518/174
f 299/519/175 303/520/175 302/521/175 301/522/175
f 300/523/176 304/524/176 302/525/176 303/526/176
f 305/527/177 308/528/177 309/529/177 311/530/177
f 306/531/178 310/532/178 309/533/178 308/534/178
f 307/535/179 311/536/179 309/537/179 310/538/179
f 312/539/180 315/540/180 316/541/180 318/542/180
f 313/543/181 317/544/181 316/545/181 315/546/181
f 314/547/182 318/548/182 316/549/182 317/550/182
f 319/551/183 322/552/183 323/553/183 325/554/183
f 320/555/184 324/556/184 323/557/184 322/558/184
f 321/559/185 325/560/185 323/561/185 324/562/185
f 326/563/186 329/564/186 330/565/186 332/566/186
f 327/567/187 331/568/187 330/569/187 329/570/187
f 328/571/188 332/572/188 330/573/188 331/574/188
f 291/503/189 277/479/189 283/482/189 294/504/189
f 294/510/190 283/488/190 279/487/190 292/507/190
f 278/483/191 284/491/191 290/494/191 282/484/191
f 282/490/192 290/500/192 286/499/192 279/487/192
f 285/495/193 298/515/193 304/518/193 289/496/193
f 289/502/194 304/524/194 300/523/194 286/499/194
f 299/519/195 293/511/195 296/514/195 303/520/195
f 303/526/196 296/508/196 292/507/196 300/523/196
f 319/551/197 291/503/197 297/506/197 322/552/197
f 322/558/198 297/512/198 293/511/198 320/555/198
f 298/515/199 326/563/199 332/566/199 301/516/199
f 301/522/200 332/572/200 328/571/200 299/519/200
f 327/567/201 321/559/201 324/562/201 331/568/201
f 331/574/202 324/556/202 320/555/202 328/571/202
f 305/527/203 319/551/203 325/554/203 308/528/203
f 308/534/204 325/560/204 321/559/204 306/531/204
f 326/563/205 312/539/205 318/542/205 329/564/205
f 329/570/206 318/548/206 314/547/206 327/567/206
f 313/543/207 307/535/207 310/538/207 317/544/207
f 317/550/208 310/532/208 306/531/208 314/547/208
f 277/479/209 305/527/209 311/530/209 280/480/209
f 280/486/210 311/536/210 307/535/210 278/483/210
f 312/539/211 285/495/211 287/498/211 315/540/211
f 315/546/212 287/492/212 284/491/212 313/543/212
f 291/503/213 319/551/213 305/527/213 277/479/213
f 279/487/214 286/499/214 300/523/214 292/507/214
f 307/535/215 313/543/215 284/491/215 278/483/215
f 326/563/216 298/515/216 285/495/216 312/539/216
f 293/511/217 299/519/217 328/571/217 320/555/217
f 321/559/218 327/567/218 314/547/218 306/531/218
o DL_Observation_Spire
v -8.000000 6.500000 1.000000
v -8.000000 6.700000 1.200000
v -8.200000 6.700000 1.000000
v -8.000000 6.558578 1.141421
v -8.115470 6.584530 1.115470
v -8.141421 6.700000 1.141421
v -8.141421 6.558578 1.000000
v -8.000000 13.300000 1.200000
v -8.000000 13.500000 1.000000
v -8.200000 13.300000 1.000000
v -8.000000 13.441422 1.141421
v -8.115470 13.415470 1.115470
v -8.141421 13.441422 1.000000
v -8.141421 13.300000 1.141421
v -8.000000 6.500000 -1.000000
v -8.200000 6.700000 -1.000000
v -8.000000 6.700000 -1.200000
v -8.141421 6.558578 -1.000000
v -8.115470 6.584530 -1.115470
v -8.141421 6.700000 -1.141421
v -8.000000 6.558578 -1.141421
v -8.000000 13.500000 -1.000000
v -8.000000 13.300000 -1.200000
v -8.200000 13.300000 -1.000000
v -8.000000 13.441422 -1.141421
v -8.115470 13.415470 -1.115470
v -8.141421 13.300000 -1.141421
v -8.141421 13.441422 -1.000000
v -6.000000 6.500000 1.000000
v -5.800000 6.700000 1.000000
v -6.000000 6.700000 1.200000
v -5.858579 6.558578 1.000000
v -5.884530 6.584530 1.115470
v -5.858579 6.700000 1.141421
v -6.000000 6.558578 1.141421
v -6.000000 13.500000 1.000000
v -6.000000 13.300000 1.200000
v -5.800000 13.300000 1.000000
v -6.000000 13.441422 1.141421
v -5.884530 13.415470 1.115470
v -5.858579 13.300000 1.141421
v -5.858579 13.441422 1.000000
v -6.000000 6.500000 -1.000000
v -6.000000 6.700000 -1.200000
v -5.800000 6.700000 -1.000000
v -6.000000 6.558578 -1.141421
v -5.884530 6.584530 -1.115470
v -5.858579 6.700000 -1.141421
v -5.858579 6.558578 -1.000000
v -6.000000 13.500000 -1.000000
v -5.800000 13.300000 -1.000000
v -6.000000 13.300000 -1.200000
v -5.858579 13.441422 -1.000000
v -5.884530 13.415470 -1.115470
v -5.858579 13.300000 -1.141421
v -6.000000 13.441422 -1.141421
vn -0.3251 -0.8881 0.3251
vn -0.3251 -0.3251 0.8881
vn -0.8881 -0.3251 0.3251
vn -0.3251 0.3251 0.8881
vn -0.3251 0.8881 0.3251
vn -0.8881 0.3251 0.3251
vn -0.3251 -0.8881 -0.3251
vn -0.8881 -0.3251 -0.3251
vn -0.3251 -0.3251 -0.8881
vn -0.3251 0.8881 -0.3251
vn -0.3251 0.3251 -0.8881
vn -0.8881 0.3251 -0.3251
vn 0.3251 -0.8881 0.3251
vn 0.8881 -0.3251 0.3251
vn 0.3251 -0.3251 0.8881
vn 0.3251 0.8881 0.3251
vn 0.3251 0.3251 0.8881
vn 0.8881 0.3251 0.3251
vn 0.3251 -0.8881 -0.3251
vn 0.3251 -0.3251 -0.8881
vn 0.8881 -0.3251 -0.3251
vn 0.3251 0.8881 -0.3251
vn 0.8881 0.3251 -0.3251
vn 0.3251 0.3251 -0.8881
vn -0.3827 -0.9239 -0.0000
vn -0.9239 -0.3827 -0.0000
vn -0.3827 -0.0000 0.9239
vn -0.9239 -0.0000 0.3827
vn -0.3827 0.9239 -0.0000
vn -0.9239 0.3827 -0.0000
vn -0.3827 -0.0000 -0.9239
vn -0.9239 -0.0000 -0.3827
vn -0.0000 -0.9239 -0.3827
vn -0.0000 -0.3827 -0.9239
vn -0.0000 0.9239 -0.3827
vn -0.0000 0.3827 -0.9239
vn 0.9239 -0.0000 -0.3827
vn 0.3827 -0.0000 -0.9239
vn 0.3827 -0.9239 -0.0000
vn 0.9239 -0.3827 -0.0000
vn 0.3827 0.9239 -0.0000
vn 0.9239 0.3827 -0.0000
vn 0.3827 -0.0000 0.9239
vn 0.9239 -0.0000 0.3827
vn -0.0000 -0.9239 0.3827
vn -0.0000 -0.3827 0.9239
vn -0.0000 0.9239 0.3827
vn -0.0000 0.3827 0.9239
vn -0.0000 -1.0000 -0.0000
vn -1.0000 -0.0000 -0.0000
vn -0.0000 -0.0000 1.0000
vn -0.0000 1.0000 -0.0000
vn -0.0000 -0.0000 -1.0000
vn 1.0000 -0.0000 -0.0000
vt 0.017044 0.459788
vt 0.004661 0.459788
vt 0.004661 0.452638
vt 0.017044 0.447404
vt 0.614649 0.425699
vt 0.627032 0.425699
vt 0.627032 0.432849
vt 0.614649 0.438083
vt 0.017044 0.425699
vt 0.017044 0.438083
vt 0.009895 0.438083
vt 0.004661 0.425699
vt 0.614649 0.017044
vt 0.614649 0.004661
vt 0.621799 0.004661
vt 0.627032 0.017044
vt 0.332891 0.583622
vt 0.332891 0.596006
vt 0.325741 0.596006
vt 0.320507 0.583622
vt 0.017044 0.017044
vt 0.004661 0.017044
vt 0.004661 0.009895
vt 0.017044 0.004661
vt 0.140879 0.459788
vt 0.140879 0.447404
vt 0.148029 0.447404
vt 0.153263 0.459788
vt 0.140879 0.425699
vt 0.153263 0.425699
vt 0.153263 0.432849
vt 0.140879 0.438083
vt 0.174968 0.425699
vt 0.174968 0.438083
vt 0.167818 0.438083
vt 0.162584 0.425699
vt 0.456726 0.583622
vt 0.469109 0.583622
vt 0.469109 0.590772
vt 0.456726 0.596006
vt 0.174968 0.017044
vt 0.162584 0.017044
vt 0.162584 0.009895
vt 0.174968 0.004661
vt 0.140879 0.017044
vt 0.140879 0.004661
vt 0.148029 0.004661
vt 0.153263 0.017044
vt 0.017044 0.583622
vt 0.017044 0.596006
vt 0.009895 0.596006
vt 0.004661 0.583622
vt 0.456726 0.425699
vt 0.469109 0.425699
vt 0.469109 0.432849
vt 0.456726 0.438083
vt 0.490814 0.425699
vt 0.490814 0.438083
vt 0.483664 0.438083
vt 0.478431 0.425699
vt 0.332891 0.459788
vt 0.320507 0.459788
vt 0.320507 0.452638
vt 0.332891 0.447404
vt 0.490814 0.017044
vt 0.478431 0.017044
vt 0.478431 0.009895
vt 0.490814 0.004661
vt 0.456726 0.017044
vt 0.456726 0.004661
vt 0.463875 0.004661
vt 0.469109 0.017044
vt 0.140879 0.583622
vt 0.153263 0.583622
vt 0.153263 0.590772
vt 0.140879 0.596006
vt 0.298802 0.425699
vt 0.311186 0.425699
vt 0.311186 0.432849
vt 0.298802 0.438083
vt 0.332891 0.425699
vt 0.332891 0.438083
vt 0.325741 0.438083
vt 0.320507 0.425699
vt 0.456726 0.459788
vt 0.456726 0.447404
vt 0.463875 0.447404
vt 0.469109 0.459788
vt 0.332891 0.017044
vt 0.320507 0.017044
vt 0.320507 0.009895
vt 0.332891 0.004661
vt 0.298802 0.017044
vt 0.298802 0.004661
vt 0.305952 0.004661
vt 0.311186 0.017044
s 0
usemtl DL2_IceBlue
f 333/575/219 336/576/219 337/577/219 339/578/219
f 334/579/220 338/580/220 337/581/220 336/582/220
f 335/583/221 339/584/221 337/585/221 338/586/221
f 340/587/222 343/588/222 344/589/222 346/590/222
f 341/591/223 345/592/223 344/593/223 343/594/223
f 342/595/224 346/596/224 344/597/224 345/598/224
f 347/599/225 350/600/225 351/601/225 353/602/225
f 348/603/226 352/604/226 351/605/226 350/606/226
f 349/607/227 353/608/227 351/609/227 352/610/227
f 354/611/228 357/612/228 358/613/228 360/614/228
f 355/615/229 359/616/229 358/617/229 357/618/229
f 356/619/230 360/620/230 358/621/230 359/622/230
f 361/623/231 364/624/231 365/625/231 367/626/231
f 362/627/232 366/628/232 365/629/232 364/630/232
f 363/631/233 367/632/233 365/633/233 366/634/233
f 368/635/234 371/636/234 372/637/234 374/638/234
f 369/639/235 373/640/235 372/641/235 371/642/235
f 370/643/236 374/644/236 372/645/236 373/646/236
f 375/647/237 378/648/237 379/649/237 381/650/237
f 376/651/238 380/652/238 379/653/238 378/654/238
f 377/655/239 381/656/239 379/657/239 380/658/239
f 382/659/240 385/660/240 386/661/240 388/662/240
f 383/663/241 387/664/241 386/665/241 385/666/241
f 384/667/242 388/668/242 386/669/242 387/670/242
f 347/599/243 333/575/243 339/578/243 350/600/243
f 350/606/244 339/584/244 335/583/244 348/603/244
f 334/579/245 340/587/245 346/590/245 338/580/245
f 338/586/246 346/596/246 342/595/246 335/583/246
f 341/591/247 354/611/247 360/614/247 345/592/247
f 345/598/248 360/620/248 356/619/248 342/595/248
f 355/615/249 349/607/249 352/610/249 359/616/249
f 359/622/250 352/604/250 348/603/250 356/619/250
f 375/647/251 347/599/251 353/602/251 378/648/251
f 378/654/252 353/608/252 349/607/252 376/651/252
f 354/611/253 382/659/253 388/662/253 357/612/253
f 357/618/254 388/668/254 384/667/254 355/615/254
f 383/663/255 377/655/255 380/658/255 387/664/255
f 387/670/256 380/652/256 376/651/256 384/667/256
f 361/623/257 375/647/257 381/650/257 364/624/257
f 364/630/258 381/656/258 377/655/258 362/627/258
f 382/659/259 368/635/259 374/638/259 385/660/259
f 385/666/260 374/644/260 370/643/260 383/663/260
f 369/639/261 363/631/261 366/634/261 373/640/261
f 373/646/262 366/628/262 362/627/262 370/643/262
f 333/575/263 361/623/263 367/626/263 336/576/263
f 336/582/264 367/632/264 363/631/264 334/579/264
f 368/635/265 341/591/265 343/594/265 371/636/265
f 371/642/266 343/588/266 340/587/266 369/639/266
f 347/599/267 375/647/267 361/623/267 333/575/267
f 335/583/268 342/595/268 356/619/268 348/603/268
f 363/631/269 369/639/269 340/587/269 334/579/269
f 382/659/270 354/611/270 341/591/270 368/635/270
f 349/607/271 355/615/271 384/667/271 376/651/271
f 377/655/272 383/663/272 370/643/272 362/627/272
o DL_Spire_-1_0
v -5.000000 4.500000 4.100000
v -5.000000 11.500000 4.850000
v -4.220577 4.500000 4.550000
v -4.870096 11.500000 4.925000
v -4.220577 4.500000 5.450000
v -4.870096 11.500000 5.075000
v -5.000000 4.500000 5.900000
v -5.000000 11.500000 5.150000
v -5.779423 4.500000 5.450000
v -5.129904 11.500000 5.075000
v -5.779423 4.500000 4.550000
v -5.129904 11.500000 4.925000
vn 0.4979 0.0924 -0.8623
vn 0.9957 0.0924 -0.0000
vn 0.4979 0.0924 0.8623
vn -0.4979 0.0924 0.8623
vn -0.0000 1.0000 -0.0000
vn -0.9957 0.0924 -0.0000
vn -0.4979 0.0924 -0.8623
vn -0.0000 -1.0000 -0.0000
vt 0.002794 0.428515
vt 0.095485 0.002794
vt 0.100040 0.004034
vt 0.030122 0.435957
vt 0.109309 0.005032
vt 0.085737 0.441942
vt 0.114023 0.004789
vt 0.114023 0.440484
vt 0.119611 0.428515
vt 0.212302 0.002794
vt 0.216857 0.004034
vt 0.146939 0.435957
vt 0.344534 0.134237
vt 0.336461 0.138898
vt 0.328387 0.134237
vt 0.328387 0.124914
vt 0.336461 0.120253
vt 0.344534 0.124914
vt 0.226126 0.005032
vt 0.202554 0.441942
vt 0.230840 0.004789
vt 0.230840 0.440484
vt 0.328387 0.086697
vt 0.328387 0.030762
vt 0.376829 0.002794
vt 0.425271 0.030762
vt 0.425271 0.086697
vt 0.376829 0.114665
s 0
usemtl DL2_Hull_Silver
f 389/671/273 390/672/273 392/673/273 391/674/273
f 391/674/274 392/673/274 394/675/274 393/676/274
f 393/676/275 394/675/275 396/677/275 395/678/275
f 395/679/276 396/680/276 398/681/276 397/682/276
f 392/683/277 390/684/277 400/685/277 398/686/277 396/687/277 394/688/277
f 397/682/278 398/681/278 400/689/278 399/690/278
f 399/690/279 400/689/279 390/691/279 389/692/279
f 389/693/280 391/694/280 393/695/280 395/696/280 397/697/280 399/698/280
o DL_Spire_Core_-1_0
v -5.000000 9.750000 4.680000
v -5.000000 13.250000 4.950000
v -4.722872 9.750000 4.840000
v -4.956699 13.250000 4.975000
v -4.722872 9.750000 5.160000
v -4.956699 13.250000 5.025000
v -5.000000 9.750000 5.320000
v -5.000000 13.250000 5.050000
v -5.277128 9.750000 5.160000
v -5.043301 13.250000 5.025000
v -5.277128 9.750000 4.840000
v -5.043301 13.250000 4.975000
vn 0.4989 0.0667 -0.8641
vn 0.9978 0.0667 -0.0000
vn 0.4989 0.0667 0.8641
vn -0.4989 0.0667 0.8641
vn -0.0000 1.0000 -0.0000
vn -0.9978 0.0667 -0.0000
vn -0.4989 0.0667 -0.8641
vn -0.0000 -1.0000 -0.0000
vt 0.087374 0.217426
vt 0.120891 0.001961
vt 0.122429 0.002260
vt 0.097216 0.219340
vt 0.125533 0.002500
vt 0.117078 0.220876
vt 0.127098 0.002441
vt 0.127098 0.220497
vt 0.087374 0.440263
vt 0.120891 0.224798
vt 0.122429 0.225097
vt 0.097216 0.442177
vt 0.090069 0.550292
vt 0.087374 0.548735
vt 0.087374 0.545622
vt 0.090069 0.544066
vt 0.092765 0.545622
vt 0.092765 0.548735
vt 0.125533 0.225337
vt 0.117078 0.443713
vt 0.127098 0.225278
vt 0.127098 0.443334
vt 0.087374 0.477517
vt 0.087374 0.457595
vt 0.104626 0.447634
vt 0.121879 0.457595
vt 0.121879 0.477517
vt 0.104626 0.487477
s 0
usemtl DL2_IceBlue
f 401/699/281 402/700/281 404/701/281 403/702/281
f 403/702/282 404/701/282 406/703/282 405/704/282
f 405/704/283 406/703/283 408/705/283 407/706/283
f 407/707/284 408/708/284 410/709/284 409/710/284
f 404/711/285 402/712/285 412/713/285 410/714/285 408/715/285 406/716/285
f 409/710/286 410/709/286 412/717/286 411/718/286
f 411/718/287 412/717/287 402/719/287 401/720/287
f 401/721/288 403/722/288 405/723/288 407/724/288 409/725/288 411/726/288
o DL_Spire_-1_1
v -13.000000 4.750000 7.300000
v -13.000000 13.250000 8.050000
v -12.220577 4.750000 7.750000
v -12.870096 13.250000 8.125000
v -12.220577 4.750000 8.650000
v -12.870096 13.250000 8.275000
v -13.000000 4.750000 9.099999
v -13.000000 13.250000 8.349999
v -13.779423 4.750000 8.650000
v -13.129904 13.250000 8.275000
v -13.779423 4.750000 7.750000
v -13.129904 13.250000 8.125000
vn 0.4985 0.0762 -0.8635
vn 0.9971 0.0762 -0.0000
vn 0.4985 0.0762 0.8635
vn -0.4985 0.0762 0.8635
vn -0.0000 1.0000 -0.0000
vn -0.9971 0.0762 -0.0000
vn -0.4985 0.0762 -0.8635
vn -0.0000 -1.0000 -0.0000
vt 0.002905 0.523375
vt 0.095748 0.002905
vt 0.100335 0.003929
vt 0.030433 0.529516
vt 0.109620 0.004750
vt 0.086138 0.534445
vt 0.114316 0.004548
vt 0.114316 0.533234
vt 0.120126 0.523375
vt 0.212969 0.002905
vt 0.217557 0.003929
vt 0.147654 0.529516
vt 0.346326 0.134542
vt 0.338254 0.139203
vt 0.330182 0.134542
vt 0.330182 0.125222
vt 0.338254 0.120562
vt 0.346326 0.125222
vt 0.226841 0.004750
vt 0.203359 0.534445
vt 0.231537 0.004548
vt 0.231537 0.533234
vt 0.330182 0.086790
vt 0.330182 0.030867
vt 0.378613 0.002905
vt 0.427044 0.030867
vt 0.427044 0.086790
vt 0.378613 0.114751
s 0
usemtl DL2_Hull_Silver
f 413/727/289 414/728/289 416/729/289 415/730/289
f 415/730/290 416/729/290 418/731/290 417/732/290
f 417/732/291 418/731/291 420/733/291 419/734/291
f 419/735/292 420/736/292 422/737/292 421/738/292
f 416/739/293 414/740/293 424/741/293 422/742/293 420/743/293 418/744/293
f 421/738/294 422/737/294 424/745/294 423/746/294
f 423/746/295 424/745/295 414/747/295 413/748/295
f 413/749/296 415/750/296 417/751/296 419/752/296 421/753/296 423/754/296
o DL_Spire_Core_-1_1
v -13.000000 10.750000 7.880000
v -13.000000 14.250000 8.150000
v -12.722872 10.750000 8.040000
v -12.956698 14.250000 8.175000
v -12.722872 10.750000 8.360000
v -12.956698 14.250000 8.224999
v -13.000000 10.750000 8.520000
v -13.000000 14.250000 8.250000
v -13.277128 10.750000 8.360000
v -13.043302 14.250000 8.224999
v -13.277128 10.750000 8.040000
v -13.043302 14.250000 8.175000
vn 0.4989 0.0667 -0.8641
vn 0.9978 0.0667 -0.0000
vn 0.4989 0.0667 0.8641
vn -0.4989 0.0667 0.8641
vn -0.0000 1.0000 -0.0000
vn -0.9978 0.0667 -0.0000
vn -0.4989 0.0667 -0.8641
vn -0.0000 -1.0000 -0.0000
vt 0.087374 0.217426
vt 0.120891 0.001961
vt 0.122429 0.002260
vt 0.097216 0.219340
vt 0.125533 0.002500
vt 0.117078 0.220876
vt 0.127098 0.002441
vt 0.127098 0.220497
vt 0.087374 0.440263
vt 0.120891 0.224798
vt 0.122429 0.225097
vt 0.097216 0.442177
vt 0.090069 0.550292
vt 0.087374 0.548735
vt 0.087374 0.545622
vt 0.090069 0.544066
vt 0.092765 0.545622
vt 0.092765 0.548735
vt 0.125533 0.225337
vt 0.117078 0.443713
vt 0.127098 0.225278
vt 0.127098 0.443334
vt 0.087374 0.477517
vt 0.087374 0.457595
vt 0.104626 0.447634
vt 0.121879 0.457595
vt 0.121879 0.477517
vt 0.104626 0.487477
s 0
usemtl DL2_IceBlue
f 425/755/297 426/756/297 428/757/297 427/758/297
f 427/758/298 428/757/298 430/759/298 429/760/298
f 429/760/299 430/759/299 432/761/299 431/762/299
f 431/763/300 432/764/300 434/765/300 433/766/300
f 428/767/301 426/768/301 436/769/301 434/770/301 432/771/301 430/772/301
f 433/766/302 434/765/302 436/773/302 435/774/302
f 435/774/303 436/773/303 426/775/303 425/776/303
f 425/777/304 427/778/304 429/779/304 431/780/304 433/781/304 435/782/304
o DL_Spire_1_0
v -5.000000 4.500000 -5.900000
v -5.000000 11.500000 -5.150000
v -4.220577 4.500000 -5.450000
v -4.870096 11.500000 -5.075000
v -4.220577 4.500000 -4.550000
v -4.870096 11.500000 -4.925000
v -5.000000 4.500000 -4.100000
v -5.000000 11.500000 -4.850000
v -5.779423 4.500000 -4.550000
v -5.129904 11.500000 -4.925000
v -5.779423 4.500000 -5.450000
v -5.129904 11.500000 -5.075000
vn 0.4979 0.0924 -0.8623
vn 0.9957 0.0924 -0.0000
vn 0.4979 0.0924 0.8623
vn -0.4979 0.0924 0.8623
vn -0.0000 1.0000 -0.0000
vn -0.9957 0.0924 -0.0000
vn -0.4979 0.0924 -0.8623
vn -0.0000 -1.0000 -0.0000
vt 0.002794 0.428515
vt 0.095485 0.002794
vt 0.100040 0.004034
vt 0.030122 0.435957
vt 0.109309 0.005032
vt 0.085737 0.441942
vt 0.114023 0.004789
vt 0.114023 0.440484
vt 0.119611 0.428515
vt 0.212302 0.002794
vt 0.216857 0.004034
vt 0.146939 0.435957
vt 0.344534 0.134237
vt 0.336461 0.138898
vt 0.328387 0.134237
vt 0.328387 0.124914
vt 0.336461 0.120253
vt 0.344534 0.124914
vt 0.226126 0.005032
vt 0.202554 0.441942
vt 0.230840 0.004789
vt 0.230840 0.440484
vt 0.328387 0.086697
vt 0.328387 0.030762
vt 0.376829 0.002794
vt 0.425271 0.030762
vt 0.425271 0.086697
vt 0.376829 0.114665
s 0
usemtl DL2_Hull_Silver
f 437/783/305 438/784/305 440/785/305 439/786/305
f 439/786/306 440/785/306 442/787/306 441/788/306
f 441/788/307 442/787/307 444/789/307 443/790/307
f 443/791/308 444/792/308 446/793/308 445/794/308
f 440/795/309 438/796/309 448/797/309 446/798/309 444/799/309 442/800/309
f 445/794/310 446/793/310 448/801/310 447/802/310
f 447/802/311 448/801/311 438/803/311 437/804/311
f 437/805/312 439/806/312 441/807/312 443/808/312 445/809/312 447/810/312
o DL_Spire_Core_1_0
v -5.000000 9.750000 -5.320000
v -5.000000 13.250000 -5.050000
v -4.722872 9.750000 -5.160000
v -4.956699 13.250000 -5.025000
v -4.722872 9.750000 -4.840000
v -4.956699 13.250000 -4.975000
v -5.000000 9.750000 -4.680000
v -5.000000 13.250000 -4.950000
v -5.277128 9.750000 -4.840000
v -5.043301 13.250000 -4.975000
v -5.277128 9.750000 -5.160000
v -5.043301 13.250000 -5.025000
vn 0.4989 0.0667 -0.8641
vn 0.9978 0.0667 -0.0000
vn 0.4989 0.0667 0.8641
vn -0.4989 0.0667 0.8641
vn -0.0000 1.0000 -0.0000
vn -0.9978 0.0667 -0.0000
vn -0.4989 0.0667 -0.8641
vn -0.0000 -1.0000 -0.0000
vt 0.087374 0.217426
vt 0.120891 0.001961
vt 0.122429 0.002260
vt 0.097216 0.219340
vt 0.125533 0.002500
vt 0.117078 0.220876
vt 0.127098 0.002441
vt 0.127098 0.220497
vt 0.087374 0.440263
vt 0.120891 0.224798
vt 0.122429 0.225097
vt 0.097216 0.442177
vt 0.090069 0.550292
vt 0.087374 0.548735
vt 0.087374 0.545622
vt 0.090069 0.544066
vt 0.092765 0.545622
vt 0.092765 0.548735
vt 0.125533 0.225337
vt 0.117078 0.443713
vt 0.127098 0.225278
vt 0.127098 0.443334
vt 0.087374 0.477517
vt 0.087374 0.457595
vt 0.104626 0.447634
vt 0.121879 0.457595
vt 0.121879 0.477517
vt 0.104626 0.487477
s 0
usemtl DL2_IceBlue
f 449/811/313 450/812/313 452/813/313 451/814/313
f 451/814/314 452/813/314 454/815/314 453/816/314
f 453/816/315 454/815/315 456/817/315 455/818/315
f 455/819/316 456/820/316 458/821/316 457/822/316
f 452/823/317 450/824/317 460/825/317 458/826/317 456/827/317 454/828/317
f 457/822/318 458/821/318 460/829/318 459/830/318
f 459/830/319 460/829/319 450/831/319 449/832/319
f 449/833/320 451/834/320 453/835/320 455/836/320 457/837/320 459/838/320
o DL_Spire_1_1
v -13.000000 4.750000 -9.099999
v -13.000000 13.250000 -8.349999
v -12.220577 4.750000 -8.650000
v -12.870096 13.250000 -8.275000
v -12.220577 4.750000 -7.750000
v -12.870096 13.250000 -8.125000
v -13.000000 4.750000 -7.300000
v -13.000000 13.250000 -8.050000
v -13.779423 4.750000 -7.750000
v -13.129904 13.250000 -8.125000
v -13.779423 4.750000 -8.650000
v -13.129904 13.250000 -8.275000
vn 0.4985 0.0762 -0.8635
vn 0.9971 0.0762 -0.0000
vn 0.4985 0.0762 0.8635
vn -0.4985 0.0762 0.8635
vn -0.0000 1.0000 -0.0000
vn -0.9971 0.0762 -0.0000
vn -0.4985 0.0762 -0.8635
vn -0.0000 -1.0000 -0.0000
vt 0.002905 0.523375
vt 0.095748 0.002905
vt 0.100335 0.003929
vt 0.030433 0.529516
vt 0.109620 0.004750
vt 0.086138 0.534445
vt 0.114316 0.004548
vt 0.114316 0.533234
vt 0.120126 0.523375
vt 0.212969 0.002905
vt 0.217557 0.003929
vt 0.147654 0.529516
vt 0.346326 0.134542
vt 0.338254 0.139203
vt 0.330182 0.134542
vt 0.330182 0.125222
vt 0.338254 0.120562
vt 0.346326 0.125222
vt 0.226841 0.004750
vt 0.203359 0.534445
vt 0.231537 0.004548
vt 0.231537 0.533234
vt 0.330182 0.086790
vt 0.330182 0.030867
vt 0.378613 0.002905
vt 0.427044 0.030867
vt 0.427044 0.086790
vt 0.378613 0.114751
s 0
usemtl DL2_Hull_Silver
f 461/839/321 462/840/321 464/841/321 463/842/321
f 463/842/322 464/841/322 466/843/322 465/844/322
f 465/844/323 466/843/323 468/845/323 467/846/323
f 467/847/324 468/848/324 470/849/324 469/850/324
f 464/851/325 462/852/325 472/853/325 470/854/325 468/855/325 466/856/325
f 469/850/326 470/849/326 472/857/326 471/858/326
f 471/858/327 472/857/327 462/859/327 461/860/327
f 461/861/328 463/862/328 465/863/328 467/864/328 469/865/328 471/866/328
o DL_Spire_Core_1_1
v -13.000000 10.750000 -8.520000
v -13.000000 14.250000 -8.250000
v -12.722872 10.750000 -8.360000
v -12.956698 14.250000 -8.224999
v -12.722872 10.750000 -8.040000
v -12.956698 14.250000 -8.175000
v -13.000000 10.750000 -7.880000
v -13.000000 14.250000 -8.150000
v -13.277128 10.750000 -8.040000
v -13.043302 14.250000 -8.175000
v -13.277128 10.750000 -8.360000
v -13.043302 14.250000 -8.224999
vn 0.4989 0.0667 -0.8641
vn 0.9978 0.0667 -0.0000
vn 0.4989 0.0667 0.8641
vn -0.4989 0.0667 0.8641
vn -0.0000 1.0000 -0.0000
vn -0.9978 0.0667 -0.0000
vn -0.4989 0.0667 -0.8641
vn -0.0000 -1.0000 -0.0000
vt 0.087374 0.217426
vt 0.120891 0.001961
vt 0.122429 0.002260
vt 0.097216 0.219340
vt 0.125533 0.002500
vt 0.117078 0.220876
vt 0.127098 0.002441
vt 0.127098 0.220497
vt 0.087374 0.440263
vt 0.120891 0.224798
vt 0.122429 0.225097
vt 0.097216 0.442177
vt 0.090069 0.550292
vt 0.087374 0.548735
vt 0.087374 0.545622
vt 0.090069 0.544066
vt 0.092765 0.545622
vt 0.092765 0.548735
vt 0.125533 0.225337
vt 0.117078 0.443713
vt 0.127098 0.225278
vt 0.127098 0.443334
vt 0.087374 0.477517
vt 0.087374 0.457595
vt 0.104626 0.447634
vt 0.121879 0.457595
vt 0.121879 0.477517
vt 0.104626 0.487477
s 0
usemtl DL2_IceBlue
f 473/867/329 474/868/329 476/869/329 475/870/329
f 475/870/330 476/869/330 478/871/330 477/872/330
f 477/872/331 478/871/331 480/873/331 479/874/331
f 479/875/332 480/876/332 482/877/332 481/878/332
f 476/879/333 474/880/333 484/881/333 482/882/333 480/883/333 478/884/333
f 481/878/334 482/877/334 484/885/334 483/886/334
f 483/886/335 484/885/335 474/887/335 473/888/335
f 473/889/336 475/890/336 477/891/336 479/892/336 481/893/336 483/894/336
o DL_Port_Wing_Stable
v -28.600000 1.500000 -8.100000
v -28.700001 1.600000 -7.900000
v -28.500000 1.500000 -8.000000
v -28.629292 1.570711 -7.999999
v -28.600002 1.557736 -8.000000
v -28.600000 1.570711 -7.970710
v -28.570709 1.500000 -8.029289
v 5.900000 1.500000 -8.000000
v 6.033333 1.600000 -7.900000
v 6.080000 1.500000 -8.060000
v 5.966666 1.570711 -7.970710
v 6.001671 1.557736 -7.994989
v 6.044240 1.570711 -7.996570
v 5.994142 1.500000 -8.017574
v 14.720000 1.500000 -14.540000
v 14.900001 1.600000 -14.550000
v 14.800000 1.500000 -14.700001
v 14.797573 1.570711 -14.561568
v 14.801645 1.557736 -14.599177
v 14.829289 1.570711 -14.625001
v 14.776568 1.500000 -14.611717
v 14.800000 1.500000 -21.900000
v 14.900001 1.600000 -22.100000
v 14.700000 1.500000 -22.000000
v 14.829289 1.570711 -22.000000
v 14.799999 1.557736 -22.000000
v 14.799997 1.570711 -22.029287
v 14.770711 1.500000 -21.970713
v 11.100000 1.500000 -22.000000
v 11.100000 1.600000 -22.100000
v 11.000000 1.500000 -22.100000
v 11.100000 1.570711 -22.029287
v 11.042265 1.557735 -22.042263
v 11.029289 1.570711 -22.099998
v 11.029289 1.500000 -22.029287
v 11.000000 1.500000 -27.799999
v 11.100000 1.600000 -27.935938
v 10.936343 1.500000 -27.977121
v 11.029289 1.570711 -27.867968
v 11.004362 1.557736 -27.901569
v 11.002198 1.570711 -27.943344
v 10.981357 1.500000 -27.893301
v 5.863657 1.500000 -34.122879
v 5.847126 1.600000 -34.299999
v 5.700000 1.500000 -34.200001
v 5.839420 1.570711 -34.198265
v 5.800989 1.557736 -34.202099
v 5.773563 1.570710 -34.229290
v 5.789356 1.500000 -34.177410
v -19.900000 1.500000 -34.200001
v -20.100000 1.600000 -34.299999
v -20.000000 1.500000 -34.100002
v -20.000002 1.570710 -34.229290
v -20.000000 1.557736 -34.200001
v -20.029287 1.570711 -34.199997
v -19.970713 1.500000 -34.170712
v -20.000000 1.500000 -31.400000
v -20.100000 1.600000 -31.439253
v -20.094757 1.500000 -31.331953
v -20.030375 1.570711 -31.413008
v -20.041157 1.557735 -31.357311
v -20.097378 1.570711 -31.364891
v -20.026667 1.500000 -31.337135
v -28.600000 1.500000 -34.100002
v -28.505243 1.500000 -34.168049
v -28.700001 1.600000 -34.339252
v -28.572247 1.500000 -34.161354
v -28.602484 1.557736 -34.203457
v -28.609238 1.570711 -34.234024
v -28.629292 1.570711 -34.219627
v -28.600000 0.450000 -8.100000
v -28.500000 0.450000 -8.000000
v -28.700001 0.350000 -7.900000
v -28.570709 0.450000 -8.029289
v -28.599998 0.392264 -8.000000
v -28.600000 0.379289 -7.970710
v -28.629292 0.379289 -7.999999
v 6.080000 0.450000 -8.060000
v 6.033333 0.350000 -7.900000
v 5.900000 0.450000 -8.000000
v 6.044240 0.379289 -7.996570
v 6.001671 0.392264 -7.994989
v 5.966668 0.379289 -7.970710
v 5.994142 0.450000 -8.017574
v 14.800000 0.450000 -14.700001
v 14.900001 0.350000 -14.550000
v 14.720000 0.450000 -14.540000
v 14.829289 0.379289 -14.625001
v 14.801646 0.392264 -14.599178
v 14.797574 0.379289 -14.561568
v 14.776567 0.450000 -14.611717
v 14.700000 0.450000 -22.000000
v 14.900001 0.350000 -22.100000
v 14.800000 0.450000 -21.900000
v 14.799997 0.379289 -22.029287
v 14.799999 0.392264 -22.000000
v 14.829289 0.379289 -22.000000
v 14.770711 0.450000 -21.970713
v 11.000000 0.450000 -22.100000
v 11.100000 0.350000 -22.100000
v 11.100000 0.450000 -22.000000
v 11.029289 0.379289 -22.099998
v 11.042265 0.392265 -22.042263
v 11.100000 0.379289 -22.029287
v 11.029289 0.450000 -22.029287
v 10.936343 0.450000 -27.977121
v 11.100000 0.350000 -27.935938
v 11.000000 0.450000 -27.799999
v 11.002198 0.379289 -27.943346
v 11.004362 0.392264 -27.901569
v 11.029289 0.379289 -27.867970
v 10.981357 0.450000 -27.893303
v 5.700000 0.450000 -34.200001
v 5.847126 0.350000 -34.299999
v 5.863657 0.450000 -34.122879
v 5.773563 0.379289 -34.229290
v 5.800989 0.392264 -34.202099
v 5.839420 0.379289 -34.198261
v 5.789356 0.450000 -34.177410
v -20.000000 0.450000 -34.100002
v -20.100000 0.350000 -34.299999
v -19.900000 0.450000 -34.200001
v -20.029287 0.379289 -34.199997
v -20.000000 0.392264 -34.199997
v -19.999998 0.379289 -34.229290
v -19.970713 0.450000 -34.170712
v -20.094757 0.450000 -31.331953
v -20.100000 0.350000 -31.439253
v -20.000000 0.450000 -31.400000
v -20.097378 0.379289 -31.364891
v -20.041157 0.392265 -31.357311
v -20.030375 0.379289 -31.413008
v -20.026667 0.450000 -31.337135
v -28.600000 0.450000 -34.100002
v -28.700001 0.350000 -34.339252
v -28.505243 0.450000 -34.168049
v -28.629292 0.379289 -34.219627
v -28.602484 0.392264 -34.203457
v -28.609238 0.379289 -34.234024
v -28.572247 0.450000 -34.161354
vn 0.6225 0.6778 -0.3913
vn 0.2025 0.9581 -0.2025
vn 0.3913 0.6778 -0.6225
vn -0.2278 0.4749 -0.8501
vn -0.1230 0.9213 -0.3689
vn -0.3278 0.4749 -0.8167
vn -0.7101 0.5353 -0.4574
vn -0.3209 0.9334 -0.1604
vn -0.7920 0.5353 -0.2936
vn -0.6225 0.6778 0.3913
vn -0.2025 0.9581 0.2025
vn -0.3913 0.6778 0.6225
vn -0.3250 0.3250 0.8881
vn -0.3250 0.8881 0.3250
vn -0.8881 0.3251 0.3251
vn -0.8414 0.4846 0.2393
vn -0.3614 0.9233 0.1299
vn -0.8012 0.4846 0.3510
vn -0.4381 0.5253 0.7295
vn -0.1550 0.9315 0.3291
vn -0.2836 0.5253 0.8023
vn 0.3913 0.6778 0.6225
vn 0.2025 0.9581 0.2025
vn 0.6225 0.6777 0.3914
vn 0.8673 0.3846 0.3161
vn 0.2254 0.9223 0.3139
vn 0.0223 0.3846 0.9228
vn 0.5167 0.7528 0.4078
vn 0.2213 0.7528 0.6199
vn 0.1429 0.9695 0.1991
vn 0.6224 -0.6778 -0.3914
vn 0.3913 -0.6778 -0.6225
vn 0.2025 -0.9581 -0.2025
vn -0.3278 -0.4749 -0.8167
vn -0.1230 -0.9213 -0.3689
vn -0.2278 -0.4749 -0.8501
vn -0.7920 -0.5353 -0.2936
vn -0.3209 -0.9334 -0.1604
vn -0.7101 -0.5353 -0.4574
vn -0.3913 -0.6778 0.6225
vn -0.2025 -0.9581 0.2025
vn -0.6225 -0.6778 0.3913
vn -0.8881 -0.3251 0.3251
vn -0.3251 -0.8881 0.3251
vn -0.3250 -0.3250 0.8881
vn -0.8012 -0.4846 0.3510
vn -0.3614 -0.9233 0.1299
vn -0.8414 -0.4846 0.2393
vn -0.2836 -0.5253 0.8023
vn -0.1550 -0.9315 0.3291
vn -0.4381 -0.5253 0.7295
vn 0.6225 -0.6777 0.3914
vn 0.2025 -0.9581 0.2025
vn 0.3913 -0.6778 0.6225
vn 0.0223 -0.3846 0.9228
vn 0.2254 -0.9223 0.3139
vn 0.8673 -0.3846 0.3161
vn 0.5167 -0.7528 0.4078
vn 0.1430 -0.9695 0.1991
vn 0.2213 -0.7528 0.6200
vn 0.9239 0.3827 -0.0000
vn 0.3827 0.9239 -0.0000
vn -0.0000 0.9239 -0.3827
vn -0.0000 0.3827 -0.9239
vn -0.2296 0.9239 -0.3061
vn -0.5543 0.3827 -0.7391
vn -0.3827 0.9239 -0.0000
vn -0.9239 0.3827 -0.0000
vn -0.0000 0.9239 0.3827
vn -0.0000 0.3827 0.9239
vn -0.2951 0.9239 0.2436
vn -0.7125 0.3827 0.5881
vn 0.3851 0.9229 0.0001
vn 0.9213 0.3888 0.0002
vn -0.1231 0.9228 0.3650
vn -0.2943 0.3888 0.8731
vn 0.3827 -0.9239 -0.0000
vn 0.9239 -0.3827 -0.0000
vn -0.2943 -0.3888 0.8731
vn -0.1231 -0.9228 0.3650
vn 0.9213 -0.3888 0.0002
vn 0.3851 -0.9229 0.0001
vn -0.0000 -0.3827 0.9239
vn -0.0000 -0.9239 0.3827
vn -0.7125 -0.3827 0.5881
vn -0.2951 -0.9239 0.2436
vn -0.9239 -0.3827 -0.0000
vn -0.3827 -0.9239 -0.0000
vn -0.5543 -0.3827 -0.7391
vn -0.2296 -0.9239 -0.3061
vn -0.0000 -0.3827 -0.9239
vn -0.0000 -0.9239 -0.3827
vn 0.3827 -0.0000 -0.9239
vn 0.9239 -0.0000 -0.3827
vn -0.4430 -0.0000 -0.8965
vn -0.1835 -0.0000 -0.9830
vn -0.9665 -0.0000 -0.2565
vn -0.7851 -0.0000 -0.6193
vn -0.3827 -0.0000 0.9239
vn -0.9239 -0.0000 0.3827
vn -0.8810 -0.0000 0.4731
vn -0.9806 -0.0000 0.1959
vn -0.2451 -0.0000 0.9695
vn -0.5917 -0.0000 0.8062
vn 0.9239 -0.0000 0.3827
vn 0.3827 -0.0000 0.9239
vn 0.0759 -0.0000 0.9971
vn 0.9206 -0.0000 0.3905
vn 0.9111 -0.0000 0.4121
vn 0.0994 -0.0000 0.9950
vn 1.0000 -0.0000 -0.0000
vn -0.0000 -0.0000 -1.0000
vn -0.0000 1.0000 -0.0000
vn -0.6000 -0.0000 -0.8000
vn -1.0000 -0.0000 -0.0000
vn -0.0000 -0.0000 1.0000
vn -0.7712 -0.0000 0.6366
vn -0.3195 -0.0000 0.9476
vn -0.0000 -1.0000 -0.0000
s 0
usemtl DL2_Hull_Silver
f 485//337 488//337 489//337 491//337
f 486//338 490//338 489//338 488//338
f 487//339 491//339 489//339 490//339
f 492//340 495//340 496//340 498//340
f 493//341 497//341 496//341 495//341
f 494//342 498//342 496//342 497//342
f 499//343 502//343 503//343 505//343
f 500//344 504//344 503//344 502//344
f 501//345 505//345 503//345 504//345
f 506//346 509//346 510//346 512//346
f 507//347 511//347 510//347 509//347
f 508//348 512//348 510//348 511//348
f 513//349 516//349 517//349 519//349
f 514//350 518//350 517//350 516//350
f 515//351 519//351 517//351 518//351
f 520//352 523//352 524//352 526//352
f 521//353 525//353 524//353 523//353
f 522//354 526//354 524//354 525//354
f 527//355 530//355 531//355 533//355
f 528//356 532//356 531//356 530//356
f 529//357 533//357 531//357 532//357
f 534//358 537//358 538//358 540//358
f 535//359 539//359 538//359 537//359
f 536//360 540//360 538//360 539//360
f 541//361 544//361 545//361 547//361
f 542//362 546//362 545//362 544//362
f 543//363 547//363 545//363 546//363
f 548//364 551//364 552//364 554//364
f 549//365 553//365 552//365 551//365
f 550//366 554//366 552//366 553//366
f 555//367 558//367 559//367 561//367
f 556//368 560//368 559//368 558//368
f 557//369 561//369 559//369 560//369
f 562//370 565//370 566//370 568//370
f 563//371 567//371 566//371 565//371
f 564//372 568//372 566//372 567//372
f 569//373 572//373 573//373 575//373
f 570//374 574//374 573//374 572//374
f 571//375 575//375 573//375 574//375
f 576//376 579//376 580//376 582//376
f 577//377 581//377 580//377 579//377
f 578//378 582//378 580//378 581//378
f 583//379 586//379 587//379 589//379
f 584//380 588//380 587//380 586//380
f 585//381 589//381 587//381 588//381
f 590//382 593//382 594//382 596//382
f 591//383 595//383 594//383 593//383
f 592//384 596//384 594//384 595//384
f 597//385 600//385 601//385 603//385
f 598//386 602//386 601//386 600//386
f 599//387 603//387 601//387 602//387
f 604//388 607//388 608//388 610//388
f 605//389 609//389 608//389 607//389
f 606//390 610//390 608//390 609//390
f 611//391 614//391 615//391 617//391
f 612//392 616//392 615//392 614//392
f 613//393 617//393 615//393 616//393
f 618//394 621//394 622//394 624//394
f 619//395 623//395 622//395 621//395
f 620//396 624//396 622//396 623//396
f 485//397 548//397 554//397 488//397
f 488//398 554//398 550//398 486//398
f 486//399 493//399 495//399 490//399
f 490//400 495//400 492//400 487//400
f 493//401 500//401 502//401 497//401
f 497//402 502//402 499//402 494//402
f 500//403 507//403 509//403 504//403
f 504//404 509//404 506//404 501//404
f 507//405 514//405 516//405 511//405
f 511//406 516//406 513//406 508//406
f 514//403 521//403 523//403 518//403
f 518//404 523//404 520//404 515//404
f 521//407 528//407 530//407 525//407
f 525//408 530//408 527//408 522//408
f 528//405 535//405 537//405 532//405
f 532//406 537//406 534//406 529//406
f 535//409 542//409 544//409 539//409
f 539//410 544//410 541//410 536//410
f 542//411 550//411 553//411 546//411
f 546//412 553//412 549//412 543//412
f 557//413 619//413 621//413 561//413
f 561//414 621//414 618//414 555//414
f 611//415 620//415 623//415 614//415
f 614//416 623//416 619//416 612//416
f 604//417 613//417 616//417 607//417
f 607//418 616//418 612//418 605//418
f 597//419 606//419 609//419 600//419
f 600//420 609//420 605//420 598//420
f 590//421 599//421 602//421 593//421
f 593//422 602//422 598//422 591//422
f 583//423 592//423 595//423 586//423
f 586//424 595//424 591//424 584//424
f 576//419 585//419 588//419 579//419
f 579//420 588//420 584//420 577//420
f 569//423 578//423 581//423 572//423
f 572//424 581//424 577//424 570//424
f 562//425 571//425 574//425 565//425
f 565//426 574//426 570//426 563//426
f 556//427 564//427 567//427 560//427
f 560//428 567//428 563//428 557//428
f 487//429 556//429 558//429 491//429
f 491//430 558//430 555//430 485//430
f 494//431 562//431 568//431 498//431
f 498//432 568//432 564//432 492//432
f 501//433 569//433 575//433 505//433
f 505//434 575//434 571//434 499//434
f 508//435 576//435 582//435 512//435
f 512//436 582//436 578//436 506//436
f 515//436 583//436 589//436 519//436
f 519//435 589//435 585//435 513//435
f 522//437 590//437 596//437 526//437
f 526//438 596//438 592//438 520//438
f 529//439 597//439 603//439 533//439
f 533//440 603//440 599//440 527//440
f 536//441 604//441 610//441 540//441
f 540//442 610//442 606//442 534//442
f 543//443 611//443 617//443 547//443
f 547//444 617//444 613//444 541//444
f 548//445 618//445 624//445 551//445
f 551//446 624//446 620//446 549//446
f 548//447 485//447 555//447 618//447
f 487//448 492//448 564//448 556//448
f 486//449 493//449 500//449 507//449 514//449 521//449 528//449 535//449 542//449 550//449
f 494//450 499//450 571//450 562//450
f 501//451 506//451 578//451 569//451
f 508//452 513//452 585//452 576//452
f 515//451 520//451 592//451 583//451
f 522//453 527//453 599//453 590//453
f 529//452 534//452 606//452 597//452
f 536//447 541//447 613//447 604//447
f 543//454 549//454 620//454 611//454
f 619//455 612//455 605//455 598//455 591//455 584//455 577//455 570//455 563//455 557//455
o DL_Port_Wing_Stable_Panel_Inboard_0
v -22.570000 1.870000 -9.890000
v -22.570000 1.900000 -9.860000
v -22.600000 1.900000 -9.890000
v -22.570000 1.878787 -9.868787
v -22.587320 1.882679 -9.872680
v -22.591213 1.900000 -9.868787
v -22.591213 1.878787 -9.890000
v -22.570000 1.940000 -9.860000
v -22.570000 1.970000 -9.890000
v -22.600000 1.940000 -9.890000
v -22.570000 1.961213 -9.868787
v -22.587320 1.957320 -9.872680
v -22.591213 1.961213 -9.890000
v -22.591213 1.940000 -9.868787
v -22.570000 1.870000 -10.110000
v -22.600000 1.900000 -10.110000
v -22.570000 1.900000 -10.140000
v -22.591213 1.878787 -10.110000
v -22.587320 1.882679 -10.127320
v -22.591213 1.900000 -10.131213
v -22.570000 1.878787 -10.131213
v -22.570000 1.970000 -10.110000
v -22.570000 1.940000 -10.140000
v -22.600000 1.940000 -10.110000
v -22.570000 1.961213 -10.131213
v -22.587320 1.957320 -10.127320
v -22.591213 1.940000 -10.131213
v -22.591213 1.961213 -10.110000
v -13.430000 1.870000 -9.890000
v -13.400000 1.900000 -9.890000
v -13.430000 1.900000 -9.860000
v -13.408787 1.878787 -9.890000
v -13.412680 1.882679 -9.872680
v -13.408787 1.900000 -9.868787
v -13.430000 1.878787 -9.868787
v -13.430000 1.970000 -9.890000
v -13.430000 1.940000 -9.860000
v -13.400000 1.940000 -9.890000
v -13.430000 1.961213 -9.868787
v -13.412680 1.957320 -9.872680
v -13.408787 1.940000 -9.868787
v -13.408787 1.961213 -9.890000
v -13.430000 1.870000 -10.110000
v -13.430000 1.900000 -10.140000
v -13.400000 1.900000 -10.110000
v -13.430000 1.878787 -10.131213
v -13.412680 1.882679 -10.127320
v -13.408787 1.900000 -10.131213
v -13.408787 1.878787 -10.110000
v -13.430000 1.970000 -10.110000
v -13.400000 1.940000 -10.110000
v -13.430000 1.940000 -10.140000
v -13.408787 1.961213 -10.110000
v -13.412680 1.957320 -10.127320
v -13.408787 1.940000 -10.131213
v -13.430000 1.961213 -10.131213
vn -0.3251 -0.8881 0.3251
vn -0.3251 -0.3251 0.8881
vn -0.8881 -0.3251 0.3251
vn -0.3251 0.3251 0.8881
vn -0.3251 0.8881 0.3251
vn -0.8881 0.3251 0.3251
vn -0.3251 -0.8881 -0.3251
vn -0.8881 -0.3251 -0.3251
vn -0.3251 -0.3251 -0.8881
vn -0.3251 0.8881 -0.3251
vn -0.3251 0.3251 -0.8881
vn -0.8881 0.3251 -0.3251
vn 0.3251 -0.8881 0.3251
vn 0.8881 -0.3251 0.3251
vn 0.3251 -0.3251 0.8881
vn 0.3251 0.8881 0.3251
vn 0.3251 0.3251 0.8881
vn 0.8881 0.3251 0.3251
vn 0.3251 -0.8881 -0.3251
vn 0.3251 -0.3251 -0.8881
vn 0.8881 -0.3251 -0.3251
vn 0.3251 0.8881 -0.3251
vn 0.8881 0.3251 -0.3251
vn 0.3251 0.3251 -0.8881
vn -0.3827 -0.9239 -0.0000
vn -0.9239 -0.3827 -0.0000
vn -0.3827 -0.0000 0.9239
vn -0.9239 -0.0000 0.3827
vn -0.3827 0.9239 -0.0000
vn -0.9239 0.3827 -0.0000
vn -0.3827 -0.0000 -0.9239
vn -0.9239 -0.0000 -0.3827
vn -0.0000 -0.9239 -0.3827
vn -0.0000 -0.3827 -0.9239
vn -0.0000 0.9239 -0.3827
vn -0.0000 0.3827 -0.9239
vn 0.9239 -0.0000 -0.3827
vn 0.3827 -0.0000 -0.9239
vn 0.3827 -0.9239 -0.0000
vn 0.9239 -0.3827 -0.0000
vn 0.3827 0.9239 -0.0000
vn 0.9239 0.3827 -0.0000
vn 0.3827 -0.0000 0.9239
vn 0.9239 -0.0000 0.3827
vn -0.0000 -0.9239 0.3827
vn -0.0000 -0.3827 0.9239
vn -0.0000 0.9239 0.3827
vn -0.0000 0.3827 0.9239
vn -0.0000 -1.0000 -0.0000
vn -1.0000 -0.0000 -0.0000
vn -0.0000 -0.0000 1.0000
vn -0.0000 1.0000 -0.0000
vn -0.0000 -0.0000 -1.0000
vn 1.0000 -0.0000 -0.0000
vt 0.125815 0.723214
vt 0.125815 0.750000
vt 0.125345 0.750000
vt 0.125000 0.723214
vt 0.450000 0.999185
vt 0.450000 1.000000
vt 0.406699 1.000000
vt 0.375000 0.999185
vt 0.450000 0.026786
vt 0.375000 0.026786
vt 0.375000 0.011321
vt 0.450000 0.000000
vt 0.550000 0.999185
vt 0.625000 0.999185
vt 0.625000 0.999655
vt 0.550000 1.000000
vt 0.874185 0.723214
vt 0.875000 0.723214
vt 0.875000 0.738679
vt 0.874185 0.750000
vt 0.550000 0.026786
vt 0.550000 0.000000
vt 0.593301 0.000000
vt 0.625000 0.026786
vt 0.125815 0.526786
vt 0.125000 0.526786
vt 0.125000 0.511321
vt 0.125815 0.500000
vt 0.450000 0.223214
vt 0.450000 0.250000
vt 0.390849 0.250172
vt 0.375000 0.223214
vt 0.450000 0.250815
vt 0.375000 0.250815
vt 0.874185 0.526786
vt 0.874185 0.500000
vt 0.874655 0.500000
vt 0.875000 0.526786
vt 0.550000 0.250815
vt 0.550000 0.250000
vt 0.609151 0.244340
vt 0.625000 0.250815
vt 0.550000 0.223214
vt 0.625000 0.223214
vt 0.374185 0.723214
vt 0.375000 0.723214
vt 0.385566 0.746341
vt 0.374592 0.750408
vt 0.450000 0.723214
vt 0.450000 0.750000
vt 0.450000 0.750815
vt 0.625815 0.723214
vt 0.625408 0.750408
vt 0.614549 0.746226
vt 0.625000 0.723214
vt 0.550000 0.750815
vt 0.550000 0.750000
vt 0.550000 0.723214
vt 0.374185 0.526786
vt 0.374592 0.499592
vt 0.385451 0.503774
vt 0.375000 0.526786
vt 0.450000 0.499185
vt 0.450000 0.500000
vt 0.450000 0.526786
vt 0.625815 0.526786
vt 0.625000 0.526786
vt 0.614434 0.503659
vt 0.625408 0.499592
vt 0.550000 0.526786
vt 0.550000 0.500000
vt 0.550000 0.499185
s 0
usemtl DL2_IceBlue
f 625/895/456 628/896/456 629/897/456 631/898/456
f 626/899/457 630/900/457 629/901/457 628/902/457
f 627/903/458 631/904/458 629/905/458 630/906/458
f 632/907/459 635/908/459 636/909/459 638/910/459
f 633/911/460 637/912/460 636/913/460 635/914/460
f 634/915/461 638/916/461 636/917/461 637/918/461
f 639/919/462 642/920/462 643/921/462 645/922/462
f 640/923/463 644/924/463 643/925/463 642/926/463
f 641/927/464 645/928/464 643/925/464 644/924/464
f 646/929/465 649/930/465 650/931/465 652/932/465
f 647/933/466 651/934/466 650/935/466 649/936/466
f 648/937/467 652/938/467 650/935/467 651/934/467
f 653/939/468 656/940/468 657/941/468 659/942/468
f 654/943/469 658/944/469 657/941/469 656/940/469
f 655/945/470 659/942/470 657/941/470 658/944/470
f 660/946/471 663/947/471 664/948/471 666/949/471
f 661/950/472 665/951/472 664/948/472 663/947/472
f 662/952/473 666/949/473 664/948/473 665/951/473
f 667/953/474 670/954/474 671/955/474 673/956/474
f 668/957/475 672/958/475 671/955/475 670/954/475
f 669/959/476 673/956/476 671/955/476 672/958/476
f 674/960/477 677/961/477 678/962/477 680/963/477
f 675/964/478 679/965/478 678/962/478 677/961/478
f 676/966/479 680/963/479 678/962/479 679/965/479
f 639/919/480 625/895/480 631/898/480 642/920/480
f 642/926/481 631/904/481 627/903/481 640/923/481
f 626/899/482 632/907/482 638/910/482 630/900/482
f 630/906/483 638/916/483 634/915/483 627/903/483
f 633/911/484 646/929/484 652/932/484 637/912/484
f 637/918/485 652/938/485 648/937/485 634/915/485
f 647/933/486 641/927/486 644/924/486 651/934/486
f 651/934/487 644/924/487 640/923/487 648/937/487
f 667/953/488 639/919/488 645/922/488 670/954/488
f 670/954/489 645/928/489 641/927/489 668/957/489
f 646/929/490 674/960/490 680/963/490 649/930/490
f 649/936/491 680/963/491 676/966/491 647/933/491
f 675/964/492 669/959/492 672/958/492 679/965/492
f 679/965/493 672/958/493 668/957/493 676/966/493
f 653/939/494 667/953/494 673/956/494 656/940/494
f 656/940/495 673/956/495 669/959/495 654/943/495
f 674/960/496 660/946/496 666/949/496 677/961/496
f 677/961/497 666/949/497 662/952/497 675/964/497
f 661/950/498 655/945/498 658/944/498 665/951/498
f 665/951/499 658/944/499 654/943/499 662/952/499
f 625/895/500 653/939/500 659/942/500 628/896/500
f 628/902/501 659/942/501 655/945/501 626/899/501
f 660/946/502 633/911/502 635/914/502 663/947/502
f 663/947/503 635/908/503 632/907/503 661/950/503
f 639/919/504 667/953/504 653/939/504 625/895/504
f 627/903/505 634/915/505 648/937/505 640/923/505
f 655/945/506 661/950/506 632/907/506 626/899/506
f 674/960/507 646/929/507 633/911/507 660/946/507
f 641/927/508 647/933/508 676/966/508 668/957/508
f 669/959/509 675/964/509 662/952/509 654/943/509
o DL_Port_Wing_Stable_Panel_Inboard_1
v -10.570000 1.870000 -9.890000
v -10.570000 1.900000 -9.860000
v -10.600000 1.900000 -9.890000
v -10.570000 1.878787 -9.868787
v -10.587320 1.882679 -9.872680
v -10.591213 1.900000 -9.868787
v -10.591213 1.878787 -9.890000
v -10.570000 1.940000 -9.860000
v -10.570000 1.970000 -9.890000
v -10.600000 1.940000 -9.890000
v -10.570000 1.961213 -9.868787
v -10.587320 1.957320 -9.872680
v -10.591213 1.961213 -9.890000
v -10.591213 1.940000 -9.868787
v -10.570000 1.870000 -10.110000
v -10.600000 1.900000 -10.110000
v -10.570000 1.900000 -10.140000
v -10.591213 1.878787 -10.110000
v -10.587320 1.882679 -10.127320
v -10.591213 1.900000 -10.131213
v -10.570000 1.878787 -10.131213
v -10.570000 1.970000 -10.110000
v -10.570000 1.940000 -10.140000
v -10.600000 1.940000 -10.110000
v -10.570000 1.961213 -10.131213
v -10.587320 1.957320 -10.127320
v -10.591213 1.940000 -10.131213
v -10.591213 1.961213 -10.110000
v -1.430000 1.870000 -9.890000
v -1.400000 1.900000 -9.890000
v -1.430000 1.900000 -9.860000
v -1.408787 1.878787 -9.890000
v -1.412680 1.882679 -9.872680
v -1.408787 1.900000 -9.868787
v -1.430000 1.878787 -9.868787
v -1.430000 1.970000 -9.890000
v -1.430000 1.940000 -9.860000
v -1.400000 1.940000 -9.890000
v -1.430000 1.961213 -9.868787
v -1.412680 1.957320 -9.872680
v -1.408787 1.940000 -9.868787
v -1.408787 1.961213 -9.890000
v -1.430000 1.870000 -10.110000
v -1.430000 1.900000 -10.140000
v -1.400000 1.900000 -10.110000
v -1.430000 1.878787 -10.131213
v -1.412680 1.882679 -10.127320
v -1.408787 1.900000 -10.131213
v -1.408787 1.878787 -10.110000
v -1.430000 1.970000 -10.110000
v -1.400000 1.940000 -10.110000
v -1.430000 1.940000 -10.140000
v -1.408787 1.961213 -10.110000
v -1.412680 1.957320 -10.127320
v -1.408787 1.940000 -10.131213
v -1.430000 1.961213 -10.131213
vn -0.3251 -0.8881 0.3251
vn -0.3251 -0.3251 0.8881
vn -0.8881 -0.3251 0.3251
vn -0.3251 0.3251 0.8881
vn -0.3251 0.8881 0.3251
vn -0.8881 0.3251 0.3251
vn -0.3251 -0.8881 -0.3251
vn -0.8881 -0.3251 -0.3251
vn -0.3251 -0.3251 -0.8881
vn -0.3251 0.8881 -0.3251
vn -0.3251 0.3251 -0.8881
vn -0.8881 0.3251 -0.3251
vn 0.3251 -0.8881 0.3251
vn 0.8881 -0.3251 0.3251
vn 0.3251 -0.3251 0.8881
vn 0.3251 0.8881 0.3251
vn 0.3251 0.3251 0.8881
vn 0.8881 0.3251 0.3251
vn 0.3251 -0.8881 -0.3251
vn 0.3251 -0.3251 -0.8881
vn 0.8881 -0.3251 -0.3251
vn 0.3251 0.8881 -0.3251
vn 0.8881 0.3251 -0.3251
vn 0.3251 0.3251 -0.8881
vn -0.3827 -0.9239 -0.0000
vn -0.9239 -0.3827 -0.0000
vn -0.3827 -0.0000 0.9239
vn -0.9239 -0.0000 0.3827
vn -0.3827 0.9239 -0.0000
vn -0.9239 0.3827 -0.0000
vn -0.3827 -0.0000 -0.9239
vn -0.9239 -0.0000 -0.3827
vn -0.0000 -0.9239 -0.3827
vn -0.0000 -0.3827 -0.9239
vn -0.0000 0.9239 -0.3827
vn -0.0000 0.3827 -0.9239
vn 0.9239 -0.0000 -0.3827
vn 0.3827 -0.0000 -0.9239
vn 0.3827 -0.9239 -0.0000
vn 0.9239 -0.3827 -0.0000
vn 0.3827 0.9239 -0.0000
vn 0.9239 0.3827 -0.0000
vn 0.3827 -0.0000 0.9239
vn 0.9239 -0.0000 0.3827
vn -0.0000 -0.9239 0.3827
vn -0.0000 -0.3827 0.9239
vn -0.0000 0.9239 0.3827
vn -0.0000 0.3827 0.9239
vn -0.0000 -1.0000 -0.0000
vn -1.0000 -0.0000 -0.0000
vn -0.0000 -0.0000 1.0000
vn -0.0000 1.0000 -0.0000
vn -0.0000 -0.0000 -1.0000
vn 1.0000 -0.0000 -0.0000
vt 0.125815 0.723214
vt 0.125815 0.750000
vt 0.125345 0.750000
vt 0.125000 0.723214
vt 0.450000 0.999185
vt 0.450000 1.000000
vt 0.406699 1.000000
vt 0.375000 0.999185
vt 0.450000 0.026786
vt 0.375000 0.026786
vt 0.375000 0.011321
vt 0.450000 0.000000
vt 0.550000 0.999185
vt 0.625000 0.999185
vt 0.625000 0.999655
vt 0.550000 1.000000
vt 0.874185 0.723214
vt 0.875000 0.723214
vt 0.875000 0.738679
vt 0.874185 0.750000
vt 0.550000 0.026786
vt 0.550000 0.000000
vt 0.593301 0.000000
vt 0.625000 0.026786
vt 0.125815 0.526786
vt 0.125000 0.526786
vt 0.125000 0.511321
vt 0.125815 0.500000
vt 0.450000 0.223214
vt 0.450000 0.250000
vt 0.390849 0.250172
vt 0.375000 0.223214
vt 0.450000 0.250815
vt 0.375000 0.250815
vt 0.874185 0.526786
vt 0.874185 0.500000
vt 0.874655 0.500000
vt 0.875000 0.526786
vt 0.550000 0.250815
vt 0.550000 0.250000
vt 0.609151 0.244340
vt 0.625000 0.250815
vt 0.550000 0.223214
vt 0.625000 0.223214
vt 0.374185 0.723214
vt 0.375000 0.723214
vt 0.385566 0.746341
vt 0.374592 0.750408
vt 0.450000 0.723214
vt 0.450000 0.750000
vt 0.450000 0.750815
vt 0.625815 0.723214
vt 0.625408 0.750408
vt 0.614549 0.746226
vt 0.625000 0.723214
vt 0.550000 0.750815
vt 0.550000 0.750000
vt 0.550000 0.723214
vt 0.374185 0.526786
vt 0.374592 0.499592
vt 0.385451 0.503774
vt 0.375000 0.526786
vt 0.450000 0.499185
vt 0.450000 0.500000
vt 0.450000 0.526786
vt 0.625815 0.526786
vt 0.625000 0.526786
vt 0.614434 0.503659
vt 0.625408 0.499592
vt 0.550000 0.526786
vt 0.550000 0.500000
vt 0.550000 0.499185
s 0
usemtl DL2_IceBlue
f 681/967/510 684/968/510 685/969/510 687/970/510
f 682/971/511 686/972/511 685/973/511 684/974/511
f 683/975/512 687/976/512 685/977/512 686/978/512
f 688/979/513 691/980/513 692/981/513 694/982/513
f 689/983/514 693/984/514 692/985/514 691/986/514
f 690/987/515 694/988/515 692/989/515 693/990/515
f 695/991/516 698/992/516 699/993/516 701/994/516
f 696/995/517 700/996/517 699/997/517 698/998/517
f 697/999/518 701/1000/518 699/997/518 700/996/518
f 702/1001/519 705/1002/519 706/1003/519 708/1004/519
f 703/1005/520 707/1006/520 706/1007/520 705/1008/520
f 704/1009/521 708/1010/521 706/1007/521 707/1006/521
f 709/1011/522 712/1012/522 713/1013/522 715/1014/522
f 710/1015/523 714/1016/523 713/1013/523 712/1012/523
f 711/1017/524 715/1014/524 713/1013/524 714/1016/524
f 716/1018/525 719/1019/525 720/1020/525 722/1021/525
f 717/1022/526 721/1023/526 720/1020/526 719/1019/526
f 718/1024/527 722/1021/527 720/1020/527 721/1023/527
f 723/1025/528 726/1026/528 727/1027/528 729/1028/528
f 724/1029/529 728/1030/529 727/1027/529 726/1026/529
f 725/1031/530 729/1028/530 727/1027/530 728/1030/530
f 730/1032/531 733/1033/531 734/1034/531 736/1035/531
f 731/1036/532 735/1037/532 734/1034/532 733/1033/532
f 732/1038/533 736/1035/533 734/1034/533 735/1037/533
f 695/991/534 681/967/534 687/970/534 698/992/534
f 698/998/535 687/976/535 683/975/535 696/995/535
f 682/971/536 688/979/536 694/982/536 686/972/536
f 686/978/537 694/988/537 690/987/537 683/975/537
f 689/983/538 702/1001/538 708/1004/538 693/984/538
f 693/990/539 708/1010/539 704/1009/539 690/987/539
f 703/1005/540 697/999/540 700/996/540 707/1006/540
f 707/1006/541 700/996/541 696/995/541 704/1009/541
f 723/1025/542 695/991/542 701/994/542 726/1026/542
f 726/1026/543 701/1000/543 697/999/543 724/1029/543
f 702/1001/544 730/1032/544 736/1035/544 705/1002/544
f 705/1008/545 736/1035/545 732/1038/545 703/1005/545
f 731/1036/546 725/1031/546 728/1030/546 735/1037/546
f 735/1037/547 728/1030/547 724/1029/547 732/1038/547
f 709/1011/548 723/1025/548 729/1028/548 712/1012/548
f 712/1012/549 729/1028/549 725/1031/549 710/1015/549
f 730/1032/550 716/1018/550 722/1021/550 733/1033/550
f 733/1033/551 722/1021/551 718/1024/551 731/1036/551
f 717/1022/552 711/1017/552 714/1016/552 721/1023/552
f 721/1023/553 714/1016/553 710/1015/553 718/1024/553
f 681/967/554 709/1011/554 715/1014/554 684/968/554
f 684/974/555 715/1014/555 711/1017/555 682/971/555
f 716/1018/556 689/983/556 691/986/556 719/1019/556
f 719/1019/557 691/980/557 688/979/557 717/1022/557
f 695/991/558 723/1025/558 709/1011/558 681/967/558
f 683/975/559 690/987/559 704/1009/559 696/995/559
f 711/1017/560 717/1022/560 688/979/560 682/971/560
f 730/1032/561 702/1001/561 689/983/561 716/1018/561
f 697/999/562 703/1005/562 732/1038/562 724/1029/562
f 725/1031/563 731/1036/563 718/1024/563 710/1015/563
o DL_Port_Wing_Stable_Panel_Inboard_2
v 1.430000 1.870000 -9.890000
v 1.430000 1.900000 -9.860000
v 1.400000 1.900000 -9.890000
v 1.430000 1.878787 -9.868787
v 1.412680 1.882679 -9.872680
v 1.408787 1.900000 -9.868787
v 1.408787 1.878787 -9.890000
v 1.430000 1.940000 -9.860000
v 1.430000 1.970000 -9.890000
v 1.400000 1.940000 -9.890000
v 1.430000 1.961213 -9.868787
v 1.412680 1.957320 -9.872680
v 1.408787 1.961213 -9.890000
v 1.408787 1.940000 -9.868787
v 1.430000 1.870000 -10.110000
v 1.400000 1.900000 -10.110000
v 1.430000 1.900000 -10.140000
v 1.408787 1.878787 -10.110000
v 1.412680 1.882679 -10.127320
v 1.408787 1.900000 -10.131213
v 1.430000 1.878787 -10.131213
v 1.430000 1.970000 -10.110000
v 1.430000 1.940000 -10.140000
v 1.400000 1.940000 -10.110000
v 1.430000 1.961213 -10.131213
v 1.412680 1.957320 -10.127320
v 1.408787 1.940000 -10.131213
v 1.408787 1.961213 -10.110000
v 10.570000 1.870000 -9.890000
v 10.600000 1.900000 -9.890000
v 10.570000 1.900000 -9.860000
v 10.591213 1.878787 -9.890000
v 10.587320 1.882679 -9.872680
v 10.591213 1.900000 -9.868787
v 10.570000 1.878787 -9.868787
v 10.570000 1.970000 -9.890000
v 10.570000 1.940000 -9.860000
v 10.600000 1.940000 -9.890000
v 10.570000 1.961213 -9.868787
v 10.587320 1.957320 -9.872680
v 10.591213 1.940000 -9.868787
v 10.591213 1.961213 -9.890000
v 10.570000 1.870000 -10.110000
v 10.570000 1.900000 -10.140000
v 10.600000 1.900000 -10.110000
v 10.570000 1.878787 -10.131213
v 10.587320 1.882679 -10.127320
v 10.591213 1.900000 -10.131213
v 10.591213 1.878787 -10.110000
v 10.570000 1.970000 -10.110000
v 10.600000 1.940000 -10.110000
v 10.570000 1.940000 -10.140000
v 10.591213 1.961213 -10.110000
v 10.587320 1.957320 -10.127320
v 10.591213 1.940000 -10.131213
v 10.570000 1.961213 -10.131213
vn -0.3251 -0.8881 0.3251
vn -0.3251 -0.3251 0.8881
vn -0.8881 -0.3251 0.3251
vn -0.3251 0.3251 0.8881
vn -0.3251 0.8881 0.3251
vn -0.8881 0.3251 0.3251
vn -0.3251 -0.8881 -0.3251
vn -0.8881 -0.3251 -0.3251
vn -0.3251 -0.3251 -0.8881
vn -0.3251 0.8881 -0.3251
vn -0.3251 0.3251 -0.8881
vn -0.8881 0.3251 -0.3251
vn 0.3251 -0.8881 0.3251
vn 0.8881 -0.3251 0.3251
vn 0.3251 -0.3251 0.8881
vn 0.3251 0.8881 0.3251
vn 0.3251 0.3251 0.8881
vn 0.8881 0.3251 0.3251
vn 0.3251 -0.8881 -0.3251
vn 0.3251 -0.3251 -0.8881
vn 0.8881 -0.3251 -0.3251
vn 0.3251 0.8881 -0.3251
vn 0.8881 0.3251 -0.3251
vn 0.3251 0.3251 -0.8881
vn -0.3827 -0.9239 -0.0000
vn -0.9239 -0.3827 -0.0000
vn -0.3827 -0.0000 0.9239
vn -0.9239 -0.0000 0.3827
vn -0.3827 0.9239 -0.0000
vn -0.9239 0.3827 -0.0000
vn -0.3827 -0.0000 -0.9239
vn -0.9239 -0.0000 -0.3827
vn -0.0000 -0.9239 -0.3827
vn -0.0000 -0.3827 -0.9239
vn -0.0000 0.9239 -0.3827
vn -0.0000 0.3827 -0.9239
vn 0.9239 -0.0000 -0.3827
vn 0.3827 -0.0000 -0.9239
vn 0.3827 -0.9239 -0.0000
vn 0.9239 -0.3827 -0.0000
vn 0.3827 0.9239 -0.0000
vn 0.9239 0.3827 -0.0000
vn 0.3827 -0.0000 0.9239
vn 0.9239 -0.0000 0.3827
vn -0.0000 -0.9239 0.3827
vn -0.0000 -0.3827 0.9239
vn -0.0000 0.9239 0.3827
vn -0.0000 0.3827 0.9239
vn -0.0000 -1.0000 -0.0000
vn -1.0000 -0.0000 -0.0000
vn -0.0000 -0.0000 1.0000
vn -0.0000 1.0000 -0.0000
vn -0.0000 -0.0000 -1.0000
vn 1.0000 -0.0000 -0.0000
vt 0.125815 0.723214
vt 0.125815 0.750000
vt 0.125345 0.750000
vt 0.125000 0.723214
vt 0.450000 0.999185
vt 0.450000 1.000000
vt 0.406699 1.000000
vt 0.375000 0.999185
vt 0.450000 0.026786
vt 0.375000 0.026786
vt 0.375000 0.011321
vt 0.450000 0.000000
vt 0.550000 0.999185
vt 0.625000 0.999185
vt 0.625000 0.999655
vt 0.550000 1.000000
vt 0.874185 0.723214
vt 0.875000 0.723214
vt 0.875000 0.738679
vt 0.874185 0.750000
vt 0.550000 0.026786
vt 0.550000 0.000000
vt 0.593301 0.000000
vt 0.625000 0.026786
vt 0.125815 0.526786
vt 0.125000 0.526786
vt 0.125000 0.511321
vt 0.125815 0.500000
vt 0.450000 0.223214
vt 0.450000 0.250000
vt 0.390849 0.250172
vt 0.375000 0.223214
vt 0.450000 0.250815
vt 0.375000 0.250815
vt 0.874185 0.526786
vt 0.874185 0.500000
vt 0.874655 0.500000
vt 0.875000 0.526786
vt 0.550000 0.250815
vt 0.550000 0.250000
vt 0.609151 0.244340
vt 0.625000 0.250815
vt 0.550000 0.223214
vt 0.625000 0.223214
vt 0.374185 0.723214
vt 0.375000 0.723214
vt 0.385566 0.746341
vt 0.374592 0.750408
vt 0.450000 0.723214
vt 0.450000 0.750000
vt 0.450000 0.750815
vt 0.625815 0.723214
vt 0.625408 0.750408
vt 0.614549 0.746226
vt 0.625000 0.723214
vt 0.550000 0.750815
vt 0.550000 0.750000
vt 0.550000 0.723214
vt 0.374185 0.526786
vt 0.374592 0.499592
vt 0.385451 0.503774
vt 0.375000 0.526786
vt 0.450000 0.499185
vt 0.450000 0.500000
vt 0.450000 0.526786
vt 0.625815 0.526786
vt 0.625000 0.526786
vt 0.614434 0.503659
vt 0.625408 0.499592
vt 0.550000 0.526786
vt 0.550000 0.500000
vt 0.550000 0.499185
s 0
usemtl DL2_IceBlue
f 737/1039/564 740/1040/564 741/1041/564 743/1042/564
f 738/1043/565 742/1044/565 741/1045/565 740/1046/565
f 739/1047/566 743/1048/566 741/1049/566 742/1050/566
f 744/1051/567 747/1052/567 748/1053/567 750/1054/567
f 745/1055/568 749/1056/568 748/1057/568 747/1058/568
f 746/1059/569 750/1060/569 748/1061/569 749/1062/569
f 751/1063/570 754/1064/570 755/1065/570 757/1066/570
f 752/1067/571 756/1068/571 755/1069/571 754/1070/571
f 753/1071/572 757/1072/572 755/1069/572 756/1068/572
f 758/1073/573 761/1074/573 762/1075/573 764/1076/573
f 759/1077/574 763/1078/574 762/1079/574 761/1080/574
f 760/1081/575 764/1082/575 762/1079/575 763/1078/575
f 765/1083/576 768/1084/576 769/1085/576 771/1086/576
f 766/1087/577 770/1088/577 769/1085/577 768/1084/577
f 767/1089/578 771/1086/578 769/1085/578 770/1088/578
f 772/1090/579 775/1091/579 776/1092/579 778/1093/579
f 773/1094/580 777/1095/580 776/1092/580 775/1091/580
f 774/1096/581 778/1093/581 776/1092/581 777/1095/581
f 779/1097/582 782/1098/582 783/1099/582 785/1100/582
f 780/1101/583 784/1102/583 783/1099/583 782/1098/583
f 781/1103/584 785/1100/584 783/1099/584 784/1102/584
f 786/1104/585 789/1105/585 790/1106/585 792/1107/585
f 787/1108/586 791/1109/586 790/1106/586 789/1105/586
f 788/1110/587 792/1107/587 790/1106/587 791/1109/587
f 751/1063/588 737/1039/588 743/1042/588 754/1064/588
f 754/1070/589 743/1048/589 739/1047/589 752/1067/589
f 738/1043/590 744/1051/590 750/1054/590 742/1044/590
f 742/1050/591 750/1060/591 746/1059/591 739/1047/591
f 745/1055/592 758/1073/592 764/1076/592 749/1056/592
f 749/1062/593 764/1082/593 760/1081/593 746/1059/593
f 759/1077/594 753/1071/594 756/1068/594 763/1078/594
f 763/1078/595 756/1068/595 752/1067/595 760/1081/595
f 779/1097/596 751/1063/596 757/1066/596 782/1098/596
f 782/1098/597 757/1072/597 753/1071/597 780/1101/597
f 758/1073/598 786/1104/598 792/1107/598 761/1074/598
f 761/1080/599 792/1107/599 788/1110/599 759/1077/599
f 787/1108/600 781/1103/600 784/1102/600 791/1109/600
f 791/1109/601 784/1102/601 780/1101/601 788/1110/601
f 765/1083/602 779/1097/602 785/1100/602 768/1084/602
f 768/1084/603 785/1100/603 781/1103/603 766/1087/603
f 786/1104/604 772/1090/604 778/1093/604 789/1105/604
f 789/1105/605 778/1093/605 774/1096/605 787/1108/605
f 773/1094/606 767/1089/606 770/1088/606 777/1095/606
f 777/1095/607 770/1088/607 766/1087/607 774/1096/607
f 737/1039/608 765/1083/608 771/1086/608 740/1040/608
f 740/1046/609 771/1086/609 767/1089/609 738/1043/609
f 772/1090/610 745/1055/610 747/1058/610 775/1091/610
f 775/1091/611 747/1052/611 744/1051/611 773/1094/611
f 751/1063/612 779/1097/612 765/1083/612 737/1039/612
f 739/1047/613 746/1059/613 760/1081/613 752/1067/613
f 767/1089/614 773/1094/614 744/1051/614 738/1043/614
f 786/1104/615 758/1073/615 745/1055/615 772/1090/615
f 753/1071/616 759/1077/616 788/1110/616 780/1101/616
f 781/1103/617 787/1108/617 774/1096/617 766/1087/617
o DL_Starboard_Wing_Stable
v -28.600000 1.500000 8.100000
v -28.500000 1.500000 8.000000
v -28.700001 1.600000 7.900000
v -28.570709 1.500000 8.029289
v -28.599998 1.557736 8.000000
v -28.600000 1.570711 7.970710
v -28.629292 1.570711 7.999999
v 6.080000 1.500000 8.060000
v 6.033333 1.600000 7.900000
v 5.900000 1.500000 8.000000
v 6.044240 1.570711 7.996570
v 6.001671 1.557736 7.994989
v 5.966668 1.570711 7.970710
v 5.994142 1.500000 8.017574
v 14.800000 1.500000 14.700001
v 14.900001 1.600000 14.550000
v 14.720000 1.500000 14.540000
v 14.829289 1.570711 14.625001
v 14.801645 1.557736 14.599178
v 14.797573 1.570711 14.561568
v 14.776567 1.500000 14.611717
v 14.700000 1.500000 22.000000
v 14.900001 1.600000 22.100000
v 14.800000 1.500000 21.900000
v 14.799997 1.570711 22.029287
v 14.799999 1.557736 22.000000
v 14.829289 1.570711 22.000000
v 14.770711 1.500000 21.970713
v 11.000000 1.500000 22.100000
v 11.100000 1.600000 22.100000
v 11.100000 1.500000 22.000000
v 11.029289 1.570711 22.099998
v 11.042265 1.557735 22.042263
v 11.100000 1.570711 22.029287
v 11.029289 1.500000 22.029287
v 10.936343 1.500000 27.977121
v 11.100000 1.600000 27.935938
v 11.000000 1.500000 27.799999
v 11.002198 1.570711 27.943346
v 11.004362 1.557736 27.901569
v 11.029289 1.570711 27.867970
v 10.981357 1.500000 27.893303
v 5.700000 1.500000 34.200001
v 5.847126 1.600000 34.299999
v 5.863657 1.500000 34.122879
v 5.773563 1.570710 34.229290
v 5.800989 1.557736 34.202099
v 5.839420 1.570711 34.198261
v 5.789356 1.500000 34.177410
v -20.000000 1.500000 34.100002
v -20.100000 1.600000 34.299999
v -19.900000 1.500000 34.200001
v -20.029287 1.570711 34.199997
v -20.000000 1.557736 34.199997
v -20.000002 1.570710 34.229290
v -19.970713 1.500000 34.170712
v -20.094757 1.500000 31.331953
v -20.100000 1.600000 31.439253
v -20.000000 1.500000 31.400000
v -20.097378 1.570711 31.364891
v -20.041157 1.557735 31.357311
v -20.030375 1.570711 31.413008
v -20.026667 1.500000 31.337135
v -28.600000 1.500000 34.100002
v -28.700001 1.600000 34.339252
v -28.505243 1.500000 34.168049
v -28.629292 1.570711 34.219627
v -28.602484 1.557736 34.203457
v -28.609238 1.570711 34.234024
v -28.572247 1.500000 34.161354
v -28.600000 0.450000 8.100000
v -28.700001 0.350000 7.900000
v -28.500000 0.450000 8.000000
v -28.629292 0.379289 7.999999
v -28.600002 0.392264 8.000000
v -28.600000 0.379289 7.970710
v -28.570709 0.450000 8.029289
v 5.900000 0.450000 8.000000
v 6.033333 0.350000 7.900000
v 6.080000 0.450000 8.060000
v 5.966668 0.379289 7.970710
v 6.001671 0.392264 7.994989
v 6.044240 0.379289 7.996570
v 5.994142 0.450000 8.017574
v 14.720000 0.450000 14.540000
v 14.900001 0.350000 14.550000
v 14.800000 0.450000 14.700001
v 14.797574 0.379289 14.561568
v 14.801645 0.392264 14.599177
v 14.829289 0.379289 14.625001
v 14.776568 0.450000 14.611717
v 14.800000 0.450000 21.900000
v 14.900001 0.350000 22.100000
v 14.700000 0.450000 22.000000
v 14.829289 0.379289 22.000000
v 14.799999 0.392264 22.000000
v 14.799997 0.379289 22.029287
v 14.770711 0.450000 21.970713
v 11.100000 0.450000 22.000000
v 11.100000 0.350000 22.100000
v 11.000000 0.450000 22.100000
v 11.100000 0.379289 22.029287
v 11.042265 0.392265 22.042263
v 11.029289 0.379289 22.099998
v 11.029289 0.450000 22.029287
v 11.000000 0.450000 27.799999
v 11.100000 0.350000 27.935938
v 10.936343 0.450000 27.977121
v 11.029289 0.379289 27.867970
v 11.004362 0.392264 27.901569
v 11.002197 0.379289 27.943346
v 10.981357 0.450000 27.893301
v 5.863657 0.450000 34.122879
v 5.847126 0.350000 34.299999
v 5.700000 0.450000 34.200001
v 5.839420 0.379289 34.198261
v 5.800989 0.392264 34.202099
v 5.773563 0.379289 34.229294
v 5.789356 0.450000 34.177410
v -19.900000 0.450000 34.200001
v -20.100000 0.350000 34.299999
v -20.000000 0.450000 34.100002
v -20.000002 0.379289 34.229290
v -20.000000 0.392264 34.200001
v -20.029287 0.379289 34.199997
v -19.970713 0.450000 34.170712
v -20.000000 0.450000 31.400000
v -20.100000 0.350000 31.439253
v -20.094757 0.450000 31.331953
v -20.030375 0.379289 31.413008
v -20.041157 0.392265 31.357311
v -20.097378 0.379289 31.364891
v -20.026667 0.450000 31.337135
v -28.600000 0.450000 34.100002
v -28.505243 0.450000 34.168049
v -28.700001 0.350000 34.339252
v -28.572247 0.450000 34.161354
v -28.602484 0.392264 34.203457
v -28.609238 0.379289 34.234024
v -28.629292 0.379289 34.219627
vn 0.6224 0.6778 0.3914
vn 0.3913 0.6778 0.6225
vn 0.2025 0.9581 0.2025
vn -0.3278 0.4749 0.8167
vn -0.1230 0.9213 0.3689
vn -0.2278 0.4749 0.8501
vn -0.7920 0.5353 0.2936
vn -0.3209 0.9334 0.1604
vn -0.7101 0.5353 0.4574
vn -0.3913 0.6778 -0.6225
vn -0.2025 0.9581 -0.2025
vn -0.6225 0.6778 -0.3913
vn -0.8881 0.3250 -0.3251
vn -0.3251 0.8881 -0.3251
vn -0.3250 0.3250 -0.8881
vn -0.8012 0.4846 -0.3510
vn -0.3614 0.9233 -0.1299
vn -0.8414 0.4846 -0.2393
vn -0.2836 0.5253 -0.8023
vn -0.1550 0.9315 -0.3291
vn -0.4381 0.5253 -0.7295
vn 0.6225 0.6777 -0.3914
vn 0.2025 0.9581 -0.2025
vn 0.3913 0.6778 -0.6225
vn 0.0223 0.3846 -0.9228
vn 0.2254 0.9223 -0.3139
vn 0.8673 0.3846 -0.3161
vn 0.5167 0.7528 -0.4078
vn 0.1429 0.9695 -0.1991
vn 0.2213 0.7528 -0.6199
vn 0.6225 -0.6778 0.3913
vn 0.2025 -0.9581 0.2025
vn 0.3913 -0.6778 0.6225
vn -0.2278 -0.4749 0.8501
vn -0.1230 -0.9213 0.3689
vn -0.3278 -0.4749 0.8167
vn -0.7101 -0.5353 0.4574
vn -0.3209 -0.9334 0.1604
vn -0.7920 -0.5353 0.2936
vn -0.6225 -0.6778 -0.3913
vn -0.2025 -0.9581 -0.2025
vn -0.3913 -0.6778 -0.6225
vn -0.3250 -0.3250 -0.8881
vn -0.3250 -0.8881 -0.3250
vn -0.8881 -0.3251 -0.3251
vn -0.8414 -0.4846 -0.2393
vn -0.3614 -0.9233 -0.1299
vn -0.8012 -0.4846 -0.3510
vn -0.4381 -0.5253 -0.7295
vn -0.1551 -0.9315 -0.3291
vn -0.2837 -0.5253 -0.8023
vn 0.3913 -0.6778 -0.6225
vn 0.2025 -0.9581 -0.2025
vn 0.6225 -0.6777 -0.3913
vn 0.8673 -0.3846 -0.3161
vn 0.2254 -0.9223 -0.3139
vn 0.0223 -0.3846 -0.9228
vn 0.5167 -0.7528 -0.4078
vn 0.2213 -0.7528 -0.6200
vn 0.1430 -0.9695 -0.1991
vn 0.3827 0.9239 -0.0000
vn 0.9239 0.3827 -0.0000
vn -0.2943 0.3888 -0.8731
vn -0.1231 0.9228 -0.3650
vn 0.9213 0.3888 -0.0002
vn 0.3851 0.9229 -0.0001
vn -0.0000 0.3827 -0.9239
vn -0.0000 0.9239 -0.3827
vn -0.7125 0.3827 -0.5881
vn -0.2951 0.9239 -0.2436
vn -0.9239 0.3827 -0.0000
vn -0.3827 0.9239 -0.0000
vn -0.5543 0.3827 0.7391
vn -0.2296 0.9239 0.3061
vn -0.0000 0.3827 0.9239
vn -0.0000 0.9239 0.3827
vn 0.9239 -0.3827 -0.0000
vn 0.3827 -0.9239 -0.0000
vn -0.0000 -0.9239 0.3827
vn -0.0000 -0.3827 0.9239
vn -0.2296 -0.9239 0.3061
vn -0.5543 -0.3827 0.7391
vn -0.3827 -0.9239 -0.0000
vn -0.9239 -0.3827 -0.0000
vn -0.0000 -0.9239 -0.3827
vn -0.0000 -0.3827 -0.9239
vn -0.2951 -0.9239 -0.2436
vn -0.7125 -0.3827 -0.5881
vn 0.3851 -0.9229 -0.0001
vn 0.9213 -0.3888 -0.0002
vn -0.1231 -0.9228 -0.3650
vn -0.2943 -0.3888 -0.8731
vn -0.1835 -0.0000 0.9830
vn -0.4430 -0.0000 0.8965
vn 0.9239 -0.0000 0.3827
vn 0.3827 -0.0000 0.9239
vn -0.7851 -0.0000 0.6193
vn -0.9665 -0.0000 0.2565
vn -0.9239 -0.0000 -0.3827
vn -0.3827 -0.0000 -0.9239
vn -0.9806 -0.0000 -0.1959
vn -0.8810 -0.0000 -0.4731
vn -0.5917 -0.0000 -0.8062
vn -0.2451 -0.0000 -0.9695
vn 0.3827 -0.0000 -0.9239
vn 0.9239 -0.0000 -0.3827
vn 0.9206 -0.0000 -0.3905
vn 0.0759 -0.0000 -0.9971
vn 0.0994 -0.0000 -0.9950
vn 0.9111 -0.0000 -0.4121
vn 1.0000 -0.0000 -0.0000
vn -0.0000 1.0000 -0.0000
vn -0.0000 -0.0000 1.0000
vn -0.6000 -0.0000 0.8000
vn -1.0000 -0.0000 -0.0000
vn -0.0000 -0.0000 -1.0000
vn -0.7712 -0.0000 -0.6366
vn -0.3195 -0.0000 -0.9476
vn -0.0000 -1.0000 -0.0000
s 0
usemtl DL2_Hull_Silver
f 793//618 796//618 797//618 799//618
f 794//619 798//619 797//619 796//619
f 795//620 799//620 797//620 798//620
f 800//621 803//621 804//621 806//621
f 801//622 805//622 804//622 803//622
f 802//623 806//623 804//623 805//623
f 807//624 810//624 811//624 813//624
f 808//625 812//625 811//625 810//625
f 809//626 813//626 811//626 812//626
f 814//627 817//627 818//627 820//627
f 815//628 819//628 818//628 817//628
f 816//629 820//629 818//629 819//629
f 821//630 824//630 825//630 827//630
f 822//631 826//631 825//631 824//631
f 823//632 827//632 825//632 826//632
f 828//633 831//633 832//633 834//633
f 829//634 833//634 832//634 831//634
f 830//635 834//635 832//635 833//635
f 835//636 838//636 839//636 841//636
f 836//637 840//637 839//637 838//637
f 837//638 841//638 839//638 840//638
f 842//639 845//639 846//639 848//639
f 843//640 847//640 846//640 845//640
f 844//641 848//641 846//641 847//641
f 849//642 852//642 853//642 855//642
f 850//643 854//643 853//643 852//643
f 851//644 855//644 853//644 854//644
f 856//645 859//645 860//645 862//645
f 857//646 861//646 860//646 859//646
f 858//647 862//647 860//647 861//647
f 863//648 866//648 867//648 869//648
f 864//649 868//649 867//649 866//649
f 865//650 869//650 867//650 868//650
f 870//651 873//651 874//651 876//651
f 871//652 875//652 874//652 873//652
f 872//653 876//653 874//653 875//653
f 877//654 880//654 881//654 883//654
f 878//655 882//655 881//655 880//655
f 879//656 883//656 881//656 882//656
f 884//657 887//657 888//657 890//657
f 885//658 889//658 888//658 887//658
f 886//659 890//659 888//659 889//659
f 891//660 894//660 895//660 897//660
f 892//661 896//661 895//661 894//661
f 893//662 897//662 895//662 896//662
f 898//663 901//663 902//663 904//663
f 899//664 903//664 902//664 901//664
f 900//665 904//665 902//665 903//665
f 905//666 908//666 909//666 911//666
f 906//667 910//667 909//667 908//667
f 907//668 911//668 909//668 910//668
f 912//669 915//669 916//669 918//669
f 913//670 917//670 916//670 915//670
f 914//671 918//671 916//671 917//671
f 919//672 922//672 923//672 925//672
f 920//673 924//673 923//673 922//673
f 921//674 925//674 923//674 924//674
f 926//675 929//675 930//675 932//675
f 927//676 931//676 930//676 929//676
f 928//677 932//677 930//677 931//677
f 795//678 857//678 859//678 799//678
f 799//679 859//679 856//679 793//679
f 849//680 858//680 861//680 852//680
f 852//681 861//681 857//681 850//681
f 842//682 851//682 854//682 845//682
f 845//683 854//683 850//683 843//683
f 835//684 844//684 847//684 838//684
f 838//685 847//685 843//685 836//685
f 828//686 837//686 840//686 831//686
f 831//687 840//687 836//687 829//687
f 821//688 830//688 833//688 824//688
f 824//689 833//689 829//689 822//689
f 814//684 823//684 826//684 817//684
f 817//685 826//685 822//685 815//685
f 807//688 816//688 819//688 810//688
f 810//689 819//689 815//689 808//689
f 800//690 809//690 812//690 803//690
f 803//691 812//691 808//691 801//691
f 794//692 802//692 805//692 798//692
f 798//693 805//693 801//693 795//693
f 863//694 926//694 932//694 866//694
f 866//695 932//695 928//695 864//695
f 864//696 871//696 873//696 868//696
f 868//697 873//697 870//697 865//697
f 871//698 878//698 880//698 875//698
f 875//699 880//699 877//699 872//699
f 878//700 885//700 887//700 882//700
f 882//701 887//701 884//701 879//701
f 885//702 892//702 894//702 889//702
f 889//703 894//703 891//703 886//703
f 892//700 899//700 901//700 896//700
f 896//701 901//701 898//701 893//701
f 899//704 906//704 908//704 903//704
f 903//705 908//705 905//705 900//705
f 906//702 913//702 915//702 910//702
f 910//703 915//703 912//703 907//703
f 913//706 920//706 922//706 917//706
f 917//707 922//707 919//707 914//707
f 920//708 928//708 931//708 924//708
f 924//709 931//709 927//709 921//709
f 802//710 870//710 876//710 806//710
f 806//711 876//711 872//711 800//711
f 793//712 863//712 869//712 796//712
f 796//713 869//713 865//713 794//713
f 809//714 877//714 883//714 813//714
f 813//715 883//715 879//715 807//715
f 816//716 884//716 890//716 820//716
f 820//717 890//717 886//717 814//717
f 823//717 891//717 897//717 827//717
f 827//716 897//716 893//716 821//716
f 830//718 898//718 904//718 834//718
f 834//719 904//719 900//719 828//719
f 837//720 905//720 911//720 841//720
f 841//721 911//721 907//721 835//721
f 844//722 912//722 918//722 848//722
f 848//723 918//723 914//723 842//723
f 851//724 919//724 925//724 855//724
f 855//725 925//725 921//725 849//725
f 858//726 927//726 929//726 862//726
f 862//727 929//727 926//727 856//727
f 793//728 856//728 926//728 863//728
f 857//729 850//729 843//729 836//729 829//729 822//729 815//729 808//729 801//729 795//729
f 802//730 794//730 865//730 870//730
f 809//731 800//731 872//731 877//731
f 816//732 807//732 879//732 884//732
f 823//733 814//733 886//733 891//733
f 830//732 821//732 893//732 898//732
f 837//734 828//734 900//734 905//734
f 844//733 835//733 907//733 912//733
f 851//728 842//728 914//728 919//728
f 858//735 849//735 921//735 927//735
f 864//736 871//736 878//736 885//736 892//736 899//736 906//736 913//736 920//736 928//736
o DL_Starboard_Wing_Stable_Panel_Inboard_0
v -22.570000 1.870000 10.110000
v -22.570000 1.900000 10.140000
v -22.600000 1.900000 10.110000
v -22.570000 1.878787 10.131213
v -22.587320 1.882679 10.127320
v -22.591213 1.900000 10.131213
v -22.591213 1.878787 10.110000
v -22.570000 1.940000 10.140000
v -22.570000 1.970000 10.110000
v -22.600000 1.940000 10.110000
v -22.570000 1.961213 10.131213
v -22.587320 1.957320 10.127320
v -22.591213 1.961213 10.110000
v -22.591213 1.940000 10.131213
v -22.570000 1.870000 9.890000
v -22.600000 1.900000 9.890000
v -22.570000 1.900000 9.860000
v -22.591213 1.878787 9.890000
v -22.587320 1.882679 9.872680
v -22.591213 1.900000 9.868787
v -22.570000 1.878787 9.868787
v -22.570000 1.970000 9.890000
v -22.570000 1.940000 9.860000
v -22.600000 1.940000 9.890000
v -22.570000 1.961213 9.868787
v -22.587320 1.957320 9.872680
v -22.591213 1.940000 9.868787
v -22.591213 1.961213 9.890000
v -13.430000 1.870000 10.110000
v -13.400000 1.900000 10.110000
v -13.430000 1.900000 10.140000
v -13.408787 1.878787 10.110000
v -13.412680 1.882679 10.127320
v -13.408787 1.900000 10.131213
v -13.430000 1.878787 10.131213
v -13.430000 1.970000 10.110000
v -13.430000 1.940000 10.140000
v -13.400000 1.940000 10.110000
v -13.430000 1.961213 10.131213
v -13.412680 1.957320 10.127320
v -13.408787 1.940000 10.131213
v -13.408787 1.961213 10.110000
v -13.430000 1.870000 9.890000
v -13.430000 1.900000 9.860000
v -13.400000 1.900000 9.890000
v -13.430000 1.878787 9.868787
v -13.412680 1.882679 9.872680
v -13.408787 1.900000 9.868787
v -13.408787 1.878787 9.890000
v -13.430000 1.970000 9.890000
v -13.400000 1.940000 9.890000
v -13.430000 1.940000 9.860000
v -13.408787 1.961213 9.890000
v -13.412680 1.957320 9.872680
v -13.408787 1.940000 9.868787
v -13.430000 1.961213 9.868787
vn -0.3251 -0.8881 0.3251
vn -0.3251 -0.3251 0.8881
vn -0.8881 -0.3251 0.3251
vn -0.3251 0.3251 0.8881
vn -0.3251 0.8881 0.3251
vn -0.8881 0.3251 0.3251
vn -0.3251 -0.8881 -0.3251
vn -0.8881 -0.3251 -0.3251
vn -0.3251 -0.3251 -0.8881
vn -0.3251 0.8881 -0.3251
vn -0.3251 0.3251 -0.8881
vn -0.8881 0.3251 -0.3251
vn 0.3251 -0.8881 0.3251
vn 0.8881 -0.3251 0.3251
vn 0.3251 -0.3251 0.8881
vn 0.3251 0.8881 0.3251
vn 0.3251 0.3251 0.8881
vn 0.8881 0.3251 0.3251
vn 0.3251 -0.8881 -0.3251
vn 0.3251 -0.3251 -0.8881
vn 0.8881 -0.3251 -0.3251
vn 0.3251 0.8881 -0.3251
vn 0.8881 0.3251 -0.3251
vn 0.3251 0.3251 -0.8881
vn -0.3827 -0.9239 -0.0000
vn -0.9239 -0.3827 -0.0000
vn -0.3827 -0.0000 0.9239
vn -0.9239 -0.0000 0.3827
vn -0.3827 0.9239 -0.0000
vn -0.9239 0.3827 -0.0000
vn -0.3827 -0.0000 -0.9239
vn -0.9239 -0.0000 -0.3827
vn -0.0000 -0.9239 -0.3827
vn -0.0000 -0.3827 -0.9239
vn -0.0000 0.9239 -0.3827
vn -0.0000 0.3827 -0.9239
vn 0.9239 -0.0000 -0.3827
vn 0.3827 -0.0000 -0.9239
vn 0.3827 -0.9239 -0.0000
vn 0.9239 -0.3827 -0.0000
vn 0.3827 0.9239 -0.0000
vn 0.9239 0.3827 -0.0000
vn 0.3827 -0.0000 0.9239
vn 0.9239 -0.0000 0.3827
vn -0.0000 -0.9239 0.3827
vn -0.0000 -0.3827 0.9239
vn -0.0000 0.9239 0.3827
vn -0.0000 0.3827 0.9239
vn -0.0000 -1.0000 -0.0000
vn -1.0000 -0.0000 -0.0000
vn -0.0000 -0.0000 1.0000
vn -0.0000 1.0000 -0.0000
vn -0.0000 -0.0000 -1.0000
vn 1.0000 -0.0000 -0.0000
vt 0.125815 0.723214
vt 0.125815 0.750000
vt 0.125345 0.750000
vt 0.125000 0.723214
vt 0.450000 0.999185
vt 0.450000 1.000000
vt 0.406699 1.000000
vt 0.375000 0.999185
vt 0.450000 0.026786
vt 0.375000 0.026786
vt 0.375000 0.011321
vt 0.450000 0.000000
vt 0.550000 0.999185
vt 0.625000 0.999185
vt 0.625000 0.999655
vt 0.550000 1.000000
vt 0.874185 0.723214
vt 0.875000 0.723214
vt 0.875000 0.738679
vt 0.874185 0.750000
vt 0.550000 0.026786
vt 0.550000 0.000000
vt 0.593301 0.000000
vt 0.625000 0.026786
vt 0.125815 0.526786
vt 0.125000 0.526786
vt 0.125000 0.511321
vt 0.125815 0.500000
vt 0.450000 0.223214
vt 0.450000 0.250000
vt 0.390849 0.250172
vt 0.375000 0.223214
vt 0.450000 0.250815
vt 0.375000 0.250815
vt 0.874185 0.526786
vt 0.874185 0.500000
vt 0.874655 0.500000
vt 0.875000 0.526786
vt 0.550000 0.250815
vt 0.550000 0.250000
vt 0.609151 0.244340
vt 0.625000 0.250815
vt 0.550000 0.223214
vt 0.625000 0.223214
vt 0.374185 0.723214
vt 0.375000 0.723214
vt 0.385566 0.746341
vt 0.374592 0.750408
vt 0.450000 0.723214
vt 0.450000 0.750000
vt 0.450000 0.750815
vt 0.625815 0.723214
vt 0.625408 0.750408
vt 0.614549 0.746226
vt 0.625000 0.723214
vt 0.550000 0.750815
vt 0.550000 0.750000
vt 0.550000 0.723214
vt 0.374185 0.526786
vt 0.374592 0.499592
vt 0.385451 0.503774
vt 0.375000 0.526786
vt 0.450000 0.499185
vt 0.450000 0.500000
vt 0.450000 0.526786
vt 0.625815 0.526786
vt 0.625000 0.526786
vt 0.614434 0.503659
vt 0.625408 0.499592
vt 0.550000 0.526786
vt 0.550000 0.500000
vt 0.550000 0.499185
s 0
usemtl DL2_IceBlue
f 933/1111/737 936/1112/737 937/1113/737 939/1114/737
f 934/1115/738 938/1116/738 937/1117/738 936/1118/738
f 935/1119/739 939/1120/739 937/1121/739 938/1122/739
f 940/1123/740 943/1124/740 944/1125/740 946/1126/740
f 941/1127/741 945/1128/741 944/1129/741 943/1130/741
f 942/1131/742 946/1132/742 944/1133/742 945/1134/742
f 947/1135/743 950/1136/743 951/1137/743 953/1138/743
f 948/1139/744 952/1140/744 951/1141/744 950/1142/744
f 949/1143/745 953/1144/745 951/1141/745 952/1140/745
f 954/1145/746 957/1146/746 958/1147/746 960/1148/746
f 955/1149/747 959/1150/747 958/1151/747 957/1152/747
f 956/1153/748 960/1154/748 958/1151/748 959/1150/748
f 961/1155/749 964/1156/749 965/1157/749 967/1158/749
f 962/1159/750 966/1160/750 965/1157/750 964/1156/750
f 963/1161/751 967/1158/751 965/1157/751 966/1160/751
f 968/1162/752 971/1163/752 972/1164/752 974/1165/752
f 969/1166/753 973/1167/753 972/1164/753 971/1163/753
f 970/1168/754 974/1165/754 972/1164/754 973/1167/754
f 975/1169/755 978/1170/755 979/1171/755 981/1172/755
f 976/1173/756 980/1174/756 979/1171/756 978/1170/756
f 977/1175/757 981/1172/757 979/1171/757 980/1174/757
f 982/1176/758 985/1177/758 986/1178/758 988/1179/758
f 983/1180/759 987/1181/759 986/1178/759 985/1177/759
f 984/1182/760 988/1179/760 986/1178/760 987/1181/760
f 947/1135/761 933/1111/761 939/1114/761 950/1136/761
f 950/1142/762 939/1120/762 935/1119/762 948/1139/762
f 934/1115/763 940/1123/763 946/1126/763 938/1116/763
f 938/1122/764 946/1132/764 942/1131/764 935/1119/764
f 941/1127/765 954/1145/765 960/1148/765 945/1128/765
f 945/1134/766 960/1154/766 956/1153/766 942/1131/766
f 955/1149/767 949/1143/767 952/1140/767 959/1150/767
f 959/1150/768 952/1140/768 948/1139/768 956/1153/768
f 975/1169/769 947/1135/769 953/1138/769 978/1170/769
f 978/1170/770 953/1144/770 949/1143/770 976/1173/770
f 954/1145/771 982/1176/771 988/1179/771 957/1146/771
f 957/1152/772 988/1179/772 984/1182/772 955/1149/772
f 983/1180/773 977/1175/773 980/1174/773 987/1181/773
f 987/1181/774 980/1174/774 976/1173/774 984/1182/774
f 961/1155/775 975/1169/775 981/1172/775 964/1156/775
f 964/1156/776 981/1172/776 977/1175/776 962/1159/776
f 982/1176/777 968/1162/777 974/1165/777 985/1177/777
f 985/1177/778 974/1165/778 970/1168/778 983/1180/778
f 969/1166/779 963/1161/779 966/1160/779 973/1167/779
f 973/1167/780 966/1160/780 962/1159/780 970/1168/780
f 933/1111/781 961/1155/781 967/1158/781 936/1112/781
f 936/1118/782 967/1158/782 963/1161/782 934/1115/782
f 968/1162/783 941/1127/783 943/1130/783 971/1163/783
f 971/1163/784 943/1124/784 940/1123/784 969/1166/784
f 947/1135/785 975/1169/785 961/1155/785 933/1111/785
f 935/1119/786 942/1131/786 956/1153/786 948/1139/786
f 963/1161/787 969/1166/787 940/1123/787 934/1115/787
f 982/1176/788 954/1145/788 941/1127/788 968/1162/788
f 949/1143/789 955/1149/789 984/1182/789 976/1173/789
f 977/1175/790 983/1180/790 970/1168/790 962/1159/790
o DL_Starboard_Wing_Stable_Panel_Inboard_1
v -10.570000 1.870000 10.110000
v -10.570000 1.900000 10.140000
v -10.600000 1.900000 10.110000
v -10.570000 1.878787 10.131213
v -10.587320 1.882679 10.127320
v -10.591213 1.900000 10.131213
v -10.591213 1.878787 10.110000
v -10.570000 1.940000 10.140000
v -10.570000 1.970000 10.110000
v -10.600000 1.940000 10.110000
v -10.570000 1.961213 10.131213
v -10.587320 1.957320 10.127320
v -10.591213 1.961213 10.110000
v -10.591213 1.940000 10.131213
v -10.570000 1.870000 9.890000
v -10.600000 1.900000 9.890000
v -10.570000 1.900000 9.860000
v -10.591213 1.878787 9.890000
v -10.587320 1.882679 9.872680
v -10.591213 1.900000 9.868787
v -10.570000 1.878787 9.868787
v -10.570000 1.970000 9.890000
v -10.570000 1.940000 9.860000
v -10.600000 1.940000 9.890000
v -10.570000 1.961213 9.868787
v -10.587320 1.957320 9.872680
v -10.591213 1.940000 9.868787
v -10.591213 1.961213 9.890000
v -1.430000 1.870000 10.110000
v -1.400000 1.900000 10.110000
v -1.430000 1.900000 10.140000
v -1.408787 1.878787 10.110000
v -1.412680 1.882679 10.127320
v -1.408787 1.900000 10.131213
v -1.430000 1.878787 10.131213
v -1.430000 1.970000 10.110000
v -1.430000 1.940000 10.140000
v -1.400000 1.940000 10.110000
v -1.430000 1.961213 10.131213
v -1.412680 1.957320 10.127320
v -1.408787 1.940000 10.131213
v -1.408787 1.961213 10.110000
v -1.430000 1.870000 9.890000
v -1.430000 1.900000 9.860000
v -1.400000 1.900000 9.890000
v -1.430000 1.878787 9.868787
v -1.412680 1.882679 9.872680
v -1.408787 1.900000 9.868787
v -1.408787 1.878787 9.890000
v -1.430000 1.970000 9.890000
v -1.400000 1.940000 9.890000
v -1.430000 1.940000 9.860000
v -1.408787 1.961213 9.890000
v -1.412680 1.957320 9.872680
v -1.408787 1.940000 9.868787
v -1.430000 1.961213 9.868787
vn -0.3251 -0.8881 0.3251
vn -0.3251 -0.3251 0.8881
vn -0.8881 -0.3251 0.3251
vn -0.3251 0.3251 0.8881
vn -0.3251 0.8881 0.3251
vn -0.8881 0.3251 0.3251
vn -0.3251 -0.8881 -0.3251
vn -0.8881 -0.3251 -0.3251
vn -0.3251 -0.3251 -0.8881
vn -0.3251 0.8881 -0.3251
vn -0.3251 0.3251 -0.8881
vn -0.8881 0.3251 -0.3251
vn 0.3251 -0.8881 0.3251
vn 0.8881 -0.3251 0.3251
vn 0.3251 -0.3251 0.8881
vn 0.3251 0.8881 0.3251
vn 0.3251 0.3251 0.8881
vn 0.8881 0.3251 0.3251
vn 0.3251 -0.8881 -0.3251
vn 0.3251 -0.3251 -0.8881
vn 0.8881 -0.3251 -0.3251
vn 0.3251 0.8881 -0.3251
vn 0.8881 0.3251 -0.3251
vn 0.3251 0.3251 -0.8881
vn -0.3827 -0.9239 -0.0000
vn -0.9239 -0.3827 -0.0000
vn -0.3827 -0.0000 0.9239
vn -0.9239 -0.0000 0.3827
vn -0.3827 0.9239 -0.0000
vn -0.9239 0.3827 -0.0000
vn -0.3827 -0.0000 -0.9239
vn -0.9239 -0.0000 -0.3827
vn -0.0000 -0.9239 -0.3827
vn -0.0000 -0.3827 -0.9239
vn -0.0000 0.9239 -0.3827
vn -0.0000 0.3827 -0.9239
vn 0.9239 -0.0000 -0.3827
vn 0.3827 -0.0000 -0.9239
vn 0.3827 -0.9239 -0.0000
vn 0.9239 -0.3827 -0.0000
vn 0.3827 0.9239 -0.0000
vn 0.9239 0.3827 -0.0000
vn 0.3827 -0.0000 0.9239
vn 0.9239 -0.0000 0.3827
vn -0.0000 -0.9239 0.3827
vn -0.0000 -0.3827 0.9239
vn -0.0000 0.9239 0.3827
vn -0.0000 0.3827 0.9239
vn -0.0000 -1.0000 -0.0000
vn -1.0000 -0.0000 -0.0000
vn -0.0000 -0.0000 1.0000
vn -0.0000 1.0000 -0.0000
vn -0.0000 -0.0000 -1.0000
vn 1.0000 -0.0000 -0.0000
vt 0.125815 0.723214
vt 0.125815 0.750000
vt 0.125345 0.750000
vt 0.125000 0.723214
vt 0.450000 0.999185
vt 0.450000 1.000000
vt 0.406699 1.000000
vt 0.375000 0.999185
vt 0.450000 0.026786
vt 0.375000 0.026786
vt 0.375000 0.011321
vt 0.450000 0.000000
vt 0.550000 0.999185
vt 0.625000 0.999185
vt 0.625000 0.999655
vt 0.550000 1.000000
vt 0.874185 0.723214
vt 0.875000 0.723214
vt 0.875000 0.738679
vt 0.874185 0.750000
vt 0.550000 0.026786
vt 0.550000 0.000000
vt 0.593301 0.000000
vt 0.625000 0.026786
vt 0.125815 0.526786
vt 0.125000 0.526786
vt 0.125000 0.511321
vt 0.125815 0.500000
vt 0.450000 0.223214
vt 0.450000 0.250000
vt 0.390849 0.250172
vt 0.375000 0.223214
vt 0.450000 0.250815
vt 0.375000 0.250815
vt 0.874185 0.526786
vt 0.874185 0.500000
vt 0.874655 0.500000
vt 0.875000 0.526786
vt 0.550000 0.250815
vt 0.550000 0.250000
vt 0.609151 0.244340
vt 0.625000 0.250815
vt 0.550000 0.223214
vt 0.625000 0.223214
vt 0.374185 0.723214
vt 0.375000 0.723214
vt 0.385566 0.746341
vt 0.374592 0.750408
vt 0.450000 0.723214
vt 0.450000 0.750000
vt 0.450000 0.750815
vt 0.625815 0.723214
vt 0.625408 0.750408
vt 0.614549 0.746226
vt 0.625000 0.723214
vt 0.550000 0.750815
vt 0.550000 0.750000
vt 0.550000 0.723214
vt 0.374185 0.526786
vt 0.374592 0.499592
vt 0.385451 0.503774
vt 0.375000 0.526786
vt 0.450000 0.499185
vt 0.450000 0.500000
vt 0.450000 0.526786
vt 0.625815 0.526786
vt 0.625000 0.526786
vt 0.614434 0.503659
vt 0.625408 0.499592
vt 0.550000 0.526786
vt 0.550000 0.500000
vt 0.550000 0.499185
s 0
usemtl DL2_IceBlue
f 989/1183/791 992/1184/791 993/1185/791 995/1186/791
f 990/1187/792 994/1188/792 993/1189/792 992/1190/792
f 991/1191/793 995/1192/793 993/1193/793 994/1194/793
f 996/1195/794 999/1196/794 1000/1197/794 1002/1198/794
f 997/1199/795 1001/1200/795 1000/1201/795 999/1202/795
f 998/1203/796 1002/1204/796 1000/1205/796 1001/1206/796
f 1003/1207/797 1006/1208/797 1007/1209/797 1009/1210/797
f 1004/1211/798 1008/1212/798 1007/1213/798 1006/1214/798
f 1005/1215/799 1009/1216/799 1007/1213/799 1008/1212/799
f 1010/1217/800 1013/1218/800 1014/1219/800 1016/1220/800
f 1011/1221/801 1015/1222/801 1014/1223/801 1013/1224/801
f 1012/1225/802 1016/1226/802 1014/1223/802 1015/1222/802
f 1017/1227/803 1020/1228/803 1021/1229/803 1023/1230/803
f 1018/1231/804 1022/1232/804 1021/1229/804 1020/1228/804
f 1019/1233/805 1023/1230/805 1021/1229/805 1022/1232/805
f 1024/1234/806 1027/1235/806 1028/1236/806 1030/1237/806
f 1025/1238/807 1029/1239/807 1028/1236/807 1027/1235/807
f 1026/1240/808 1030/1237/808 1028/1236/808 1029/1239/808
f 1031/1241/809 1034/1242/809 1035/1243/809 1037/1244/809
f 1032/1245/810 1036/1246/810 1035/1243/810 1034/1242/810
f 1033/1247/811 1037/1244/811 1035/1243/811 1036/1246/811
f 1038/1248/812 1041/1249/812 1042/1250/812 1044/1251/812
f 1039/1252/813 1043/1253/813 1042/1250/813 1041/1249/813
f 1040/1254/814 1044/1251/814 1042/1250/814 1043/1253/814
f 1003/1207/815 989/1183/815 995/1186/815 1006/1208/815
f 1006/1214/816 995/1192/816 991/1191/816 1004/1211/816
f 990/1187/817 996/1195/817 1002/1198/817 994/1188/817
f 994/1194/818 1002/1204/818 998/1203/818 991/1191/818
f 997/1199/819 1010/1217/819 1016/1220/819 1001/1200/819
f 1001/1206/820 1016/1226/820 1012/1225/820 998/1203/820
f 1011/1221/821 1005/1215/821 1008/1212/821 1015/1222/821
f 1015/1222/822 1008/1212/822 1004/1211/822 1012/1225/822
f 1031/1241/823 1003/1207/823 1009/1210/823 1034/1242/823
f 1034/1242/824 1009/1216/824 1005/1215/824 1032/1245/824
f 1010/1217/825 1038/1248/825 1044/1251/825 1013/1218/825
f 1013/1224/826 1044/1251/826 1040/1254/826 1011/1221/826
f 1039/1252/827 1033/1247/827 1036/1246/827 1043/1253/827
f 1043/1253/828 1036/1246/828 1032/1245/828 1040/1254/828
f 1017/1227/829 1031/1241/829 1037/1244/829 1020/1228/829
f 1020/1228/830 1037/1244/830 1033/1247/830 1018/1231/830
f 1038/1248/831 1024/1234/831 1030/1237/831 1041/1249/831
f 1041/1249/832 1030/1237/832 1026/1240/832 1039/1252/832
f 1025/1238/833 1019/1233/833 1022/1232/833 1029/1239/833
f 1029/1239/834 1022/1232/834 1018/1231/834 1026/1240/834
f 989/1183/835 1017/1227/835 1023/1230/835 992/1184/835
f 992/1190/836 1023/1230/836 1019/1233/836 990/1187/836
f 1024/1234/837 997/1199/837 999/1202/837 1027/1235/837
f 1027/1235/838 999/1196/838 996/1195/838 1025/1238/838
f 1003/1207/839 1031/1241/839 1017/1227/839 989/1183/839
f 991/1191/840 998/1203/840 1012/1225/840 1004/1211/840
f 1019/1233/841 1025/1238/841 996/1195/841 990/1187/841
f 1038/1248/842 1010/1217/842 997/1199/842 1024/1234/842
f 1005/1215/843 1011/1221/843 1040/1254/843 1032/1245/843
f 1033/1247/844 1039/1252/844 1026/1240/844 1018/1231/844
o DL_Starboard_Wing_Stable_Panel_Inboard_2
v 1.430000 1.870000 10.110000
v 1.430000 1.900000 10.140000
v 1.400000 1.900000 10.110000
v 1.430000 1.878787 10.131213
v 1.412680 1.882679 10.127320
v 1.408787 1.900000 10.131213
v 1.408787 1.878787 10.110000
v 1.430000 1.940000 10.140000
v 1.430000 1.970000 10.110000
v 1.400000 1.940000 10.110000
v 1.430000 1.961213 10.131213
v 1.412680 1.957320 10.127320
v 1.408787 1.961213 10.110000
v 1.408787 1.940000 10.131213
v 1.430000 1.870000 9.890000
v 1.400000 1.900000 9.890000
v 1.430000 1.900000 9.860000
v 1.408787 1.878787 9.890000
v 1.412680 1.882679 9.872680
v 1.408787 1.900000 9.868787
v 1.430000 1.878787 9.868787
v 1.430000 1.970000 9.890000
v 1.430000 1.940000 9.860000
v 1.400000 1.940000 9.890000
v 1.430000 1.961213 9.868787
v 1.412680 1.957320 9.872680
v 1.408787 1.940000 9.868787
v 1.408787 1.961213 9.890000
v 10.570000 1.870000 10.110000
v 10.600000 1.900000 10.110000
v 10.570000 1.900000 10.140000
v 10.591213 1.878787 10.110000
v 10.587320 1.882679 10.127320
v 10.591213 1.900000 10.131213
v 10.570000 1.878787 10.131213
v 10.570000 1.970000 10.110000
v 10.570000 1.940000 10.140000
v 10.600000 1.940000 10.110000
v 10.570000 1.961213 10.131213
v 10.587320 1.957320 10.127320
v 10.591213 1.940000 10.131213
v 10.591213 1.961213 10.110000
v 10.570000 1.870000 9.890000
v 10.570000 1.900000 9.860000
v 10.600000 1.900000 9.890000
v 10.570000 1.878787 9.868787
v 10.587320 1.882679 9.872680
v 10.591213 1.900000 9.868787
v 10.591213 1.878787 9.890000
v 10.570000 1.970000 9.890000
v 10.600000 1.940000 9.890000
v 10.570000 1.940000 9.860000
v 10.591213 1.961213 9.890000
v 10.587320 1.957320 9.872680
v 10.591213 1.940000 9.868787
v 10.570000 1.961213 9.868787
vn -0.3251 -0.8881 0.3251
vn -0.3251 -0.3251 0.8881
vn -0.8881 -0.3251 0.3251
vn -0.3251 0.3251 0.8881
vn -0.3251 0.8881 0.3251
vn -0.8881 0.3251 0.3251
vn -0.3251 -0.8881 -0.3251
vn -0.8881 -0.3251 -0.3251
vn -0.3251 -0.3251 -0.8881
vn -0.3251 0.8881 -0.3251
vn -0.3251 0.3251 -0.8881
vn -0.8881 0.3251 -0.3251
vn 0.3251 -0.8881 0.3251
vn 0.8881 -0.3251 0.3251
vn 0.3251 -0.3251 0.8881
vn 0.3251 0.8881 0.3251
vn 0.3251 0.3251 0.8881
vn 0.8881 0.3251 0.3251
vn 0.3251 -0.8881 -0.3251
vn 0.3251 -0.3251 -0.8881
vn 0.8881 -0.3251 -0.3251
vn 0.3251 0.8881 -0.3251
vn 0.8881 0.3251 -0.3251
vn 0.3251 0.3251 -0.8881
vn -0.3827 -0.9239 -0.0000
vn -0.9239 -0.3827 -0.0000
vn -0.3827 -0.0000 0.9239
vn -0.9239 -0.0000 0.3827
vn -0.3827 0.9239 -0.0000
vn -0.9239 0.3827 -0.0000
vn -0.3827 -0.0000 -0.9239
vn -0.9239 -0.0000 -0.3827
vn -0.0000 -0.9239 -0.3827
vn -0.0000 -0.3827 -0.9239
vn -0.0000 0.9239 -0.3827
vn -0.0000 0.3827 -0.9239
vn 0.9239 -0.0000 -0.3827
vn 0.3827 -0.0000 -0.9239
vn 0.3827 -0.9239 -0.0000
vn 0.9239 -0.3827 -0.0000
vn 0.3827 0.9239 -0.0000
vn 0.9239 0.3827 -0.0000
vn 0.3827 -0.0000 0.9239
vn 0.9239 -0.0000 0.3827
vn -0.0000 -0.9239 0.3827
vn -0.0000 -0.3827 0.9239
vn -0.0000 0.9239 0.3827
vn -0.0000 0.3827 0.9239
vn -0.0000 -1.0000 -0.0000
vn -1.0000 -0.0000 -0.0000
vn -0.0000 -0.0000 1.0000
vn -0.0000 1.0000 -0.0000
vn -0.0000 -0.0000 -1.0000
vn 1.0000 -0.0000 -0.0000
vt 0.125815 0.723214
vt 0.125815 0.750000
vt 0.125345 0.750000
vt 0.125000 0.723214
vt 0.450000 0.999185
vt 0.450000 1.000000
vt 0.406699 1.000000
vt 0.375000 0.999185
vt 0.450000 0.026786
vt 0.375000 0.026786
vt 0.375000 0.011321
vt 0.450000 0.000000
vt 0.550000 0.999185
vt 0.625000 0.999185
vt 0.625000 0.999655
vt 0.550000 1.000000
vt 0.874185 0.723214
vt 0.875000 0.723214
vt 0.875000 0.738679
vt 0.874185 0.750000
vt 0.550000 0.026786
vt 0.550000 0.000000
vt 0.593301 0.000000
vt 0.625000 0.026786
vt 0.125815 0.526786
vt 0.125000 0.526786
vt 0.125000 0.511321
vt 0.125815 0.500000
vt 0.450000 0.223214
vt 0.450000 0.250000
vt 0.390849 0.250172
vt 0.375000 0.223214
vt 0.450000 0.250815
vt 0.375000 0.250815
vt 0.874185 0.526786
vt 0.874185 0.500000
vt 0.874655 0.500000
vt 0.875000 0.526786
vt 0.550000 0.250815
vt 0.550000 0.250000
vt 0.609151 0.244340
vt 0.625000 0.250815
vt 0.550000 0.223214
vt 0.625000 0.223214
vt 0.374185 0.723214
vt 0.375000 0.723214
vt 0.385566 0.746341
vt 0.374592 0.750408
vt 0.450000 0.723214
vt 0.450000 0.750000
vt 0.450000 0.750815
vt 0.625815 0.723214
vt 0.625408 0.750408
vt 0.614549 0.746226
vt 0.625000 0.723214
vt 0.550000 0.750815
vt 0.550000 0.750000
vt 0.550000 0.723214
vt 0.374185 0.526786
vt 0.374592 0.499592
vt 0.385451 0.503774
vt 0.375000 0.526786
vt 0.450000 0.499185
vt 0.450000 0.500000
vt 0.450000 0.526786
vt 0.625815 0.526786
vt 0.625000 0.526786
vt 0.614434 0.503659
vt 0.625408 0.499592
vt 0.550000 0.526786
vt 0.550000 0.500000
vt 0.550000 0.499185
s 0
usemtl DL2_IceBlue
f 1045/1255/845 1048/1256/845 1049/1257/845 1051/1258/845
f 1046/1259/846 1050/1260/846 1049/1261/846 1048/1262/846
f 1047/1263/847 1051/1264/847 1049/1265/847 1050/1266/847
f 1052/1267/848 1055/1268/848 1056/1269/848 1058/1270/848
f 1053/1271/849 1057/1272/849 1056/1273/849 1055/1274/849
f 1054/1275/850 1058/1276/850 1056/1277/850 1057/1278/850
f 1059/1279/851 1062/1280/851 1063/1281/851 1065/1282/851
f 1060/1283/852 1064/1284/852 1063/1285/852 1062/1286/852
f 1061/1287/853 1065/1288/853 1063/1285/853 1064/1284/853
f 1066/1289/854 1069/1290/854 1070/1291/854 1072/1292/854
f 1067/1293/855 1071/1294/855 1070/1295/855 1069/1296/855
f 1068/1297/856 1072/1298/856 1070/1295/856 1071/1294/856
f 1073/1299/857 1076/1300/857 1077/1301/857 1079/1302/857
f 1074/1303/858 1078/1304/858 1077/1301/858 1076/1300/858
f 1075/1305/859 1079/1302/859 1077/1301/859 1078/1304/859
f 1080/1306/860 1083/1307/860 1084/1308/860 1086/1309/860
f 1081/1310/861 1085/1311/861 1084/1308/861 1083/1307/861
f 1082/1312/862 1086/1309/862 1084/1308/862 1085/1311/862
f 1087/1313/863 1090/1314/863 1091/1315/863 1093/1316/863
f 1088/1317/864 1092/1318/864 1091/1315/864 1090/1314/864
f 1089/1319/865 1093/1316/865 1091/1315/865 1092/1318/865
f 1094/1320/866 1097/1321/866 1098/1322/866 1100/1323/866
f 1095/1324/867 1099/1325/867 1098/1322/867 1097/1321/867
f 1096/1326/868 1100/1323/868 1098/1322/868 1099/1325/868
f 1059/1279/869 1045/1255/869 1051/1258/869 1062/1280/869
f 1062/1286/870 1051/1264/870 1047/1263/870 1060/1283/870
f 1046/1259/871 1052/1267/871 1058/1270/871 1050/1260/871
f 1050/1266/872 1058/1276/872 1054/1275/872 1047/1263/872
f 1053/1271/873 1066/1289/873 1072/1292/873 1057/1272/873
f 1057/1278/874 1072/1298/874 1068/1297/874 1054/1275/874
f 1067/1293/875 1061/1287/875 1064/1284/875 1071/1294/875
f 1071/1294/876 1064/1284/876 1060/1283/876 1068/1297/876
f 1087/1313/877 1059/1279/877 1065/1282/877 1090/1314/877
f 1090/1314/878 1065/1288/878 1061/1287/878 1088/1317/878
f 1066/1289/879 1094/1320/879 1100/1323/879 1069/1290/879
f 1069/1296/880 1100/1323/880 1096/1326/880 1067/1293/880
f 1095/1324/881 1089/1319/881 1092/1318/881 1099/1325/881
f 1099/1325/882 1092/1318/882 1088/1317/882 1096/1326/882
f 1073/1299/883 1087/1313/883 1093/1316/883 1076/1300/883
f 1076/1300/884 1093/1316/884 1089/1319/884 1074/1303/884
f 1094/1320/885 1080/1306/885 1086/1309/885 1097/1321/885
f 1097/1321/886 1086/1309/886 1082/1312/886 1095/1324/886
f 1081/1310/887 1075/1305/887 1078/1304/887 1085/1311/887
f 1085/1311/888 1078/1304/888 1074/1303/888 1082/1312/888
f 1045/1255/889 1073/1299/889 1079/1302/889 1048/1256/889
f 1048/1262/890 1079/1302/890 1075/1305/890 1046/1259/890
f 1080/1306/891 1053/1271/891 1055/1274/891 1083/1307/891
f 1083/1307/892 1055/1268/892 1052/1267/892 1081/1310/892
f 1059/1279/893 1087/1313/893 1073/1299/893 1045/1255/893
f 1047/1263/894 1054/1275/894 1068/1297/894 1060/1283/894
f 1075/1305/895 1081/1310/895 1052/1267/895 1046/1259/895
f 1094/1320/896 1066/1289/896 1053/1271/896 1080/1306/896
f 1061/1287/897 1067/1293/897 1096/1326/897 1088/1317/897
f 1089/1319/898 1095/1324/898 1082/1312/898 1074/1303/898
o DL_Center_Ridge_Aft
v -24.430000 5.030000 2.730000
v -24.430000 5.100000 2.800000
v -24.500000 5.100000 2.730000
v -24.430000 5.050502 2.779497
v -24.470415 5.059586 2.770415
v -24.479498 5.100000 2.779497
v -24.479498 5.050502 2.730000
v -24.430000 5.600000 2.800000
v -24.430000 5.670000 2.730000
v -24.500000 5.600000 2.730000
v -24.430000 5.649498 2.779497
v -24.470415 5.640414 2.770415
v -24.479498 5.649498 2.730000
v -24.479498 5.600000 2.779497
v -24.430000 5.030000 -2.730000
v -24.500000 5.100000 -2.730000
v -24.430000 5.100000 -2.800000
v -24.479498 5.050502 -2.730000
v -24.470415 5.059586 -2.770415
v -24.479498 5.100000 -2.779497
v -24.430000 5.050502 -2.779497
v -24.430000 5.670000 -2.730000
v -24.430000 5.600000 -2.800000
v -24.500000 5.600000 -2.730000
v -24.430000 5.649498 -2.779497
v -24.470415 5.640414 -2.770415
v -24.479498 5.600000 -2.779497
v -24.479498 5.649498 -2.730000
v -5.570000 5.030000 2.730000
v -5.500000 5.100000 2.730000
v -5.570000 5.100000 2.800000
v -5.520502 5.050502 2.730000
v -5.529585 5.059586 2.770415
v -5.520502 5.100000 2.779497
v -5.570000 5.050502 2.779497
v -5.570000 5.670000 2.730000
v -5.570000 5.600000 2.800000
v -5.500000 5.600000 2.730000
v -5.570000 5.649498 2.779497
v -5.529585 5.640414 2.770415
v -5.520502 5.600000 2.779497
v -5.520502 5.649498 2.730000
v -5.570000 5.030000 -2.730000
v -5.570000 5.100000 -2.800000
v -5.500000 5.100000 -2.730000
v -5.570000 5.050502 -2.779497
v -5.529585 5.059586 -2.770415
v -5.520502 5.100000 -2.779497
v -5.520502 5.050502 -2.730000
v -5.570000 5.670000 -2.730000
v -5.500000 5.600000 -2.730000
v -5.570000 5.600000 -2.800000
v -5.520502 5.649498 -2.730000
v -5.529585 5.640414 -2.770415
v -5.520502 5.600000 -2.779497
v -5.570000 5.649498 -2.779497
vn -0.3251 -0.8881 0.3251
vn -0.3251 -0.3251 0.8881
vn -0.8881 -0.3251 0.3251
vn -0.3251 0.3251 0.8881
vn -0.3251 0.8881 0.3251
vn -0.8881 0.3251 0.3250
vn -0.3251 -0.8881 -0.3251
vn -0.8881 -0.3251 -0.3250
vn -0.3251 -0.3251 -0.8881
vn -0.3251 0.8881 -0.3251
vn -0.3251 0.3251 -0.8881
vn -0.8881 0.3251 -0.3251
vn 0.3251 -0.8881 0.3251
vn 0.8881 -0.3251 0.3250
vn 0.3251 -0.3251 0.8881
vn 0.3251 0.8881 0.3251
vn 0.3251 0.3251 0.8881
vn 0.8881 0.3251 0.3251
vn 0.3251 -0.8881 -0.3251
vn 0.3251 -0.3251 -0.8881
vn 0.8881 -0.3251 -0.3251
vn 0.3251 0.8881 -0.3251
vn 0.8881 0.3251 -0.3250
vn 0.3251 0.3251 -0.8881
vn -0.3827 -0.9239 -0.0000
vn -0.9239 -0.3827 -0.0000
vn -0.3827 -0.0000 0.9239
vn -0.9239 -0.0000 0.3827
vn -0.3827 0.9239 -0.0000
vn -0.9239 0.3827 -0.0000
vn -0.3827 -0.0000 -0.9239
vn -0.9239 -0.0000 -0.3827
vn -0.0000 -0.9239 -0.3827
vn -0.0000 -0.3827 -0.9239
vn -0.0000 0.9239 -0.3827
vn -0.0000 0.3827 -0.9239
vn 0.9239 -0.0000 -0.3827
vn 0.3827 -0.0000 -0.9239
vn 0.3827 -0.9239 -0.0000
vn 0.9239 -0.3827 -0.0000
vn 0.3827 0.9239 -0.0000
vn 0.9239 0.3827 -0.0000
vn 0.3827 -0.0000 0.9239
vn 0.9239 -0.0000 0.3827
vn -0.0000 -0.9239 0.3827
vn -0.0000 -0.3827 0.9239
vn -0.0000 0.9239 0.3827
vn -0.0000 0.3827 0.9239
vn -0.0000 -1.0000 -0.0000
vn -1.0000 -0.0000 -0.0000
vn -0.0000 -0.0000 1.0000
vn -0.0000 1.0000 -0.0000
vn -0.0000 -0.0000 -1.0000
vn 1.0000 -0.0000 -0.0000
vt 0.125921 0.746875
vt 0.125921 0.750000
vt 0.125389 0.750000
vt 0.125000 0.746875
vt 0.402344 0.999079
vt 0.402344 1.000000
vt 0.386557 1.000000
vt 0.375000 0.999079
vt 0.402344 0.003125
vt 0.375000 0.003125
vt 0.375000 0.001321
vt 0.402344 0.000000
vt 0.597656 0.999079
vt 0.625000 0.999079
vt 0.625000 0.999611
vt 0.597656 1.000000
vt 0.874079 0.746875
vt 0.875000 0.746875
vt 0.875000 0.748679
vt 0.874079 0.750000
vt 0.597656 0.003125
vt 0.597656 0.000000
vt 0.613443 0.000000
vt 0.625000 0.003125
vt 0.125921 0.503125
vt 0.125000 0.503125
vt 0.125000 0.501321
vt 0.125921 0.500000
vt 0.402344 0.246875
vt 0.402344 0.250000
vt 0.380778 0.250195
vt 0.375000 0.246875
vt 0.402344 0.250921
vt 0.375000 0.250921
vt 0.874079 0.503125
vt 0.874079 0.500000
vt 0.874611 0.500000
vt 0.875000 0.503125
vt 0.597656 0.250921
vt 0.597656 0.250000
vt 0.619222 0.249340
vt 0.625000 0.250921
vt 0.597656 0.246875
vt 0.625000 0.246875
vt 0.374079 0.746875
vt 0.375000 0.746875
vt 0.378852 0.749690
vt 0.374539 0.750461
vt 0.402344 0.746875
vt 0.402344 0.750000
vt 0.402344 0.750921
vt 0.625921 0.746875
vt 0.625461 0.750461
vt 0.621278 0.749560
vt 0.625000 0.746875
vt 0.597656 0.750921
vt 0.597656 0.750000
vt 0.597656 0.746875
vt 0.374079 0.503125
vt 0.374539 0.499539
vt 0.378723 0.500440
vt 0.375000 0.503125
vt 0.402344 0.499079
vt 0.402344 0.500000
vt 0.402344 0.503125
vt 0.625921 0.503125
vt 0.625000 0.503125
vt 0.621148 0.500311
vt 0.625461 0.499539
vt 0.597656 0.503125
vt 0.597656 0.500000
vt 0.597656 0.499079
s 0
usemtl DL2_Armor_Indigo
f 1101/1327/899 1104/1328/899 1105/1329/899 1107/1330/899
f 1102/1331/900 1106/1332/900 1105/1333/900 1104/1334/900
f 1103/1335/901 1107/1336/901 1105/1337/901 1106/1338/901
f 1108/1339/902 1111/1340/902 1112/1341/902 1114/1342/902
f 1109/1343/903 1113/1344/903 1112/1345/903 1111/1346/903
f 1110/1347/904 1114/1348/904 1112/1349/904 1113/1350/904
f 1115/1351/905 1118/1352/905 1119/1353/905 1121/1354/905
f 1116/1355/906 1120/1356/906 1119/1357/906 1118/1358/906
f 1117/1359/907 1121/1360/907 1119/1357/907 1120/1356/907
f 1122/1361/908 1125/1362/908 1126/1363/908 1128/1364/908
f 1123/1365/909 1127/1366/909 1126/1367/909 1125/1368/909
f 1124/1369/910 1128/1370/910 1126/1367/910 1127/1366/910
f 1129/1371/911 1132/1372/911 1133/1373/911 1135/1374/911
f 1130/1375/912 1134/1376/912 1133/1373/912 1132/1372/912
f 1131/1377/913 1135/1374/913 1133/1373/913 1134/1376/913
f 1136/1378/914 1139/1379/914 1140/1380/914 1142/1381/914
f 1137/1382/915 1141/1383/915 1140/1380/915 1139/1379/915
f 1138/1384/916 1142/1381/916 1140/1380/916 1141/1383/916
f 1143/1385/917 1146/1386/917 1147/1387/917 1149/1388/917
f 1144/1389/918 1148/1390/918 1147/1387/918 1146/1386/918
f 1145/1391/919 1149/1388/919 1147/1387/919 1148/1390/919
f 1150/1392/920 1153/1393/920 1154/1394/920 1156/1395/920
f 1151/1396/921 1155/1397/921 1154/1394/921 1153/1393/921
f 1152/1398/922 1156/1395/922 1154/1394/922 1155/1397/922
f 1115/1351/923 1101/1327/923 1107/1330/923 1118/1352/923
f 1118/1358/924 1107/1336/924 1103/1335/924 1116/1355/924
f 1102/1331/925 1108/1339/925 1114/1342/925 1106/1332/925
f 1106/1338/926 1114/1348/926 1110/1347/926 1103/1335/926
f 1109/1343/927 1122/1361/927 1128/1364/927 1113/1344/927
f 1113/1350/928 1128/1370/928 1124/1369/928 1110/1347/928
f 1123/1365/929 1117/1359/929 1120/1356/929 1127/1366/929
f 1127/1366/930 1120/1356/930 1116/1355/930 1124/1369/930
f 1143/1385/931 1115/1351/931 1121/1354/931 1146/1386/931
f 1146/1386/932 1121/1360/932 1117/1359/932 1144/1389/932
f 1122/1361/933 1150/1392/933 1156/1395/933 1125/1362/933
f 1125/1368/934 1156/1395/934 1152/1398/934 1123/1365/934
f 1151/1396/935 1145/1391/935 1148/1390/935 1155/1397/935
f 1155/1397/936 1148/1390/936 1144/1389/936 1152/1398/936
f 1129/1371/937 1143/1385/937 1149/1388/937 1132/1372/937
f 1132/1372/938 1149/1388/938 1145/1391/938 1130/1375/938
f 1150/1392/939 1136/1378/939 1142/1381/939 1153/1393/939
f 1153/1393/940 1142/1381/940 1138/1384/940 1151/1396/940
f 1137/1382/941 1131/1377/941 1134/1376/941 1141/1383/941
f 1141/1383/942 1134/1376/942 1130/1375/942 1138/1384/942
f 1101/1327/943 1129/1371/943 1135/1374/943 1104/1328/943
f 1104/1334/944 1135/1374/944 1131/1377/944 1102/1331/944
f 1136/1378/945 1109/1343/945 1111/1346/945 1139/1379/945
f 1139/1379/946 1111/1340/946 1108/1339/946 1137/1382/946
f 1115/1351/947 1143/1385/947 1129/1371/947 1101/1327/947
f 1103/1335/948 1110/1347/948 1124/1369/948 1116/1355/948
f 1131/1377/949 1137/1382/949 1108/1339/949 1102/1331/949
f 1150/1392/950 1122/1361/950 1109/1343/950 1136/1378/950
f 1117/1359/951 1123/1365/951 1152/1398/951 1144/1389/951
f 1145/1391/952 1151/1396/952 1138/1384/952 1130/1375/952
o DL_Center_Ridge_Mid
v -6.930000 5.230000 2.130000
v -6.930000 5.300000 2.200000
v -7.000000 5.300000 2.130000
v -6.930000 5.250503 2.179497
v -6.970415 5.259586 2.170415
v -6.979498 5.300000 2.179497
v -6.979498 5.250503 2.130000
v -6.930000 5.800000 2.200000
v -6.930000 5.870000 2.130000
v -7.000000 5.800000 2.130000
v -6.930000 5.849498 2.179497
v -6.970415 5.840415 2.170415
v -6.979498 5.849498 2.130000
v -6.979498 5.800000 2.179497
v -6.930000 5.230000 -2.130000
v -7.000000 5.300000 -2.130000
v -6.930000 5.300000 -2.200000
v -6.979498 5.250503 -2.130000
v -6.970415 5.259586 -2.170415
v -6.979498 5.300000 -2.179497
v -6.930000 5.250503 -2.179497
v -6.930000 5.870000 -2.130000
v -6.930000 5.800000 -2.200000
v -7.000000 5.800000 -2.130000
v -6.930000 5.849498 -2.179497
v -6.970415 5.840415 -2.170415
v -6.979498 5.800000 -2.179497
v -6.979498 5.849498 -2.130000
v 6.930000 5.230000 2.130000
v 7.000000 5.300000 2.130000
v 6.930000 5.300000 2.200000
v 6.979498 5.250503 2.130000
v 6.970415 5.259586 2.170415
v 6.979498 5.300000 2.179497
v 6.930000 5.250503 2.179497
v 6.930000 5.870000 2.130000
v 6.930000 5.800000 2.200000
v 7.000000 5.800000 2.130000
v 6.930000 5.849498 2.179497
v 6.970415 5.840415 2.170415
v 6.979498 5.800000 2.179497
v 6.979498 5.849498 2.130000
v 6.930000 5.230000 -2.130000
v 6.930000 5.300000 -2.200000
v 7.000000 5.300000 -2.130000
v 6.930000 5.250503 -2.179497
v 6.970415 5.259586 -2.170415
v 6.979498 5.300000 -2.179497
v 6.979498 5.250503 -2.130000
v 6.930000 5.870000 -2.130000
v 7.000000 5.800000 -2.130000
v 6.930000 5.800000 -2.200000
v 6.979498 5.849498 -2.130000
v 6.970415 5.840415 -2.170415
v 6.979498 5.800000 -2.179497
v 6.930000 5.849498 -2.179497
vn -0.3251 -0.8881 0.3251
vn -0.3251 -0.3251 0.8881
vn -0.8881 -0.3251 0.3250
vn -0.3251 0.3251 0.8881
vn -0.3251 0.8881 0.3251
vn -0.8881 0.3251 0.3250
vn -0.3251 -0.8881 -0.3251
vn -0.8881 -0.3251 -0.3250
vn -0.3251 -0.3251 -0.8881
vn -0.3251 0.8881 -0.3251
vn -0.3251 0.3251 -0.8881
vn -0.8881 0.3251 -0.3250
vn 0.3251 -0.8881 0.3251
vn 0.8881 -0.3251 0.3250
vn 0.3251 -0.3251 0.8881
vn 0.3251 0.8881 0.3251
vn 0.3251 0.3251 0.8881
vn 0.8881 0.3251 0.3250
vn 0.3251 -0.8881 -0.3251
vn 0.3251 -0.3251 -0.8881
vn 0.8881 -0.3251 -0.3250
vn 0.3251 0.8881 -0.3251
vn 0.8881 0.3251 -0.3250
vn 0.3251 0.3251 -0.8881
vn -0.3827 -0.9239 -0.0000
vn -0.9239 -0.3827 -0.0000
vn -0.3827 -0.0000 0.9239
vn -0.9239 -0.0000 0.3827
vn -0.3827 0.9239 -0.0000
vn -0.9239 0.3827 -0.0000
vn -0.3827 -0.0000 -0.9239
vn -0.9239 -0.0000 -0.3827
vn -0.0000 -0.9239 -0.3827
vn -0.0000 -0.3827 -0.9239
vn -0.0000 0.9239 -0.3827
vn -0.0000 0.3827 -0.9239
vn 0.9239 -0.0000 -0.3827
vn 0.3827 -0.0000 -0.9239
vn 0.3827 -0.9239 -0.0000
vn 0.9239 -0.3827 -0.0000
vn 0.3827 0.9239 -0.0000
vn 0.9239 0.3827 -0.0000
vn 0.3827 -0.0000 0.9239
vn 0.9239 -0.0000 0.3827
vn -0.0000 -0.9239 0.3827
vn -0.0000 -0.3827 0.9239
vn -0.0000 0.9239 0.3827
vn -0.0000 0.3827 0.9239
vn -0.0000 -1.0000 -0.0000
vn -1.0000 -0.0000 -0.0000
vn -0.0000 -0.0000 1.0000
vn -0.0000 1.0000 -0.0000
vn -0.0000 -0.0000 -1.0000
vn 1.0000 -0.0000 -0.0000
vt 0.126250 0.746023
vt 0.126250 0.750000
vt 0.125528 0.750000
vt 0.125000 0.746023
vt 0.402344 0.998750
vt 0.402344 1.000000
vt 0.386557 1.000000
vt 0.375000 0.998750
vt 0.402344 0.003977
vt 0.375000 0.003977
vt 0.375000 0.001681
vt 0.402344 0.000000
vt 0.597656 0.998750
vt 0.625000 0.998750
vt 0.625000 0.999472
vt 0.597656 1.000000
vt 0.873750 0.746023
vt 0.875000 0.746023
vt 0.875000 0.748319
vt 0.873750 0.750000
vt 0.597656 0.003977
vt 0.597656 0.000000
vt 0.613443 0.000000
vt 0.625000 0.003977
vt 0.126250 0.503977
vt 0.125000 0.503977
vt 0.125000 0.501681
vt 0.126250 0.500000
vt 0.402344 0.246023
vt 0.402344 0.250000
vt 0.380778 0.250264
vt 0.375000 0.246023
vt 0.402344 0.251250
vt 0.375000 0.251250
vt 0.873750 0.503977
vt 0.873750 0.500000
vt 0.874472 0.500000
vt 0.875000 0.503977
vt 0.597656 0.251250
vt 0.597656 0.250000
vt 0.619222 0.249160
vt 0.625000 0.251250
vt 0.597656 0.246023
vt 0.625000 0.246023
vt 0.373750 0.746023
vt 0.375000 0.746023
vt 0.378852 0.749616
vt 0.374375 0.750625
vt 0.402344 0.746023
vt 0.402344 0.750000
vt 0.402344 0.751250
vt 0.626250 0.746023
vt 0.625625 0.750625
vt 0.621324 0.749440
vt 0.625000 0.746023
vt 0.597656 0.751250
vt 0.597656 0.750000
vt 0.597656 0.746023
vt 0.373750 0.503977
vt 0.374375 0.499375
vt 0.378676 0.500560
vt 0.375000 0.503977
vt 0.402344 0.498750
vt 0.402344 0.500000
vt 0.402344 0.503977
vt 0.626250 0.503977
vt 0.625000 0.503977
vt 0.621148 0.500384
vt 0.625625 0.499375
vt 0.597656 0.503977
vt 0.597656 0.500000
vt 0.597656 0.498750
s 0
usemtl DL2_Hull_Silver
f 1157/1399/953 1160/1400/953 1161/1401/953 1163/1402/953
f 1158/1403/954 1162/1404/954 1161/1405/954 1160/1406/954
f 1159/1407/955 1163/1408/955 1161/1409/955 1162/1410/955
f 1164/1411/956 1167/1412/956 1168/1413/956 1170/1414/956
f 1165/1415/957 1169/1416/957 1168/1417/957 1167/1418/957
f 1166/1419/958 1170/1420/958 1168/1421/958 1169/1422/958
f 1171/1423/959 1174/1424/959 1175/1425/959 1177/1426/959
f 1172/1427/960 1176/1428/960 1175/1429/960 1174/1430/960
f 1173/1431/961 1177/1432/961 1175/1429/961 1176/1428/961
f 1178/1433/962 1181/1434/962 1182/1435/962 1184/1436/962
f 1179/1437/963 1183/1438/963 1182/1439/963 1181/1440/963
f 1180/1441/964 1184/1442/964 1182/1439/964 1183/1438/964
f 1185/1443/965 1188/1444/965 1189/1445/965 1191/1446/965
f 1186/1447/966 1190/1448/966 1189/1445/966 1188/1444/966
f 1187/1449/967 1191/1446/967 1189/1445/967 1190/1448/967
f 1192/1450/968 1195/1451/968 1196/1452/968 1198/1453/968
f 1193/1454/969 1197/1455/969 1196/1452/969 1195/1451/969
f 1194/1456/970 1198/1453/970 1196/1452/970 1197/1455/970
f 1199/1457/971 1202/1458/971 1203/1459/971 1205/1460/971
f 1200/1461/972 1204/1462/972 1203/1459/972 1202/1458/972
f 1201/1463/973 1205/1460/973 1203/1459/973 1204/1462/973
f 1206/1464/974 1209/1465/974 1210/1466/974 1212/1467/974
f 1207/1468/975 1211/1469/975 1210/1466/975 1209/1465/975
f 1208/1470/976 1212/1467/976 1210/1466/976 1211/1469/976
f 1171/1423/977 1157/1399/977 1163/1402/977 1174/1424/977
f 1174/1430/978 1163/1408/978 1159/1407/978 1172/1427/978
f 1158/1403/979 1164/1411/979 1170/1414/979 1162/1404/979
f 1162/1410/980 1170/1420/980 1166/1419/980 1159/1407/980
f 1165/1415/981 1178/1433/981 1184/1436/981 1169/1416/981
f 1169/1422/982 1184/1442/982 1180/1441/982 1166/1419/982
f 1179/1437/983 1173/1431/983 1176/1428/983 1183/1438/983
f 1183/1438/984 1176/1428/984 1172/1427/984 1180/1441/984
f 1199/1457/985 1171/1423/985 1177/1426/985 1202/1458/985
f 1202/1458/986 1177/1432/986 1173/1431/986 1200/1461/986
f 1178/1433/987 1206/1464/987 1212/1467/987 1181/1434/987
f 1181/1440/988 1212/1467/988 1208/1470/988 1179/1437/988
f 1207/1468/989 1201/1463/989 1204/1462/989 1211/1469/989
f 1211/1469/990 1204/1462/990 1200/1461/990 1208/1470/990
f 1185/1443/991 1199/1457/991 1205/1460/991 1188/1444/991
f 1188/1444/992 1205/1460/992 1201/1463/992 1186/1447/992
f 1206/1464/993 1192/1450/993 1198/1453/993 1209/1465/993
f 1209/1465/994 1198/1453/994 1194/1456/994 1207/1468/994
f 1193/1454/995 1187/1449/995 1190/1448/995 1197/1455/995
f 1197/1455/996 1190/1448/996 1186/1447/996 1194/1456/996
f 1157/1399/997 1185/1443/997 1191/1446/997 1160/1400/997
f 1160/1406/998 1191/1446/998 1187/1449/998 1158/1403/998
f 1192/1450/999 1165/1415/999 1167/1418/999 1195/1451/999
f 1195/1451/1000 1167/1412/1000 1164/1411/1000 1193/1454/1000
f 1171/1423/1001 1199/1457/1001 1185/1443/1001 1157/1399/1001
f 1159/1407/1002 1166/1419/1002 1180/1441/1002 1172/1427/1002
f 1187/1449/1003 1193/1454/1003 1164/1411/1003 1158/1403/1003
f 1206/1464/1004 1178/1433/1004 1165/1415/1004 1192/1450/1004
f 1173/1431/1005 1179/1437/1005 1208/1470/1005 1200/1461/1005
f 1201/1463/1006 1207/1468/1006 1194/1456/1006 1186/1447/1006
o DL_Center_Ridge_Mark_-180
v -20.580000 5.900000 0.100000
v -20.580000 5.920000 0.120000
v -20.600000 5.920000 0.100000
v -20.580000 5.905858 0.114142
v -20.591547 5.908453 0.111547
v -20.594143 5.920000 0.114142
v -20.594143 5.905858 0.100000
v -20.580000 5.980000 0.120000
v -20.580000 6.000000 0.100000
v -20.600000 5.980000 0.100000
v -20.580000 5.994142 0.114142
v -20.591547 5.991547 0.111547
v -20.594143 5.994142 0.100000
v -20.594143 5.980000 0.114142
v -20.580000 5.900000 -0.100000
v -20.600000 5.920000 -0.100000
v -20.580000 5.920000 -0.120000
v -20.594143 5.905858 -0.100000
v -20.591547 5.908453 -0.111547
v -20.594143 5.920000 -0.114142
v -20.580000 5.905858 -0.114142
v -20.580000 6.000000 -0.100000
v -20.580000 5.980000 -0.120000
v -20.600000 5.980000 -0.100000
v -20.580000 5.994142 -0.114142
v -20.591547 5.991547 -0.111547
v -20.594143 5.980000 -0.114142
v -20.594143 5.994142 -0.100000
v -15.420000 5.900000 0.100000
v -15.400000 5.920000 0.100000
v -15.420000 5.920000 0.120000
v -15.405858 5.905858 0.100000
v -15.408453 5.908453 0.111547
v -15.405858 5.920000 0.114142
v -15.420000 5.905858 0.114142
v -15.420000 6.000000 0.100000
v -15.420000 5.980000 0.120000
v -15.400000 5.980000 0.100000
v -15.420000 5.994142 0.114142
v -15.408453 5.991547 0.111547
v -15.405858 5.980000 0.114142
v -15.405858 5.994142 0.100000
v -15.420000 5.900000 -0.100000
v -15.420000 5.920000 -0.120000
v -15.400000 5.920000 -0.100000
v -15.420000 5.905858 -0.114142
v -15.408453 5.908453 -0.111547
v -15.405858 5.920000 -0.114142
v -15.405858 5.905858 -0.100000
v -15.420000 6.000000 -0.100000
v -15.400000 5.980000 -0.100000
v -15.420000 5.980000 -0.120000
v -15.405858 5.994142 -0.100000
v -15.408453 5.991547 -0.111547
v -15.405858 5.980000 -0.114142
v -15.420000 5.994142 -0.114142
vn -0.3251 -0.8881 0.3251
vn -0.3251 -0.3251 0.8881
vn -0.8881 -0.3251 0.3251
vn -0.3251 0.3251 0.8881
vn -0.3251 0.8881 0.3251
vn -0.8881 0.3251 0.3251
vn -0.3251 -0.8881 -0.3251
vn -0.8881 -0.3251 -0.3251
vn -0.3251 -0.3251 -0.8881
vn -0.3251 0.8881 -0.3251
vn -0.3251 0.3251 -0.8881
vn -0.8881 0.3251 -0.3251
vn 0.3251 -0.8881 0.3251
vn 0.8881 -0.3251 0.3251
vn 0.3251 -0.3251 0.8881
vn 0.3251 0.8881 0.3251
vn 0.3251 0.3251 0.8881
vn 0.8881 0.3251 0.3251
vn 0.3251 -0.8881 -0.3251
vn 0.3251 -0.3251 -0.8881
vn 0.8881 -0.3251 -0.3251
vn 0.3251 0.8881 -0.3251
vn 0.8881 0.3251 -0.3251
vn 0.3251 0.3251 -0.8881
vn -0.3827 -0.9239 -0.0000
vn -0.9239 -0.3827 -0.0000
vn -0.3827 -0.0000 0.9239
vn -0.9239 -0.0000 0.3827
vn -0.3827 0.9239 -0.0000
vn -0.9239 0.3827 -0.0000
vn -0.3827 -0.0000 -0.9239
vn -0.9239 -0.0000 -0.3827
vn -0.0000 -0.9239 -0.3827
vn -0.0000 -0.3827 -0.9239
vn -0.0000 0.9239 -0.3827
vn -0.0000 0.3827 -0.9239
vn 0.9239 -0.0000 -0.3827
vn 0.3827 -0.0000 -0.9239
vn 0.3827 -0.9239 -0.0000
vn 0.9239 -0.3827 -0.0000
vn 0.3827 0.9239 -0.0000
vn 0.9239 0.3827 -0.0000
vn 0.3827 -0.0000 0.9239
vn 0.9239 -0.0000 0.3827
vn -0.0000 -0.9239 0.3827
vn -0.0000 -0.3827 0.9239
vn -0.0000 0.9239 0.3827
vn -0.0000 0.3827 0.9239
vn -0.0000 -1.0000 -0.0000
vn -1.0000 -0.0000 -0.0000
vn -0.0000 -0.0000 1.0000
vn -0.0000 1.0000 -0.0000
vn -0.0000 -0.0000 -1.0000
vn 1.0000 -0.0000 -0.0000
vt 0.125962 0.729167
vt 0.125962 0.750000
vt 0.125406 0.750000
vt 0.125000 0.729167
vt 0.425000 0.999038
vt 0.425000 1.000000
vt 0.396132 1.000000
vt 0.375000 0.999038
vt 0.425000 0.020833
vt 0.375000 0.020833
vt 0.375000 0.008805
vt 0.425000 0.000000
vt 0.575000 0.999038
vt 0.625000 0.999038
vt 0.625000 0.999594
vt 0.575000 1.000000
vt 0.874038 0.729167
vt 0.875000 0.729167
vt 0.875000 0.741195
vt 0.874038 0.750000
vt 0.575000 0.020833
vt 0.575000 0.000000
vt 0.603868 0.000000
vt 0.625000 0.020833
vt 0.125962 0.520833
vt 0.125000 0.520833
vt 0.125000 0.508805
vt 0.125962 0.500000
vt 0.425000 0.229167
vt 0.425000 0.250000
vt 0.385566 0.250203
vt 0.375000 0.229167
vt 0.425000 0.250962
vt 0.375000 0.250962
vt 0.874038 0.520833
vt 0.874038 0.500000
vt 0.874594 0.500000
vt 0.875000 0.520833
vt 0.575000 0.250962
vt 0.575000 0.250000
vt 0.614434 0.245597
vt 0.625000 0.250962
vt 0.575000 0.229167
vt 0.625000 0.229167
vt 0.374038 0.729167
vt 0.375000 0.729167
vt 0.382044 0.747200
vt 0.374519 0.750481
vt 0.425000 0.729167
vt 0.425000 0.750000
vt 0.425000 0.750962
vt 0.625961 0.729167
vt 0.625481 0.750481
vt 0.618091 0.747065
vt 0.625000 0.729167
vt 0.575000 0.750962
vt 0.575000 0.750000
vt 0.575000 0.729167
vt 0.374038 0.520833
vt 0.374519 0.499519
vt 0.381909 0.502935
vt 0.375000 0.520833
vt 0.425000 0.499038
vt 0.425000 0.500000
vt 0.425000 0.520833
vt 0.625961 0.520833
vt 0.625000 0.520833
vt 0.617956 0.502800
vt 0.625481 0.499519
vt 0.575000 0.520833
vt 0.575000 0.500000
vt 0.575000 0.499038
s 0
usemtl DL2_IceBlue
f 1213/1471/1007 1216/1472/1007 1217/1473/1007 1219/1474/1007
f 1214/1475/1008 1218/1476/1008 1217/1477/1008 1216/1478/1008
f 1215/1479/1009 1219/1480/1009 1217/1481/1009 1218/1482/1009
f 1220/1483/1010 1223/1484/1010 1224/1485/1010 1226/1486/1010
f 1221/1487/1011 1225/1488/1011 1224/1489/1011 1223/1490/1011
f 1222/1491/1012 1226/1492/1012 1224/1493/1012 1225/1494/1012
f 1227/1495/1013 1230/1496/1013 1231/1497/1013 1233/1498/1013
f 1228/1499/1014 1232/1500/1014 1231/1501/1014 1230/1502/1014
f 1229/1503/1015 1233/1504/1015 1231/1501/1015 1232/1500/1015
f 1234/1505/1016 1237/1506/1016 1238/1507/1016 1240/1508/1016
f 1235/1509/1017 1239/1510/1017 1238/1511/1017 1237/1512/1017
f 1236/1513/1018 1240/1514/1018 1238/1511/1018 1239/1510/1018
f 1241/1515/1019 1244/1516/1019 1245/1517/1019 1247/1518/1019
f 1242/1519/1020 1246/1520/1020 1245/1517/1020 1244/1516/1020
f 1243/1521/1021 1247/1518/1021 1245/1517/1021 1246/1520/1021
f 1248/1522/1022 1251/1523/1022 1252/1524/1022 1254/1525/1022
f 1249/1526/1023 1253/1527/1023 1252/1524/1023 1251/1523/1023
f 1250/1528/1024 1254/1525/1024 1252/1524/1024 1253/1527/1024
f 1255/1529/1025 1258/1530/1025 1259/1531/1025 1261/1532/1025
f 1256/1533/1026 1260/1534/1026 1259/1531/1026 1258/1530/1026
f 1257/1535/1027 1261/1532/1027 1259/1531/1027 1260/1534/1027
f 1262/1536/1028 1265/1537/1028 1266/1538/1028 1268/1539/1028
f 1263/1540/1029 1267/1541/1029 1266/1538/1029 1265/1537/1029
f 1264/1542/1030 1268/1539/1030 1266/1538/1030 1267/1541/1030
f 1227/1495/1031 1213/1471/1031 1219/1474/1031 1230/1496/1031
f 1230/1502/1032 1219/1480/1032 1215/1479/1032 1228/1499/1032
f 1214/1475/1033 1220/1483/1033 1226/1486/1033 1218/1476/1033
f 1218/1482/1034 1226/1492/1034 1222/1491/1034 1215/1479/1034
f 1221/1487/1035 1234/1505/1035 1240/1508/1035 1225/1488/1035
f 1225/1494/1036 1240/1514/1036 1236/1513/1036 1222/1491/1036
f 1235/1509/1037 1229/1503/1037 1232/1500/1037 1239/1510/1037
f 1239/1510/1038 1232/1500/1038 1228/1499/1038 1236/1513/1038
f 1255/1529/1039 1227/1495/1039 1233/1498/1039 1258/1530/1039
f 1258/1530/1040 1233/1504/1040 1229/1503/1040 1256/1533/1040
f 1234/1505/1041 1262/1536/1041 1268/1539/1041 1237/1506/1041
f 1237/1512/1042 1268/1539/1042 1264/1542/1042 1235/1509/1042
f 1263/1540/1043 1257/1535/1043 1260/1534/1043 1267/1541/1043
f 1267/1541/1044 1260/1534/1044 1256/1533/1044 1264/1542/1044
f 1241/1515/1045 1255/1529/1045 1261/1532/1045 1244/1516/1045
f 1244/1516/1046 1261/1532/1046 1257/1535/1046 1242/1519/1046
f 1262/1536/1047 1248/1522/1047 1254/1525/1047 1265/1537/1047
f 1265/1537/1048 1254/1525/1048 1250/1528/1048 1263/1540/1048
f 1249/1526/1049 1243/1521/1049 1246/1520/1049 1253/1527/1049
f 1253/1527/1050 1246/1520/1050 1242/1519/1050 1250/1528/1050
f 1213/1471/1051 1241/1515/1051 1247/1518/1051 1216/1472/1051
f 1216/1478/1052 1247/1518/1052 1243/1521/1052 1214/1475/1052
f 1248/1522/1053 1221/1487/1053 1223/1490/1053 1251/1523/1053
f 1251/1523/1054 1223/1484/1054 1220/1483/1054 1249/1526/1054
f 1227/1495/1055 1255/1529/1055 1241/1515/1055 1213/1471/1055
f 1215/1479/1056 1222/1491/1056 1236/1513/1056 1228/1499/1056
f 1243/1521/1057 1249/1526/1057 1220/1483/1057 1214/1475/1057
f 1262/1536/1058 1234/1505/1058 1221/1487/1058 1248/1522/1058
f 1229/1503/1059 1235/1509/1059 1264/1542/1059 1256/1533/1059
f 1257/1535/1060 1263/1540/1060 1250/1528/1060 1242/1519/1060
o DL_Center_Ridge_Mark_-40
v -6.580000 5.900000 0.100000
v -6.580000 5.920000 0.120000
v -6.600000 5.920000 0.100000
v -6.580000 5.905858 0.114142
v -6.591547 5.908453 0.111547
v -6.594142 5.920000 0.114142
v -6.594142 5.905858 0.100000
v -6.580000 5.980000 0.120000
v -6.580000 6.000000 0.100000
v -6.600000 5.980000 0.100000
v -6.580000 5.994142 0.114142
v -6.591547 5.991547 0.111547
v -6.594142 5.994142 0.100000
v -6.594142 5.980000 0.114142
v -6.580000 5.900000 -0.100000
v -6.600000 5.920000 -0.100000
v -6.580000 5.920000 -0.120000
v -6.594142 5.905858 -0.100000
v -6.591547 5.908453 -0.111547
v -6.594142 5.920000 -0.114142
v -6.580000 5.905858 -0.114142
v -6.580000 6.000000 -0.100000
v -6.580000 5.980000 -0.120000
v -6.600000 5.980000 -0.100000
v -6.580000 5.994142 -0.114142
v -6.591547 5.991547 -0.111547
v -6.594142 5.980000 -0.114142
v -6.594142 5.994142 -0.100000
v -1.420000 5.900000 0.100000
v -1.400000 5.920000 0.100000
v -1.420000 5.920000 0.120000
v -1.405858 5.905858 0.100000
v -1.408453 5.908453 0.111547
v -1.405858 5.920000 0.114142
v -1.420000 5.905858 0.114142
v -1.420000 6.000000 0.100000
v -1.420000 5.980000 0.120000
v -1.400000 5.980000 0.100000
v -1.420000 5.994142 0.114142
v -1.408453 5.991547 0.111547
v -1.405858 5.980000 0.114142
v -1.405858 5.994142 0.100000
v -1.420000 5.900000 -0.100000
v -1.420000 5.920000 -0.120000
v -1.400000 5.920000 -0.100000
v -1.420000 5.905858 -0.114142
v -1.408453 5.908453 -0.111547
v -1.405858 5.920000 -0.114142
v -1.405858 5.905858 -0.100000
v -1.420000 6.000000 -0.100000
v -1.400000 5.980000 -0.100000
v -1.420000 5.980000 -0.120000
v -1.405858 5.994142 -0.100000
v -1.408453 5.991547 -0.111547
v -1.405858 5.980000 -0.114142
v -1.420000 5.994142 -0.114142
vn -0.3251 -0.8881 0.3251
vn -0.3251 -0.3251 0.8881
vn -0.8881 -0.3251 0.3251
vn -0.3251 0.3251 0.8881
vn -0.3251 0.8881 0.3251
vn -0.8881 0.3251 0.3251
vn -0.3251 -0.8881 -0.3251
vn -0.8881 -0.3251 -0.3251
vn -0.3251 -0.3251 -0.8881
vn -0.3251 0.8881 -0.3251
vn -0.3251 0.3251 -0.8881
vn -0.8881 0.3251 -0.3251
vn 0.3251 -0.8881 0.3251
vn 0.8881 -0.3251 0.3251
vn 0.3251 -0.3251 0.8881
vn 0.3251 0.8881 0.3251
vn 0.3251 0.3251 0.8881
vn 0.8881 0.3251 0.3251
vn 0.3251 -0.8881 -0.3251
vn 0.3251 -0.3251 -0.8881
vn 0.8881 -0.3251 -0.3251
vn 0.3251 0.8881 -0.3251
vn 0.8881 0.3251 -0.3251
vn 0.3251 0.3251 -0.8881
vn -0.3827 -0.9239 -0.0000
vn -0.9239 -0.3827 -0.0000
vn -0.3827 -0.0000 0.9239
vn -0.9239 -0.0000 0.3827
vn -0.3827 0.9239 -0.0000
vn -0.9239 0.3827 -0.0000
vn -0.3827 -0.0000 -0.9239
vn -0.9239 -0.0000 -0.3827
vn -0.0000 -0.9239 -0.3827
vn -0.0000 -0.3827 -0.9239
vn -0.0000 0.9239 -0.3827
vn -0.0000 0.3827 -0.9239
vn 0.9239 -0.0000 -0.3827
vn 0.3827 -0.0000 -0.9239
vn 0.3827 -0.9239 -0.0000
vn 0.9239 -0.3827 -0.0000
vn 0.3827 0.9239 -0.0000
vn 0.9239 0.3827 -0.0000
vn 0.3827 -0.0000 0.9239
vn 0.9239 -0.0000 0.3827
vn -0.0000 -0.9239 0.3827
vn -0.0000 -0.3827 0.9239
vn -0.0000 0.9239 0.3827
vn -0.0000 0.3827 0.9239
vn -0.0000 -1.0000 -0.0000
vn -1.0000 -0.0000 -0.0000
vn -0.0000 -0.0000 1.0000
vn -0.0000 1.0000 -0.0000
vn -0.0000 -0.0000 -1.0000
vn 1.0000 -0.0000 -0.0000
vt 0.125962 0.729167
vt 0.125962 0.750000
vt 0.125406 0.750000
vt 0.125000 0.729167
vt 0.425000 0.999038
vt 0.425000 1.000000
vt 0.396132 1.000000
vt 0.375000 0.999038
vt 0.425000 0.020833
vt 0.375000 0.020833
vt 0.375000 0.008805
vt 0.425000 0.000000
vt 0.575000 0.999038
vt 0.625000 0.999038
vt 0.625000 0.999594
vt 0.575000 1.000000
vt 0.874038 0.729167
vt 0.875000 0.729167
vt 0.875000 0.741195
vt 0.874038 0.750000
vt 0.575000 0.020833
vt 0.575000 0.000000
vt 0.603868 0.000000
vt 0.625000 0.020833
vt 0.125962 0.520833
vt 0.125000 0.520833
vt 0.125000 0.508805
vt 0.125962 0.500000
vt 0.425000 0.229167
vt 0.425000 0.250000
vt 0.385566 0.250203
vt 0.375000 0.229167
vt 0.425000 0.250962
vt 0.375000 0.250962
vt 0.874038 0.520833
vt 0.874038 0.500000
vt 0.874594 0.500000
vt 0.875000 0.520833
vt 0.575000 0.250962
vt 0.575000 0.250000
vt 0.614434 0.245597
vt 0.625000 0.250962
vt 0.575000 0.229167
vt 0.625000 0.229167
vt 0.374038 0.729167
vt 0.375000 0.729167
vt 0.382044 0.747200
vt 0.374519 0.750481
vt 0.425000 0.729167
vt 0.425000 0.750000
vt 0.425000 0.750962
vt 0.625961 0.729167
vt 0.625481 0.750481
vt 0.618091 0.747065
vt 0.625000 0.729167
vt 0.575000 0.750962
vt 0.575000 0.750000
vt 0.575000 0.729167
vt 0.374038 0.520833
vt 0.374519 0.499519
vt 0.381909 0.502935
vt 0.375000 0.520833
vt 0.425000 0.499038
vt 0.425000 0.500000
vt 0.425000 0.520833
vt 0.625961 0.520833
vt 0.625000 0.520833
vt 0.617956 0.502800
vt 0.625481 0.499519
vt 0.575000 0.520833
vt 0.575000 0.500000
vt 0.575000 0.499038
s 0
usemtl DL2_IceBlue
f 1269/1543/1061 1272/1544/1061 1273/1545/1061 1275/1546/1061
f 1270/1547/1062 1274/1548/1062 1273/1549/1062 1272/1550/1062
f 1271/1551/1063 1275/1552/1063 1273/1553/1063 1274/1554/1063
f 1276/1555/1064 1279/1556/1064 1280/1557/1064 1282/1558/1064
f 1277/1559/1065 1281/1560/1065 1280/1561/1065 1279/1562/1065
f 1278/1563/1066 1282/1564/1066 1280/1565/1066 1281/1566/1066
f 1283/1567/1067 1286/1568/1067 1287/1569/1067 1289/1570/1067
f 1284/1571/1068 1288/1572/1068 1287/1573/1068 1286/1574/1068
f 1285/1575/1069 1289/1576/1069 1287/1573/1069 1288/1572/1069
f 1290/1577/1070 1293/1578/1070 1294/1579/1070 1296/1580/1070
f 1291/1581/1071 1295/1582/1071 1294/1583/1071 1293/1584/1071
f 1292/1585/1072 1296/1586/1072 1294/1583/1072 1295/1582/1072
f 1297/1587/1073 1300/1588/1073 1301/1589/1073 1303/1590/1073
f 1298/1591/1074 1302/1592/1074 1301/1589/1074 1300/1588/1074
f 1299/1593/1075 1303/1590/1075 1301/1589/1075 1302/1592/1075
f 1304/1594/1076 1307/1595/1076 1308/1596/1076 1310/1597/1076
f 1305/1598/1077 1309/1599/1077 1308/1596/1077 1307/1595/1077
f 1306/1600/1078 1310/1597/1078 1308/1596/1078 1309/1599/1078
f 1311/1601/1079 1314/1602/1079 1315/1603/1079 1317/1604/1079
f 1312/1605/1080 1316/1606/1080 1315/1603/1080 1314/1602/1080
f 1313/1607/1081 1317/1604/1081 1315/1603/1081 1316/1606/1081
f 1318/1608/1082 1321/1609/1082 1322/1610/1082 1324/1611/1082
f 1319/1612/1083 1323/1613/1083 1322/1610/1083 1321/1609/1083
f 1320/1614/1084 1324/1611/1084 1322/1610/1084 1323/1613/1084
f 1283/1567/1085 1269/1543/1085 1275/1546/1085 1286/1568/1085
f 1286/1574/1086 1275/1552/1086 1271/1551/1086 1284/1571/1086
f 1270/1547/1087 1276/1555/1087 1282/1558/1087 1274/1548/1087
f 1274/1554/1088 1282/1564/1088 1278/1563/1088 1271/1551/1088
f 1277/1559/1089 1290/1577/1089 1296/1580/1089 1281/1560/1089
f 1281/1566/1090 1296/1586/1090 1292/1585/1090 1278/1563/1090
f 1291/1581/1091 1285/1575/1091 1288/1572/1091 1295/1582/1091
f 1295/1582/1092 1288/1572/1092 1284/1571/1092 1292/1585/1092
f 1311/1601/1093 1283/1567/1093 1289/1570/1093 1314/1602/1093
f 1314/1602/1094 1289/1576/1094 1285/1575/1094 1312/1605/1094
f 1290/1577/1095 1318/1608/1095 1324/1611/1095 1293/1578/1095
f 1293/1584/1096 1324/1611/1096 1320/1614/1096 1291/1581/1096
f 1319/1612/1097 1313/1607/1097 1316/1606/1097 1323/1613/1097
f 1323/1613/1098 1316/1606/1098 1312/1605/1098 1320/1614/1098
f 1297/1587/1099 1311/1601/1099 1317/1604/1099 1300/1588/1099
f 1300/1588/1100 1317/1604/1100 1313/1607/1100 1298/1591/1100
f 1318/1608/1101 1304/1594/1101 1310/1597/1101 1321/1609/1101
f 1321/1609/1102 1310/1597/1102 1306/1600/1102 1319/1612/1102
f 1305/1598/1103 1299/1593/1103 1302/1592/1103 1309/1599/1103
f 1309/1599/1104 1302/1592/1104 1298/1591/1104 1306/1600/1104
f 1269/1543/1105 1297/1587/1105 1303/1590/1105 1272/1544/1105
f 1272/1550/1106 1303/1590/1106 1299/1593/1106 1270/1547/1106
f 1304/1594/1107 1277/1559/1107 1279/1562/1107 1307/1595/1107
f 1307/1595/1108 1279/1556/1108 1276/1555/1108 1305/1598/1108
f 1283/1567/1109 1311/1601/1109 1297/1587/1109 1269/1543/1109
f 1271/1551/1110 1278/1563/1110 1292/1585/1110 1284/1571/1110
f 1299/1593/1111 1305/1598/1111 1276/1555/1111 1270/1547/1111
f 1318/1608/1112 1290/1577/1112 1277/1559/1112 1304/1594/1112
f 1285/1575/1113 1291/1581/1113 1320/1614/1113 1312/1605/1113
f 1313/1607/1114 1319/1612/1114 1306/1600/1114 1298/1591/1114
o DL_Center_Ridge_Mark_90
v 6.420000 5.900000 0.100000
v 6.420000 5.920000 0.120000
v 6.400000 5.920000 0.100000
v 6.420000 5.905858 0.114142
v 6.408453 5.908453 0.111547
v 6.405858 5.920000 0.114142
v 6.405858 5.905858 0.100000
v 6.420000 5.980000 0.120000
v 6.420000 6.000000 0.100000
v 6.400000 5.980000 0.100000
v 6.420000 5.994142 0.114142
v 6.408453 5.991547 0.111547
v 6.405858 5.994142 0.100000
v 6.405858 5.980000 0.114142
v 6.420000 5.900000 -0.100000
v 6.400000 5.920000 -0.100000
v 6.420000 5.920000 -0.120000
v 6.405858 5.905858 -0.100000
v 6.408453 5.908453 -0.111547
v 6.405858 5.920000 -0.114142
v 6.420000 5.905858 -0.114142
v 6.420000 6.000000 -0.100000
v 6.420000 5.980000 -0.120000
v 6.400000 5.980000 -0.100000
v 6.420000 5.994142 -0.114142
v 6.408453 5.991547 -0.111547
v 6.405858 5.980000 -0.114142
v 6.405858 5.994142 -0.100000
v 11.580000 5.900000 0.100000
v 11.600000 5.920000 0.100000
v 11.580000 5.920000 0.120000
v 11.594142 5.905858 0.100000
v 11.591547 5.908453 0.111547
v 11.594142 5.920000 0.114142
v 11.580000 5.905858 0.114142
v 11.580000 6.000000 0.100000
v 11.580000 5.980000 0.120000
v 11.600000 5.980000 0.100000
v 11.580000 5.994142 0.114142
v 11.591547 5.991547 0.111547
v 11.594142 5.980000 0.114142
v 11.594142 5.994142 0.100000
v 11.580000 5.900000 -0.100000
v 11.580000 5.920000 -0.120000
v 11.600000 5.920000 -0.100000
v 11.580000 5.905858 -0.114142
v 11.591547 5.908453 -0.111547
v 11.594142 5.920000 -0.114142
v 11.594142 5.905858 -0.100000
v 11.580000 6.000000 -0.100000
v 11.600000 5.980000 -0.100000
v 11.580000 5.980000 -0.120000
v 11.594142 5.994142 -0.100000
v 11.591547 5.991547 -0.111547
v 11.594142 5.980000 -0.114142
v 11.580000 5.994142 -0.114142
vn -0.3251 -0.8881 0.3251
vn -0.3251 -0.3251 0.8881
vn -0.8881 -0.3251 0.3251
vn -0.3251 0.3251 0.8881
vn -0.3251 0.8881 0.3251
vn -0.8881 0.3251 0.3251
vn -0.3251 -0.8881 -0.3251
vn -0.8881 -0.3251 -0.3251
vn -0.3251 -0.3251 -0.8881
vn -0.3251 0.8881 -0.3251
vn -0.3251 0.3251 -0.8881
vn -0.8881 0.3251 -0.3251
vn 0.3251 -0.8881 0.3251
vn 0.8881 -0.3251 0.3251
vn 0.3251 -0.3251 0.8881
vn 0.3251 0.8881 0.3251
vn 0.3251 0.3251 0.8881
vn 0.8881 0.3251 0.3251
vn 0.3251 -0.8881 -0.3251
vn 0.3251 -0.3251 -0.8881
vn 0.8881 -0.3251 -0.3251
vn 0.3251 0.8881 -0.3251
vn 0.8881 0.3251 -0.3251
vn 0.3251 0.3251 -0.8881
vn -0.3827 -0.9239 -0.0000
vn -0.9239 -0.3827 -0.0000
vn -0.3827 -0.0000 0.9239
vn -0.9239 -0.0000 0.3827
vn -0.3827 0.9239 -0.0000
vn -0.9239 0.3827 -0.0000
vn -0.3827 -0.0000 -0.9239
vn -0.9239 -0.0000 -0.3827
vn -0.0000 -0.9239 -0.3827
vn -0.0000 -0.3827 -0.9239
vn -0.0000 0.9239 -0.3827
vn -0.0000 0.3827 -0.9239
vn 0.9239 -0.0000 -0.3827
vn 0.3827 -0.0000 -0.9239
vn 0.3827 -0.9239 -0.0000
vn 0.9239 -0.3827 -0.0000
vn 0.3827 0.9239 -0.0000
vn 0.9239 0.3827 -0.0000
vn 0.3827 -0.0000 0.9239
vn 0.9239 -0.0000 0.3827
vn -0.0000 -0.9239 0.3827
vn -0.0000 -0.3827 0.9239
vn -0.0000 0.9239 0.3827
vn -0.0000 0.3827 0.9239
vn -0.0000 -1.0000 -0.0000
vn -1.0000 -0.0000 -0.0000
vn -0.0000 -0.0000 1.0000
vn -0.0000 1.0000 -0.0000
vn -0.0000 -0.0000 -1.0000
vn 1.0000 -0.0000 -0.0000
vt 0.125962 0.729167
vt 0.125962 0.750000
vt 0.125406 0.750000
vt 0.125000 0.729167
vt 0.425000 0.999038
vt 0.425000 1.000000
vt 0.396132 1.000000
vt 0.375000 0.999038
vt 0.425000 0.020833
vt 0.375000 0.020833
vt 0.375000 0.008805
vt 0.425000 0.000000
vt 0.575000 0.999038
vt 0.625000 0.999038
vt 0.625000 0.999594
vt 0.575000 1.000000
vt 0.874038 0.729167
vt 0.875000 0.729167
vt 0.875000 0.741195
vt 0.874038 0.750000
vt 0.575000 0.020833
vt 0.575000 0.000000
vt 0.603868 0.000000
vt 0.625000 0.020833
vt 0.125962 0.520833
vt 0.125000 0.520833
vt 0.125000 0.508805
vt 0.125962 0.500000
vt 0.425000 0.229167
vt 0.425000 0.250000
vt 0.385566 0.250203
vt 0.375000 0.229167
vt 0.425000 0.250962
vt 0.375000 0.250962
vt 0.874038 0.520833
vt 0.874038 0.500000
vt 0.874594 0.500000
vt 0.875000 0.520833
vt 0.575000 0.250962
vt 0.575000 0.250000
vt 0.614434 0.245597
vt 0.625000 0.250962
vt 0.575000 0.229167
vt 0.625000 0.229167
vt 0.374038 0.729167
vt 0.375000 0.729167
vt 0.382044 0.747200
vt 0.374519 0.750481
vt 0.425000 0.729167
vt 0.425000 0.750000
vt 0.425000 0.750962
vt 0.625961 0.729167
vt 0.625481 0.750481
vt 0.618091 0.747065
vt 0.625000 0.729167
vt 0.575000 0.750962
vt 0.575000 0.750000
vt 0.575000 0.729167
vt 0.374038 0.520833
vt 0.374519 0.499519
vt 0.381909 0.502935
vt 0.375000 0.520833
vt 0.425000 0.499038
vt 0.425000 0.500000
vt 0.425000 0.520833
vt 0.625961 0.520833
vt 0.625000 0.520833
vt 0.617956 0.502800
vt 0.625481 0.499519
vt 0.575000 0.520833
vt 0.575000 0.500000
vt 0.575000 0.499038
s 0
usemtl DL2_IceBlue
f 1325/1615/1115 1328/1616/1115 1329/1617/1115 1331/1618/1115
f 1326/1619/1116 1330/1620/1116 1329/1621/1116 1328/1622/1116
f 1327/1623/1117 1331/1624/1117 1329/1625/1117 1330/1626/1117
f 1332/1627/1118 1335/1628/1118 1336/1629/1118 1338/1630/1118
f 1333/1631/1119 1337/1632/1119 1336/1633/1119 1335/1634/1119
f 1334/1635/1120 1338/1636/1120 1336/1637/1120 1337/1638/1120
f 1339/1639/1121 1342/1640/1121 1343/1641/1121 1345/1642/1121
f 1340/1643/1122 1344/1644/1122 1343/1645/1122 1342/1646/1122
f 1341/1647/1123 1345/1648/1123 1343/1645/1123 1344/1644/1123
f 1346/1649/1124 1349/1650/1124 1350/1651/1124 1352/1652/1124
f 1347/1653/1125 1351/1654/1125 1350/1655/1125 1349/1656/1125
f 1348/1657/1126 1352/1658/1126 1350/1655/1126 1351/1654/1126
f 1353/1659/1127 1356/1660/1127 1357/1661/1127 1359/1662/1127
f 1354/1663/1128 1358/1664/1128 1357/1661/1128 1356/1660/1128
f 1355/1665/1129 1359/1662/1129 1357/1661/1129 1358/1664/1129
f 1360/1666/1130 1363/1667/1130 1364/1668/1130 1366/1669/1130
f 1361/1670/1131 1365/1671/1131 1364/1668/1131 1363/1667/1131
f 1362/1672/1132 1366/1669/1132 1364/1668/1132 1365/1671/1132
f 1367/1673/1133 1370/1674/1133 1371/1675/1133 1373/1676/1133
f 1368/1677/1134 1372/1678/1134 1371/1675/1134 1370/1674/1134
f 1369/1679/1135 1373/1676/1135 1371/1675/1135 1372/1678/1135
f 1374/1680/1136 1377/1681/1136 1378/1682/1136 1380/1683/1136
f 1375/1684/1137 1379/1685/1137 1378/1682/1137 1377/1681/1137
f 1376/1686/1138 1380/1683/1138 1378/1682/1138 1379/1685/1138
f 1339/1639/1139 1325/1615/1139 1331/1618/1139 1342/1640/1139
f 1342/1646/1140 1331/1624/1140 1327/1623/1140 1340/1643/1140
f 1326/1619/1141 1332/1627/1141 1338/1630/1141 1330/1620/1141
f 1330/1626/1142 1338/1636/1142 1334/1635/1142 1327/1623/1142
f 1333/1631/1143 1346/1649/1143 1352/1652/1143 1337/1632/1143
f 1337/1638/1144 1352/1658/1144 1348/1657/1144 1334/1635/1144
f 1347/1653/1145 1341/1647/1145 1344/1644/1145 1351/1654/1145
f 1351/1654/1146 1344/1644/1146 1340/1643/1146 1348/1657/1146
f 1367/1673/1147 1339/1639/1147 1345/1642/1147 1370/1674/1147
f 1370/1674/1148 1345/1648/1148 1341/1647/1148 1368/1677/1148
f 1346/1649/1149 1374/1680/1149 1380/1683/1149 1349/1650/1149
f 1349/1656/1150 1380/1683/1150 1376/1686/1150 1347/1653/1150
f 1375/1684/1151 1369/1679/1151 1372/1678/1151 1379/1685/1151
f 1379/1685/1152 1372/1678/1152 1368/1677/1152 1376/1686/1152
f 1353/1659/1153 1367/1673/1153 1373/1676/1153 1356/1660/1153
f 1356/1660/1154 1373/1676/1154 1369/1679/1154 1354/1663/1154
f 1374/1680/1155 1360/1666/1155 1366/1669/1155 1377/1681/1155
f 1377/1681/1156 1366/1669/1156 1362/1672/1156 1375/1684/1156
f 1361/1670/1157 1355/1665/1157 1358/1664/1157 1365/1671/1157
f 1365/1671/1158 1358/1664/1158 1354/1663/1158 1362/1672/1158
f 1325/1615/1159 1353/1659/1159 1359/1662/1159 1328/1616/1159
f 1328/1622/1160 1359/1662/1160 1355/1665/1160 1326/1619/1160
f 1360/1666/1161 1333/1631/1161 1335/1634/1161 1363/1667/1161
f 1363/1667/1162 1335/1628/1162 1332/1627/1162 1361/1670/1162
f 1339/1639/1163 1367/1673/1163 1353/1659/1163 1325/1615/1163
f 1327/1623/1164 1334/1635/1164 1348/1657/1164 1340/1643/1164
f 1355/1665/1165 1361/1670/1165 1332/1627/1165 1326/1619/1165
f 1374/1680/1166 1346/1649/1166 1333/1631/1166 1360/1666/1166
f 1341/1647/1167 1347/1653/1167 1376/1686/1167 1368/1677/1167
f 1369/1679/1168 1375/1684/1168 1362/1672/1168 1354/1663/1168
o DL_Fate_Ring_Outer
v 14.780000 6.550000 0.000000
v 14.668700 6.818701 0.000000
v 14.400000 6.930000 0.000000
v 14.131299 6.818701 0.000000
v 14.020000 6.550000 0.000000
v 14.131299 6.281300 0.000000
v 14.400000 6.170000 0.000000
v 14.668700 6.281300 0.000000
v 14.748355 6.550000 -0.966660
v 14.637294 6.818701 -0.959381
v 14.369168 6.930000 -0.941807
v 14.101043 6.818701 -0.924233
v 13.989982 6.550000 -0.916953
v 14.101043 6.281300 -0.924233
v 14.369168 6.170000 -0.941807
v 14.637294 6.281300 -0.959381
v 14.653555 6.550000 -1.929177
v 14.543208 6.818701 -1.914649
v 14.276806 6.930000 -1.879577
v 14.010405 6.818701 -1.844504
v 13.900057 6.550000 -1.829977
v 14.010405 6.281300 -1.844504
v 14.276806 6.170000 -1.879577
v 14.543208 6.281300 -1.914649
v 14.496006 6.550000 -2.883436
v 14.386845 6.818701 -2.861722
v 14.123307 6.930000 -2.809302
v 13.859770 6.818701 -2.756881
v 13.750608 6.550000 -2.735167
v 13.859770 6.281300 -2.756881
v 14.123307 6.170000 -2.809302
v 14.386845 6.281300 -2.861722
v 14.276383 6.550000 -3.825345
v 14.168877 6.818701 -3.796538
v 13.909331 6.930000 -3.726993
v 13.649787 6.818701 -3.657449
v 13.542279 6.550000 -3.628642
v 13.649787 6.281300 -3.657449
v 13.909331 6.170000 -3.726993
v 14.168877 6.281300 -3.796538
v 13.995626 6.550000 -4.750876
v 13.890234 6.818701 -4.715100
v 13.635794 6.930000 -4.628729
v 13.381352 6.818701 -4.542358
v 13.275960 6.550000 -4.506582
v 13.381352 6.281300 -4.542358
v 13.635794 6.170000 -4.628729
v 13.890234 6.281300 -4.715100
v 13.654940 6.550000 -5.656060
v 13.552113 6.818701 -5.613468
v 13.303865 6.930000 -5.510640
v 13.055618 6.818701 -5.407813
v 12.952791 6.550000 -5.365221
v 13.055618 6.281300 -5.407813
v 13.303865 6.170000 -5.510640
v 13.552113 6.281300 -5.613468
v 13.255779 6.550000 -6.537027
v 13.155957 6.818701 -6.487801
v 12.914968 6.930000 -6.368958
v 12.673977 6.818701 -6.250114
v 12.574156 6.550000 -6.200888
v 12.673977 6.281300 -6.250114
v 12.914968 6.170000 -6.368958
v 13.155957 6.281300 -6.487801
v 12.799854 6.550000 -7.390002
v 12.703465 6.818701 -7.334352
v 12.470764 6.930000 -7.200002
v 12.238063 6.818701 -7.065651
v 12.141675 6.550000 -7.010002
v 12.238063 6.281300 -7.065651
v 12.470764 6.170000 -7.200002
v 12.703465 6.281300 -7.334352
v 12.289121 6.550000 -8.211329
v 12.196578 6.818701 -8.149493
v 11.973162 6.930000 -8.000212
v 11.749745 6.818701 -7.850929
v 11.657204 6.550000 -7.789094
v 11.749745 6.281300 -7.850929
v 11.973162 6.170000 -8.000212
v 12.196578 6.281300 -8.149493
v 11.725763 6.550000 -8.997492
v 11.637464 6.818701 -8.929737
v 11.424289 6.930000 -8.766163
v 11.211115 6.818701 -8.602588
v 11.122815 6.550000 -8.534833
v 11.211115 6.281300 -8.602588
v 11.424289 6.170000 -8.766163
v 11.637464 6.281300 -8.929737
v 11.112192 6.550000 -9.745131
v 11.028513 6.818701 -9.671746
v 10.826493 6.930000 -9.494579
v 10.624474 6.818701 -9.317412
v 10.540793 6.550000 -9.244028
v 10.624474 6.281300 -9.317412
v 10.826493 6.170000 -9.494579
v 11.028513 6.281300 -9.671746
v 10.451037 6.550000 -10.451038
v 10.372336 6.818701 -10.372338
v 10.182337 6.930000 -10.182338
v 9.992336 6.818701 -9.992338
v 9.913635 6.550000 -9.913637
v 9.992336 6.281300 -9.992338
v 10.182337 6.170000 -10.182338
v 10.372336 6.281300 -10.372338
v 9.745131 6.550000 -11.112191
v 9.671747 6.818701 -11.028512
v 9.494580 6.930000 -10.826492
v 9.317413 6.818701 -10.624473
v 9.244029 6.550000 -10.540793
v 9.317413 6.281300 -10.624473
v 9.494580 6.170000 -10.826492
v 9.671747 6.281300 -11.028512
v 8.997496 6.550000 -11.725760
v 8.929741 6.818701 -11.637461
v 8.766166 6.930000 -11.424286
v 8.602592 6.818701 -11.211111
v 8.534837 6.550000 -11.122811
v 8.602592 6.281300 -11.211111
v 8.766166 6.170000 -11.424286
v 8.929741 6.281300 -11.637461
v 8.211327 6.550000 -12.289123
v 8.149491 6.818701 -12.196580
v 8.000210 6.930000 -11.973164
v 7.850927 6.818701 -11.749747
v 7.789093 6.550000 -11.657205
v 7.850927 6.281300 -11.749747
v 8.000210 6.170000 -11.973164
v 8.149491 6.281300 -12.196580
v 7.389999 6.550000 -12.799856
v 7.334350 6.818701 -12.703467
v 7.199999 6.930000 -12.470766
v 7.065649 6.818701 -12.238065
v 7.009999 6.550000 -12.141676
v 7.065649 6.281300 -12.238065
v 7.199999 6.170000 -12.470766
v 7.334350 6.281300 -12.703467
v 6.537028 6.550000 -13.255778
v 6.487802 6.818701 -13.155957
v 6.368958 6.930000 -12.914967
v 6.250115 6.818701 -12.673976
v 6.200889 6.550000 -12.574155
v 6.250115 6.281300 -12.673976
v 6.368958 6.170000 -12.914967
v 6.487802 6.281300 -13.155957
v 5.656065 6.550000 -13.654938
v 5.613472 6.818701 -13.552111
v 5.510644 6.930000 -13.303864
v 5.407817 6.818701 -13.055616
v 5.365225 6.550000 -12.952789
v 5.407817 6.281300 -13.055616
v 5.510644 6.170000 -13.303864
v 5.613472 6.281300 -13.552111
v 4.750874 6.550000 -13.995627
v 4.715097 6.818701 -13.890235
v 4.628726 6.930000 -13.635794
v 4.542356 6.818701 -13.381353
v 4.506579 6.550000 -13.275961
v 4.542356 6.281300 -13.381353
v 4.628726 6.170000 -13.635794
v 4.715097 6.281300 -13.890235
v 3.825346 6.550000 -14.276383
v 3.796539 6.818701 -14.168877
v 3.726995 6.930000 -13.909331
v 3.657450 6.818701 -13.649787
v 3.628643 6.550000 -13.542279
v 3.657450 6.281300 -13.649787
v 3.726995 6.170000 -13.909331
v 3.796539 6.281300 -14.168877
v 2.883437 6.550000 -14.496006
v 2.861724 6.818701 -14.386845
v 2.809303 6.930000 -14.123307
v 2.756882 6.818701 -13.859770
v 2.735168 6.550000 -13.750608
v 2.756882 6.281300 -13.859770
v 2.809303 6.170000 -14.123307
v 2.861724 6.281300 -14.386845
v 1.929174 6.550000 -14.653555
v 1.914647 6.818701 -14.543208
v 1.879574 6.930000 -14.276806
v 1.844502 6.818701 -14.010405
v 1.829975 6.550000 -13.900057
v 1.844502 6.281300 -14.010405
v 1.879574 6.170000 -14.276806
v 1.914647 6.281300 -14.543208
v 0.966657 6.550000 -14.748355
v 0.959378 6.818701 -14.637294
v 0.941804 6.930000 -14.369168
v 0.924230 6.818701 -14.101043
v 0.916951 6.550000 -13.989982
v 0.924230 6.281300 -14.101043
v 0.941804 6.170000 -14.369168
v 0.959378 6.281300 -14.637294
v 0.000001 6.550000 -14.780000
v 0.000001 6.818701 -14.668700
v 0.000001 6.930000 -14.400000
v 0.000001 6.818701 -14.131299
v 0.000001 6.550000 -14.020000
v 0.000001 6.281300 -14.131299
v 0.000001 6.170000 -14.400000
v 0.000001 6.281300 -14.668700
v -0.966655 6.550000 -14.748355
v -0.959376 6.818701 -14.637294
v -0.941802 6.930000 -14.369168
v -0.924228 6.818701 -14.101043
v -0.916949 6.550000 -13.989982
v -0.924228 6.281300 -14.101043
v -0.941802 6.170000 -14.369168
v -0.959376 6.281300 -14.637294
v -1.929179 6.550000 -14.653554
v -1.914652 6.818701 -14.543207
v -1.879579 6.930000 -14.276805
v -1.844507 6.818701 -14.010404
v -1.829979 6.550000 -13.900056
v -1.844507 6.281300 -14.010404
v -1.879579 6.170000 -14.276805
v -1.914652 6.281300 -14.543207
v -2.883435 6.550000 -14.496006
v -2.861722 6.818701 -14.386845
v -2.809301 6.930000 -14.123307
v -2.756880 6.818701 -13.859770
v -2.735166 6.550000 -13.750608
v -2.756880 6.281300 -13.859770
v -2.809301 6.170000 -14.123307
v -2.861722 6.281300 -14.386845
v -3.825344 6.550000 -14.276384
v -3.796537 6.818701 -14.168877
v -3.726992 6.930000 -13.909332
v -3.657448 6.818701 -13.649787
v -3.628641 6.550000 -13.542280
v -3.657448 6.281300 -13.649787
v -3.726992 6.170000 -13.909332
v -3.796537 6.281300 -14.168877
v -4.750878 6.550000 -13.995625
v -4.715102 6.818701 -13.890233
v -4.628731 6.930000 -13.635793
v -4.542360 6.818701 -13.381351
v -4.506584 6.550000 -13.275959
v -4.542360 6.281300 -13.381351
v -4.628731 6.170000 -13.635793
v -4.715102 6.281300 -13.890233
v -5.656062 6.550000 -13.654939
v -5.613470 6.818701 -13.552112
v -5.510643 6.930000 -13.303864
v -5.407815 6.818701 -13.055617
v -5.365223 6.550000 -12.952790
v -5.407815 6.281300 -13.055617
v -5.510643 6.170000 -13.303864
v -5.613470 6.281300 -13.552112
v -6.537026 6.550000 -13.255779
v -6.487800 6.818701 -13.155957
v -6.368956 6.930000 -12.914968
v -6.250113 6.818701 -12.673977
v -6.200886 6.550000 -12.574156
v -6.250113 6.281300 -12.673977
v -6.368956 6.170000 -12.914968
v -6.487800 6.281300 -13.155957
v -7.389997 6.550000 -12.799857
v -7.334348 6.818701 -12.703468
v -7.199998 6.930000 -12.470767
v -7.065648 6.818701 -12.238066
v -7.009998 6.550000 -12.141677
v -7.065648 6.281300 -12.238066
v -7.199998 6.170000 -12.470767
v -7.334348 6.281300 -12.703468
v -8.211324 6.550000 -12.289123
v -8.149489 6.818701 -12.196581
v -8.000207 6.930000 -11.973165
v -7.850925 6.818701 -11.749748
v -7.789090 6.550000 -11.657206
v -7.850925 6.281300 -11.749748
v -8.000207 6.170000 -11.973165
v -8.149489 6.281300 -12.196581
v -8.997494 6.550000 -11.725761
v -8.929739 6.818701 -11.637462
v -8.766165 6.930000 -11.424288
v -8.602590 6.818701 -11.211113
v -8.534835 6.550000 -11.122813
v -8.602590 6.281300 -11.211113
v -8.766165 6.170000 -11.424288
v -8.929739 6.281300 -11.637462
v -9.745130 6.550000 -11.112193
v -9.671745 6.818701 -11.028514
v -9.494578 6.930000 -10.826494
v -9.317411 6.818701 -10.624475
v -9.244027 6.550000 -10.540794
v -9.317411 6.281300 -10.624475
v -9.494578 6.170000 -10.826494
v -9.671745 6.281300 -11.028514
v -10.451040 6.550000 -10.451035
v -10.372340 6.818701 -10.372334
v -10.182340 6.930000 -10.182335
v -9.992340 6.818701 -9.992334
v -9.913639 6.550000 -9.913634
v -9.992340 6.281300 -9.992334
v -10.182340 6.170000 -10.182335
v -10.372340 6.281300 -10.372334
v -11.112193 6.550000 -9.745130
v -11.028514 6.818701 -9.671745
v -10.826494 6.930000 -9.494578
v -10.624475 6.818701 -9.317411
v -10.540794 6.550000 -9.244027
v -10.624475 6.281300 -9.317411
v -10.826494 6.170000 -9.494578
v -11.028514 6.281300 -9.671745
v -11.725761 6.550000 -8.997494
v -11.637462 6.818701 -8.929739
v -11.424288 6.930000 -8.766165
v -11.211113 6.818701 -8.602590
v -11.122813 6.550000 -8.534835
v -11.211113 6.281300 -8.602590
v -11.424288 6.170000 -8.766165
v -11.637462 6.281300 -8.929739
v -12.289120 6.550000 -8.211329
v -12.196577 6.818701 -8.149495
v -11.973161 6.930000 -8.000213
v -11.749744 6.818701 -7.850931
v -11.657203 6.550000 -7.789096
v -11.749744 6.281300 -7.850931
v -11.973161 6.170000 -8.000213
v -12.196577 6.281300 -8.149495
v -12.799853 6.550000 -7.390003
v -12.703465 6.818701 -7.334353
v -12.470763 6.930000 -7.200003
v -12.238062 6.818701 -7.065653
v -12.141674 6.550000 -7.010003
v -12.238062 6.281300 -7.065653
v -12.470763 6.170000 -7.200003
v -12.703465 6.281300 -7.334353
v -13.255779 6.550000 -6.537026
v -13.155957 6.818701 -6.487800
v -12.914968 6.930000 -6.368956
v -12.673977 6.818701 -6.250113
v -12.574156 6.550000 -6.200886
v -12.673977 6.281300 -6.250113
v -12.914968 6.170000 -6.368956
v -13.155957 6.281300 -6.487800
v -13.654939 6.550000 -5.656062
v -13.552112 6.818701 -5.613469
v -13.303864 6.930000 -5.510642
v -13.055617 6.818701 -5.407815
v -12.952790 6.550000 -5.365222
v -13.055617 6.281300 -5.407815
v -13.303864 6.170000 -5.510642
v -13.552112 6.281300 -5.613469
v -13.995628 6.550000 -4.750871
v -13.890236 6.818701 -4.715096
v -13.635795 6.930000 -4.628725
v -13.381354 6.818701 -4.542354
v -13.275961 6.550000 -4.506577
v -13.381354 6.281300 -4.542354
v -13.635795 6.170000 -4.628725
v -13.890236 6.281300 -4.715096
v -14.276384 6.550000 -3.825344
v -14.168877 6.818701 -3.796537
v -13.909332 6.930000 -3.726992
v -13.649787 6.818701 -3.657448
v -13.542280 6.550000 -3.628641
v -13.649787 6.281300 -3.657448
v -13.909332 6.170000 -3.726992
v -14.168877 6.281300 -3.796537
v -14.496007 6.550000 -2.883435
v -14.386846 6.818701 -2.861721
v -14.123308 6.930000 -2.809300
v -13.859771 6.818701 -2.756880
v -13.750609 6.550000 -2.735166
v -13.859771 6.281300 -2.756880
v -14.123308 6.170000 -2.809300
v -14.386846 6.281300 -2.861721
v -14.653554 6.550000 -1.929179
v -14.543207 6.818701 -1.914651
v -14.276805 6.930000 -1.879579
v -14.010404 6.818701 -1.844507
v -13.900056 6.550000 -1.829979
v -14.010404 6.281300 -1.844507
v -14.276805 6.170000 -1.879579
v -14.543207 6.281300 -1.914651
v -14.748354 6.550000 -0.966662
v -14.637293 6.818701 -0.959383
v -14.369167 6.930000 -0.941809
v -14.101042 6.818701 -0.924235
v -13.989981 6.550000 -0.916955
v -14.101042 6.281300 -0.924235
v -14.369167 6.170000 -0.941809
v -14.637293 6.281300 -0.959383
v -14.780000 6.550000 -0.000001
v -14.668700 6.818701 -0.000001
v -14.400000 6.930000 -0.000001
v -14.131299 6.818701 -0.000001
v -14.020000 6.550000 -0.000001
v -14.131299 6.281300 -0.000001
v -14.400000 6.170000 -0.000001
v -14.668700 6.281300 -0.000001
v -14.748355 6.550000 0.966655
v -14.637294 6.818701 0.959376
v -14.369168 6.930000 0.941802
v -14.101043 6.818701 0.924228
v -13.989982 6.550000 0.916949
v -14.101043 6.281300 0.924228
v -14.369168 6.170000 0.941802
v -14.637294 6.281300 0.959376
v -14.653554 6.550000 1.929179
v -14.543207 6.818701 1.914651
v -14.276805 6.930000 1.879579
v -14.010404 6.818701 1.844507
v -13.900056 6.550000 1.829979
v -14.010404 6.281300 1.844507
v -14.276805 6.170000 1.879579
v -14.543207 6.281300 1.914651
v -14.496007 6.550000 2.883435
v -14.386846 6.818701 2.861721
v -14.123308 6.930000 2.809300
v -13.859771 6.818701 2.756880
v -13.750609 6.550000 2.735166
v -13.859771 6.281300 2.756880
v -14.123308 6.170000 2.809300
v -14.386846 6.281300 2.861721
v -14.276384 6.550000 3.825344
v -14.168877 6.818701 3.796537
v -13.909332 6.930000 3.726992
v -13.649787 6.818701 3.657448
v -13.542280 6.550000 3.628641
v -13.649787 6.281300 3.657448
v -13.909332 6.170000 3.726992
v -14.168877 6.281300 3.796537
v -13.995628 6.550000 4.750871
v -13.890236 6.818701 4.715096
v -13.635795 6.930000 4.628725
v -13.381354 6.818701 4.542354
v -13.275961 6.550000 4.506577
v -13.381354 6.281300 4.542354
v -13.635795 6.170000 4.628725
v -13.890236 6.281300 4.715096
v -13.654942 6.550000 5.656055
v -13.552114 6.818701 5.613463
v -13.303867 6.930000 5.510636
v -13.055620 6.818701 5.407809
v -12.952793 6.550000 5.365216
v -13.055620 6.281300 5.407809
v -13.303867 6.170000 5.510636
v -13.552114 6.281300 5.613463
v -13.255779 6.550000 6.537026
v -13.155957 6.818701 6.487800
v -12.914968 6.930000 6.368956
v -12.673977 6.818701 6.250113
v -12.574156 6.550000 6.200886
v -12.673977 6.281300 6.250113
v -12.914968 6.170000 6.368956
v -13.155957 6.281300 6.487800
v -12.799857 6.550000 7.389997
v -12.703468 6.818701 7.334347
v -12.470767 6.930000 7.199997
v -12.238066 6.818701 7.065647
v -12.141677 6.550000 7.009997
v -12.238066 6.281300 7.065647
v -12.470767 6.170000 7.199997
v -12.703468 6.281300 7.334347
v -12.289120 6.550000 8.211329
v -12.196577 6.818701 8.149495
v -11.973161 6.930000 8.000213
v -11.749744 6.818701 7.850931
v -11.657203 6.550000 7.789096
v -11.749744 6.281300 7.850931
v -11.973161 6.170000 8.000213
v -12.196577 6.281300 8.149495
v -11.725761 6.550000 8.997494
v -11.637462 6.818701 8.929739
v -11.424288 6.930000 8.766165
v -11.211113 6.818701 8.602590
v -11.122813 6.550000 8.534835
v -11.211113 6.281300 8.602590
v -11.424288 6.170000 8.766165
v -11.637462 6.281300 8.929739
v -11.112193 6.550000 9.745130
v -11.028514 6.818701 9.671745
v -10.826494 6.930000 9.494578
v -10.624475 6.818701 9.317411
v -10.540794 6.550000 9.244027
v -10.624475 6.281300 9.317411
v -10.826494 6.170000 9.494578
v -11.028514 6.281300 9.671745
v -10.451040 6.550000 10.451035
v -10.372340 6.818701 10.372334
v -10.182340 6.930000 10.182335
v -9.992340 6.818701 9.992334
v -9.913639 6.550000 9.913634
v -9.992340 6.281300 9.992334
v -10.182340 6.170000 10.182335
v -10.372340 6.281300 10.372334
v -9.745135 6.550000 11.112188
v -9.671750 6.818701 11.028509
v -9.494584 6.930000 10.826489
v -9.317417 6.818701 10.624470
v -9.244032 6.550000 10.540791
v -9.317417 6.281300 10.624470
v -9.494584 6.170000 10.826489
v -9.671750 6.281300 11.028509
v -8.997499 6.550000 11.725758
v -8.929745 6.818701 11.637458
v -8.766171 6.930000 11.424283
v -8.602595 6.818701 11.211109
v -8.534841 6.550000 11.122809
v -8.602595 6.281300 11.211109
v -8.766171 6.170000 11.424283
v -8.929745 6.281300 11.637458
v -8.211336 6.550000 12.289115
v -8.149501 6.818701 12.196573
v -8.000219 6.930000 11.973157
v -7.850937 6.818701 11.749741
v -7.789102 6.550000 11.657198
v -7.850937 6.281300 11.749741
v -8.000219 6.170000 11.973157
v -8.149501 6.281300 12.196573
v -7.389997 6.550000 12.799857
v -7.334348 6.818701 12.703468
v -7.199998 6.930000 12.470767
v -7.065648 6.818701 12.238066
v -7.009998 6.550000 12.141677
v -7.065648 6.281300 12.238066
v -7.199998 6.170000 12.470767
v -7.334348 6.281300 12.703468
v -6.537026 6.550000 13.255779
v -6.487800 6.818701 13.155957
v -6.368956 6.930000 12.914968
v -6.250113 6.818701 12.673977
v -6.200886 6.550000 12.574156
v -6.250113 6.281300 12.673977
v -6.368956 6.170000 12.914968
v -6.487800 6.281300 13.155957
v -5.656062 6.550000 13.654939
v -5.613470 6.818701 13.552112
v -5.510643 6.930000 13.303864
v -5.407815 6.818701 13.055617
v -5.365223 6.550000 12.952790
v -5.407815 6.281300 13.055617
v -5.510643 6.170000 13.303864
v -5.613470 6.281300 13.552112
v -4.750878 6.550000 13.995625
v -4.715102 6.818701 13.890233
v -4.628731 6.930000 13.635793
v -4.542360 6.818701 13.381351
v -4.506584 6.550000 13.275959
v -4.542360 6.281300 13.381351
v -4.628731 6.170000 13.635793
v -4.715102 6.281300 13.890233
v -3.825350 6.550000 14.276382
v -3.796544 6.818701 14.168876
v -3.726999 6.930000 13.909330
v -3.657454 6.818701 13.649786
v -3.628648 6.550000 13.542278
v -3.657454 6.281300 13.649786
v -3.726999 6.170000 13.909330
v -3.796544 6.281300 14.168876
v -2.883442 6.550000 14.496005
v -2.861728 6.818701 14.386844
v -2.809307 6.930000 14.123306
v -2.756886 6.818701 13.859769
v -2.735173 6.550000 13.750607
v -2.756886 6.281300 13.859769
v -2.809307 6.170000 14.123306
v -2.861728 6.281300 14.386844
v -1.929186 6.550000 14.653553
v -1.914658 6.818701 14.543206
v -1.879586 6.930000 14.276804
v -1.844513 6.818701 14.010403
v -1.829986 6.550000 13.900055
v -1.844513 6.281300 14.010403
v -1.879586 6.170000 14.276804
v -1.914658 6.281300 14.543206
v -0.966655 6.550000 14.748355
v -0.959376 6.818701 14.637294
v -0.941802 6.930000 14.369168
v -0.924228 6.818701 14.101043
v -0.916949 6.550000 13.989982
v -0.924228 6.281300 14.101043
v -0.941802 6.170000 14.369168
v -0.959376 6.281300 14.637294
v 0.000001 6.550000 14.780000
v 0.000001 6.818701 14.668700
v 0.000001 6.930000 14.400000
v 0.000001 6.818701 14.131299
v 0.000001 6.550000 14.020000
v 0.000001 6.281300 14.131299
v 0.000001 6.170000 14.400000
v 0.000001 6.281300 14.668700
v 0.966657 6.550000 14.748355
v 0.959378 6.818701 14.637294
v 0.941804 6.930000 14.369168
v 0.924230 6.818701 14.101043
v 0.916951 6.550000 13.989982
v 0.924230 6.281300 14.101043
v 0.941804 6.170000 14.369168
v 0.959378 6.281300 14.637294
v 1.929174 6.550000 14.653555
v 1.914647 6.818701 14.543208
v 1.879574 6.930000 14.276806
v 1.844502 6.818701 14.010405
v 1.829975 6.550000 13.900057
v 1.844502 6.281300 14.010405
v 1.879574 6.170000 14.276806
v 1.914647 6.281300 14.543208
v 2.883430 6.550000 14.496008
v 2.861717 6.818701 14.386847
v 2.809296 6.930000 14.123309
v 2.756875 6.818701 13.859772
v 2.735162 6.550000 13.750610
v 2.756875 6.281300 13.859772
v 2.809296 6.170000 14.123309
v 2.861717 6.281300 14.386847
v 3.825339 6.550000 14.276385
v 3.796532 6.818701 14.168878
v 3.726988 6.930000 13.909333
v 3.657443 6.818701 13.649788
v 3.628637 6.550000 13.542281
v 3.657443 6.281300 13.649788
v 3.726988 6.170000 13.909333
v 3.796532 6.281300 14.168878
v 4.750867 6.550000 13.995629
v 4.715091 6.818701 13.890237
v 4.628720 6.930000 13.635796
v 4.542349 6.818701 13.381355
v 4.506573 6.550000 13.275962
v 4.542349 6.281300 13.381355
v 4.628720 6.170000 13.635796
v 4.715091 6.281300 13.890237
v 5.656065 6.550000 13.654938
v 5.613472 6.818701 13.552111
v 5.510644 6.930000 13.303864
v 5.407817 6.818701 13.055616
v 5.365225 6.550000 12.952789
v 5.407817 6.281300 13.055616
v 5.510644 6.170000 13.303864
v 5.613472 6.281300 13.552111
v 6.537028 6.550000 13.255778
v 6.487802 6.818701 13.155957
v 6.368958 6.930000 12.914967
v 6.250115 6.818701 12.673976
v 6.200889 6.550000 12.574155
v 6.250115 6.281300 12.673976
v 6.368958 6.170000 12.914967
v 6.487802 6.281300 13.155957
v 7.389999 6.550000 12.799856
v 7.334350 6.818701 12.703467
v 7.199999 6.930000 12.470766
v 7.065649 6.818701 12.238065
v 7.009999 6.550000 12.141676
v 7.065649 6.281300 12.238065
v 7.199999 6.170000 12.470766
v 7.334350 6.281300 12.703467
v 8.211327 6.550000 12.289123
v 8.149491 6.818701 12.196580
v 8.000210 6.930000 11.973164
v 7.850927 6.818701 11.749747
v 7.789093 6.550000 11.657205
v 7.850927 6.281300 11.749747
v 8.000210 6.170000 11.973164
v 8.149491 6.281300 12.196580
v 8.997490 6.550000 11.725764
v 8.929735 6.818701 11.637465
v 8.766161 6.930000 11.424290
v 8.602587 6.818701 11.211116
v 8.534832 6.550000 11.122816
v 8.602587 6.281300 11.211116
v 8.766161 6.170000 11.424290
v 8.929735 6.281300 11.637465
v 9.745127 6.550000 11.112197
v 9.671741 6.818701 11.028518
v 9.494576 6.930000 10.826497
v 9.317409 6.818701 10.624477
v 9.244023 6.550000 10.540798
v 9.317409 6.281300 10.624477
v 9.494576 6.170000 10.826497
v 9.671741 6.281300 11.028518
v 10.451033 6.550000 10.451044
v 10.372332 6.818701 10.372343
v 10.182332 6.930000 10.182343
v 9.992332 6.818701 9.992343
v 9.913631 6.550000 9.913642
v 9.992332 6.281300 9.992343
v 10.182332 6.170000 10.182343
v 10.372332 6.281300 10.372343
v 11.112195 6.550000 9.745129
v 11.028516 6.818701 9.671743
v 10.826495 6.930000 9.494576
v 10.624475 6.818701 9.317410
v 10.540796 6.550000 9.244025
v 10.624475 6.281300 9.317410
v 10.826495 6.170000 9.494576
v 11.028516 6.281300 9.671743
v 11.725763 6.550000 8.997492
v 11.637464 6.818701 8.929737
v 11.424289 6.930000 8.766163
v 11.211115 6.818701 8.602588
v 11.122815 6.550000 8.534833
v 11.211115 6.281300 8.602588
v 11.424289 6.170000 8.766163
v 11.637464 6.281300 8.929737
v 12.289121 6.550000 8.211329
v 12.196578 6.818701 8.149493
v 11.973162 6.930000 8.000212
v 11.749745 6.818701 7.850929
v 11.657204 6.550000 7.789094
v 11.749745 6.281300 7.850929
v 11.973162 6.170000 8.000212
v 12.196578 6.281300 8.149493
v 12.799854 6.550000 7.390002
v 12.703465 6.818701 7.334352
v 12.470764 6.930000 7.200002
v 12.238063 6.818701 7.065651
v 12.141675 6.550000 7.010002
v 12.238063 6.281300 7.065651
v 12.470764 6.170000 7.200002
v 12.703465 6.281300 7.334352
v 13.255777 6.550000 6.537030
v 13.155956 6.818701 6.487804
v 12.914966 6.930000 6.368960
v 12.673975 6.818701 6.250117
v 12.574154 6.550000 6.200891
v 12.673975 6.281300 6.250117
v 12.914966 6.170000 6.368960
v 13.155956 6.281300 6.487804
v 13.654937 6.550000 5.656067
v 13.552110 6.818701 5.613474
v 13.303863 6.930000 5.510647
v 13.055615 6.818701 5.407819
v 12.952788 6.550000 5.365227
v 13.055615 6.281300 5.407819
v 13.303863 6.170000 5.510647
v 13.552110 6.281300 5.613474
v 13.995625 6.550000 4.750883
v 13.890231 6.818701 4.715107
v 13.635791 6.930000 4.628736
v 13.381350 6.818701 4.542365
v 13.275957 6.550000 4.506588
v 13.381350 6.281300 4.542365
v 13.635791 6.170000 4.628736
v 13.890231 6.281300 4.715107
v 14.276384 6.550000 3.825341
v 14.168877 6.818701 3.796535
v 13.909332 6.930000 3.726990
v 13.649787 6.818701 3.657445
v 13.542280 6.550000 3.628639
v 13.649787 6.281300 3.657445
v 13.909332 6.170000 3.726990
v 14.168877 6.281300 3.796535
v 14.496007 6.550000 2.883433
v 14.386846 6.818701 2.861719
v 14.123308 6.930000 2.809298
v 13.859771 6.818701 2.756877
v 13.750609 6.550000 2.735164
v 13.859771 6.281300 2.756877
v 14.123308 6.170000 2.809298
v 14.386846 6.281300 2.861719
v 14.653555 6.550000 1.929177
v 14.543208 6.818701 1.914649
v 14.276806 6.930000 1.879577
v 14.010405 6.818701 1.844504
v 13.900057 6.550000 1.829977
v 14.010405 6.281300 1.844504
v 14.276806 6.170000 1.879577
v 14.543208 6.281300 1.914649
v 14.748355 6.550000 0.966660
v 14.637294 6.818701 0.959381
v 14.369168 6.930000 0.941807
v 14.101043 6.818701 0.924233
v 13.989982 6.550000 0.916953
v 14.101043 6.281300 0.924233
v 14.369168 6.170000 0.941807
v 14.637294 6.281300 0.959381
vn 0.9235 0.3825 -0.0302
vn 0.3827 0.9238 -0.0125
vn -0.3827 0.9238 0.0125
vn -0.9235 0.3825 0.0302
vn -0.9235 -0.3825 0.0302
vn -0.3827 -0.9238 0.0125
vn 0.3827 -0.9238 -0.0125
vn 0.9235 -0.3825 -0.0302
vn 0.9195 0.3825 -0.0906
vn 0.3810 0.9238 -0.0375
vn -0.3810 0.9238 0.0375
vn -0.9195 0.3825 0.0906
vn -0.9195 -0.3825 0.0906
vn -0.3810 -0.9238 0.0375
vn 0.3810 -0.9238 -0.0375
vn 0.9195 -0.3825 -0.0906
vn 0.9116 0.3825 -0.1505
vn 0.3777 0.9238 -0.0624
vn -0.3777 0.9238 0.0624
vn -0.9116 0.3825 0.1505
vn -0.9116 -0.3825 0.1505
vn -0.3777 -0.9238 0.0624
vn 0.3777 -0.9238 -0.0624
vn 0.9116 -0.3825 -0.1505
vn 0.8998 0.3825 -0.2098
vn 0.3729 0.9238 -0.0869
vn -0.3729 0.9238 0.0869
vn -0.8998 0.3825 0.2098
vn -0.8998 -0.3825 0.2098
vn -0.3729 -0.9238 0.0869
vn 0.3729 -0.9238 -0.0869
vn 0.8998 -0.3825 -0.2098
vn 0.8842 0.3825 -0.2682
vn 0.3664 0.9238 -0.1111
vn -0.3664 0.9238 0.1111
vn -0.8842 0.3825 0.2682
vn -0.8842 -0.3825 0.2682
vn -0.3664 -0.9238 0.1111
vn 0.3664 -0.9238 -0.1111
vn 0.8842 -0.3825 -0.2682
vn 0.8647 0.3825 -0.3255
vn 0.3583 0.9238 -0.1349
vn -0.3583 0.9238 0.1349
vn -0.8647 0.3825 0.3255
vn -0.8647 -0.3825 0.3255
vn -0.3583 -0.9238 0.1349
vn 0.3583 -0.9238 -0.1349
vn 0.8647 -0.3825 -0.3255
vn 0.8416 0.3825 -0.3813
vn 0.3487 0.9238 -0.1580
vn -0.3487 0.9238 0.1580
vn -0.8416 0.3825 0.3813
vn -0.8416 -0.3825 0.3813
vn -0.3487 -0.9238 0.1580
vn 0.3487 -0.9238 -0.1580
vn 0.8416 -0.3825 -0.3813
vn 0.8149 0.3825 -0.4355
vn 0.3377 0.9238 -0.1805
vn -0.3377 0.9238 0.1805
vn -0.8149 0.3825 0.4355
vn -0.8149 -0.3825 0.4355
vn -0.3377 -0.9238 0.1805
vn 0.3377 -0.9238 -0.1805
vn 0.8149 -0.3825 -0.4355
vn 0.7846 0.3825 -0.4879
vn 0.3251 0.9238 -0.2022
vn -0.3251 0.9238 0.2022
vn -0.7846 0.3825 0.4879
vn -0.7846 -0.3825 0.4879
vn -0.3251 -0.9238 0.2022
vn 0.3251 -0.9238 -0.2022
vn 0.7846 -0.3825 -0.4879
vn 0.7510 0.3825 -0.5382
vn 0.3112 0.9238 -0.2230
vn -0.3112 0.9238 0.2230
vn -0.7510 0.3825 0.5382
vn -0.7510 -0.3825 0.5382
vn -0.3112 -0.9238 0.2230
vn 0.3112 -0.9238 -0.2230
vn 0.7510 -0.3825 -0.5382
vn 0.7142 0.3825 -0.5861
vn 0.2960 0.9238 -0.2429
vn -0.2960 0.9238 0.2429
vn -0.7142 0.3825 0.5861
vn -0.7142 -0.3825 0.5861
vn -0.2960 -0.9238 0.2429
vn 0.2960 -0.9238 -0.2429
vn 0.7142 -0.3825 -0.5861
vn 0.6744 0.3825 -0.6316
vn 0.2794 0.9238 -0.2617
vn -0.2794 0.9238 0.2617
vn -0.6744 0.3825 0.6316
vn -0.6744 -0.3825 0.6316
vn -0.2794 -0.9238 0.2617
vn 0.2794 -0.9238 -0.2617
vn 0.6744 -0.3825 -0.6316
vn 0.6316 0.3825 -0.6744
vn 0.2617 0.9238 -0.2794
vn -0.2617 0.9238 0.2794
vn -0.6316 0.3825 0.6744
vn -0.6316 -0.3825 0.6744
vn -0.2617 -0.9238 0.2794
vn 0.2617 -0.9238 -0.2794
vn 0.6316 -0.3825 -0.6744
vn 0.5861 0.3825 -0.7142
vn 0.2429 0.9238 -0.2960
vn -0.2429 0.9238 0.2960
vn -0.5861 0.3825 0.7142
vn -0.5861 -0.3825 0.7142
vn -0.2429 -0.9238 0.2960
vn 0.2429 -0.9238 -0.2960
vn 0.5861 -0.3825 -0.7142
vn 0.5382 0.3825 -0.7510
vn 0.2230 0.9238 -0.3112
vn -0.2230 0.9238 0.3112
vn -0.5382 0.3825 0.7510
vn -0.5382 -0.3825 0.7510
vn -0.2230 -0.9238 0.3112
vn 0.2230 -0.9238 -0.3112
vn 0.5382 -0.3825 -0.7510
vn 0.4879 0.3825 -0.7846
vn 0.2022 0.9238 -0.3251
vn -0.2022 0.9238 0.3251
vn -0.4879 0.3825 0.7846
vn -0.4879 -0.3825 0.7846
vn -0.2022 -0.9238 0.3251
vn 0.2022 -0.9238 -0.3251
vn 0.4879 -0.3825 -0.7846
vn 0.4355 0.3825 -0.8149
vn 0.1805 0.9238 -0.3377
vn -0.1805 0.9238 0.3377
vn -0.4355 0.3825 0.8149
vn -0.4355 -0.3825 0.8149
vn -0.1805 -0.9238 0.3377
vn 0.1805 -0.9238 -0.3377
vn 0.4355 -0.3825 -0.8149
vn 0.3813 0.3825 -0.8416
vn 0.1580 0.9238 -0.3487
vn -0.1580 0.9238 0.3487
vn -0.3813 0.3825 0.8416
vn -0.3813 -0.3825 0.8416
vn -0.1580 -0.9238 0.3487
vn 0.1580 -0.9238 -0.3487
vn 0.3813 -0.3825 -0.8416
vn 0.3255 0.3825 -0.8647
vn 0.1349 0.9238 -0.3583
vn -0.1349 0.9238 0.3583
vn -0.3255 0.3825 0.8647
vn -0.3255 -0.3825 0.8647
vn -0.1349 -0.9238 0.3583
vn 0.1349 -0.9238 -0.3583
vn 0.3255 -0.3825 -0.8647
vn 0.2682 0.3825 -0.8842
vn 0.1111 0.9238 -0.3664
vn -0.1111 0.9238 0.3664
vn -0.2682 0.3825 0.8842
vn -0.2682 -0.3825 0.8842
vn -0.1111 -0.9238 0.3664
vn 0.1111 -0.9238 -0.3664
vn 0.2682 -0.3825 -0.8842
vn 0.2098 0.3825 -0.8998
vn 0.0869 0.9238 -0.3729
vn -0.0869 0.9238 0.3729
vn -0.2098 0.3825 0.8998
vn -0.2098 -0.3825 0.8998
vn -0.0869 -0.9238 0.3729
vn 0.0869 -0.9238 -0.3729
vn 0.2098 -0.3825 -0.8998
vn 0.1505 0.3825 -0.9116
vn 0.0624 0.9238 -0.3777
vn -0.0624 0.9238 0.3777
vn -0.1505 0.3825 0.9116
vn -0.1505 -0.3825 0.9116
vn -0.0624 -0.9238 0.3777
vn 0.0624 -0.9238 -0.3777
vn 0.1505 -0.3825 -0.9116
vn 0.0906 0.3825 -0.9195
vn 0.0375 0.9238 -0.3810
vn -0.0375 0.9238 0.3810
vn -0.0906 0.3825 0.9195
vn -0.0906 -0.3825 0.9195
vn -0.0375 -0.9238 0.3810
vn 0.0375 -0.9238 -0.3810
vn 0.0906 -0.3825 -0.9195
vn 0.0302 0.3825 -0.9235
vn 0.0125 0.9238 -0.3827
vn -0.0125 0.9238 0.3827
vn -0.0302 0.3825 0.9235
vn -0.0302 -0.3825 0.9235
vn -0.0125 -0.9238 0.3827
vn 0.0125 -0.9238 -0.3827
vn 0.0302 -0.3825 -0.9235
vn -0.0302 0.3825 -0.9235
vn -0.0125 0.9238 -0.3827
vn 0.0125 0.9238 0.3827
vn 0.0302 0.3825 0.9235
vn 0.0302 -0.3825 0.9235
vn 0.0125 -0.9238 0.3827
vn -0.0125 -0.9238 -0.3827
vn -0.0302 -0.3825 -0.9235
vn -0.0906 0.3825 -0.9195
vn -0.0375 0.9238 -0.3810
vn 0.0375 0.9238 0.3810
vn 0.0906 0.3825 0.9195
vn 0.0906 -0.3825 0.9195
vn 0.0375 -0.9238 0.3810
vn -0.0375 -0.9238 -0.3810
vn -0.0906 -0.3825 -0.9195
vn -0.1505 0.3825 -0.9116
vn -0.0624 0.9238 -0.3777
vn 0.0624 0.9238 0.3777
vn 0.1505 0.3825 0.9116
vn 0.1505 -0.3825 0.9116
vn 0.0624 -0.9238 0.3777
vn -0.0624 -0.9238 -0.3777
vn -0.1505 -0.3825 -0.9116
vn -0.2098 0.3825 -0.8998
vn -0.0869 0.9238 -0.3729
vn 0.0869 0.9238 0.3729
vn 0.2098 0.3825 0.8998
vn 0.2098 -0.3825 0.8998
vn 0.0869 -0.9238 0.3729
vn -0.0869 -0.9238 -0.3729
vn -0.2098 -0.3825 -0.8998
vn -0.2682 0.3825 -0.8842
vn -0.1111 0.9238 -0.3664
vn 0.1111 0.9238 0.3664
vn 0.2682 0.3825 0.8842
vn 0.2682 -0.3825 0.8842
vn 0.1111 -0.9238 0.3664
vn -0.1111 -0.9238 -0.3664
vn -0.2682 -0.3825 -0.8842
vn -0.3255 0.3825 -0.8647
vn -0.1349 0.9238 -0.3583
vn 0.1349 0.9238 0.3583
vn 0.3255 0.3825 0.8647
vn 0.3255 -0.3825 0.8647
vn 0.1349 -0.9238 0.3583
vn -0.1349 -0.9238 -0.3583
vn -0.3255 -0.3825 -0.8647
vn -0.3813 0.3825 -0.8416
vn -0.1580 0.9238 -0.3487
vn 0.1580 0.9238 0.3487
vn 0.3813 0.3825 0.8416
vn 0.3813 -0.3825 0.8416
vn 0.1580 -0.9238 0.3487
vn -0.1580 -0.9238 -0.3487
vn -0.3813 -0.3825 -0.8416
vn -0.4355 0.3825 -0.8149
vn -0.1805 0.9238 -0.3377
vn 0.1805 0.9238 0.3377
vn 0.4355 0.3825 0.8149
vn 0.4355 -0.3825 0.8149
vn 0.1805 -0.9238 0.3377
vn -0.1805 -0.9238 -0.3377
vn -0.4355 -0.3825 -0.8149
vn -0.4879 0.3825 -0.7846
vn -0.2022 0.9238 -0.3251
vn 0.2022 0.9238 0.3251
vn 0.4879 0.3825 0.7846
vn 0.4879 -0.3825 0.7846
vn 0.2022 -0.9238 0.3251
vn -0.2022 -0.9238 -0.3251
vn -0.4879 -0.3825 -0.7846
vn -0.5382 0.3825 -0.7510
vn -0.2230 0.9238 -0.3112
vn 0.2230 0.9238 0.3112
vn 0.5382 0.3825 0.7510
vn 0.5382 -0.3825 0.7510
vn 0.2230 -0.9238 0.3112
vn -0.2230 -0.9238 -0.3112
vn -0.5382 -0.3825 -0.7510
vn -0.5861 0.3825 -0.7142
vn -0.2429 0.9238 -0.2960
vn 0.2429 0.9238 0.2960
vn 0.5861 0.3825 0.7142
vn 0.5861 -0.3825 0.7142
vn 0.2429 -0.9238 0.2960
vn -0.2429 -0.9238 -0.2960
vn -0.5861 -0.3825 -0.7142
vn -0.6316 0.3825 -0.6744
vn -0.2617 0.9238 -0.2794
vn 0.2617 0.9238 0.2794
vn 0.6316 0.3825 0.6744
vn 0.6316 -0.3825 0.6744
vn 0.2617 -0.9238 0.2794
vn -0.2617 -0.9238 -0.2794
vn -0.6316 -0.3825 -0.6744
vn -0.6744 0.3825 -0.6316
vn -0.2794 0.9238 -0.2617
vn 0.2794 0.9238 0.2617
vn 0.6744 0.3825 0.6316
vn 0.6744 -0.3825 0.6316
vn 0.2794 -0.9238 0.2617
vn -0.2794 -0.9238 -0.2617
vn -0.6744 -0.3825 -0.6316
vn -0.7142 0.3825 -0.5861
vn -0.2960 0.9238 -0.2429
vn 0.2960 0.9238 0.2429
vn 0.7142 0.3825 0.5861
vn 0.7142 -0.3825 0.5861
vn 0.2960 -0.9238 0.2429
vn -0.2960 -0.9238 -0.2429
vn -0.7142 -0.3825 -0.5861
vn -0.7510 0.3825 -0.5382
vn -0.3112 0.9238 -0.2230
vn 0.3112 0.9238 0.2230
vn 0.7510 0.3825 0.5382
vn 0.7510 -0.3825 0.5382
vn 0.3112 -0.9238 0.2230
vn -0.3112 -0.9238 -0.2230
vn -0.7510 -0.3825 -0.5382
vn -0.7846 0.3825 -0.4879
vn -0.3251 0.9238 -0.2022
vn 0.3251 0.9238 0.2022
vn 0.7846 0.3825 0.4879
vn 0.7846 -0.3825 0.4879
vn 0.3251 -0.9238 0.2022
vn -0.3251 -0.9238 -0.2022
vn -0.7846 -0.3825 -0.4879
vn -0.8149 0.3825 -0.4355
vn -0.3377 0.9238 -0.1805
vn 0.3377 0.9238 0.1805
vn 0.8149 0.3825 0.4355
vn 0.8149 -0.3825 0.4355
vn 0.3377 -0.9238 0.1805
vn -0.3377 -0.9238 -0.1805
vn -0.8149 -0.3825 -0.4355
vn -0.8416 0.3825 -0.3813
vn -0.3487 0.9238 -0.1580
vn 0.3487 0.9238 0.1580
vn 0.8416 0.3825 0.3813
vn 0.8416 -0.3825 0.3813
vn 0.3487 -0.9238 0.1580
vn -0.3487 -0.9238 -0.1580
vn -0.8416 -0.3825 -0.3813
vn -0.8647 0.3825 -0.3255
vn -0.3583 0.9238 -0.1349
vn 0.3583 0.9238 0.1349
vn 0.8647 0.3825 0.3255
vn 0.8647 -0.3825 0.3255
vn 0.3583 -0.9238 0.1349
vn -0.3583 -0.9238 -0.1349
vn -0.8647 -0.3825 -0.3255
vn -0.8842 0.3825 -0.2682
vn -0.3664 0.9238 -0.1111
vn 0.3664 0.9238 0.1111
vn 0.8842 0.3825 0.2682
vn 0.8842 -0.3825 0.2682
vn 0.3664 -0.9238 0.1111
vn -0.3664 -0.9238 -0.1111
vn -0.8842 -0.3825 -0.2682
vn -0.8998 0.3825 -0.2098
vn -0.3729 0.9238 -0.0869
vn 0.3729 0.9238 0.0869
vn 0.8998 0.3825 0.2098
vn 0.8998 -0.3825 0.2098
vn 0.3729 -0.9238 0.0869
vn -0.3729 -0.9238 -0.0869
vn -0.8998 -0.3825 -0.2098
vn -0.9116 0.3825 -0.1505
vn -0.3777 0.9238 -0.0624
vn 0.3777 0.9238 0.0624
vn 0.9116 0.3825 0.1505
vn 0.9116 -0.3825 0.1505
vn 0.3777 -0.9238 0.0624
vn -0.3777 -0.9238 -0.0624
vn -0.9116 -0.3825 -0.1505
vn -0.9195 0.3825 -0.0906
vn -0.3810 0.9238 -0.0375
vn 0.3810 0.9238 0.0375
vn 0.9195 0.3825 0.0906
vn 0.9195 -0.3825 0.0906
vn 0.3810 -0.9238 0.0375
vn -0.3810 -0.9238 -0.0375
vn -0.9195 -0.3825 -0.0906
vn -0.9235 0.3825 -0.0302
vn -0.3827 0.9238 -0.0125
vn 0.3827 0.9238 0.0125
vn 0.9235 0.3825 0.0302
vn 0.9235 -0.3825 0.0302
vn 0.3827 -0.9238 0.0125
vn -0.3827 -0.9238 -0.0125
vn -0.9235 -0.3825 -0.0302
vt 0.500000 0.500000
vt 0.510417 0.500000
vt 0.510417 0.625000
vt 0.500000 0.625000
vt 0.510417 0.750000
vt 0.500000 0.750000
vt 0.510417 0.875000
vt 0.500000 0.875000
vt 0.510417 1.000000
vt 0.500000 1.000000
vt 0.500000 0.000000
vt 0.510417 0.000000
vt 0.510417 0.125000
vt 0.500000 0.125000
vt 0.510417 0.250000
vt 0.500000 0.250000
vt 0.510417 0.375000
vt 0.500000 0.375000
vt 0.520833 0.500000
vt 0.520833 0.625000
vt 0.520833 0.750000
vt 0.520833 0.875000
vt 0.520833 1.000000
vt 0.520833 0.000000
vt 0.520833 0.125000
vt 0.520833 0.250000
vt 0.520833 0.375000
vt 0.531250 0.500000
vt 0.531250 0.625000
vt 0.531250 0.750000
vt 0.531250 0.875000
vt 0.531250 1.000000
vt 0.531250 0.000000
vt 0.531250 0.125000
vt 0.531250 0.250000
vt 0.531250 0.375000
vt 0.541667 0.500000
vt 0.541667 0.625000
vt 0.541667 0.750000
vt 0.541667 0.875000
vt 0.541667 1.000000
vt 0.541667 0.000000
vt 0.541667 0.125000
vt 0.541667 0.250000
vt 0.541667 0.375000
vt 0.552083 0.500000
vt 0.552083 0.625000
vt 0.552083 0.750000
vt 0.552083 0.875000
vt 0.552083 1.000000
vt 0.552083 0.000000
vt 0.552083 0.125000
vt 0.552083 0.250000
vt 0.552083 0.375000
vt 0.562500 0.500000
vt 0.562500 0.625000
vt 0.562500 0.750000
vt 0.562500 0.875000
vt 0.562500 1.000000
vt 0.562500 0.000000
vt 0.562500 0.125000
vt 0.562500 0.250000
vt 0.562500 0.375000
vt 0.572917 0.500000
vt 0.572917 0.625000
vt 0.572917 0.750000
vt 0.572917 0.875000
vt 0.572917 1.000000
vt 0.572917 0.000000
vt 0.572917 0.125000
vt 0.572917 0.250000
vt 0.572917 0.375000
vt 0.583333 0.500000
vt 0.583333 0.625000
vt 0.583333 0.750000
vt 0.583333 0.875000
vt 0.583333 1.000000
vt 0.583333 0.000000
vt 0.583333 0.125000
vt 0.583333 0.250000
vt 0.583333 0.375000
vt 0.593750 0.500000
vt 0.593750 0.625000
vt 0.593750 0.750000
vt 0.593750 0.875000
vt 0.593750 1.000000
vt 0.593750 0.000000
vt 0.593750 0.125000
vt 0.593750 0.250000
vt 0.593750 0.375000
vt 0.604167 0.500000
vt 0.604167 0.625000
vt 0.604167 0.750000
vt 0.604167 0.875000
vt 0.604167 1.000000
vt 0.604167 0.000000
vt 0.604167 0.125000
vt 0.604167 0.250000
vt 0.604167 0.375000
vt 0.614583 0.500000
vt 0.614583 0.625000
vt 0.614583 0.750000
vt 0.614583 0.875000
vt 0.614583 1.000000
vt 0.614583 0.000000
vt 0.614583 0.125000
vt 0.614583 0.250000
vt 0.614583 0.375000
vt 0.625000 0.500000
vt 0.625000 0.625000
vt 0.625000 0.750000
vt 0.625000 0.875000
vt 0.625000 1.000000
vt 0.625000 0.000000
vt 0.625000 0.125000
vt 0.625000 0.250000
vt 0.625000 0.375000
vt 0.635417 0.500000
vt 0.635417 0.625000
vt 0.635417 0.750000
vt 0.635417 0.875000
vt 0.635417 1.000000
vt 0.635417 0.000000
vt 0.635417 0.125000
vt 0.635417 0.250000
vt 0.635417 0.375000
vt 0.645833 0.500000
vt 0.645833 0.625000
vt 0.645833 0.750000
vt 0.645833 0.875000
vt 0.645833 1.000000
vt 0.645833 0.000000
vt 0.645833 0.125000
vt 0.645833 0.250000
vt 0.645833 0.375000
vt 0.656250 0.500000
vt 0.656250 0.625000
vt 0.656250 0.750000
vt 0.656250 0.875000
vt 0.656250 1.000000
vt 0.656250 0.000000
vt 0.656250 0.125000
vt 0.656250 0.250000
vt 0.656250 0.375000
vt 0.666667 0.500000
vt 0.666667 0.625000
vt 0.666667 0.750000
vt 0.666667 0.875000
vt 0.666667 1.000000
vt 0.666667 0.000000
vt 0.666667 0.125000
vt 0.666667 0.250000
vt 0.666667 0.375000
vt 0.677083 0.500000
vt 0.677083 0.625000
vt 0.677083 0.750000
vt 0.677083 0.875000
vt 0.677083 1.000000
vt 0.677083 0.000000
vt 0.677083 0.125000
vt 0.677083 0.250000
vt 0.677083 0.375000
vt 0.687500 0.500000
vt 0.687500 0.625000
vt 0.687500 0.750000
vt 0.687500 0.875000
vt 0.687500 1.000000
vt 0.687500 0.000000
vt 0.687500 0.125000
vt 0.687500 0.250000
vt 0.687500 0.375000
vt 0.697917 0.500000
vt 0.697917 0.625000
vt 0.697917 0.750000
vt 0.697917 0.875000
vt 0.697917 1.000000
vt 0.697917 0.000000
vt 0.697917 0.125000
vt 0.697917 0.250000
vt 0.697917 0.375000
vt 0.708333 0.500000
vt 0.708333 0.625000
vt 0.708333 0.750000
vt 0.708333 0.875000
vt 0.708333 1.000000
vt 0.708333 0.000000
vt 0.708333 0.125000
vt 0.708333 0.250000
vt 0.708333 0.375000
vt 0.718750 0.500000
vt 0.718750 0.625000
vt 0.718750 0.750000
vt 0.718750 0.875000
vt 0.718750 1.000000
vt 0.718750 0.000000
vt 0.718750 0.125000
vt 0.718750 0.250000
vt 0.718750 0.375000
vt 0.729167 0.500000
vt 0.729167 0.625000
vt 0.729167 0.750000
vt 0.729167 0.875000
vt 0.729167 1.000000
vt 0.729167 0.000000
vt 0.729167 0.125000
vt 0.729167 0.250000
vt 0.729167 0.375000
vt 0.739583 0.500000
vt 0.739583 0.625000
vt 0.739583 0.750000
vt 0.739583 0.875000
vt 0.739583 1.000000
vt 0.739583 0.000000
vt 0.739583 0.125000
vt 0.739583 0.250000
vt 0.739583 0.375000
vt 0.750000 0.500000
vt 0.750000 0.625000
vt 0.750000 0.750000
vt 0.750000 0.875000
vt 0.750000 1.000000
vt 0.750000 0.000000
vt 0.750000 0.125000
vt 0.750000 0.250000
vt 0.750000 0.375000
vt 0.760417 0.500000
vt 0.760417 0.625000
vt 0.760417 0.750000
vt 0.760417 0.875000
vt 0.760417 1.000000
vt 0.760417 0.000000
vt 0.760417 0.125000
vt 0.760417 0.250000
vt 0.760417 0.375000
vt 0.770833 0.500000
vt 0.770833 0.625000
vt 0.770833 0.750000
vt 0.770833 0.875000
vt 0.770833 1.000000
vt 0.770833 0.000000
vt 0.770833 0.125000
vt 0.770833 0.250000
vt 0.770833 0.375000
vt 0.781250 0.500000
vt 0.781250 0.625000
vt 0.781250 0.750000
vt 0.781250 0.875000
vt 0.781250 1.000000
vt 0.781250 0.000000
vt 0.781250 0.125000
vt 0.781250 0.250000
vt 0.781250 0.375000
vt 0.791667 0.500000
vt 0.791667 0.625000
vt 0.791667 0.750000
vt 0.791667 0.875000
vt 0.791667 1.000000
vt 0.791667 0.000000
vt 0.791667 0.125000
vt 0.791667 0.250000
vt 0.791667 0.375000
vt 0.802083 0.500000
vt 0.802083 0.625000
vt 0.802083 0.750000
vt 0.802083 0.875000
vt 0.802083 1.000000
vt 0.802083 0.000000
vt 0.802083 0.125000
vt 0.802083 0.250000
vt 0.802083 0.375000
vt 0.812500 0.500000
vt 0.812500 0.625000
vt 0.812500 0.750000
vt 0.812500 0.875000
vt 0.812500 1.000000
vt 0.812500 0.000000
vt 0.812500 0.125000
vt 0.812500 0.250000
vt 0.812500 0.375000
vt 0.822917 0.500000
vt 0.822917 0.625000
vt 0.822917 0.750000
vt 0.822917 0.875000
vt 0.822917 1.000000
vt 0.822917 0.000000
vt 0.822917 0.125000
vt 0.822917 0.250000
vt 0.822917 0.375000
vt 0.833333 0.500000
vt 0.833333 0.625000
vt 0.833333 0.750000
vt 0.833333 0.875000
vt 0.833333 1.000000
vt 0.833333 0.000000
vt 0.833333 0.125000
vt 0.833333 0.250000
vt 0.833333 0.375000
vt 0.843750 0.500000
vt 0.843750 0.625000
vt 0.843750 0.750000
vt 0.843750 0.875000
vt 0.843750 1.000000
vt 0.843750 0.000000
vt 0.843750 0.125000
vt 0.843750 0.250000
vt 0.843750 0.375000
vt 0.854167 0.500000
vt 0.854167 0.625000
vt 0.854167 0.750000
vt 0.854167 0.875000
vt 0.854167 1.000000
vt 0.854167 0.000000
vt 0.854167 0.125000
vt 0.854167 0.250000
vt 0.854167 0.375000
vt 0.864583 0.500000
vt 0.864583 0.625000
vt 0.864583 0.750000
vt 0.864583 0.875000
vt 0.864583 1.000000
vt 0.864583 0.000000
vt 0.864583 0.125000
vt 0.864583 0.250000
vt 0.864583 0.375000
vt 0.875000 0.500000
vt 0.875000 0.625000
vt 0.875000 0.750000
vt 0.875000 0.875000
vt 0.875000 1.000000
vt 0.875000 0.000000
vt 0.875000 0.125000
vt 0.875000 0.250000
vt 0.875000 0.375000
vt 0.885417 0.500000
vt 0.885417 0.625000
vt 0.885417 0.750000
vt 0.885417 0.875000
vt 0.885417 1.000000
vt 0.885417 0.000000
vt 0.885417 0.125000
vt 0.885417 0.250000
vt 0.885417 0.375000
vt 0.895833 0.500000
vt 0.895833 0.625000
vt 0.895833 0.750000
vt 0.895833 0.875000
vt 0.895833 1.000000
vt 0.895833 0.000000
vt 0.895833 0.125000
vt 0.895833 0.250000
vt 0.895833 0.375000
vt 0.906250 0.500000
vt 0.906250 0.625000
vt 0.906250 0.750000
vt 0.906250 0.875000
vt 0.906250 1.000000
vt 0.906250 0.000000
vt 0.906250 0.125000
vt 0.906250 0.250000
vt 0.906250 0.375000
vt 0.916667 0.500000
vt 0.916667 0.625000
vt 0.916667 0.750000
vt 0.916667 0.875000
vt 0.916667 1.000000
vt 0.916667 0.000000
vt 0.916667 0.125000
vt 0.916667 0.250000
vt 0.916667 0.375000
vt 0.927083 0.500000
vt 0.927083 0.625000
vt 0.927083 0.750000
vt 0.927083 0.875000
vt 0.927083 1.000000
vt 0.927083 0.000000
vt 0.927083 0.125000
vt 0.927083 0.250000
vt 0.927083 0.375000
vt 0.937500 0.500000
vt 0.937500 0.625000
vt 0.937500 0.750000
vt 0.937500 0.875000
vt 0.937500 1.000000
vt 0.937500 0.000000
vt 0.937500 0.125000
vt 0.937500 0.250000
vt 0.937500 0.375000
vt 0.947917 0.500000
vt 0.947917 0.625000
vt 0.947917 0.750000
vt 0.947917 0.875000
vt 0.947917 1.000000
vt 0.947917 0.000000
vt 0.947917 0.125000
vt 0.947917 0.250000
vt 0.947917 0.375000
vt 0.958333 0.500000
vt 0.958333 0.625000
vt 0.958333 0.750000
vt 0.958333 0.875000
vt 0.958333 1.000000
vt 0.958333 0.000000
vt 0.958333 0.125000
vt 0.958333 0.250000
vt 0.958333 0.375000
vt 0.968750 0.500000
vt 0.968750 0.625000
vt 0.968750 0.750000
vt 0.968750 0.875000
vt 0.968750 1.000000
vt 0.968750 0.000000
vt 0.968750 0.125000
vt 0.968750 0.250000
vt 0.968750 0.375000
vt 0.979167 0.500000
vt 0.979167 0.625000
vt 0.979167 0.750000
vt 0.979167 0.875000
vt 0.979167 1.000000
vt 0.979167 0.000000
vt 0.979167 0.125000
vt 0.979167 0.250000
vt 0.979167 0.375000
vt 0.989583 0.500000
vt 0.989583 0.625000
vt 0.989583 0.750000
vt 0.989583 0.875000
vt 0.989583 1.000000
vt 0.989583 0.000000
vt 0.989583 0.125000
vt 0.989583 0.250000
vt 0.989583 0.375000
vt 1.000000 0.500000
vt 1.000000 0.625000
vt 1.000000 0.750000
vt 1.000000 0.875000
vt 1.000000 1.000000
vt 1.000000 0.000000
vt 1.000000 0.125000
vt 1.000000 0.250000
vt 1.000000 0.375000
vt -0.000000 0.500000
vt 0.010417 0.500000
vt 0.010417 0.625000
vt -0.000000 0.625000
vt 0.010417 0.750000
vt -0.000000 0.750000
vt 0.010417 0.875000
vt -0.000000 0.875000
vt 0.010417 1.000000
vt -0.000000 1.000000
vt -0.000000 0.000000
vt 0.010417 0.000000
vt 0.010417 0.125000
vt -0.000000 0.125000
vt 0.010417 0.250000
vt -0.000000 0.250000
vt 0.010417 0.375000
vt -0.000000 0.375000
vt 0.020833 0.500000
vt 0.020833 0.625000
vt 0.020833 0.750000
vt 0.020833 0.875000
vt 0.020833 1.000000
vt 0.020833 0.000000
vt 0.020833 0.125000
vt 0.020833 0.250000
vt 0.020833 0.375000
vt 0.031250 0.500000
vt 0.031250 0.625000
vt 0.031250 0.750000
vt 0.031250 0.875000
vt 0.031250 1.000000
vt 0.031250 0.000000
vt 0.031250 0.125000
vt 0.031250 0.250000
vt 0.031250 0.375000
vt 0.041667 0.500000
vt 0.041667 0.625000
vt 0.041667 0.750000
vt 0.041667 0.875000
vt 0.041667 1.000000
vt 0.041667 0.000000
vt 0.041667 0.125000
vt 0.041667 0.250000
vt 0.041667 0.375000
vt 0.052083 0.500000
vt 0.052083 0.625000
vt 0.052083 0.750000
vt 0.052083 0.875000
vt 0.052083 1.000000
vt 0.052083 0.000000
vt 0.052083 0.125000
vt 0.052083 0.250000
vt 0.052083 0.375000
vt 0.062500 0.500000
vt 0.062500 0.625000
vt 0.062500 0.750000
vt 0.062500 0.875000
vt 0.062500 1.000000
vt 0.062500 0.000000
vt 0.062500 0.125000
vt 0.062500 0.250000
vt 0.062500 0.375000
vt 0.072917 0.500000
vt 0.072917 0.625000
vt 0.072917 0.750000
vt 0.072917 0.875000
vt 0.072917 1.000000
vt 0.072917 0.000000
vt 0.072917 0.125000
vt 0.072917 0.250000
vt 0.072917 0.375000
vt 0.083333 0.500000
vt 0.083333 0.625000
vt 0.083333 0.750000
vt 0.083333 0.875000
vt 0.083333 1.000000
vt 0.083333 0.000000
vt 0.083333 0.125000
vt 0.083333 0.250000
vt 0.083333 0.375000
vt 0.093750 0.500000
vt 0.093750 0.625000
vt 0.093750 0.750000
vt 0.093750 0.875000
vt 0.093750 1.000000
vt 0.093750 0.000000
vt 0.093750 0.125000
vt 0.093750 0.250000
vt 0.093750 0.375000
vt 0.104167 0.500000
vt 0.104167 0.625000
vt 0.104167 0.750000
vt 0.104167 0.875000
vt 0.104167 1.000000
vt 0.104167 0.000000
vt 0.104167 0.125000
vt 0.104167 0.250000
vt 0.104167 0.375000
vt 0.114583 0.500000
vt 0.114583 0.625000
vt 0.114583 0.750000
vt 0.114583 0.875000
vt 0.114583 1.000000
vt 0.114583 0.000000
vt 0.114583 0.125000
vt 0.114583 0.250000
vt 0.114583 0.375000
vt 0.125000 0.500000
vt 0.125000 0.625000
vt 0.125000 0.750000
vt 0.125000 0.875000
vt 0.125000 1.000000
vt 0.125000 0.000000
vt 0.125000 0.125000
vt 0.125000 0.250000
vt 0.125000 0.375000
vt 0.135417 0.500000
vt 0.135417 0.625000
vt 0.135417 0.750000
vt 0.135417 0.875000
vt 0.135417 1.000000
vt 0.135417 0.000000
vt 0.135417 0.125000
vt 0.135417 0.250000
vt 0.135417 0.375000
vt 0.145833 0.500000
vt 0.145833 0.625000
vt 0.145833 0.750000
vt 0.145833 0.875000
vt 0.145833 1.000000
vt 0.145833 0.000000
vt 0.145833 0.125000
vt 0.145833 0.250000
vt 0.145833 0.375000
vt 0.156250 0.500000
vt 0.156250 0.625000
vt 0.156250 0.750000
vt 0.156250 0.875000
vt 0.156250 1.000000
vt 0.156250 0.000000
vt 0.156250 0.125000
vt 0.156250 0.250000
vt 0.156250 0.375000
vt 0.166667 0.500000
vt 0.166667 0.625000
vt 0.166667 0.750000
vt 0.166667 0.875000
vt 0.166667 1.000000
vt 0.166667 0.000000
vt 0.166667 0.125000
vt 0.166667 0.250000
vt 0.166667 0.375000
vt 0.177083 0.500000
vt 0.177083 0.625000
vt 0.177083 0.750000
vt 0.177083 0.875000
vt 0.177083 1.000000
vt 0.177083 0.000000
vt 0.177083 0.125000
vt 0.177083 0.250000
vt 0.177083 0.375000
vt 0.187500 0.500000
vt 0.187500 0.625000
vt 0.187500 0.750000
vt 0.187500 0.875000
vt 0.187500 1.000000
vt 0.187500 0.000000
vt 0.187500 0.125000
vt 0.187500 0.250000
vt 0.187500 0.375000
vt 0.197917 0.500000
vt 0.197917 0.625000
vt 0.197917 0.750000
vt 0.197917 0.875000
vt 0.197917 1.000000
vt 0.197917 0.000000
vt 0.197917 0.125000
vt 0.197917 0.250000
vt 0.197917 0.375000
vt 0.208333 0.500000
vt 0.208333 0.625000
vt 0.208333 0.750000
vt 0.208333 0.875000
vt 0.208333 1.000000
vt 0.208333 0.000000
vt 0.208333 0.125000
vt 0.208333 0.250000
vt 0.208333 0.375000
vt 0.218750 0.500000
vt 0.218750 0.625000
vt 0.218750 0.750000
vt 0.218750 0.875000
vt 0.218750 1.000000
vt 0.218750 0.000000
vt 0.218750 0.125000
vt 0.218750 0.250000
vt 0.218750 0.375000
vt 0.229167 0.500000
vt 0.229167 0.625000
vt 0.229167 0.750000
vt 0.229167 0.875000
vt 0.229167 1.000000
vt 0.229167 0.000000
vt 0.229167 0.125000
vt 0.229167 0.250000
vt 0.229167 0.375000
vt 0.239583 0.500000
vt 0.239583 0.625000
vt 0.239583 0.750000
vt 0.239583 0.875000
vt 0.239583 1.000000
vt 0.239583 0.000000
vt 0.239583 0.125000
vt 0.239583 0.250000
vt 0.239583 0.375000
vt 0.250000 0.500000
vt 0.250000 0.625000
vt 0.250000 0.750000
vt 0.250000 0.875000
vt 0.250000 1.000000
vt 0.250000 0.000000
vt 0.250000 0.125000
vt 0.250000 0.250000
vt 0.250000 0.375000
vt 0.260417 0.500000
vt 0.260417 0.625000
vt 0.260417 0.750000
vt 0.260417 0.875000
vt 0.260417 1.000000
vt 0.260417 0.000000
vt 0.260417 0.125000
vt 0.260417 0.250000
vt 0.260417 0.375000
vt 0.270833 0.500000
vt 0.270833 0.625000
vt 0.270833 0.750000
vt 0.270833 0.875000
vt 0.270833 1.000000
vt 0.270833 0.000000
vt 0.270833 0.125000
vt 0.270833 0.250000
vt 0.270833 0.375000
vt 0.281250 0.500000
vt 0.281250 0.625000
vt 0.281250 0.750000
vt 0.281250 0.875000
vt 0.281250 1.000000
vt 0.281250 0.000000
vt 0.281250 0.125000
vt 0.281250 0.250000
vt 0.281250 0.375000
vt 0.291667 0.500000
vt 0.291667 0.625000
vt 0.291667 0.750000
vt 0.291667 0.875000
vt 0.291667 1.000000
vt 0.291667 0.000000
vt 0.291667 0.125000
vt 0.291667 0.250000
vt 0.291667 0.375000
vt 0.302083 0.500000
vt 0.302083 0.625000
vt 0.302083 0.750000
vt 0.302083 0.875000
vt 0.302083 1.000000
vt 0.302083 0.000000
vt 0.302083 0.125000
vt 0.302083 0.250000
vt 0.302083 0.375000
vt 0.312500 0.500000
vt 0.312500 0.625000
vt 0.312500 0.750000
vt 0.312500 0.875000
vt 0.312500 1.000000
vt 0.312500 0.000000
vt 0.312500 0.125000
vt 0.312500 0.250000
vt 0.312500 0.375000
vt 0.322917 0.500000
vt 0.322917 0.625000
vt 0.322917 0.750000
vt 0.322917 0.875000
vt 0.322917 1.000000
vt 0.322917 0.000000
vt 0.322917 0.125000
vt 0.322917 0.250000
vt 0.322917 0.375000
vt 0.333333 0.500000
vt 0.333333 0.625000
vt 0.333333 0.750000
vt 0.333333 0.875000
vt 0.333333 1.000000
vt 0.333333 0.000000
vt 0.333333 0.125000
vt 0.333333 0.250000
vt 0.333333 0.375000
vt 0.343750 0.500000
vt 0.343750 0.625000
vt 0.343750 0.750000
vt 0.343750 0.875000
vt 0.343750 1.000000
vt 0.343750 0.000000
vt 0.343750 0.125000
vt 0.343750 0.250000
vt 0.343750 0.375000
vt 0.354167 0.500000
vt 0.354167 0.625000
vt 0.354167 0.750000
vt 0.354167 0.875000
vt 0.354167 1.000000
vt 0.354167 0.000000
vt 0.354167 0.125000
vt 0.354167 0.250000
vt 0.354167 0.375000
vt 0.364583 0.500000
vt 0.364583 0.625000
vt 0.364583 0.750000
vt 0.364583 0.875000
vt 0.364583 1.000000
vt 0.364583 0.000000
vt 0.364583 0.125000
vt 0.364583 0.250000
vt 0.364583 0.375000
vt 0.375000 0.500000
vt 0.375000 0.625000
vt 0.375000 0.750000
vt 0.375000 0.875000
vt 0.375000 1.000000
vt 0.375000 0.000000
vt 0.375000 0.125000
vt 0.375000 0.250000
vt 0.375000 0.375000
vt 0.385417 0.500000
vt 0.385417 0.625000
vt 0.385417 0.750000
vt 0.385417 0.875000
vt 0.385417 1.000000
vt 0.385417 0.000000
vt 0.385417 0.125000
vt 0.385417 0.250000
vt 0.385417 0.375000
vt 0.395833 0.500000
vt 0.395833 0.625000
vt 0.395833 0.750000
vt 0.395833 0.875000
vt 0.395833 1.000000
vt 0.395833 0.000000
vt 0.395833 0.125000
vt 0.395833 0.250000
vt 0.395833 0.375000
vt 0.406250 0.500000
vt 0.406250 0.625000
vt 0.406250 0.750000
vt 0.406250 0.875000
vt 0.406250 1.000000
vt 0.406250 0.000000
vt 0.406250 0.125000
vt 0.406250 0.250000
vt 0.406250 0.375000
vt 0.416667 0.500000
vt 0.416667 0.625000
vt 0.416667 0.750000
vt 0.416667 0.875000
vt 0.416667 1.000000
vt 0.416667 0.000000
vt 0.416667 0.125000
vt 0.416667 0.250000
vt 0.416667 0.375000
vt 0.427083 0.500000
vt 0.427083 0.625000
vt 0.427083 0.750000
vt 0.427083 0.875000
vt 0.427083 1.000000
vt 0.427083 0.000000
vt 0.427083 0.125000
vt 0.427083 0.250000
vt 0.427083 0.375000
vt 0.437500 0.500000
vt 0.437500 0.625000
vt 0.437500 0.750000
vt 0.437500 0.875000
vt 0.437500 1.000000
vt 0.437500 0.000000
vt 0.437500 0.125000
vt 0.437500 0.250000
vt 0.437500 0.375000
vt 0.447917 0.500000
vt 0.447917 0.625000
vt 0.447917 0.750000
vt 0.447917 0.875000
vt 0.447917 1.000000
vt 0.447917 0.000000
vt 0.447917 0.125000
vt 0.447917 0.250000
vt 0.447917 0.375000
vt 0.458333 0.500000
vt 0.458333 0.625000
vt 0.458333 0.750000
vt 0.458333 0.875000
vt 0.458333 1.000000
vt 0.458333 0.000000
vt 0.458333 0.125000
vt 0.458333 0.250000
vt 0.458333 0.375000
vt 0.468750 0.500000
vt 0.468750 0.625000
vt 0.468750 0.750000
vt 0.468750 0.875000
vt 0.468750 1.000000
vt 0.468750 0.000000
vt 0.468750 0.125000
vt 0.468750 0.250000
vt 0.468750 0.375000
vt 0.479167 0.500000
vt 0.479167 0.625000
vt 0.479167 0.750000
vt 0.479167 0.875000
vt 0.479167 1.000000
vt 0.479167 0.000000
vt 0.479167 0.125000
vt 0.479167 0.250000
vt 0.479167 0.375000
vt 0.489583 0.500000
vt 0.489583 0.625000
vt 0.489583 0.750000
vt 0.489583 0.875000
vt 0.489583 1.000000
vt 0.489583 0.000000
vt 0.489583 0.125000
vt 0.489583 0.250000
vt 0.489583 0.375000
s 0
usemtl DL2_IceBlue
f 1381/1687/1169 1389/1688/1169 1390/1689/1169 1382/1690/1169
f 1382/1690/1170 1390/1689/1170 1391/1691/1170 1383/1692/1170
f 1383/1692/1171 1391/1691/1171 1392/1693/1171 1384/1694/1171
f 1384/1694/1172 1392/1693/1172 1393/1695/1172 1385/1696/1172
f 1385/1697/1173 1393/1698/1173 1394/1699/1173 1386/1700/1173
f 1386/1700/1174 1394/1699/1174 1395/1701/1174 1387/1702/1174
f 1387/1702/1175 1395/1701/1175 1396/1703/1175 1388/1704/1175
f 1388/1704/1176 1396/1703/1176 1389/1688/1176 1381/1687/1176
f 1389/1688/1177 1397/1705/1177 1398/1706/1177 1390/1689/1177
f 1390/1689/1178 1398/1706/1178 1399/1707/1178 1391/1691/1178
f 1391/1691/1179 1399/1707/1179 1400/1708/1179 1392/1693/1179
f 1392/1693/1180 1400/1708/1180 1401/1709/1180 1393/1695/1180
f 1393/1698/1181 1401/1710/1181 1402/1711/1181 1394/1699/1181
f 1394/1699/1182 1402/1711/1182 1403/1712/1182 1395/1701/1182
f 1395/1701/1183 1403/1712/1183 1404/1713/1183 1396/1703/1183
f 1396/1703/1184 1404/1713/1184 1397/1705/1184 1389/1688/1184
f 1397/1705/1185 1405/1714/1185 1406/1715/1185 1398/1706/1185
f 1398/1706/1186 1406/1715/1186 1407/1716/1186 1399/1707/1186
f 1399/1707/1187 1407/1716/1187 1408/1717/1187 1400/1708/1187
f 1400/1708/1188 1408/1717/1188 1409/1718/1188 1401/1709/1188
f 1401/1710/1189 1409/1719/1189 1410/1720/1189 1402/1711/1189
f 1402/1711/1190 1410/1720/1190 1411/1721/1190 1403/1712/1190
f 1403/1712/1191 1411/1721/1191 1412/1722/1191 1404/1713/1191
f 1404/1713/1192 1412/1722/1192 1405/1714/1192 1397/1705/1192
f 1405/1714/1193 1413/1723/1193 1414/1724/1193 1406/1715/1193
f 1406/1715/1194 1414/1724/1194 1415/1725/1194 1407/1716/1194
f 1407/1716/1195 1415/1725/1195 1416/1726/1195 1408/1717/1195
f 1408/1717/1196 1416/1726/1196 1417/1727/1196 1409/1718/1196
f 1409/1719/1197 1417/1728/1197 1418/1729/1197 1410/1720/1197
f 1410/1720/1198 1418/1729/1198 1419/1730/1198 1411/1721/1198
f 1411/1721/1199 1419/1730/1199 1420/1731/1199 1412/1722/1199
f 1412/1722/1200 1420/1731/1200 1413/1723/1200 1405/1714/1200
f 1413/1723/1201 1421/1732/1201 1422/1733/1201 1414/1724/1201
f 1414/1724/1202 1422/1733/1202 1423/1734/1202 1415/1725/1202
f 1415/1725/1203 1423/1734/1203 1424/1735/1203 1416/1726/1203
f 1416/1726/1204 1424/1735/1204 1425/1736/1204 1417/1727/1204
f 1417/1728/1205 1425/1737/1205 1426/1738/1205 1418/1729/1205
f 1418/1729/1206 1426/1738/1206 1427/1739/1206 1419/1730/1206
f 1419/1730/1207 1427/1739/1207 1428/1740/1207 1420/1731/1207
f 1420/1731/1208 1428/1740/1208 1421/1732/1208 1413/1723/1208
f 1421/1732/1209 1429/1741/1209 1430/1742/1209 1422/1733/1209
f 1422/1733/1210 1430/1742/1210 1431/1743/1210 1423/1734/1210
f 1423/1734/1211 1431/1743/1211 1432/1744/1211 1424/1735/1211
f 1424/1735/1212 1432/1744/1212 1433/1745/1212 1425/1736/1212
f 1425/1737/1213 1433/1746/1213 1434/1747/1213 1426/1738/1213
f 1426/1738/1214 1434/1747/1214 1435/1748/1214 1427/1739/1214
f 1427/1739/1215 1435/1748/1215 1436/1749/1215 1428/1740/1215
f 1428/1740/1216 1436/1749/1216 1429/1741/1216 1421/1732/1216
f 1429/1741/1217 1437/1750/1217 1438/1751/1217 1430/1742/1217
f 1430/1742/1218 1438/1751/1218 1439/1752/1218 1431/1743/1218
f 1431/1743/1219 1439/1752/1219 1440/1753/1219 1432/1744/1219
f 1432/1744/1220 1440/1753/1220 1441/1754/1220 1433/1745/1220
f 1433/1746/1221 1441/1755/1221 1442/1756/1221 1434/1747/1221
f 1434/1747/1222 1442/1756/1222 1443/1757/1222 1435/1748/1222
f 1435/1748/1223 1443/1757/1223 1444/1758/1223 1436/1749/1223
f 1436/1749/1224 1444/1758/1224 1437/1750/1224 1429/1741/1224
f 1437/1750/1225 1445/1759/1225 1446/1760/1225 1438/1751/1225
f 1438/1751/1226 1446/1760/1226 1447/1761/1226 1439/1752/1226
f 1439/1752/1227 1447/1761/1227 1448/1762/1227 1440/1753/1227
f 1440/1753/1228 1448/1762/1228 1449/1763/1228 1441/1754/1228
f 1441/1755/1229 1449/1764/1229 1450/1765/1229 1442/1756/1229
f 1442/1756/1230 1450/1765/1230 1451/1766/1230 1443/1757/1230
f 1443/1757/1231 1451/1766/1231 1452/1767/1231 1444/1758/1231
f 1444/1758/1232 1452/1767/1232 1445/1759/1232 1437/1750/1232
f 1445/1759/1233 1453/1768/1233 1454/1769/1233 1446/1760/1233
f 1446/1760/1234 1454/1769/1234 1455/1770/1234 1447/1761/1234
f 1447/1761/1235 1455/1770/1235 1456/1771/1235 1448/1762/1235
f 1448/1762/1236 1456/1771/1236 1457/1772/1236 1449/1763/1236
f 1449/1764/1237 1457/1773/1237 1458/1774/1237 1450/1765/1237
f 1450/1765/1238 1458/1774/1238 1459/1775/1238 1451/1766/1238
f 1451/1766/1239 1459/1775/1239 1460/1776/1239 1452/1767/1239
f 1452/1767/1240 1460/1776/1240 1453/1768/1240 1445/1759/1240
f 1453/1768/1241 1461/1777/1241 1462/1778/1241 1454/1769/1241
f 1454/1769/1242 1462/1778/1242 1463/1779/1242 1455/1770/1242
f 1455/1770/1243 1463/1779/1243 1464/1780/1243 1456/1771/1243
f 1456/1771/1244 1464/1780/1244 1465/1781/1244 1457/1772/1244
f 1457/1773/1245 1465/1782/1245 1466/1783/1245 1458/1774/1245
f 1458/1774/1246 1466/1783/1246 1467/1784/1246 1459/1775/1246
f 1459/1775/1247 1467/1784/1247 1468/1785/1247 1460/1776/1247
f 1460/1776/1248 1468/1785/1248 1461/1777/1248 1453/1768/1248
f 1461/1777/1249 1469/1786/1249 1470/1787/1249 1462/1778/1249
f 1462/1778/1250 1470/1787/1250 1471/1788/1250 1463/1779/1250
f 1463/1779/1251 1471/1788/1251 1472/1789/1251 1464/1780/1251
f 1464/1780/1252 1472/1789/1252 1473/1790/1252 1465/1781/1252
f 1465/1782/1253 1473/1791/1253 1474/1792/1253 1466/1783/1253
f 1466/1783/1254 1474/1792/1254 1475/1793/1254 1467/1784/1254
f 1467/1784/1255 1475/1793/1255 1476/1794/1255 1468/1785/1255
f 1468/1785/1256 1476/1794/1256 1469/1786/1256 1461/1777/1256
f 1469/1786/1257 1477/1795/1257 1478/1796/1257 1470/1787/1257
f 1470/1787/1258 1478/1796/1258 1479/1797/1258 1471/1788/1258
f 1471/1788/1259 1479/1797/1259 1480/1798/1259 1472/1789/1259
f 1472/1789/1260 1480/1798/1260 1481/1799/1260 1473/1790/1260
f 1473/1791/1261 1481/1800/1261 1482/1801/1261 1474/1792/1261
f 1474/1792/1262 1482/1801/1262 1483/1802/1262 1475/1793/1262
f 1475/1793/1263 1483/1802/1263 1484/1803/1263 1476/1794/1263
f 1476/1794/1264 1484/1803/1264 1477/1795/1264 1469/1786/1264
f 1477/1795/1265 1485/1804/1265 1486/1805/1265 1478/1796/1265
f 1478/1796/1266 1486/1805/1266 1487/1806/1266 1479/1797/1266
f 1479/1797/1267 1487/1806/1267 1488/1807/1267 1480/1798/1267
f 1480/1798/1268 1488/1807/1268 1489/1808/1268 1481/1799/1268
f 1481/1800/1269 1489/1809/1269 1490/1810/1269 1482/1801/1269
f 1482/1801/1270 1490/1810/1270 1491/1811/1270 1483/1802/1270
f 1483/1802/1271 1491/1811/1271 1492/1812/1271 1484/1803/1271
f 1484/1803/1272 1492/1812/1272 1485/1804/1272 1477/1795/1272
f 1485/1804/1273 1493/1813/1273 1494/1814/1273 1486/1805/1273
f 1486/1805/1274 1494/1814/1274 1495/1815/1274 1487/1806/1274
f 1487/1806/1275 1495/1815/1275 1496/1816/1275 1488/1807/1275
f 1488/1807/1276 1496/1816/1276 1497/1817/1276 1489/1808/1276
f 1489/1809/1277 1497/1818/1277 1498/1819/1277 1490/1810/1277
f 1490/1810/1278 1498/1819/1278 1499/1820/1278 1491/1811/1278
f 1491/1811/1279 1499/1820/1279 1500/1821/1279 1492/1812/1279
f 1492/1812/1280 1500/1821/1280 1493/1813/1280 1485/1804/1280
f 1493/1813/1281 1501/1822/1281 1502/1823/1281 1494/1814/1281
f 1494/1814/1282 1502/1823/1282 1503/1824/1282 1495/1815/1282
f 1495/1815/1283 1503/1824/1283 1504/1825/1283 1496/1816/1283
f 1496/1816/1284 1504/1825/1284 1505/1826/1284 1497/1817/1284
f 1497/1818/1285 1505/1827/1285 1506/1828/1285 1498/1819/1285
f 1498/1819/1286 1506/1828/1286 1507/1829/1286 1499/1820/1286
f 1499/1820/1287 1507/1829/1287 1508/1830/1287 1500/1821/1287
f 1500/1821/1288 1508/1830/1288 1501/1822/1288 1493/1813/1288
f 1501/1822/1289 1509/1831/1289 1510/1832/1289 1502/1823/1289
f 1502/1823/1290 1510/1832/1290 1511/1833/1290 1503/1824/1290
f 1503/1824/1291 1511/1833/1291 1512/1834/1291 1504/1825/1291
f 1504/1825/1292 1512/1834/1292 1513/1835/1292 1505/1826/1292
f 1505/1827/1293 1513/1836/1293 1514/1837/1293 1506/1828/1293
f 1506/1828/1294 1514/1837/1294 1515/1838/1294 1507/1829/1294
f 1507/1829/1295 1515/1838/1295 1516/1839/1295 1508/1830/1295
f 1508/1830/1296 1516/1839/1296 1509/1831/1296 1501/1822/1296
f 1509/1831/1297 1517/1840/1297 1518/1841/1297 1510/1832/1297
f 1510/1832/1298 1518/1841/1298 1519/1842/1298 1511/1833/1298
f 1511/1833/1299 1519/1842/1299 1520/1843/1299 1512/1834/1299
f 1512/1834/1300 1520/1843/1300 1521/1844/1300 1513/1835/1300
f 1513/1836/1301 1521/1845/1301 1522/1846/1301 1514/1837/1301
f 1514/1837/1302 1522/1846/1302 1523/1847/1302 1515/1838/1302
f 1515/1838/1303 1523/1847/1303 1524/1848/1303 1516/1839/1303
f 1516/1839/1304 1524/1848/1304 1517/1840/1304 1509/1831/1304
f 1517/1840/1305 1525/1849/1305 1526/1850/1305 1518/1841/1305
f 1518/1841/1306 1526/1850/1306 1527/1851/1306 1519/1842/1306
f 1519/1842/1307 1527/1851/1307 1528/1852/1307 1520/1843/1307
f 1520/1843/1308 1528/1852/1308 1529/1853/1308 1521/1844/1308
f 1521/1845/1309 1529/1854/1309 1530/1855/1309 1522/1846/1309
f 1522/1846/1310 1530/1855/1310 1531/1856/1310 1523/1847/1310
f 1523/1847/1311 1531/1856/1311 1532/1857/1311 1524/1848/1311
f 1524/1848/1312 1532/1857/1312 1525/1849/1312 1517/1840/1312
f 1525/1849/1313 1533/1858/1313 1534/1859/1313 1526/1850/1313
f 1526/1850/1314 1534/1859/1314 1535/1860/1314 1527/1851/1314
f 1527/1851/1315 1535/1860/1315 1536/1861/1315 1528/1852/1315
f 1528/1852/1316 1536/1861/1316 1537/1862/1316 1529/1853/1316
f 1529/1854/1317 1537/1863/1317 1538/1864/1317 1530/1855/1317
f 1530/1855/1318 1538/1864/1318 1539/1865/1318 1531/1856/1318
f 1531/1856/1319 1539/1865/1319 1540/1866/1319 1532/1857/1319
f 1532/1857/1320 1540/1866/1320 1533/1858/1320 1525/1849/1320
f 1533/1858/1321 1541/1867/1321 1542/1868/1321 1534/1859/1321
f 1534/1859/1322 1542/1868/1322 1543/1869/1322 1535/1860/1322
f 1535/1860/1323 1543/1869/1323 1544/1870/1323 1536/1861/1323
f 1536/1861/1324 1544/1870/1324 1545/1871/1324 1537/1862/1324
f 1537/1863/1325 1545/1872/1325 1546/1873/1325 1538/1864/1325
f 1538/1864/1326 1546/1873/1326 1547/1874/1326 1539/1865/1326
f 1539/1865/1327 1547/1874/1327 1548/1875/1327 1540/1866/1327
f 1540/1866/1328 1548/1875/1328 1541/1867/1328 1533/1858/1328
f 1541/1867/1329 1549/1876/1329 1550/1877/1329 1542/1868/1329
f 1542/1868/1330 1550/1877/1330 1551/1878/1330 1543/1869/1330
f 1543/1869/1331 1551/1878/1331 1552/1879/1331 1544/1870/1331
f 1544/1870/1332 1552/1879/1332 1553/1880/1332 1545/1871/1332
f 1545/1872/1333 1553/1881/1333 1554/1882/1333 1546/1873/1333
f 1546/1873/1334 1554/1882/1334 1555/1883/1334 1547/1874/1334
f 1547/1874/1335 1555/1883/1335 1556/1884/1335 1548/1875/1335
f 1548/1875/1336 1556/1884/1336 1549/1876/1336 1541/1867/1336
f 1549/1876/1337 1557/1885/1337 1558/1886/1337 1550/1877/1337
f 1550/1877/1338 1558/1886/1338 1559/1887/1338 1551/1878/1338
f 1551/1878/1339 1559/1887/1339 1560/1888/1339 1552/1879/1339
f 1552/1879/1340 1560/1888/1340 1561/1889/1340 1553/1880/1340
f 1553/1881/1341 1561/1890/1341 1562/1891/1341 1554/1882/1341
f 1554/1882/1342 1562/1891/1342 1563/1892/1342 1555/1883/1342
f 1555/1883/1343 1563/1892/1343 1564/1893/1343 1556/1884/1343
f 1556/1884/1344 1564/1893/1344 1557/1885/1344 1549/1876/1344
f 1557/1885/1345 1565/1894/1345 1566/1895/1345 1558/1886/1345
f 1558/1886/1346 1566/1895/1346 1567/1896/1346 1559/1887/1346
f 1559/1887/1347 1567/1896/1347 1568/1897/1347 1560/1888/1347
f 1560/1888/1348 1568/1897/1348 1569/1898/1348 1561/1889/1348
f 1561/1890/1349 1569/1899/1349 1570/1900/1349 1562/1891/1349
f 1562/1891/1350 1570/1900/1350 1571/1901/1350 1563/1892/1350
f 1563/1892/1351 1571/1901/1351 1572/1902/1351 1564/1893/1351
f 1564/1893/1352 1572/1902/1352 1565/1894/1352 1557/1885/1352
f 1565/1894/1353 1573/1903/1353 1574/1904/1353 1566/1895/1353
f 1566/1895/1354 1574/1904/1354 1575/1905/1354 1567/1896/1354
f 1567/1896/1355 1575/1905/1355 1576/1906/1355 1568/1897/1355
f 1568/1897/1356 1576/1906/1356 1577/1907/1356 1569/1898/1356
f 1569/1899/1357 1577/1908/1357 1578/1909/1357 1570/1900/1357
f 1570/1900/1358 1578/1909/1358 1579/1910/1358 1571/1901/1358
f 1571/1901/1359 1579/1910/1359 1580/1911/1359 1572/1902/1359
f 1572/1902/1360 1580/1911/1360 1573/1903/1360 1565/1894/1360
f 1573/1903/1361 1581/1912/1361 1582/1913/1361 1574/1904/1361
f 1574/1904/1362 1582/1913/1362 1583/1914/1362 1575/1905/1362
f 1575/1905/1363 1583/1914/1363 1584/1915/1363 1576/1906/1363
f 1576/1906/1364 1584/1915/1364 1585/1916/1364 1577/1907/1364
f 1577/1908/1365 1585/1917/1365 1586/1918/1365 1578/1909/1365
f 1578/1909/1366 1586/1918/1366 1587/1919/1366 1579/1910/1366
f 1579/1910/1367 1587/1919/1367 1588/1920/1367 1580/1911/1367
f 1580/1911/1368 1588/1920/1368 1581/1912/1368 1573/1903/1368
f 1581/1912/1369 1589/1921/1369 1590/1922/1369 1582/1913/1369
f 1582/1913/1370 1590/1922/1370 1591/1923/1370 1583/1914/1370
f 1583/1914/1371 1591/1923/1371 1592/1924/1371 1584/1915/1371
f 1584/1915/1372 1592/1924/1372 1593/1925/1372 1585/1916/1372
f 1585/1917/1373 1593/1926/1373 1594/1927/1373 1586/1918/1373
f 1586/1918/1374 1594/1927/1374 1595/1928/1374 1587/1919/1374
f 1587/1919/1375 1595/1928/1375 1596/1929/1375 1588/1920/1375
f 1588/1920/1376 1596/1929/1376 1589/1921/1376 1581/1912/1376
f 1589/1921/1377 1597/1930/1377 1598/1931/1377 1590/1922/1377
f 1590/1922/1378 1598/1931/1378 1599/1932/1378 1591/1923/1378
f 1591/1923/1379 1599/1932/1379 1600/1933/1379 1592/1924/1379
f 1592/1924/1380 1600/1933/1380 1601/1934/1380 1593/1925/1380
f 1593/1926/1381 1601/1935/1381 1602/1936/1381 1594/1927/1381
f 1594/1927/1382 1602/1936/1382 1603/1937/1382 1595/1928/1382
f 1595/1928/1383 1603/1937/1383 1604/1938/1383 1596/1929/1383
f 1596/1929/1384 1604/1938/1384 1597/1930/1384 1589/1921/1384
f 1597/1930/1385 1605/1939/1385 1606/1940/1385 1598/1931/1385
f 1598/1931/1386 1606/1940/1386 1607/1941/1386 1599/1932/1386
f 1599/1932/1387 1607/1941/1387 1608/1942/1387 1600/1933/1387
f 1600/1933/1388 1608/1942/1388 1609/1943/1388 1601/1934/1388
f 1601/1935/1389 1609/1944/1389 1610/1945/1389 1602/1936/1389
f 1602/1936/1390 1610/1945/1390 1611/1946/1390 1603/1937/1390
f 1603/1937/1391 1611/1946/1391 1612/1947/1391 1604/1938/1391
f 1604/1938/1392 1612/1947/1392 1605/1939/1392 1597/1930/1392
f 1605/1939/1393 1613/1948/1393 1614/1949/1393 1606/1940/1393
f 1606/1940/1394 1614/1949/1394 1615/1950/1394 1607/1941/1394
f 1607/1941/1395 1615/1950/1395 1616/1951/1395 1608/1942/1395
f 1608/1942/1396 1616/1951/1396 1617/1952/1396 1609/1943/1396
f 1609/1944/1397 1617/1953/1397 1618/1954/1397 1610/1945/1397
f 1610/1945/1398 1618/1954/1398 1619/1955/1398 1611/1946/1398
f 1611/1946/1399 1619/1955/1399 1620/1956/1399 1612/1947/1399
f 1612/1947/1400 1620/1956/1400 1613/1948/1400 1605/1939/1400
f 1613/1948/1401 1621/1957/1401 1622/1958/1401 1614/1949/1401
f 1614/1949/1402 1622/1958/1402 1623/1959/1402 1615/1950/1402
f 1615/1950/1403 1623/1959/1403 1624/1960/1403 1616/1951/1403
f 1616/1951/1404 1624/1960/1404 1625/1961/1404 1617/1952/1404
f 1617/1953/1405 1625/1962/1405 1626/1963/1405 1618/1954/1405
f 1618/1954/1406 1626/1963/1406 1627/1964/1406 1619/1955/1406
f 1619/1955/1407 1627/1964/1407 1628/1965/1407 1620/1956/1407
f 1620/1956/1408 1628/1965/1408 1621/1957/1408 1613/1948/1408
f 1621/1957/1409 1629/1966/1409 1630/1967/1409 1622/1958/1409
f 1622/1958/1410 1630/1967/1410 1631/1968/1410 1623/1959/1410
f 1623/1959/1411 1631/1968/1411 1632/1969/1411 1624/1960/1411
f 1624/1960/1412 1632/1969/1412 1633/1970/1412 1625/1961/1412
f 1625/1962/1413 1633/1971/1413 1634/1972/1413 1626/1963/1413
f 1626/1963/1414 1634/1972/1414 1635/1973/1414 1627/1964/1414
f 1627/1964/1415 1635/1973/1415 1636/1974/1415 1628/1965/1415
f 1628/1965/1416 1636/1974/1416 1629/1966/1416 1621/1957/1416
f 1629/1966/1417 1637/1975/1417 1638/1976/1417 1630/1967/1417
f 1630/1967/1418 1638/1976/1418 1639/1977/1418 1631/1968/1418
f 1631/1968/1419 1639/1977/1419 1640/1978/1419 1632/1969/1419
f 1632/1969/1420 1640/1978/1420 1641/1979/1420 1633/1970/1420
f 1633/1971/1421 1641/1980/1421 1642/1981/1421 1634/1972/1421
f 1634/1972/1422 1642/1981/1422 1643/1982/1422 1635/1973/1422
f 1635/1973/1423 1643/1982/1423 1644/1983/1423 1636/1974/1423
f 1636/1974/1424 1644/1983/1424 1637/1975/1424 1629/1966/1424
f 1637/1975/1425 1645/1984/1425 1646/1985/1425 1638/1976/1425
f 1638/1976/1426 1646/1985/1426 1647/1986/1426 1639/1977/1426
f 1639/1977/1427 1647/1986/1427 1648/1987/1427 1640/1978/1427
f 1640/1978/1428 1648/1987/1428 1649/1988/1428 1641/1979/1428
f 1641/1980/1429 1649/1989/1429 1650/1990/1429 1642/1981/1429
f 1642/1981/1430 1650/1990/1430 1651/1991/1430 1643/1982/1430
f 1643/1982/1431 1651/1991/1431 1652/1992/1431 1644/1983/1431
f 1644/1983/1432 1652/1992/1432 1645/1984/1432 1637/1975/1432
f 1645/1984/1433 1653/1993/1433 1654/1994/1433 1646/1985/1433
f 1646/1985/1434 1654/1994/1434 1655/1995/1434 1647/1986/1434
f 1647/1986/1435 1655/1995/1435 1656/1996/1435 1648/1987/1435
f 1648/1987/1436 1656/1996/1436 1657/1997/1436 1649/1988/1436
f 1649/1989/1437 1657/1998/1437 1658/1999/1437 1650/1990/1437
f 1650/1990/1438 1658/1999/1438 1659/2000/1438 1651/1991/1438
f 1651/1991/1439 1659/2000/1439 1660/2001/1439 1652/1992/1439
f 1652/1992/1440 1660/2001/1440 1653/1993/1440 1645/1984/1440
f 1653/1993/1441 1661/2002/1441 1662/2003/1441 1654/1994/1441
f 1654/1994/1442 1662/2003/1442 1663/2004/1442 1655/1995/1442
f 1655/1995/1443 1663/2004/1443 1664/2005/1443 1656/1996/1443
f 1656/1996/1444 1664/2005/1444 1665/2006/1444 1657/1997/1444
f 1657/1998/1445 1665/2007/1445 1666/2008/1445 1658/1999/1445
f 1658/1999/1446 1666/2008/1446 1667/2009/1446 1659/2000/1446
f 1659/2000/1447 1667/2009/1447 1668/2010/1447 1660/2001/1447
f 1660/2001/1448 1668/2010/1448 1661/2002/1448 1653/1993/1448
f 1661/2002/1449 1669/2011/1449 1670/2012/1449 1662/2003/1449
f 1662/2003/1450 1670/2012/1450 1671/2013/1450 1663/2004/1450
f 1663/2004/1451 1671/2013/1451 1672/2014/1451 1664/2005/1451
f 1664/2005/1452 1672/2014/1452 1673/2015/1452 1665/2006/1452
f 1665/2007/1453 1673/2016/1453 1674/2017/1453 1666/2008/1453
f 1666/2008/1454 1674/2017/1454 1675/2018/1454 1667/2009/1454
f 1667/2009/1455 1675/2018/1455 1676/2019/1455 1668/2010/1455
f 1668/2010/1456 1676/2019/1456 1669/2011/1456 1661/2002/1456
f 1669/2011/1457 1677/2020/1457 1678/2021/1457 1670/2012/1457
f 1670/2012/1458 1678/2021/1458 1679/2022/1458 1671/2013/1458
f 1671/2013/1459 1679/2022/1459 1680/2023/1459 1672/2014/1459
f 1672/2014/1460 1680/2023/1460 1681/2024/1460 1673/2015/1460
f 1673/2016/1461 1681/2025/1461 1682/2026/1461 1674/2017/1461
f 1674/2017/1462 1682/2026/1462 1683/2027/1462 1675/2018/1462
f 1675/2018/1463 1683/2027/1463 1684/2028/1463 1676/2019/1463
f 1676/2019/1464 1684/2028/1464 1677/2020/1464 1669/2011/1464
f 1677/2020/1465 1685/2029/1465 1686/2030/1465 1678/2021/1465
f 1678/2021/1466 1686/2030/1466 1687/2031/1466 1679/2022/1466
f 1679/2022/1467 1687/2031/1467 1688/2032/1467 1680/2023/1467
f 1680/2023/1468 1688/2032/1468 1689/2033/1468 1681/2024/1468
f 1681/2025/1469 1689/2034/1469 1690/2035/1469 1682/2026/1469
f 1682/2026/1470 1690/2035/1470 1691/2036/1470 1683/2027/1470
f 1683/2027/1471 1691/2036/1471 1692/2037/1471 1684/2028/1471
f 1684/2028/1472 1692/2037/1472 1685/2029/1472 1677/2020/1472
f 1685/2029/1473 1693/2038/1473 1694/2039/1473 1686/2030/1473
f 1686/2030/1474 1694/2039/1474 1695/2040/1474 1687/2031/1474
f 1687/2031/1475 1695/2040/1475 1696/2041/1475 1688/2032/1475
f 1688/2032/1476 1696/2041/1476 1697/2042/1476 1689/2033/1476
f 1689/2034/1477 1697/2043/1477 1698/2044/1477 1690/2035/1477
f 1690/2035/1478 1698/2044/1478 1699/2045/1478 1691/2036/1478
f 1691/2036/1479 1699/2045/1479 1700/2046/1479 1692/2037/1479
f 1692/2037/1480 1700/2046/1480 1693/2038/1480 1685/2029/1480
f 1693/2038/1481 1701/2047/1481 1702/2048/1481 1694/2039/1481
f 1694/2039/1482 1702/2048/1482 1703/2049/1482 1695/2040/1482
f 1695/2040/1483 1703/2049/1483 1704/2050/1483 1696/2041/1483
f 1696/2041/1484 1704/2050/1484 1705/2051/1484 1697/2042/1484
f 1697/2043/1485 1705/2052/1485 1706/2053/1485 1698/2044/1485
f 1698/2044/1486 1706/2053/1486 1707/2054/1486 1699/2045/1486
f 1699/2045/1487 1707/2054/1487 1708/2055/1487 1700/2046/1487
f 1700/2046/1488 1708/2055/1488 1701/2047/1488 1693/2038/1488
f 1701/2047/1489 1709/2056/1489 1710/2057/1489 1702/2048/1489
f 1702/2048/1490 1710/2057/1490 1711/2058/1490 1703/2049/1490
f 1703/2049/1491 1711/2058/1491 1712/2059/1491 1704/2050/1491
f 1704/2050/1492 1712/2059/1492 1713/2060/1492 1705/2051/1492
f 1705/2052/1493 1713/2061/1493 1714/2062/1493 1706/2053/1493
f 1706/2053/1494 1714/2062/1494 1715/2063/1494 1707/2054/1494
f 1707/2054/1495 1715/2063/1495 1716/2064/1495 1708/2055/1495
f 1708/2055/1496 1716/2064/1496 1709/2056/1496 1701/2047/1496
f 1709/2056/1497 1717/2065/1497 1718/2066/1497 1710/2057/1497
f 1710/2057/1498 1718/2066/1498 1719/2067/1498 1711/2058/1498
f 1711/2058/1499 1719/2067/1499 1720/2068/1499 1712/2059/1499
f 1712/2059/1500 1720/2068/1500 1721/2069/1500 1713/2060/1500
f 1713/2061/1501 1721/2070/1501 1722/2071/1501 1714/2062/1501
f 1714/2062/1502 1722/2071/1502 1723/2072/1502 1715/2063/1502
f 1715/2063/1503 1723/2072/1503 1724/2073/1503 1716/2064/1503
f 1716/2064/1504 1724/2073/1504 1717/2065/1504 1709/2056/1504
f 1717/2065/1505 1725/2074/1505 1726/2075/1505 1718/2066/1505
f 1718/2066/1506 1726/2075/1506 1727/2076/1506 1719/2067/1506
f 1719/2067/1507 1727/2076/1507 1728/2077/1507 1720/2068/1507
f 1720/2068/1508 1728/2077/1508 1729/2078/1508 1721/2069/1508
f 1721/2070/1509 1729/2079/1509 1730/2080/1509 1722/2071/1509
f 1722/2071/1510 1730/2080/1510 1731/2081/1510 1723/2072/1510
f 1723/2072/1511 1731/2081/1511 1732/2082/1511 1724/2073/1511
f 1724/2073/1512 1732/2082/1512 1725/2074/1512 1717/2065/1512
f 1725/2074/1513 1733/2083/1513 1734/2084/1513 1726/2075/1513
f 1726/2075/1514 1734/2084/1514 1735/2085/1514 1727/2076/1514
f 1727/2076/1515 1735/2085/1515 1736/2086/1515 1728/2077/1515
f 1728/2077/1516 1736/2086/1516 1737/2087/1516 1729/2078/1516
f 1729/2079/1517 1737/2088/1517 1738/2089/1517 1730/2080/1517
f 1730/2080/1518 1738/2089/1518 1739/2090/1518 1731/2081/1518
f 1731/2081/1519 1739/2090/1519 1740/2091/1519 1732/2082/1519
f 1732/2082/1520 1740/2091/1520 1733/2083/1520 1725/2074/1520
f 1733/2083/1521 1741/2092/1521 1742/2093/1521 1734/2084/1521
f 1734/2084/1522 1742/2093/1522 1743/2094/1522 1735/2085/1522
f 1735/2085/1523 1743/2094/1523 1744/2095/1523 1736/2086/1523
f 1736/2086/1524 1744/2095/1524 1745/2096/1524 1737/2087/1524
f 1737/2088/1525 1745/2097/1525 1746/2098/1525 1738/2089/1525
f 1738/2089/1526 1746/2098/1526 1747/2099/1526 1739/2090/1526
f 1739/2090/1527 1747/2099/1527 1748/2100/1527 1740/2091/1527
f 1740/2091/1528 1748/2100/1528 1741/2092/1528 1733/2083/1528
f 1741/2092/1529 1749/2101/1529 1750/2102/1529 1742/2093/1529
f 1742/2093/1530 1750/2102/1530 1751/2103/1530 1743/2094/1530
f 1743/2094/1531 1751/2103/1531 1752/2104/1531 1744/2095/1531
f 1744/2095/1532 1752/2104/1532 1753/2105/1532 1745/2096/1532
f 1745/2097/1533 1753/2106/1533 1754/2107/1533 1746/2098/1533
f 1746/2098/1534 1754/2107/1534 1755/2108/1534 1747/2099/1534
f 1747/2099/1535 1755/2108/1535 1756/2109/1535 1748/2100/1535
f 1748/2100/1536 1756/2109/1536 1749/2101/1536 1741/2092/1536
f 1749/2101/1537 1757/2110/1537 1758/2111/1537 1750/2102/1537
f 1750/2102/1538 1758/2111/1538 1759/2112/1538 1751/2103/1538
f 1751/2103/1539 1759/2112/1539 1760/2113/1539 1752/2104/1539
f 1752/2104/1540 1760/2113/1540 1761/2114/1540 1753/2105/1540
f 1753/2106/1541 1761/2115/1541 1762/2116/1541 1754/2107/1541
f 1754/2107/1542 1762/2116/1542 1763/2117/1542 1755/2108/1542
f 1755/2108/1543 1763/2117/1543 1764/2118/1543 1756/2109/1543
f 1756/2109/1544 1764/2118/1544 1757/2110/1544 1749/2101/1544
f 1757/2110/1545 1765/2119/1545 1766/2120/1545 1758/2111/1545
f 1758/2111/1546 1766/2120/1546 1767/2121/1546 1759/2112/1546
f 1759/2112/1547 1767/2121/1547 1768/2122/1547 1760/2113/1547
f 1760/2113/1548 1768/2122/1548 1769/2123/1548 1761/2114/1548
f 1761/2115/1549 1769/2124/1549 1770/2125/1549 1762/2116/1549
f 1762/2116/1550 1770/2125/1550 1771/2126/1550 1763/2117/1550
f 1763/2117/1551 1771/2126/1551 1772/2127/1551 1764/2118/1551
f 1764/2118/1552 1772/2127/1552 1765/2119/1552 1757/2110/1552
f 1765/2128/1172 1773/2129/1172 1774/2130/1172 1766/2131/1172
f 1766/2131/1171 1774/2130/1171 1775/2132/1171 1767/2133/1171
f 1767/2133/1170 1775/2132/1170 1776/2134/1170 1768/2135/1170
f 1768/2135/1169 1776/2134/1169 1777/2136/1169 1769/2137/1169
f 1769/2138/1176 1777/2139/1176 1778/2140/1176 1770/2141/1176
f 1770/2141/1175 1778/2140/1175 1779/2142/1175 1771/2143/1175
f 1771/2143/1174 1779/2142/1174 1780/2144/1174 1772/2145/1174
f 1772/2145/1173 1780/2144/1173 1773/2129/1173 1765/2128/1173
f 1773/2129/1180 1781/2146/1180 1782/2147/1180 1774/2130/1180
f 1774/2130/1179 1782/2147/1179 1783/2148/1179 1775/2132/1179
f 1775/2132/1178 1783/2148/1178 1784/2149/1178 1776/2134/1178
f 1776/2134/1177 1784/2149/1177 1785/2150/1177 1777/2136/1177
f 1777/2139/1184 1785/2151/1184 1786/2152/1184 1778/2140/1184
f 1778/2140/1183 1786/2152/1183 1787/2153/1183 1779/2142/1183
f 1779/2142/1182 1787/2153/1182 1788/2154/1182 1780/2144/1182
f 1780/2144/1181 1788/2154/1181 1781/2146/1181 1773/2129/1181
f 1781/2146/1188 1789/2155/1188 1790/2156/1188 1782/2147/1188
f 1782/2147/1187 1790/2156/1187 1791/2157/1187 1783/2148/1187
f 1783/2148/1186 1791/2157/1186 1792/2158/1186 1784/2149/1186
f 1784/2149/1185 1792/2158/1185 1793/2159/1185 1785/2150/1185
f 1785/2151/1192 1793/2160/1192 1794/2161/1192 1786/2152/1192
f 1786/2152/1191 1794/2161/1191 1795/2162/1191 1787/2153/1191
f 1787/2153/1190 1795/2162/1190 1796/2163/1190 1788/2154/1190
f 1788/2154/1189 1796/2163/1189 1789/2155/1189 1781/2146/1189
f 1789/2155/1196 1797/2164/1196 1798/2165/1196 1790/2156/1196
f 1790/2156/1195 1798/2165/1195 1799/2166/1195 1791/2157/1195
f 1791/2157/1194 1799/2166/1194 1800/2167/1194 1792/2158/1194
f 1792/2158/1193 1800/2167/1193 1801/2168/1193 1793/2159/1193
f 1793/2160/1200 1801/2169/1200 1802/2170/1200 1794/2161/1200
f 1794/2161/1199 1802/2170/1199 1803/2171/1199 1795/2162/1199
f 1795/2162/1198 1803/2171/1198 1804/2172/1198 1796/2163/1198
f 1796/2163/1197 1804/2172/1197 1797/2164/1197 1789/2155/1197
f 1797/2164/1204 1805/2173/1204 1806/2174/1204 1798/2165/1204
f 1798/2165/1203 1806/2174/1203 1807/2175/1203 1799/2166/1203
f 1799/2166/1202 1807/2175/1202 1808/2176/1202 1800/2167/1202
f 1800/2167/1201 1808/2176/1201 1809/2177/1201 1801/2168/1201
f 1801/2169/1208 1809/2178/1208 1810/2179/1208 1802/2170/1208
f 1802/2170/1207 1810/2179/1207 1811/2180/1207 1803/2171/1207
f 1803/2171/1206 1811/2180/1206 1812/2181/1206 1804/2172/1206
f 1804/2172/1205 1812/2181/1205 1805/2173/1205 1797/2164/1205
f 1805/2173/1212 1813/2182/1212 1814/2183/1212 1806/2174/1212
f 1806/2174/1211 1814/2183/1211 1815/2184/1211 1807/2175/1211
f 1807/2175/1210 1815/2184/1210 1816/2185/1210 1808/2176/1210
f 1808/2176/1209 1816/2185/1209 1817/2186/1209 1809/2177/1209
f 1809/2178/1216 1817/2187/1216 1818/2188/1216 1810/2179/1216
f 1810/2179/1215 1818/2188/1215 1819/2189/1215 1811/2180/1215
f 1811/2180/1214 1819/2189/1214 1820/2190/1214 1812/2181/1214
f 1812/2181/1213 1820/2190/1213 1813/2182/1213 1805/2173/1213
f 1813/2182/1220 1821/2191/1220 1822/2192/1220 1814/2183/1220
f 1814/2183/1219 1822/2192/1219 1823/2193/1219 1815/2184/1219
f 1815/2184/1218 1823/2193/1218 1824/2194/1218 1816/2185/1218
f 1816/2185/1217 1824/2194/1217 1825/2195/1217 1817/2186/1217
f 1817/2187/1224 1825/2196/1224 1826/2197/1224 1818/2188/1224
f 1818/2188/1223 1826/2197/1223 1827/2198/1223 1819/2189/1223
f 1819/2189/1222 1827/2198/1222 1828/2199/1222 1820/2190/1222
f 1820/2190/1221 1828/2199/1221 1821/2191/1221 1813/2182/1221
f 1821/2191/1228 1829/2200/1228 1830/2201/1228 1822/2192/1228
f 1822/2192/1227 1830/2201/1227 1831/2202/1227 1823/2193/1227
f 1823/2193/1226 1831/2202/1226 1832/2203/1226 1824/2194/1226
f 1824/2194/1225 1832/2203/1225 1833/2204/1225 1825/2195/1225
f 1825/2196/1232 1833/2205/1232 1834/2206/1232 1826/2197/1232
f 1826/2197/1231 1834/2206/1231 1835/2207/1231 1827/2198/1231
f 1827/2198/1230 1835/2207/1230 1836/2208/1230 1828/2199/1230
f 1828/2199/1229 1836/2208/1229 1829/2200/1229 1821/2191/1229
f 1829/2200/1236 1837/2209/1236 1838/2210/1236 1830/2201/1236
f 1830/2201/1235 1838/2210/1235 1839/2211/1235 1831/2202/1235
f 1831/2202/1234 1839/2211/1234 1840/2212/1234 1832/2203/1234
f 1832/2203/1233 1840/2212/1233 1841/2213/1233 1833/2204/1233
f 1833/2205/1240 1841/2214/1240 1842/2215/1240 1834/2206/1240
f 1834/2206/1239 1842/2215/1239 1843/2216/1239 1835/2207/1239
f 1835/2207/1238 1843/2216/1238 1844/2217/1238 1836/2208/1238
f 1836/2208/1237 1844/2217/1237 1837/2209/1237 1829/2200/1237
f 1837/2209/1244 1845/2218/1244 1846/2219/1244 1838/2210/1244
f 1838/2210/1243 1846/2219/1243 1847/2220/1243 1839/2211/1243
f 1839/2211/1242 1847/2220/1242 1848/2221/1242 1840/2212/1242
f 1840/2212/1241 1848/2221/1241 1849/2222/1241 1841/2213/1241
f 1841/2214/1248 1849/2223/1248 1850/2224/1248 1842/2215/1248
f 1842/2215/1247 1850/2224/1247 1851/2225/1247 1843/2216/1247
f 1843/2216/1246 1851/2225/1246 1852/2226/1246 1844/2217/1246
f 1844/2217/1245 1852/2226/1245 1845/2218/1245 1837/2209/1245
f 1845/2218/1252 1853/2227/1252 1854/2228/1252 1846/2219/1252
f 1846/2219/1251 1854/2228/1251 1855/2229/1251 1847/2220/1251
f 1847/2220/1250 1855/2229/1250 1856/2230/1250 1848/2221/1250
f 1848/2221/1249 1856/2230/1249 1857/2231/1249 1849/2222/1249
f 1849/2223/1256 1857/2232/1256 1858/2233/1256 1850/2224/1256
f 1850/2224/1255 1858/2233/1255 1859/2234/1255 1851/2225/1255
f 1851/2225/1254 1859/2234/1254 1860/2235/1254 1852/2226/1254
f 1852/2226/1253 1860/2235/1253 1853/2227/1253 1845/2218/1253
f 1853/2227/1260 1861/2236/1260 1862/2237/1260 1854/2228/1260
f 1854/2228/1259 1862/2237/1259 1863/2238/1259 1855/2229/1259
f 1855/2229/1258 1863/2238/1258 1864/2239/1258 1856/2230/1258
f 1856/2230/1257 1864/2239/1257 1865/2240/1257 1857/2231/1257
f 1857/2232/1264 1865/2241/1264 1866/2242/1264 1858/2233/1264
f 1858/2233/1263 1866/2242/1263 1867/2243/1263 1859/2234/1263
f 1859/2234/1262 1867/2243/1262 1868/2244/1262 1860/2235/1262
f 1860/2235/1261 1868/2244/1261 1861/2236/1261 1853/2227/1261
f 1861/2236/1268 1869/2245/1268 1870/2246/1268 1862/2237/1268
f 1862/2237/1267 1870/2246/1267 1871/2247/1267 1863/2238/1267
f 1863/2238/1266 1871/2247/1266 1872/2248/1266 1864/2239/1266
f 1864/2239/1265 1872/2248/1265 1873/2249/1265 1865/2240/1265
f 1865/2241/1272 1873/2250/1272 1874/2251/1272 1866/2242/1272
f 1866/2242/1271 1874/2251/1271 1875/2252/1271 1867/2243/1271
f 1867/2243/1270 1875/2252/1270 1876/2253/1270 1868/2244/1270
f 1868/2244/1269 1876/2253/1269 1869/2245/1269 1861/2236/1269
f 1869/2245/1276 1877/2254/1276 1878/2255/1276 1870/2246/1276
f 1870/2246/1275 1878/2255/1275 1879/2256/1275 1871/2247/1275
f 1871/2247/1274 1879/2256/1274 1880/2257/1274 1872/2248/1274
f 1872/2248/1273 1880/2257/1273 1881/2258/1273 1873/2249/1273
f 1873/2250/1280 1881/2259/1280 1882/2260/1280 1874/2251/1280
f 1874/2251/1279 1882/2260/1279 1883/2261/1279 1875/2252/1279
f 1875/2252/1278 1883/2261/1278 1884/2262/1278 1876/2253/1278
f 1876/2253/1277 1884/2262/1277 1877/2254/1277 1869/2245/1277
f 1877/2254/1284 1885/2263/1284 1886/2264/1284 1878/2255/1284
f 1878/2255/1283 1886/2264/1283 1887/2265/1283 1879/2256/1283
f 1879/2256/1282 1887/2265/1282 1888/2266/1282 1880/2257/1282
f 1880/2257/1281 1888/2266/1281 1889/2267/1281 1881/2258/1281
f 1881/2259/1288 1889/2268/1288 1890/2269/1288 1882/2260/1288
f 1882/2260/1287 1890/2269/1287 1891/2270/1287 1883/2261/1287
f 1883/2261/1286 1891/2270/1286 1892/2271/1286 1884/2262/1286
f 1884/2262/1285 1892/2271/1285 1885/2263/1285 1877/2254/1285
f 1885/2263/1292 1893/2272/1292 1894/2273/1292 1886/2264/1292
f 1886/2264/1291 1894/2273/1291 1895/2274/1291 1887/2265/1291
f 1887/2265/1290 1895/2274/1290 1896/2275/1290 1888/2266/1290
f 1888/2266/1289 1896/2275/1289 1897/2276/1289 1889/2267/1289
f 1889/2268/1296 1897/2277/1296 1898/2278/1296 1890/2269/1296
f 1890/2269/1295 1898/2278/1295 1899/2279/1295 1891/2270/1295
f 1891/2270/1294 1899/2279/1294 1900/2280/1294 1892/2271/1294
f 1892/2271/1293 1900/2280/1293 1893/2272/1293 1885/2263/1293
f 1893/2272/1300 1901/2281/1300 1902/2282/1300 1894/2273/1300
f 1894/2273/1299 1902/2282/1299 1903/2283/1299 1895/2274/1299
f 1895/2274/1298 1903/2283/1298 1904/2284/1298 1896/2275/1298
f 1896/2275/1297 1904/2284/1297 1905/2285/1297 1897/2276/1297
f 1897/2277/1304 1905/2286/1304 1906/2287/1304 1898/2278/1304
f 1898/2278/1303 1906/2287/1303 1907/2288/1303 1899/2279/1303
f 1899/2279/1302 1907/2288/1302 1908/2289/1302 1900/2280/1302
f 1900/2280/1301 1908/2289/1301 1901/2281/1301 1893/2272/1301
f 1901/2281/1308 1909/2290/1308 1910/2291/1308 1902/2282/1308
f 1902/2282/1307 1910/2291/1307 1911/2292/1307 1903/2283/1307
f 1903/2283/1306 1911/2292/1306 1912/2293/1306 1904/2284/1306
f 1904/2284/1305 1912/2293/1305 1913/2294/1305 1905/2285/1305
f 1905/2286/1312 1913/2295/1312 1914/2296/1312 1906/2287/1312
f 1906/2287/1311 1914/2296/1311 1915/2297/1311 1907/2288/1311
f 1907/2288/1310 1915/2297/1310 1916/2298/1310 1908/2289/1310
f 1908/2289/1309 1916/2298/1309 1909/2290/1309 1901/2281/1309
f 1909/2290/1316 1917/2299/1316 1918/2300/1316 1910/2291/1316
f 1910/2291/1315 1918/2300/1315 1919/2301/1315 1911/2292/1315
f 1911/2292/1314 1919/2301/1314 1920/2302/1314 1912/2293/1314
f 1912/2293/1313 1920/2302/1313 1921/2303/1313 1913/2294/1313
f 1913/2295/1320 1921/2304/1320 1922/2305/1320 1914/2296/1320
f 1914/2296/1319 1922/2305/1319 1923/2306/1319 1915/2297/1319
f 1915/2297/1318 1923/2306/1318 1924/2307/1318 1916/2298/1318
f 1916/2298/1317 1924/2307/1317 1917/2299/1317 1909/2290/1317
f 1917/2299/1324 1925/2308/1324 1926/2309/1324 1918/2300/1324
f 1918/2300/1323 1926/2309/1323 1927/2310/1323 1919/2301/1323
f 1919/2301/1322 1927/2310/1322 1928/2311/1322 1920/2302/1322
f 1920/2302/1321 1928/2311/1321 1929/2312/1321 1921/2303/1321
f 1921/2304/1328 1929/2313/1328 1930/2314/1328 1922/2305/1328
f 1922/2305/1327 1930/2314/1327 1931/2315/1327 1923/2306/1327
f 1923/2306/1326 1931/2315/1326 1932/2316/1326 1924/2307/1326
f 1924/2307/1325 1932/2316/1325 1925/2308/1325 1917/2299/1325
f 1925/2308/1332 1933/2317/1332 1934/2318/1332 1926/2309/1332
f 1926/2309/1331 1934/2318/1331 1935/2319/1331 1927/2310/1331
f 1927/2310/1330 1935/2319/1330 1936/2320/1330 1928/2311/1330
f 1928/2311/1329 1936/2320/1329 1937/2321/1329 1929/2312/1329
f 1929/2313/1336 1937/2322/1336 1938/2323/1336 1930/2314/1336
f 1930/2314/1335 1938/2323/1335 1939/2324/1335 1931/2315/1335
f 1931/2315/1334 1939/2324/1334 1940/2325/1334 1932/2316/1334
f 1932/2316/1333 1940/2325/1333 1933/2317/1333 1925/2308/1333
f 1933/2317/1340 1941/2326/1340 1942/2327/1340 1934/2318/1340
f 1934/2318/1339 1942/2327/1339 1943/2328/1339 1935/2319/1339
f 1935/2319/1338 1943/2328/1338 1944/2329/1338 1936/2320/1338
f 1936/2320/1337 1944/2329/1337 1945/2330/1337 1937/2321/1337
f 1937/2322/1344 1945/2331/1344 1946/2332/1344 1938/2323/1344
f 1938/2323/1343 1946/2332/1343 1947/2333/1343 1939/2324/1343
f 1939/2324/1342 1947/2333/1342 1948/2334/1342 1940/2325/1342
f 1940/2325/1341 1948/2334/1341 1941/2326/1341 1933/2317/1341
f 1941/2326/1348 1949/2335/1348 1950/2336/1348 1942/2327/1348
f 1942/2327/1347 1950/2336/1347 1951/2337/1347 1943/2328/1347
f 1943/2328/1346 1951/2337/1346 1952/2338/1346 1944/2329/1346
f 1944/2329/1345 1952/2338/1345 1953/2339/1345 1945/2330/1345
f 1945/2331/1352 1953/2340/1352 1954/2341/1352 1946/2332/1352
f 1946/2332/1351 1954/2341/1351 1955/2342/1351 1947/2333/1351
f 1947/2333/1350 1955/2342/1350 1956/2343/1350 1948/2334/1350
f 1948/2334/1349 1956/2343/1349 1949/2335/1349 1941/2326/1349
f 1949/2335/1356 1957/2344/1356 1958/2345/1356 1950/2336/1356
f 1950/2336/1355 1958/2345/1355 1959/2346/1355 1951/2337/1355
f 1951/2337/1354 1959/2346/1354 1960/2347/1354 1952/2338/1354
f 1952/2338/1353 1960/2347/1353 1961/2348/1353 1953/2339/1353
f 1953/2340/1360 1961/2349/1360 1962/2350/1360 1954/2341/1360
f 1954/2341/1359 1962/2350/1359 1963/2351/1359 1955/2342/1359
f 1955/2342/1358 1963/2351/1358 1964/2352/1358 1956/2343/1358
f 1956/2343/1357 1964/2352/1357 1957/2344/1357 1949/2335/1357
f 1957/2344/1364 1965/2353/1364 1966/2354/1364 1958/2345/1364
f 1958/2345/1363 1966/2354/1363 1967/2355/1363 1959/2346/1363
f 1959/2346/1362 1967/2355/1362 1968/2356/1362 1960/2347/1362
f 1960/2347/1361 1968/2356/1361 1969/2357/1361 1961/2348/1361
f 1961/2349/1368 1969/2358/1368 1970/2359/1368 1962/2350/1368
f 1962/2350/1367 1970/2359/1367 1971/2360/1367 1963/2351/1367
f 1963/2351/1366 1971/2360/1366 1972/2361/1366 1964/2352/1366
f 1964/2352/1365 1972/2361/1365 1965/2353/1365 1957/2344/1365
f 1965/2353/1372 1973/2362/1372 1974/2363/1372 1966/2354/1372
f 1966/2354/1371 1974/2363/1371 1975/2364/1371 1967/2355/1371
f 1967/2355/1370 1975/2364/1370 1976/2365/1370 1968/2356/1370
f 1968/2356/1369 1976/2365/1369 1977/2366/1369 1969/2357/1369
f 1969/2358/1376 1977/2367/1376 1978/2368/1376 1970/2359/1376
f 1970/2359/1375 1978/2368/1375 1979/2369/1375 1971/2360/1375
f 1971/2360/1374 1979/2369/1374 1980/2370/1374 1972/2361/1374
f 1972/2361/1373 1980/2370/1373 1973/2362/1373 1965/2353/1373
f 1973/2362/1380 1981/2371/1380 1982/2372/1380 1974/2363/1380
f 1974/2363/1379 1982/2372/1379 1983/2373/1379 1975/2364/1379
f 1975/2364/1378 1983/2373/1378 1984/2374/1378 1976/2365/1378
f 1976/2365/1377 1984/2374/1377 1985/2375/1377 1977/2366/1377
f 1977/2367/1384 1985/2376/1384 1986/2377/1384 1978/2368/1384
f 1978/2368/1383 1986/2377/1383 1987/2378/1383 1979/2369/1383
f 1979/2369/1382 1987/2378/1382 1988/2379/1382 1980/2370/1382
f 1980/2370/1381 1988/2379/1381 1981/2371/1381 1973/2362/1381
f 1981/2371/1388 1989/2380/1388 1990/2381/1388 1982/2372/1388
f 1982/2372/1387 1990/2381/1387 1991/2382/1387 1983/2373/1387
f 1983/2373/1386 1991/2382/1386 1992/2383/1386 1984/2374/1386
f 1984/2374/1385 1992/2383/1385 1993/2384/1385 1985/2375/1385
f 1985/2376/1392 1993/2385/1392 1994/2386/1392 1986/2377/1392
f 1986/2377/1391 1994/2386/1391 1995/2387/1391 1987/2378/1391
f 1987/2378/1390 1995/2387/1390 1996/2388/1390 1988/2379/1390
f 1988/2379/1389 1996/2388/1389 1989/2380/1389 1981/2371/1389
f 1989/2380/1396 1997/2389/1396 1998/2390/1396 1990/2381/1396
f 1990/2381/1395 1998/2390/1395 1999/2391/1395 1991/2382/1395
f 1991/2382/1394 1999/2391/1394 2000/2392/1394 1992/2383/1394
f 1992/2383/1393 2000/2392/1393 2001/2393/1393 1993/2384/1393
f 1993/2385/1400 2001/2394/1400 2002/2395/1400 1994/2386/1400
f 1994/2386/1399 2002/2395/1399 2003/2396/1399 1995/2387/1399
f 1995/2387/1398 2003/2396/1398 2004/2397/1398 1996/2388/1398
f 1996/2388/1397 2004/2397/1397 1997/2389/1397 1989/2380/1397
f 1997/2389/1404 2005/2398/1404 2006/2399/1404 1998/2390/1404
f 1998/2390/1403 2006/2399/1403 2007/2400/1403 1999/2391/1403
f 1999/2391/1402 2007/2400/1402 2008/2401/1402 2000/2392/1402
f 2000/2392/1401 2008/2401/1401 2009/2402/1401 2001/2393/1401
f 2001/2394/1408 2009/2403/1408 2010/2404/1408 2002/2395/1408
f 2002/2395/1407 2010/2404/1407 2011/2405/1407 2003/2396/1407
f 2003/2396/1406 2011/2405/1406 2012/2406/1406 2004/2397/1406
f 2004/2397/1405 2012/2406/1405 2005/2398/1405 1997/2389/1405
f 2005/2398/1412 2013/2407/1412 2014/2408/1412 2006/2399/1412
f 2006/2399/1411 2014/2408/1411 2015/2409/1411 2007/2400/1411
f 2007/2400/1410 2015/2409/1410 2016/2410/1410 2008/2401/1410
f 2008/2401/1409 2016/2410/1409 2017/2411/1409 2009/2402/1409
f 2009/2403/1416 2017/2412/1416 2018/2413/1416 2010/2404/1416
f 2010/2404/1415 2018/2413/1415 2019/2414/1415 2011/2405/1415
f 2011/2405/1414 2019/2414/1414 2020/2415/1414 2012/2406/1414
f 2012/2406/1413 2020/2415/1413 2013/2407/1413 2005/2398/1413
f 2013/2407/1420 2021/2416/1420 2022/2417/1420 2014/2408/1420
f 2014/2408/1419 2022/2417/1419 2023/2418/1419 2015/2409/1419
f 2015/2409/1418 2023/2418/1418 2024/2419/1418 2016/2410/1418
f 2016/2410/1417 2024/2419/1417 2025/2420/1417 2017/2411/1417
f 2017/2412/1424 2025/2421/1424 2026/2422/1424 2018/2413/1424
f 2018/2413/1423 2026/2422/1423 2027/2423/1423 2019/2414/1423
f 2019/2414/1422 2027/2423/1422 2028/2424/1422 2020/2415/1422
f 2020/2415/1421 2028/2424/1421 2021/2416/1421 2013/2407/1421
f 2021/2416/1428 2029/2425/1428 2030/2426/1428 2022/2417/1428
f 2022/2417/1427 2030/2426/1427 2031/2427/1427 2023/2418/1427
f 2023/2418/1426 2031/2427/1426 2032/2428/1426 2024/2419/1426
f 2024/2419/1425 2032/2428/1425 2033/2429/1425 2025/2420/1425
f 2025/2421/1432 2033/2430/1432 2034/2431/1432 2026/2422/1432
f 2026/2422/1431 2034/2431/1431 2035/2432/1431 2027/2423/1431
f 2027/2423/1430 2035/2432/1430 2036/2433/1430 2028/2424/1430
f 2028/2424/1429 2036/2433/1429 2029/2425/1429 2021/2416/1429
f 2029/2425/1436 2037/2434/1436 2038/2435/1436 2030/2426/1436
f 2030/2426/1435 2038/2435/1435 2039/2436/1435 2031/2427/1435
f 2031/2427/1434 2039/2436/1434 2040/2437/1434 2032/2428/1434
f 2032/2428/1433 2040/2437/1433 2041/2438/1433 2033/2429/1433
f 2033/2430/1440 2041/2439/1440 2042/2440/1440 2034/2431/1440
f 2034/2431/1439 2042/2440/1439 2043/2441/1439 2035/2432/1439
f 2035/2432/1438 2043/2441/1438 2044/2442/1438 2036/2433/1438
f 2036/2433/1437 2044/2442/1437 2037/2434/1437 2029/2425/1437
f 2037/2434/1444 2045/2443/1444 2046/2444/1444 2038/2435/1444
f 2038/2435/1443 2046/2444/1443 2047/2445/1443 2039/2436/1443
f 2039/2436/1442 2047/2445/1442 2048/2446/1442 2040/2437/1442
f 2040/2437/1441 2048/2446/1441 2049/2447/1441 2041/2438/1441
f 2041/2439/1448 2049/2448/1448 2050/2449/1448 2042/2440/1448
f 2042/2440/1447 2050/2449/1447 2051/2450/1447 2043/2441/1447
f 2043/2441/1446 2051/2450/1446 2052/2451/1446 2044/2442/1446
f 2044/2442/1445 2052/2451/1445 2045/2443/1445 2037/2434/1445
f 2045/2443/1452 2053/2452/1452 2054/2453/1452 2046/2444/1452
f 2046/2444/1451 2054/2453/1451 2055/2454/1451 2047/2445/1451
f 2047/2445/1450 2055/2454/1450 2056/2455/1450 2048/2446/1450
f 2048/2446/1449 2056/2455/1449 2057/2456/1449 2049/2447/1449
f 2049/2448/1456 2057/2457/1456 2058/2458/1456 2050/2449/1456
f 2050/2449/1455 2058/2458/1455 2059/2459/1455 2051/2450/1455
f 2051/2450/1454 2059/2459/1454 2060/2460/1454 2052/2451/1454
f 2052/2451/1453 2060/2460/1453 2053/2452/1453 2045/2443/1453
f 2053/2452/1460 2061/2461/1460 2062/2462/1460 2054/2453/1460
f 2054/2453/1459 2062/2462/1459 2063/2463/1459 2055/2454/1459
f 2055/2454/1458 2063/2463/1458 2064/2464/1458 2056/2455/1458
f 2056/2455/1457 2064/2464/1457 2065/2465/1457 2057/2456/1457
f 2057/2457/1464 2065/2466/1464 2066/2467/1464 2058/2458/1464
f 2058/2458/1463 2066/2467/1463 2067/2468/1463 2059/2459/1463
f 2059/2459/1462 2067/2468/1462 2068/2469/1462 2060/2460/1462
f 2060/2460/1461 2068/2469/1461 2061/2461/1461 2053/2452/1461
f 2061/2461/1468 2069/2470/1468 2070/2471/1468 2062/2462/1468
f 2062/2462/1467 2070/2471/1467 2071/2472/1467 2063/2463/1467
f 2063/2463/1466 2071/2472/1466 2072/2473/1466 2064/2464/1466
f 2064/2464/1465 2072/2473/1465 2073/2474/1465 2065/2465/1465
f 2065/2466/1472 2073/2475/1472 2074/2476/1472 2066/2467/1472
f 2066/2467/1471 2074/2476/1471 2075/2477/1471 2067/2468/1471
f 2067/2468/1470 2075/2477/1470 2076/2478/1470 2068/2469/1470
f 2068/2469/1469 2076/2478/1469 2069/2470/1469 2061/2461/1469
f 2069/2470/1476 2077/2479/1476 2078/2480/1476 2070/2471/1476
f 2070/2471/1475 2078/2480/1475 2079/2481/1475 2071/2472/1475
f 2071/2472/1474 2079/2481/1474 2080/2482/1474 2072/2473/1474
f 2072/2473/1473 2080/2482/1473 2081/2483/1473 2073/2474/1473
f 2073/2475/1480 2081/2484/1480 2082/2485/1480 2074/2476/1480
f 2074/2476/1479 2082/2485/1479 2083/2486/1479 2075/2477/1479
f 2075/2477/1478 2083/2486/1478 2084/2487/1478 2076/2478/1478
f 2076/2478/1477 2084/2487/1477 2077/2479/1477 2069/2470/1477
f 2077/2479/1484 2085/2488/1484 2086/2489/1484 2078/2480/1484
f 2078/2480/1483 2086/2489/1483 2087/2490/1483 2079/2481/1483
f 2079/2481/1482 2087/2490/1482 2088/2491/1482 2080/2482/1482
f 2080/2482/1481 2088/2491/1481 2089/2492/1481 2081/2483/1481
f 2081/2484/1488 2089/2493/1488 2090/2494/1488 2082/2485/1488
f 2082/2485/1487 2090/2494/1487 2091/2495/1487 2083/2486/1487
f 2083/2486/1486 2091/2495/1486 2092/2496/1486 2084/2487/1486
f 2084/2487/1485 2092/2496/1485 2085/2488/1485 2077/2479/1485
f 2085/2488/1492 2093/2497/1492 2094/2498/1492 2086/2489/1492
f 2086/2489/1491 2094/2498/1491 2095/2499/1491 2087/2490/1491
f 2087/2490/1490 2095/2499/1490 2096/2500/1490 2088/2491/1490
f 2088/2491/1489 2096/2500/1489 2097/2501/1489 2089/2492/1489
f 2089/2493/1496 2097/2502/1496 2098/2503/1496 2090/2494/1496
f 2090/2494/1495 2098/2503/1495 2099/2504/1495 2091/2495/1495
f 2091/2495/1494 2099/2504/1494 2100/2505/1494 2092/2496/1494
f 2092/2496/1493 2100/2505/1493 2093/2497/1493 2085/2488/1493
f 2093/2497/1500 2101/2506/1500 2102/2507/1500 2094/2498/1500
f 2094/2498/1499 2102/2507/1499 2103/2508/1499 2095/2499/1499
f 2095/2499/1498 2103/2508/1498 2104/2509/1498 2096/2500/1498
f 2096/2500/1497 2104/2509/1497 2105/2510/1497 2097/2501/1497
f 2097/2502/1504 2105/2511/1504 2106/2512/1504 2098/2503/1504
f 2098/2503/1503 2106/2512/1503 2107/2513/1503 2099/2504/1503
f 2099/2504/1502 2107/2513/1502 2108/2514/1502 2100/2505/1502
f 2100/2505/1501 2108/2514/1501 2101/2506/1501 2093/2497/1501
f 2101/2506/1508 2109/2515/1508 2110/2516/1508 2102/2507/1508
f 2102/2507/1507 2110/2516/1507 2111/2517/1507 2103/2508/1507
f 2103/2508/1506 2111/2517/1506 2112/2518/1506 2104/2509/1506
f 2104/2509/1505 2112/2518/1505 2113/2519/1505 2105/2510/1505
f 2105/2511/1512 2113/2520/1512 2114/2521/1512 2106/2512/1512
f 2106/2512/1511 2114/2521/1511 2115/2522/1511 2107/2513/1511
f 2107/2513/1510 2115/2522/1510 2116/2523/1510 2108/2514/1510
f 2108/2514/1509 2116/2523/1509 2109/2515/1509 2101/2506/1509
f 2109/2515/1516 2117/2524/1516 2118/2525/1516 2110/2516/1516
f 2110/2516/1515 2118/2525/1515 2119/2526/1515 2111/2517/1515
f 2111/2517/1514 2119/2526/1514 2120/2527/1514 2112/2518/1514
f 2112/2518/1513 2120/2527/1513 2121/2528/1513 2113/2519/1513
f 2113/2520/1520 2121/2529/1520 2122/2530/1520 2114/2521/1520
f 2114/2521/1519 2122/2530/1519 2123/2531/1519 2115/2522/1519
f 2115/2522/1518 2123/2531/1518 2124/2532/1518 2116/2523/1518
f 2116/2523/1517 2124/2532/1517 2117/2524/1517 2109/2515/1517
f 2117/2524/1524 2125/2533/1524 2126/2534/1524 2118/2525/1524
f 2118/2525/1523 2126/2534/1523 2127/2535/1523 2119/2526/1523
f 2119/2526/1522 2127/2535/1522 2128/2536/1522 2120/2527/1522
f 2120/2527/1521 2128/2536/1521 2129/2537/1521 2121/2528/1521
f 2121/2529/1528 2129/2538/1528 2130/2539/1528 2122/2530/1528
f 2122/2530/1527 2130/2539/1527 2131/2540/1527 2123/2531/1527
f 2123/2531/1526 2131/2540/1526 2132/2541/1526 2124/2532/1526
f 2124/2532/1525 2132/2541/1525 2125/2533/1525 2117/2524/1525
f 2125/2533/1532 2133/2542/1532 2134/2543/1532 2126/2534/1532
f 2126/2534/1531 2134/2543/1531 2135/2544/1531 2127/2535/1531
f 2127/2535/1530 2135/2544/1530 2136/2545/1530 2128/2536/1530
f 2128/2536/1529 2136/2545/1529 2137/2546/1529 2129/2537/1529
f 2129/2538/1536 2137/2547/1536 2138/2548/1536 2130/2539/1536
f 2130/2539/1535 2138/2548/1535 2139/2549/1535 2131/2540/1535
f 2131/2540/1534 2139/2549/1534 2140/2550/1534 2132/2541/1534
f 2132/2541/1533 2140/2550/1533 2133/2542/1533 2125/2533/1533
f 2133/2542/1540 2141/2551/1540 2142/2552/1540 2134/2543/1540
f 2134/2543/1539 2142/2552/1539 2143/2553/1539 2135/2544/1539
f 2135/2544/1538 2143/2553/1538 2144/2554/1538 2136/2545/1538
f 2136/2545/1537 2144/2554/1537 2145/2555/1537 2137/2546/1537
f 2137/2547/1544 2145/2556/1544 2146/2557/1544 2138/2548/1544
f 2138/2548/1543 2146/2557/1543 2147/2558/1543 2139/2549/1543
f 2139/2549/1542 2147/2558/1542 2148/2559/1542 2140/2550/1542
f 2140/2550/1541 2148/2559/1541 2141/2551/1541 2133/2542/1541
f 2141/2551/1548 1381/1687/1548 1382/1690/1548 2142/2552/1548
f 2142/2552/1547 1382/1690/1547 1383/1692/1547 2143/2553/1547
f 2143/2553/1546 1383/1692/1546 1384/1694/1546 2144/2554/1546
f 2144/2554/1545 1384/1694/1545 1385/1696/1545 2145/2555/1545
f 2145/2556/1552 1385/1697/1552 1386/1700/1552 2146/2557/1552
f 2146/2557/1551 1386/1700/1551 1387/1702/1551 2147/2558/1551
f 2147/2558/1550 1387/1702/1550 1388/1704/1550 2148/2559/1550
f 2148/2559/1549 1388/1704/1549 1381/1687/1549 2141/2551/1549
o DL_Fate_Ring_Armor
v 13.320001 6.500000 0.000000
v 13.255564 6.655563 0.000000
v 13.100000 6.720000 0.000000
v 12.944437 6.655563 0.000000
v 12.880000 6.500000 0.000000
v 12.944437 6.344437 0.000000
v 13.100000 6.280000 0.000000
v 13.255564 6.344437 0.000000
v 13.291482 6.500000 -0.871171
v 13.227182 6.655563 -0.866957
v 13.071953 6.720000 -0.856782
v 12.916722 6.655563 -0.846608
v 12.852424 6.500000 -0.842394
v 12.916722 6.344437 -0.846608
v 13.071953 6.280000 -0.856782
v 13.227182 6.344437 -0.866957
v 13.206046 6.500000 -1.738609
v 13.142160 6.655563 -1.730198
v 12.987928 6.720000 -1.709893
v 12.833696 6.655563 -1.689588
v 12.769811 6.500000 -1.681177
v 12.833696 6.344437 -1.689588
v 12.987928 6.280000 -1.709893
v 13.142160 6.344437 -1.730198
v 13.064060 6.500000 -2.598604
v 13.000861 6.655563 -2.586033
v 12.848288 6.720000 -2.555684
v 12.695713 6.655563 -2.525335
v 12.632514 6.500000 -2.512764
v 12.695713 6.344437 -2.525335
v 12.848288 6.280000 -2.555684
v 13.000861 6.344437 -2.586033
v 12.866133 6.500000 -3.447469
v 12.803891 6.655563 -3.430792
v 12.653628 6.720000 -3.390529
v 12.503366 6.655563 -3.350266
v 12.441125 6.500000 -3.333589
v 12.503366 6.344437 -3.350266
v 12.653628 6.280000 -3.390529
v 12.803891 6.344437 -3.430792
v 12.613110 6.500000 -4.281574
v 12.552093 6.655563 -4.260862
v 12.404785 6.720000 -4.210858
v 12.257477 6.655563 -4.160853
v 12.196460 6.500000 -4.140141
v 12.257477 6.344437 -4.160853
v 12.404785 6.280000 -4.210858
v 12.552093 6.344437 -4.260862
v 12.306076 6.500000 -5.097342
v 12.246545 6.655563 -5.072684
v 12.102822 6.720000 -5.013152
v 11.959101 6.655563 -4.953621
v 11.899569 6.500000 -4.928962
v 11.959101 6.344437 -4.953621
v 12.102822 6.280000 -5.013152
v 12.246545 6.344437 -5.072684
v 11.946345 6.500000 -5.891286
v 11.888554 6.655563 -5.862786
v 11.749034 6.720000 -5.793983
v 11.609513 6.655563 -5.725179
v 11.551722 6.500000 -5.696679
v 11.609513 6.344437 -5.725179
v 11.749034 6.280000 -5.793983
v 11.888554 6.344437 -5.862786
v 11.535458 6.500000 -6.660002
v 11.479654 6.655563 -6.627783
v 11.344933 6.720000 -6.550002
v 11.210211 6.655563 -6.472220
v 11.154407 6.500000 -6.440001
v 11.210211 6.344437 -6.472220
v 11.344933 6.280000 -6.550002
v 11.479654 6.344437 -6.627783
v 11.075175 6.500000 -7.400196
v 11.021598 6.655563 -7.364397
v 10.892252 6.720000 -7.277970
v 10.762906 6.655563 -7.191544
v 10.709329 6.500000 -7.155745
v 10.762906 6.344437 -7.191544
v 10.892252 6.280000 -7.277970
v 11.021598 6.344437 -7.364397
v 10.567469 6.500000 -8.108701
v 10.516347 6.655563 -8.069474
v 10.392930 6.720000 -7.974773
v 10.269514 6.655563 -7.880073
v 10.218392 6.500000 -7.840846
v 10.269514 6.344437 -7.880073
v 10.392930 6.280000 -7.974773
v 10.516347 6.344437 -8.069474
v 10.014507 6.500000 -8.782487
v 9.966061 6.655563 -8.740001
v 9.849102 6.720000 -8.637430
v 9.732143 6.655563 -8.534861
v 9.683697 6.500000 -8.492374
v 9.732143 6.344437 -8.534861
v 9.849102 6.280000 -8.637430
v 9.966061 6.344437 -8.740001
v 9.418662 6.500000 -9.418663
v 9.373098 6.655563 -9.373099
v 9.263098 6.720000 -9.263100
v 9.153098 6.655563 -9.153100
v 9.107534 6.500000 -9.107536
v 9.153098 6.344437 -9.153100
v 9.263098 6.280000 -9.263100
v 9.373098 6.344437 -9.373099
v 8.782487 6.500000 -10.014506
v 8.740001 6.655563 -9.966060
v 8.637431 6.720000 -9.849101
v 8.534861 6.655563 -9.732142
v 8.492374 6.500000 -9.683696
v 8.534861 6.344437 -9.732142
v 8.637431 6.280000 -9.849101
v 8.740001 6.344437 -9.966060
v 8.108705 6.500000 -10.567465
v 8.069477 6.655563 -10.516344
v 7.974777 6.720000 -10.392927
v 7.880075 6.655563 -10.269510
v 7.840849 6.500000 -10.218390
v 7.880075 6.344437 -10.269510
v 7.974777 6.280000 -10.392927
v 8.069477 6.344437 -10.516344
v 7.400195 6.500000 -11.075177
v 7.364395 6.655563 -11.021600
v 7.277969 6.720000 -10.892254
v 7.191543 6.655563 -10.762907
v 7.155743 6.500000 -10.709330
v 7.191543 6.344437 -10.762907
v 7.277969 6.280000 -10.892254
v 7.364395 6.344437 -11.021600
v 6.660000 6.500000 -11.535460
v 6.627781 6.655563 -11.479655
v 6.550000 6.720000 -11.344934
v 6.472218 6.655563 -11.210212
v 6.440000 6.500000 -11.154408
v 6.472218 6.344437 -11.210212
v 6.550000 6.280000 -11.344934
v 6.627781 6.344437 -11.479655
v 5.891287 6.500000 -11.946345
v 5.862787 6.655563 -11.888554
v 5.793983 6.720000 -11.749033
v 5.725179 6.655563 -11.609512
v 5.696680 6.500000 -11.551721
v 5.725179 6.344437 -11.609512
v 5.793983 6.280000 -11.749033
v 5.862787 6.344437 -11.888554
v 5.097347 6.500000 -12.306075
v 5.072688 6.655563 -12.246543
v 5.013156 6.720000 -12.102821
v 4.953625 6.655563 -11.959099
v 4.928966 6.500000 -11.899568
v 4.953625 6.344437 -11.959099
v 5.013156 6.280000 -12.102821
v 5.072688 6.344437 -12.246543
v 4.281572 6.500000 -12.613111
v 4.260860 6.655563 -12.552094
v 4.210855 6.720000 -12.404785
v 4.160851 6.655563 -12.257478
v 4.140139 6.500000 -12.196461
v 4.160851 6.344437 -12.257478
v 4.210855 6.280000 -12.404785
v 4.260860 6.344437 -12.552094
v 3.447470 6.500000 -12.866133
v 3.430793 6.655563 -12.803891
v 3.390530 6.720000 -12.653628
v 3.350267 6.655563 -12.503366
v 3.333590 6.500000 -12.441125
v 3.350267 6.344437 -12.503366
v 3.390530 6.280000 -12.653628
v 3.430793 6.344437 -12.803891
v 2.598605 6.500000 -13.064060
v 2.586034 6.655563 -13.000861
v 2.555685 6.720000 -12.848288
v 2.525336 6.655563 -12.695713
v 2.512765 6.500000 -12.632514
v 2.525336 6.344437 -12.695713
v 2.555685 6.280000 -12.848288
v 2.586034 6.344437 -13.000861
v 1.738606 6.500000 -13.206046
v 1.730196 6.655563 -13.142160
v 1.709891 6.720000 -12.987928
v 1.689586 6.655563 -12.833696
v 1.681175 6.500000 -12.769811
v 1.689586 6.344437 -12.833696
v 1.709891 6.280000 -12.987928
v 1.730196 6.344437 -13.142160
v 0.871169 6.500000 -13.291482
v 0.866955 6.655563 -13.227182
v 0.856780 6.720000 -13.071953
v 0.846606 6.655563 -12.916722
v 0.842392 6.500000 -12.852424
v 0.846606 6.344437 -12.916722
v 0.856780 6.280000 -13.071953
v 0.866955 6.344437 -13.227182
v 0.000001 6.500000 -13.320001
v 0.000001 6.655563 -13.255564
v 0.000001 6.720000 -13.100000
v 0.000001 6.655563 -12.944437
v 0.000001 6.500000 -12.880000
v 0.000001 6.344437 -12.944437
v 0.000001 6.280000 -13.100000
v 0.000001 6.344437 -13.255564
v -0.871167 6.500000 -13.291482
v -0.866953 6.655563 -13.227182
v -0.856778 6.720000 -13.071953
v -0.846604 6.655563 -12.916722
v -0.842390 6.500000 -12.852424
v -0.846604 6.344437 -12.916722
v -0.856778 6.280000 -13.071953
v -0.866953 6.344437 -13.227182
v -1.738611 6.500000 -13.206046
v -1.730200 6.655563 -13.142160
v -1.709895 6.720000 -12.987927
v -1.689590 6.655563 -12.833695
v -1.681179 6.500000 -12.769810
v -1.689590 6.344437 -12.833695
v -1.709895 6.280000 -12.987927
v -1.730200 6.344437 -13.142160
v -2.598603 6.500000 -13.064060
v -2.586032 6.655563 -13.000861
v -2.555683 6.720000 -12.848288
v -2.525334 6.655563 -12.695713
v -2.512764 6.500000 -12.632514
v -2.525334 6.344437 -12.695713
v -2.555683 6.280000 -12.848288
v -2.586032 6.344437 -13.000861
v -3.447468 6.500000 -12.866134
v -3.430791 6.655563 -12.803892
v -3.390528 6.720000 -12.653629
v -3.350265 6.655563 -12.503366
v -3.333588 6.500000 -12.441125
v -3.350265 6.344437 -12.503366
v -3.390528 6.280000 -12.653629
v -3.430791 6.344437 -12.803892
v -4.281577 6.500000 -12.613109
v -4.260864 6.655563 -12.552092
v -4.210860 6.720000 -12.404784
v -4.160856 6.655563 -12.257477
v -4.140143 6.500000 -12.196459
v -4.160856 6.344437 -12.257477
v -4.210860 6.280000 -12.404784
v -4.260864 6.344437 -12.552092
v -5.097345 6.500000 -12.306076
v -5.072686 6.655563 -12.246544
v -5.013154 6.720000 -12.102822
v -4.953623 6.655563 -11.959100
v -4.928964 6.500000 -11.899569
v -4.953623 6.344437 -11.959100
v -5.013154 6.280000 -12.102822
v -5.072686 6.344437 -12.246544
v -5.891285 6.500000 -11.946345
v -5.862785 6.655563 -11.888554
v -5.793982 6.720000 -11.749034
v -5.725177 6.655563 -11.609513
v -5.696678 6.500000 -11.551722
v -5.725177 6.344437 -11.609513
v -5.793982 6.280000 -11.749034
v -5.862785 6.344437 -11.888554
v -6.659998 6.500000 -11.535460
v -6.627780 6.655563 -11.479656
v -6.549998 6.720000 -11.344934
v -6.472217 6.655563 -11.210213
v -6.439998 6.500000 -11.154408
v -6.472217 6.344437 -11.210213
v -6.549998 6.280000 -11.344934
v -6.627780 6.344437 -11.479656
v -7.400192 6.500000 -11.075178
v -7.364393 6.655563 -11.021601
v -7.277966 6.720000 -10.892255
v -7.191540 6.655563 -10.762908
v -7.155741 6.500000 -10.709331
v -7.191540 6.344437 -10.762908
v -7.277966 6.280000 -10.892255
v -7.364393 6.344437 -11.021601
v -8.108703 6.500000 -10.567467
v -8.069476 6.655563 -10.516345
v -7.974775 6.720000 -10.392929
v -7.880074 6.655563 -10.269512
v -7.840847 6.500000 -10.218390
v -7.880074 6.344437 -10.269512
v -7.974775 6.280000 -10.392929
v -8.069476 6.344437 -10.516345
v -8.782486 6.500000 -10.014507
v -8.740000 6.655563 -9.966062
v -8.637429 6.720000 -9.849103
v -8.534860 6.655563 -9.732144
v -8.492373 6.500000 -9.683698
v -8.534860 6.344437 -9.732144
v -8.637429 6.280000 -9.849103
v -8.740000 6.344437 -9.966062
v -9.418665 6.500000 -9.418660
v -9.373101 6.655563 -9.373096
v -9.263102 6.720000 -9.263097
v -9.153101 6.655563 -9.153097
v -9.107537 6.500000 -9.107533
v -9.153101 6.344437 -9.153097
v -9.263102 6.280000 -9.263097
v -9.373101 6.344437 -9.373096
v -10.014507 6.500000 -8.782486
v -9.966062 6.655563 -8.740000
v -9.849103 6.720000 -8.637429
v -9.732144 6.655563 -8.534860
v -9.683698 6.500000 -8.492373
v -9.732144 6.344437 -8.534860
v -9.849103 6.280000 -8.637429
v -9.966062 6.344437 -8.740000
v -10.567467 6.500000 -8.108703
v -10.516345 6.655563 -8.069476
v -10.392929 6.720000 -7.974775
v -10.269512 6.655563 -7.880074
v -10.218390 6.500000 -7.840847
v -10.269512 6.344437 -7.880074
v -10.392929 6.280000 -7.974775
v -10.516345 6.344437 -8.069476
v -11.075174 6.500000 -7.400198
v -11.021598 6.655563 -7.364398
v -10.892251 6.720000 -7.277972
v -10.762905 6.655563 -7.191545
v -10.709328 6.500000 -7.155746
v -10.762905 6.344437 -7.191545
v -10.892251 6.280000 -7.277972
v -11.021598 6.344437 -7.364398
v -11.535458 6.500000 -6.660004
v -11.479653 6.655563 -6.627785
v -11.344932 6.720000 -6.550004
v -11.210210 6.655563 -6.472221
v -11.154406 6.500000 -6.440003
v -11.210210 6.344437 -6.472221
v -11.344932 6.280000 -6.550004
v -11.479653 6.344437 -6.627785
v -11.946345 6.500000 -5.891285
v -11.888554 6.655563 -5.862785
v -11.749034 6.720000 -5.793982
v -11.609513 6.655563 -5.725177
v -11.551722 6.500000 -5.696678
v -11.609513 6.344437 -5.725177
v -11.749034 6.280000 -5.793982
v -11.888554 6.344437 -5.862785
v -12.306076 6.500000 -5.097344
v -12.246544 6.655563 -5.072685
v -12.102822 6.720000 -5.013154
v -11.959100 6.655563 -4.953622
v -11.899569 6.500000 -4.928963
v -11.959100 6.344437 -4.953622
v -12.102822 6.280000 -5.013154
v -12.246544 6.344437 -5.072685
v -12.613111 6.500000 -4.281570
v -12.552094 6.655563 -4.260858
v -12.404786 6.720000 -4.210854
v -12.257479 6.655563 -4.160850
v -12.196462 6.500000 -4.140137
v -12.257479 6.344437 -4.160850
v -12.404786 6.280000 -4.210854
v -12.552094 6.344437 -4.260858
v -12.866134 6.500000 -3.447468
v -12.803892 6.655563 -3.430791
v -12.653629 6.720000 -3.390528
v -12.503366 6.655563 -3.350265
v -12.441125 6.500000 -3.333588
v -12.503366 6.344437 -3.350265
v -12.653629 6.280000 -3.390528
v -12.803892 6.344437 -3.430791
v -13.064061 6.500000 -2.598603
v -13.000862 6.655563 -2.586032
v -12.848288 6.720000 -2.555683
v -12.695714 6.655563 -2.525334
v -12.632515 6.500000 -2.512763
v -12.695714 6.344437 -2.525334
v -12.848288 6.280000 -2.555683
v -13.000862 6.344437 -2.586032
v -13.206046 6.500000 -1.738611
v -13.142160 6.655563 -1.730200
v -12.987927 6.720000 -1.709895
v -12.833695 6.655563 -1.689590
v -12.769810 6.500000 -1.681179
v -12.833695 6.344437 -1.689590
v -12.987927 6.280000 -1.709895
v -13.142160 6.344437 -1.730200
v -13.291481 6.500000 -0.871173
v -13.227182 6.655563 -0.866959
v -13.071952 6.720000 -0.856784
v -12.916721 6.655563 -0.846610
v -12.852423 6.500000 -0.842396
v -12.916721 6.344437 -0.846610
v -13.071952 6.280000 -0.856784
v -13.227182 6.344437 -0.866959
v -13.320001 6.500000 -0.000001
v -13.255564 6.655563 -0.000001
v -13.100000 6.720000 -0.000001
v -12.944437 6.655563 -0.000001
v -12.880000 6.500000 -0.000001
v -12.944437 6.344437 -0.000001
v -13.100000 6.280000 -0.000001
v -13.255564 6.344437 -0.000001
v -13.291482 6.500000 0.871167
v -13.227182 6.655563 0.866952
v -13.071953 6.720000 0.856778
v -12.916722 6.655563 0.846604
v -12.852424 6.500000 0.842389
v -12.916722 6.344437 0.846604
v -13.071953 6.280000 0.856778
v -13.227182 6.344437 0.866952
v -13.206046 6.500000 1.738611
v -13.142160 6.655563 1.730200
v -12.987927 6.720000 1.709895
v -12.833695 6.655563 1.689590
v -12.769810 6.500000 1.681179
v -12.833695 6.344437 1.689590
v -12.987927 6.280000 1.709895
v -13.142160 6.344437 1.730200
v -13.064061 6.500000 2.598603
v -13.000862 6.655563 2.586032
v -12.848288 6.720000 2.555683
v -12.695714 6.655563 2.525334
v -12.632515 6.500000 2.512763
v -12.695714 6.344437 2.525334
v -12.848288 6.280000 2.555683
v -13.000862 6.344437 2.586032
v -12.866134 6.500000 3.447468
v -12.803892 6.655563 3.430791
v -12.653629 6.720000 3.390528
v -12.503366 6.655563 3.350265
v -12.441125 6.500000 3.333588
v -12.503366 6.344437 3.350265
v -12.653629 6.280000 3.390528
v -12.803892 6.344437 3.430791
v -12.613111 6.500000 4.281570
v -12.552094 6.655563 4.260858
v -12.404786 6.720000 4.210854
v -12.257479 6.655563 4.160850
v -12.196462 6.500000 4.140137
v -12.257479 6.344437 4.160850
v -12.404786 6.280000 4.210854
v -12.552094 6.344437 4.260858
v -12.306078 6.500000 5.097339
v -12.246546 6.655563 5.072680
v -12.102824 6.720000 5.013148
v -11.959103 6.655563 4.953617
v -11.899570 6.500000 4.928958
v -11.959103 6.344437 4.953617
v -12.102824 6.280000 5.013148
v -12.246546 6.344437 5.072680
v -11.946345 6.500000 5.891285
v -11.888554 6.655563 5.862785
v -11.749034 6.720000 5.793982
v -11.609513 6.655563 5.725177
v -11.551722 6.500000 5.696678
v -11.609513 6.344437 5.725177
v -11.749034 6.280000 5.793982
v -11.888554 6.344437 5.862785
v -11.535460 6.500000 6.659998
v -11.479656 6.655563 6.627779
v -11.344934 6.720000 6.549998
v -11.210213 6.655563 6.472216
v -11.154408 6.500000 6.439998
v -11.210213 6.344437 6.472216
v -11.344934 6.280000 6.549998
v -11.479656 6.344437 6.627779
v -11.075174 6.500000 7.400198
v -11.021598 6.655563 7.364398
v -10.892251 6.720000 7.277972
v -10.762905 6.655563 7.191545
v -10.709328 6.500000 7.155746
v -10.762905 6.344437 7.191545
v -10.892251 6.280000 7.277972
v -11.021598 6.344437 7.364398
v -10.567467 6.500000 8.108703
v -10.516345 6.655563 8.069476
v -10.392929 6.720000 7.974775
v -10.269512 6.655563 7.880074
v -10.218390 6.500000 7.840847
v -10.269512 6.344437 7.880074
v -10.392929 6.280000 7.974775
v -10.516345 6.344437 8.069476
v -10.014507 6.500000 8.782486
v -9.966062 6.655563 8.740000
v -9.849103 6.720000 8.637429
v -9.732144 6.655563 8.534860
v -9.683698 6.500000 8.492373
v -9.732144 6.344437 8.534860
v -9.849103 6.280000 8.637429
v -9.966062 6.344437 8.740000
v -9.418665 6.500000 9.418660
v -9.373101 6.655563 9.373096
v -9.263102 6.720000 9.263097
v -9.153101 6.655563 9.153097
v -9.107537 6.500000 9.107533
v -9.153101 6.344437 9.153097
v -9.263102 6.280000 9.263097
v -9.373101 6.344437 9.373096
v -8.782491 6.500000 10.014503
v -8.740005 6.655563 9.966058
v -8.637434 6.720000 9.849099
v -8.534864 6.655563 9.732141
v -8.492378 6.500000 9.683694
v -8.534864 6.344437 9.732141
v -8.637434 6.280000 9.849099
v -8.740005 6.344437 9.966058
v -8.108708 6.500000 10.567463
v -8.069482 6.655563 10.516341
v -7.974781 6.720000 10.392925
v -7.880079 6.655563 10.269508
v -7.840853 6.500000 10.218387
v -7.880079 6.344437 10.269508
v -7.974781 6.280000 10.392925
v -8.069482 6.344437 10.516341
v -7.400203 6.500000 11.075171
v -7.364404 6.655563 11.021593
v -7.277977 6.720000 10.892247
v -7.191551 6.655563 10.762901
v -7.155752 6.500000 10.709324
v -7.191551 6.344437 10.762901
v -7.277977 6.280000 10.892247
v -7.364404 6.344437 11.021593
v -6.659998 6.500000 11.535460
v -6.627780 6.655563 11.479656
v -6.549998 6.720000 11.344934
v -6.472217 6.655563 11.210213
v -6.439998 6.500000 11.154408
v -6.472217 6.344437 11.210213
v -6.549998 6.280000 11.344934
v -6.627780 6.344437 11.479656
v -5.891285 6.500000 11.946345
v -5.862785 6.655563 11.888554
v -5.793982 6.720000 11.749034
v -5.725177 6.655563 11.609513
v -5.696678 6.500000 11.551722
v -5.725177 6.344437 11.609513
v -5.793982 6.280000 11.749034
v -5.862785 6.344437 11.888554
v -5.097345 6.500000 12.306076
v -5.072686 6.655563 12.246544
v -5.013154 6.720000 12.102822
v -4.953623 6.655563 11.959100
v -4.928964 6.500000 11.899569
v -4.953623 6.344437 11.959100
v -5.013154 6.280000 12.102822
v -5.072686 6.344437 12.246544
v -4.281577 6.500000 12.613109
v -4.260864 6.655563 12.552092
v -4.210860 6.720000 12.404784
v -4.160856 6.655563 12.257477
v -4.140143 6.500000 12.196459
v -4.160856 6.344437 12.257477
v -4.210860 6.280000 12.404784
v -4.260864 6.344437 12.552092
v -3.447474 6.500000 12.866132
v -3.430797 6.655563 12.803890
v -3.390534 6.720000 12.653627
v -3.350271 6.655563 12.503366
v -3.333594 6.500000 12.441124
v -3.350271 6.344437 12.503366
v -3.390534 6.280000 12.653627
v -3.430797 6.344437 12.803890
v -2.598610 6.500000 13.064059
v -2.586039 6.655563 13.000860
v -2.555690 6.720000 12.848287
v -2.525341 6.655563 12.695712
v -2.512769 6.500000 12.632513
v -2.525341 6.344437 12.695712
v -2.555690 6.280000 12.848287
v -2.586039 6.344437 13.000860
v -1.738617 6.500000 13.206045
v -1.730206 6.655563 13.142159
v -1.709901 6.720000 12.987926
v -1.689596 6.655563 12.833694
v -1.681185 6.500000 12.769809
v -1.689596 6.344437 12.833694
v -1.709901 6.280000 12.987926
v -1.730206 6.344437 13.142159
v -0.871167 6.500000 13.291482
v -0.866953 6.655563 13.227182
v -0.856778 6.720000 13.071953
v -0.846604 6.655563 12.916722
v -0.842390 6.500000 12.852424
v -0.846604 6.344437 12.916722
v -0.856778 6.280000 13.071953
v -0.866953 6.344437 13.227182
v 0.000001 6.500000 13.320001
v 0.000001 6.655563 13.255564
v 0.000001 6.720000 13.100000
v 0.000001 6.655563 12.944437
v 0.000001 6.500000 12.880000
v 0.000001 6.344437 12.944437
v 0.000001 6.280000 13.100000
v 0.000001 6.344437 13.255564
v 0.871169 6.500000 13.291482
v 0.866955 6.655563 13.227182
v 0.856780 6.720000 13.071953
v 0.846606 6.655563 12.916722
v 0.842392 6.500000 12.852424
v 0.846606 6.344437 12.916722
v 0.856780 6.280000 13.071953
v 0.866955 6.344437 13.227182
v 1.738606 6.500000 13.206046
v 1.730196 6.655563 13.142160
v 1.709891 6.720000 12.987928
v 1.689586 6.655563 12.833696
v 1.681175 6.500000 12.769811
v 1.689586 6.344437 12.833696
v 1.709891 6.280000 12.987928
v 1.730196 6.344437 13.142160
v 2.598599 6.500000 13.064062
v 2.586028 6.655563 13.000863
v 2.555679 6.720000 12.848289
v 2.525330 6.655563 12.695714
v 2.512759 6.500000 12.632516
v 2.525330 6.344437 12.695714
v 2.555679 6.280000 12.848289
v 2.586028 6.344437 13.000863
v 3.447464 6.500000 12.866134
v 3.430786 6.655563 12.803893
v 3.390524 6.720000 12.653630
v 3.350261 6.655563 12.503367
v 3.333584 6.500000 12.441126
v 3.350261 6.344437 12.503367
v 3.390524 6.280000 12.653630
v 3.430786 6.344437 12.803893
v 4.281567 6.500000 12.613112
v 4.260854 6.655563 12.552094
v 4.210850 6.720000 12.404787
v 4.160846 6.655563 12.257480
v 4.140133 6.500000 12.196463
v 4.160846 6.344437 12.257480
v 4.210850 6.280000 12.404787
v 4.260854 6.344437 12.552094
v 5.097347 6.500000 12.306075
v 5.072688 6.655563 12.246543
v 5.013156 6.720000 12.102821
v 4.953625 6.655563 11.959099
v 4.928966 6.500000 11.899568
v 4.953625 6.344437 11.959099
v 5.013156 6.280000 12.102821
v 5.072688 6.344437 12.246543
v 5.891287 6.500000 11.946345
v 5.862787 6.655563 11.888554
v 5.793983 6.720000 11.749033
v 5.725179 6.655563 11.609512
v 5.696680 6.500000 11.551721
v 5.725179 6.344437 11.609512
v 5.793983 6.280000 11.749033
v 5.862787 6.344437 11.888554
v 6.660000 6.500000 11.535460
v 6.627781 6.655563 11.479655
v 6.550000 6.720000 11.344934
v 6.472218 6.655563 11.210212
v 6.440000 6.500000 11.154408
v 6.472218 6.344437 11.210212
v 6.550000 6.280000 11.344934
v 6.627781 6.344437 11.479655
v 7.400195 6.500000 11.075177
v 7.364395 6.655563 11.021600
v 7.277969 6.720000 10.892254
v 7.191543 6.655563 10.762907
v 7.155743 6.500000 10.709330
v 7.191543 6.344437 10.762907
v 7.277969 6.280000 10.892254
v 7.364395 6.344437 11.021600
v 8.108700 6.500000 10.567469
v 8.069472 6.655563 10.516348
v 7.974772 6.720000 10.392931
v 7.880071 6.655563 10.269514
v 7.840844 6.500000 10.218393
v 7.880071 6.344437 10.269514
v 7.974772 6.280000 10.392931
v 8.069472 6.344437 10.516348
v 8.782482 6.500000 10.014511
v 8.739996 6.655563 9.966064
v 8.637426 6.720000 9.849106
v 8.534857 6.655563 9.732147
v 8.492371 6.500000 9.683701
v 8.534857 6.344437 9.732147
v 8.637426 6.280000 9.849106
v 8.739996 6.344437 9.966064
v 9.418658 6.500000 9.418668
v 9.373095 6.655563 9.373104
v 9.263094 6.720000 9.263104
v 9.153094 6.655563 9.153105
v 9.107531 6.500000 9.107541
v 9.153094 6.344437 9.153105
v 9.263094 6.280000 9.263104
v 9.373095 6.344437 9.373104
v 10.014509 6.500000 8.782484
v 9.966063 6.655563 8.739998
v 9.849104 6.720000 8.637428
v 9.732145 6.655563 8.534858
v 9.683700 6.500000 8.492372
v 9.732145 6.344437 8.534858
v 9.849104 6.280000 8.637428
v 9.966063 6.344437 8.739998
v 10.567469 6.500000 8.108701
v 10.516347 6.655563 8.069474
v 10.392930 6.720000 7.974773
v 10.269514 6.655563 7.880073
v 10.218392 6.500000 7.840846
v 10.269514 6.344437 7.880073
v 10.392930 6.280000 7.974773
v 10.516347 6.344437 8.069474
v 11.075175 6.500000 7.400196
v 11.021598 6.655563 7.364397
v 10.892252 6.720000 7.277970
v 10.762906 6.655563 7.191544
v 10.709329 6.500000 7.155745
v 10.762906 6.344437 7.191544
v 10.892252 6.280000 7.277970
v 11.021598 6.344437 7.364397
v 11.535458 6.500000 6.660002
v 11.479654 6.655563 6.627783
v 11.344933 6.720000 6.550002
v 11.210211 6.655563 6.472220
v 11.154407 6.500000 6.440001
v 11.210211 6.344437 6.472220
v 11.344933 6.280000 6.550002
v 11.479654 6.344437 6.627783
v 11.946344 6.500000 5.891289
v 11.888553 6.655563 5.862789
v 11.749032 6.720000 5.793985
v 11.609511 6.655563 5.725181
v 11.551720 6.500000 5.696681
v 11.609511 6.344437 5.725181
v 11.749032 6.280000 5.793985
v 11.888553 6.344437 5.862789
v 12.306074 6.500000 5.097349
v 12.246542 6.655563 5.072690
v 12.102820 6.720000 5.013158
v 11.959099 6.655563 4.953627
v 11.899567 6.500000 4.928967
v 11.959099 6.344437 4.953627
v 12.102820 6.280000 5.013158
v 12.246542 6.344437 5.072690
v 12.613108 6.500000 4.281581
v 12.552090 6.655563 4.260868
v 12.404782 6.720000 4.210864
v 12.257475 6.655563 4.160860
v 12.196458 6.500000 4.140147
v 12.257475 6.344437 4.160860
v 12.404782 6.280000 4.210864
v 12.552090 6.344437 4.260868
v 12.866134 6.500000 3.447466
v 12.803892 6.655563 3.430789
v 12.653629 6.720000 3.390526
v 12.503366 6.655563 3.350263
v 12.441125 6.500000 3.333586
v 12.503366 6.344437 3.350263
v 12.653629 6.280000 3.390526
v 12.803892 6.344437 3.430789
v 13.064061 6.500000 2.598601
v 13.000862 6.655563 2.586030
v 12.848288 6.720000 2.555681
v 12.695714 6.655563 2.525332
v 12.632515 6.500000 2.512761
v 12.695714 6.344437 2.525332
v 12.848288 6.280000 2.555681
v 13.000862 6.344437 2.586030
v 13.206046 6.500000 1.738609
v 13.142160 6.655563 1.730198
v 12.987928 6.720000 1.709893
v 12.833696 6.655563 1.689588
v 12.769811 6.500000 1.681177
v 12.833696 6.344437 1.689588
v 12.987928 6.280000 1.709893
v 13.142160 6.344437 1.730198
v 13.291482 6.500000 0.871171
v 13.227182 6.655563 0.866957
v 13.071953 6.720000 0.856782
v 12.916722 6.655563 0.846608
v 12.852424 6.500000 0.842394
v 12.916722 6.344437 0.846608
v 13.071953 6.280000 0.856782
v 13.227182 6.344437 0.866957
vn 0.9235 0.3825 -0.0302
vn 0.3827 0.9238 -0.0125
vn -0.3827 0.9238 0.0125
vn -0.9235 0.3825 0.0302
vn -0.9235 -0.3825 0.0302
vn -0.3827 -0.9238 0.0125
vn 0.3827 -0.9238 -0.0125
vn 0.9235 -0.3825 -0.0302
vn 0.9195 0.3825 -0.0906
vn 0.3810 0.9238 -0.0375
vn -0.3810 0.9238 0.0375
vn -0.9195 0.3825 0.0906
vn -0.9195 -0.3825 0.0906
vn -0.3810 -0.9238 0.0375
vn 0.3810 -0.9238 -0.0375
vn 0.9195 -0.3825 -0.0906
vn 0.9116 0.3825 -0.1505
vn 0.3777 0.9238 -0.0624
vn -0.3777 0.9238 0.0624
vn -0.9116 0.3825 0.1505
vn -0.9116 -0.3825 0.1505
vn -0.3777 -0.9238 0.0624
vn 0.3777 -0.9238 -0.0624
vn 0.9116 -0.3825 -0.1505
vn 0.8998 0.3825 -0.2098
vn 0.3729 0.9238 -0.0869
vn -0.3729 0.9238 0.0869
vn -0.8998 0.3825 0.2098
vn -0.8998 -0.3825 0.2098
vn -0.3729 -0.9238 0.0869
vn 0.3729 -0.9238 -0.0869
vn 0.8998 -0.3825 -0.2098
vn 0.8842 0.3825 -0.2682
vn 0.3664 0.9238 -0.1111
vn -0.3664 0.9238 0.1111
vn -0.8842 0.3825 0.2682
vn -0.8842 -0.3825 0.2682
vn -0.3664 -0.9238 0.1111
vn 0.3664 -0.9238 -0.1111
vn 0.8842 -0.3825 -0.2682
vn 0.8647 0.3825 -0.3255
vn 0.3583 0.9238 -0.1349
vn -0.3583 0.9238 0.1349
vn -0.8647 0.3825 0.3255
vn -0.8647 -0.3825 0.3255
vn -0.3583 -0.9238 0.1349
vn 0.3583 -0.9238 -0.1349
vn 0.8647 -0.3825 -0.3255
vn 0.8416 0.3825 -0.3813
vn 0.3487 0.9238 -0.1580
vn -0.3487 0.9238 0.1580
vn -0.8416 0.3825 0.3813
vn -0.8416 -0.3825 0.3813
vn -0.3487 -0.9238 0.1580
vn 0.3487 -0.9238 -0.1580
vn 0.8416 -0.3825 -0.3813
vn 0.8149 0.3825 -0.4355
vn 0.3377 0.9238 -0.1805
vn -0.3377 0.9238 0.1805
vn -0.8149 0.3825 0.4355
vn -0.8149 -0.3825 0.4355
vn -0.3377 -0.9238 0.1805
vn 0.3377 -0.9238 -0.1805
vn 0.8149 -0.3825 -0.4355
vn 0.7846 0.3825 -0.4879
vn 0.3251 0.9238 -0.2022
vn -0.3251 0.9238 0.2022
vn -0.7846 0.3825 0.4879
vn -0.7846 -0.3825 0.4879
vn -0.3251 -0.9238 0.2022
vn 0.3251 -0.9238 -0.2022
vn 0.7846 -0.3825 -0.4879
vn 0.7510 0.3825 -0.5382
vn 0.3112 0.9238 -0.2230
vn -0.3112 0.9238 0.2230
vn -0.7510 0.3825 0.5382
vn -0.7510 -0.3825 0.5382
vn -0.3112 -0.9238 0.2230
vn 0.3112 -0.9238 -0.2230
vn 0.7510 -0.3825 -0.5382
vn 0.7142 0.3825 -0.5861
vn 0.2960 0.9238 -0.2429
vn -0.2960 0.9238 0.2429
vn -0.7142 0.3825 0.5861
vn -0.7142 -0.3825 0.5861
vn -0.2960 -0.9238 0.2429
vn 0.2960 -0.9238 -0.2429
vn 0.7142 -0.3825 -0.5861
vn 0.6744 0.3825 -0.6316
vn 0.2794 0.9238 -0.2617
vn -0.2794 0.9238 0.2617
vn -0.6744 0.3825 0.6316
vn -0.6744 -0.3825 0.6316
vn -0.2794 -0.9238 0.2617
vn 0.2794 -0.9238 -0.2617
vn 0.6744 -0.3825 -0.6316
vn 0.6316 0.3825 -0.6744
vn 0.2617 0.9238 -0.2794
vn -0.2617 0.9238 0.2794
vn -0.6316 0.3825 0.6744
vn -0.6316 -0.3825 0.6744
vn -0.2617 -0.9238 0.2794
vn 0.2617 -0.9238 -0.2794
vn 0.6316 -0.3825 -0.6744
vn 0.5861 0.3825 -0.7142
vn 0.2429 0.9238 -0.2960
vn -0.2429 0.9238 0.2960
vn -0.5861 0.3825 0.7142
vn -0.5861 -0.3825 0.7142
vn -0.2429 -0.9238 0.2960
vn 0.2429 -0.9238 -0.2960
vn 0.5861 -0.3825 -0.7142
vn 0.5382 0.3825 -0.7510
vn 0.2230 0.9238 -0.3112
vn -0.2230 0.9238 0.3112
vn -0.5382 0.3825 0.7510
vn -0.5382 -0.3825 0.7510
vn -0.2230 -0.9238 0.3112
vn 0.2230 -0.9238 -0.3112
vn 0.5382 -0.3825 -0.7510
vn 0.4879 0.3825 -0.7846
vn 0.2022 0.9238 -0.3251
vn -0.2022 0.9238 0.3251
vn -0.4879 0.3825 0.7846
vn -0.4879 -0.3825 0.7846
vn -0.2022 -0.9238 0.3251
vn 0.2022 -0.9238 -0.3251
vn 0.4879 -0.3825 -0.7846
vn 0.4355 0.3825 -0.8149
vn 0.1805 0.9238 -0.3377
vn -0.1805 0.9238 0.3376
vn -0.4355 0.3825 0.8149
vn -0.4355 -0.3825 0.8149
vn -0.1805 -0.9238 0.3376
vn 0.1805 -0.9238 -0.3377
vn 0.4355 -0.3825 -0.8149
vn 0.3813 0.3825 -0.8416
vn 0.1580 0.9238 -0.3487
vn -0.1580 0.9238 0.3487
vn -0.3813 0.3825 0.8416
vn -0.3813 -0.3825 0.8416
vn -0.1580 -0.9238 0.3487
vn 0.1580 -0.9238 -0.3487
vn 0.3813 -0.3825 -0.8416
vn 0.3255 0.3825 -0.8647
vn 0.1349 0.9238 -0.3583
vn -0.1349 0.9238 0.3583
vn -0.3255 0.3825 0.8647
vn -0.3255 -0.3825 0.8647
vn -0.1349 -0.9238 0.3583
vn 0.1349 -0.9238 -0.3583
vn 0.3255 -0.3825 -0.8647
vn 0.2682 0.3825 -0.8842
vn 0.1111 0.9238 -0.3664
vn -0.1111 0.9238 0.3664
vn -0.2682 0.3825 0.8842
vn -0.2682 -0.3825 0.8842
vn -0.1111 -0.9238 0.3664
vn 0.1111 -0.9238 -0.3664
vn 0.2682 -0.3825 -0.8842
vn 0.2098 0.3825 -0.8998
vn 0.0869 0.9238 -0.3729
vn -0.0869 0.9238 0.3729
vn -0.2098 0.3825 0.8998
vn -0.2098 -0.3825 0.8998
vn -0.0869 -0.9238 0.3729
vn 0.0869 -0.9238 -0.3729
vn 0.2098 -0.3825 -0.8998
vn 0.1505 0.3825 -0.9116
vn 0.0624 0.9238 -0.3777
vn -0.0624 0.9238 0.3777
vn -0.1505 0.3825 0.9116
vn -0.1505 -0.3825 0.9116
vn -0.0624 -0.9238 0.3777
vn 0.0624 -0.9238 -0.3777
vn 0.1505 -0.3825 -0.9116
vn 0.0906 0.3825 -0.9195
vn 0.0375 0.9238 -0.3810
vn -0.0375 0.9238 0.3810
vn -0.0906 0.3825 0.9195
vn -0.0906 -0.3825 0.9195
vn -0.0375 -0.9238 0.3810
vn 0.0375 -0.9238 -0.3810
vn 0.0906 -0.3825 -0.9195
vn 0.0302 0.3825 -0.9235
vn 0.0125 0.9238 -0.3827
vn -0.0125 0.9238 0.3827
vn -0.0302 0.3825 0.9235
vn -0.0302 -0.3825 0.9235
vn -0.0125 -0.9238 0.3827
vn 0.0125 -0.9238 -0.3827
vn 0.0302 -0.3825 -0.9235
vn -0.0302 0.3825 -0.9235
vn -0.0125 0.9238 -0.3827
vn 0.0125 0.9238 0.3827
vn 0.0302 0.3825 0.9235
vn 0.0302 -0.3825 0.9235
vn 0.0125 -0.9238 0.3827
vn -0.0125 -0.9238 -0.3827
vn -0.0302 -0.3825 -0.9235
vn -0.0906 0.3825 -0.9195
vn -0.0375 0.9238 -0.3810
vn 0.0375 0.9238 0.3810
vn 0.0906 0.3825 0.9195
vn 0.0906 -0.3825 0.9195
vn 0.0375 -0.9238 0.3810
vn -0.0375 -0.9238 -0.3810
vn -0.0906 -0.3825 -0.9195
vn -0.1505 0.3825 -0.9116
vn -0.0624 0.9238 -0.3777
vn 0.0624 0.9238 0.3777
vn 0.1505 0.3825 0.9116
vn 0.1505 -0.3825 0.9116
vn 0.0624 -0.9238 0.3777
vn -0.0624 -0.9238 -0.3777
vn -0.1505 -0.3825 -0.9116
vn -0.2098 0.3825 -0.8998
vn -0.0869 0.9238 -0.3729
vn 0.0869 0.9238 0.3729
vn 0.2098 0.3825 0.8998
vn 0.2098 -0.3825 0.8998
vn 0.0869 -0.9238 0.3729
vn -0.0869 -0.9238 -0.3729
vn -0.2098 -0.3825 -0.8998
vn -0.2682 0.3825 -0.8842
vn -0.1111 0.9238 -0.3664
vn 0.1111 0.9238 0.3664
vn 0.2682 0.3825 0.8842
vn 0.2682 -0.3825 0.8842
vn 0.1111 -0.9238 0.3664
vn -0.1111 -0.9238 -0.3664
vn -0.2682 -0.3825 -0.8842
vn -0.3255 0.3825 -0.8647
vn -0.1349 0.9238 -0.3583
vn 0.1349 0.9238 0.3583
vn 0.3255 0.3825 0.8647
vn 0.3255 -0.3825 0.8647
vn 0.1349 -0.9238 0.3583
vn -0.1349 -0.9238 -0.3583
vn -0.3255 -0.3825 -0.8647
vn -0.3813 0.3825 -0.8416
vn -0.1580 0.9238 -0.3487
vn 0.1580 0.9238 0.3487
vn 0.3813 0.3825 0.8416
vn 0.3813 -0.3825 0.8416
vn 0.1580 -0.9238 0.3487
vn -0.1580 -0.9238 -0.3487
vn -0.3813 -0.3825 -0.8416
vn -0.4355 0.3825 -0.8149
vn -0.1805 0.9238 -0.3377
vn 0.1805 0.9238 0.3377
vn 0.4355 0.3825 0.8149
vn 0.4355 -0.3825 0.8149
vn 0.1805 -0.9238 0.3377
vn -0.1805 -0.9238 -0.3377
vn -0.4355 -0.3825 -0.8149
vn -0.4879 0.3825 -0.7846
vn -0.2022 0.9238 -0.3251
vn 0.2022 0.9238 0.3251
vn 0.4879 0.3825 0.7846
vn 0.4879 -0.3825 0.7846
vn 0.2022 -0.9238 0.3251
vn -0.2022 -0.9238 -0.3251
vn -0.4879 -0.3825 -0.7846
vn -0.5382 0.3825 -0.7510
vn -0.2230 0.9238 -0.3112
vn 0.2230 0.9238 0.3112
vn 0.5382 0.3825 0.7510
vn 0.5382 -0.3825 0.7510
vn 0.2230 -0.9238 0.3112
vn -0.2230 -0.9238 -0.3112
vn -0.5382 -0.3825 -0.7510
vn -0.5861 0.3825 -0.7142
vn -0.2429 0.9238 -0.2960
vn 0.2429 0.9238 0.2960
vn 0.5861 0.3825 0.7142
vn 0.5861 -0.3825 0.7142
vn 0.2429 -0.9238 0.2960
vn -0.2429 -0.9238 -0.2960
vn -0.5861 -0.3825 -0.7142
vn -0.6316 0.3825 -0.6744
vn -0.2617 0.9238 -0.2794
vn 0.2617 0.9238 0.2794
vn 0.6316 0.3825 0.6744
vn 0.6316 -0.3825 0.6744
vn 0.2617 -0.9238 0.2794
vn -0.2617 -0.9238 -0.2794
vn -0.6316 -0.3825 -0.6744
vn -0.6744 0.3825 -0.6316
vn -0.2794 0.9238 -0.2617
vn 0.2794 0.9238 0.2617
vn 0.6744 0.3825 0.6316
vn 0.6744 -0.3825 0.6316
vn 0.2794 -0.9238 0.2617
vn -0.2794 -0.9238 -0.2617
vn -0.6744 -0.3825 -0.6316
vn -0.7142 0.3825 -0.5861
vn -0.2960 0.9238 -0.2429
vn 0.2960 0.9238 0.2429
vn 0.7142 0.3825 0.5861
vn 0.7142 -0.3825 0.5861
vn 0.2960 -0.9238 0.2429
vn -0.2960 -0.9238 -0.2429
vn -0.7142 -0.3825 -0.5861
vn -0.7510 0.3825 -0.5382
vn -0.3112 0.9238 -0.2230
vn 0.3112 0.9238 0.2230
vn 0.7510 0.3825 0.5382
vn 0.7510 -0.3825 0.5382
vn 0.3112 -0.9238 0.2230
vn -0.3112 -0.9238 -0.2230
vn -0.7510 -0.3825 -0.5382
vn -0.7846 0.3825 -0.4879
vn -0.3251 0.9238 -0.2022
vn 0.3251 0.9238 0.2022
vn 0.7846 0.3825 0.4879
vn 0.7846 -0.3825 0.4879
vn 0.3251 -0.9238 0.2022
vn -0.3251 -0.9238 -0.2022
vn -0.7846 -0.3825 -0.4879
vn -0.8149 0.3825 -0.4355
vn -0.3377 0.9238 -0.1805
vn 0.3377 0.9238 0.1805
vn 0.8149 0.3825 0.4355
vn 0.8149 -0.3825 0.4355
vn 0.3377 -0.9238 0.1805
vn -0.3377 -0.9238 -0.1805
vn -0.8149 -0.3825 -0.4355
vn -0.8416 0.3825 -0.3813
vn -0.3487 0.9238 -0.1580
vn 0.3487 0.9238 0.1580
vn 0.8416 0.3825 0.3813
vn 0.8416 -0.3825 0.3813
vn 0.3487 -0.9238 0.1580
vn -0.3487 -0.9238 -0.1580
vn -0.8416 -0.3825 -0.3813
vn -0.8647 0.3825 -0.3255
vn -0.3583 0.9238 -0.1349
vn 0.3583 0.9238 0.1349
vn 0.8647 0.3825 0.3255
vn 0.8647 -0.3825 0.3255
vn 0.3583 -0.9238 0.1349
vn -0.3583 -0.9238 -0.1349
vn -0.8647 -0.3825 -0.3255
vn -0.8842 0.3825 -0.2682
vn -0.3664 0.9238 -0.1111
vn 0.3664 0.9238 0.1111
vn 0.8842 0.3825 0.2682
vn 0.8842 -0.3825 0.2682
vn 0.3664 -0.9238 0.1111
vn -0.3664 -0.9238 -0.1111
vn -0.8842 -0.3825 -0.2682
vn -0.8998 0.3825 -0.2098
vn -0.3729 0.9238 -0.0869
vn 0.3729 0.9238 0.0869
vn 0.8998 0.3825 0.2098
vn 0.8998 -0.3825 0.2098
vn 0.3729 -0.9238 0.0869
vn -0.3729 -0.9238 -0.0869
vn -0.8998 -0.3825 -0.2098
vn -0.9116 0.3825 -0.1505
vn -0.3777 0.9238 -0.0624
vn 0.3777 0.9238 0.0624
vn 0.9116 0.3825 0.1505
vn 0.9116 -0.3825 0.1505
vn 0.3777 -0.9238 0.0624
vn -0.3777 -0.9238 -0.0624
vn -0.9116 -0.3825 -0.1505
vn -0.9195 0.3825 -0.0906
vn -0.3810 0.9238 -0.0375
vn 0.3810 0.9238 0.0375
vn 0.9195 0.3825 0.0906
vn 0.9195 -0.3825 0.0906
vn 0.3810 -0.9238 0.0375
vn -0.3810 -0.9238 -0.0375
vn -0.9195 -0.3825 -0.0906
vn -0.9235 0.3825 -0.0302
vn -0.3827 0.9238 -0.0125
vn 0.3827 0.9238 0.0125
vn 0.9235 0.3825 0.0302
vn 0.9235 -0.3825 0.0302
vn 0.3827 -0.9238 0.0125
vn -0.3827 -0.9238 -0.0125
vn -0.9235 -0.3825 -0.0302
vn -0.1805 0.9238 0.3377
vn -0.1805 -0.9238 0.3377
vn -0.1805 0.9238 -0.3376
vn -0.1805 -0.9238 -0.3376
vt 0.500000 0.500000
vt 0.510417 0.500000
vt 0.510417 0.625000
vt 0.500000 0.625000
vt 0.510417 0.750000
vt 0.500000 0.750000
vt 0.510417 0.875000
vt 0.500000 0.875000
vt 0.510417 1.000000
vt 0.500000 1.000000
vt 0.500000 0.000000
vt 0.510417 0.000000
vt 0.510417 0.125000
vt 0.500000 0.125000
vt 0.510417 0.250000
vt 0.500000 0.250000
vt 0.510417 0.375000
vt 0.500000 0.375000
vt 0.520833 0.500000
vt 0.520833 0.625000
vt 0.520833 0.750000
vt 0.520833 0.875000
vt 0.520833 1.000000
vt 0.520833 0.000000
vt 0.520833 0.125000
vt 0.520833 0.250000
vt 0.520833 0.375000
vt 0.531250 0.500000
vt 0.531250 0.625000
vt 0.531250 0.750000
vt 0.531250 0.875000
vt 0.531250 1.000000
vt 0.531250 0.000000
vt 0.531250 0.125000
vt 0.531250 0.250000
vt 0.531250 0.375000
vt 0.541667 0.500000
vt 0.541667 0.625000
vt 0.541667 0.750000
vt 0.541667 0.875000
vt 0.541667 1.000000
vt 0.541667 0.000000
vt 0.541667 0.125000
vt 0.541667 0.250000
vt 0.541667 0.375000
vt 0.552083 0.500000
vt 0.552083 0.625000
vt 0.552083 0.750000
vt 0.552083 0.875000
vt 0.552083 1.000000
vt 0.552083 0.000000
vt 0.552083 0.125000
vt 0.552083 0.250000
vt 0.552083 0.375000
vt 0.562500 0.500000
vt 0.562500 0.625000
vt 0.562500 0.750000
vt 0.562500 0.875000
vt 0.562500 1.000000
vt 0.562500 0.000000
vt 0.562500 0.125000
vt 0.562500 0.250000
vt 0.562500 0.375000
vt 0.572917 0.500000
vt 0.572917 0.625000
vt 0.572917 0.750000
vt 0.572917 0.875000
vt 0.572917 1.000000
vt 0.572917 0.000000
vt 0.572917 0.125000
vt 0.572917 0.250000
vt 0.572917 0.375000
vt 0.583333 0.500000
vt 0.583333 0.625000
vt 0.583333 0.750000
vt 0.583333 0.875000
vt 0.583333 1.000000
vt 0.583333 0.000000
vt 0.583333 0.125000
vt 0.583333 0.250000
vt 0.583333 0.375000
vt 0.593750 0.500000
vt 0.593750 0.625000
vt 0.593750 0.750000
vt 0.593750 0.875000
vt 0.593750 1.000000
vt 0.593750 0.000000
vt 0.593750 0.125000
vt 0.593750 0.250000
vt 0.593750 0.375000
vt 0.604167 0.500000
vt 0.604167 0.625000
vt 0.604167 0.750000
vt 0.604167 0.875000
vt 0.604167 1.000000
vt 0.604167 0.000000
vt 0.604167 0.125000
vt 0.604167 0.250000
vt 0.604167 0.375000
vt 0.614583 0.500000
vt 0.614583 0.625000
vt 0.614583 0.750000
vt 0.614583 0.875000
vt 0.614583 1.000000
vt 0.614583 0.000000
vt 0.614583 0.125000
vt 0.614583 0.250000
vt 0.614583 0.375000
vt 0.625000 0.500000
vt 0.625000 0.625000
vt 0.625000 0.750000
vt 0.625000 0.875000
vt 0.625000 1.000000
vt 0.625000 0.000000
vt 0.625000 0.125000
vt 0.625000 0.250000
vt 0.625000 0.375000
vt 0.635417 0.500000
vt 0.635417 0.625000
vt 0.635417 0.750000
vt 0.635417 0.875000
vt 0.635417 1.000000
vt 0.635417 0.000000
vt 0.635417 0.125000
vt 0.635417 0.250000
vt 0.635417 0.375000
vt 0.645833 0.500000
vt 0.645833 0.625000
vt 0.645833 0.750000
vt 0.645833 0.875000
vt 0.645833 1.000000
vt 0.645833 0.000000
vt 0.645833 0.125000
vt 0.645833 0.250000
vt 0.645833 0.375000
vt 0.656250 0.500000
vt 0.656250 0.625000
vt 0.656250 0.750000
vt 0.656250 0.875000
vt 0.656250 1.000000
vt 0.656250 0.000000
vt 0.656250 0.125000
vt 0.656250 0.250000
vt 0.656250 0.375000
vt 0.666667 0.500000
vt 0.666667 0.625000
vt 0.666667 0.750000
vt 0.666667 0.875000
vt 0.666667 1.000000
vt 0.666667 0.000000
vt 0.666667 0.125000
vt 0.666667 0.250000
vt 0.666667 0.375000
vt 0.677083 0.500000
vt 0.677083 0.625000
vt 0.677083 0.750000
vt 0.677083 0.875000
vt 0.677083 1.000000
vt 0.677083 0.000000
vt 0.677083 0.125000
vt 0.677083 0.250000
vt 0.677083 0.375000
vt 0.687500 0.500000
vt 0.687500 0.625000
vt 0.687500 0.750000
vt 0.687500 0.875000
vt 0.687500 1.000000
vt 0.687500 0.000000
vt 0.687500 0.125000
vt 0.687500 0.250000
vt 0.687500 0.375000
vt 0.697917 0.500000
vt 0.697917 0.625000
vt 0.697917 0.750000
vt 0.697917 0.875000
vt 0.697917 1.000000
vt 0.697917 0.000000
vt 0.697917 0.125000
vt 0.697917 0.250000
vt 0.697917 0.375000
vt 0.708333 0.500000
vt 0.708333 0.625000
vt 0.708333 0.750000
vt 0.708333 0.875000
vt 0.708333 1.000000
vt 0.708333 0.000000
vt 0.708333 0.125000
vt 0.708333 0.250000
vt 0.708333 0.375000
vt 0.718750 0.500000
vt 0.718750 0.625000
vt 0.718750 0.750000
vt 0.718750 0.875000
vt 0.718750 1.000000
vt 0.718750 0.000000
vt 0.718750 0.125000
vt 0.718750 0.250000
vt 0.718750 0.375000
vt 0.729167 0.500000
vt 0.729167 0.625000
vt 0.729167 0.750000
vt 0.729167 0.875000
vt 0.729167 1.000000
vt 0.729167 0.000000
vt 0.729167 0.125000
vt 0.729167 0.250000
vt 0.729167 0.375000
vt 0.739583 0.500000
vt 0.739583 0.625000
vt 0.739583 0.750000
vt 0.739583 0.875000
vt 0.739583 1.000000
vt 0.739583 0.000000
vt 0.739583 0.125000
vt 0.739583 0.250000
vt 0.739583 0.375000
vt 0.750000 0.500000
vt 0.750000 0.625000
vt 0.750000 0.750000
vt 0.750000 0.875000
vt 0.750000 1.000000
vt 0.750000 0.000000
vt 0.750000 0.125000
vt 0.750000 0.250000
vt 0.750000 0.375000
vt 0.760417 0.500000
vt 0.760417 0.625000
vt 0.760417 0.750000
vt 0.760417 0.875000
vt 0.760417 1.000000
vt 0.760417 0.000000
vt 0.760417 0.125000
vt 0.760417 0.250000
vt 0.760417 0.375000
vt 0.770833 0.500000
vt 0.770833 0.625000
vt 0.770833 0.750000
vt 0.770833 0.875000
vt 0.770833 1.000000
vt 0.770833 0.000000
vt 0.770833 0.125000
vt 0.770833 0.250000
vt 0.770833 0.375000
vt 0.781250 0.500000
vt 0.781250 0.625000
vt 0.781250 0.750000
vt 0.781250 0.875000
vt 0.781250 1.000000
vt 0.781250 0.000000
vt 0.781250 0.125000
vt 0.781250 0.250000
vt 0.781250 0.375000
vt 0.791667 0.500000
vt 0.791667 0.625000
vt 0.791667 0.750000
vt 0.791667 0.875000
vt 0.791667 1.000000
vt 0.791667 0.000000
vt 0.791667 0.125000
vt 0.791667 0.250000
vt 0.791667 0.375000
vt 0.802083 0.500000
vt 0.802083 0.625000
vt 0.802083 0.750000
vt 0.802083 0.875000
vt 0.802083 1.000000
vt 0.802083 0.000000
vt 0.802083 0.125000
vt 0.802083 0.250000
vt 0.802083 0.375000
vt 0.812500 0.500000
vt 0.812500 0.625000
vt 0.812500 0.750000
vt 0.812500 0.875000
vt 0.812500 1.000000
vt 0.812500 0.000000
vt 0.812500 0.125000
vt 0.812500 0.250000
vt 0.812500 0.375000
vt 0.822917 0.500000
vt 0.822917 0.625000
vt 0.822917 0.750000
vt 0.822917 0.875000
vt 0.822917 1.000000
vt 0.822917 0.000000
vt 0.822917 0.125000
vt 0.822917 0.250000
vt 0.822917 0.375000
vt 0.833333 0.500000
vt 0.833333 0.625000
vt 0.833333 0.750000
vt 0.833333 0.875000
vt 0.833333 1.000000
vt 0.833333 0.000000
vt 0.833333 0.125000
vt 0.833333 0.250000
vt 0.833333 0.375000
vt 0.843750 0.500000
vt 0.843750 0.625000
vt 0.843750 0.750000
vt 0.843750 0.875000
vt 0.843750 1.000000
vt 0.843750 0.000000
vt 0.843750 0.125000
vt 0.843750 0.250000
vt 0.843750 0.375000
vt 0.854167 0.500000
vt 0.854167 0.625000
vt 0.854167 0.750000
vt 0.854167 0.875000
vt 0.854167 1.000000
vt 0.854167 0.000000
vt 0.854167 0.125000
vt 0.854167 0.250000
vt 0.854167 0.375000
vt 0.864583 0.500000
vt 0.864583 0.625000
vt 0.864583 0.750000
vt 0.864583 0.875000
vt 0.864583 1.000000
vt 0.864583 0.000000
vt 0.864583 0.125000
vt 0.864583 0.250000
vt 0.864583 0.375000
vt 0.875000 0.500000
vt 0.875000 0.625000
vt 0.875000 0.750000
vt 0.875000 0.875000
vt 0.875000 1.000000
vt 0.875000 0.000000
vt 0.875000 0.125000
vt 0.875000 0.250000
vt 0.875000 0.375000
vt 0.885417 0.500000
vt 0.885417 0.625000
vt 0.885417 0.750000
vt 0.885417 0.875000
vt 0.885417 1.000000
vt 0.885417 0.000000
vt 0.885417 0.125000
vt 0.885417 0.250000
vt 0.885417 0.375000
vt 0.895833 0.500000
vt 0.895833 0.625000
vt 0.895833 0.750000
vt 0.895833 0.875000
vt 0.895833 1.000000
vt 0.895833 0.000000
vt 0.895833 0.125000
vt 0.895833 0.250000
vt 0.895833 0.375000
vt 0.906250 0.500000
vt 0.906250 0.625000
vt 0.906250 0.750000
vt 0.906250 0.875000
vt 0.906250 1.000000
vt 0.906250 0.000000
vt 0.906250 0.125000
vt 0.906250 0.250000
vt 0.906250 0.375000
vt 0.916667 0.500000
vt 0.916667 0.625000
vt 0.916667 0.750000
vt 0.916667 0.875000
vt 0.916667 1.000000
vt 0.916667 0.000000
vt 0.916667 0.125000
vt 0.916667 0.250000
vt 0.916667 0.375000
vt 0.927083 0.500000
vt 0.927083 0.625000
vt 0.927083 0.750000
vt 0.927083 0.875000
vt 0.927083 1.000000
vt 0.927083 0.000000
vt 0.927083 0.125000
vt 0.927083 0.250000
vt 0.927083 0.375000
vt 0.937500 0.500000
vt 0.937500 0.625000
vt 0.937500 0.750000
vt 0.937500 0.875000
vt 0.937500 1.000000
vt 0.937500 0.000000
vt 0.937500 0.125000
vt 0.937500 0.250000
vt 0.937500 0.375000
vt 0.947917 0.500000
vt 0.947917 0.625000
vt 0.947917 0.750000
vt 0.947917 0.875000
vt 0.947917 1.000000
vt 0.947917 0.000000
vt 0.947917 0.125000
vt 0.947917 0.250000
vt 0.947917 0.375000
vt 0.958333 0.500000
vt 0.958333 0.625000
vt 0.958333 0.750000
vt 0.958333 0.875000
vt 0.958333 1.000000
vt 0.958333 0.000000
vt 0.958333 0.125000
vt 0.958333 0.250000
vt 0.958333 0.375000
vt 0.968750 0.500000
vt 0.968750 0.625000
vt 0.968750 0.750000
vt 0.968750 0.875000
vt 0.968750 1.000000
vt 0.968750 0.000000
vt 0.968750 0.125000
vt 0.968750 0.250000
vt 0.968750 0.375000
vt 0.979167 0.500000
vt 0.979167 0.625000
vt 0.979167 0.750000
vt 0.979167 0.875000
vt 0.979167 1.000000
vt 0.979167 0.000000
vt 0.979167 0.125000
vt 0.979167 0.250000
vt 0.979167 0.375000
vt 0.989583 0.500000
vt 0.989583 0.625000
vt 0.989583 0.750000
vt 0.989583 0.875000
vt 0.989583 1.000000
vt 0.989583 0.000000
vt 0.989583 0.125000
vt 0.989583 0.250000
vt 0.989583 0.375000
vt 1.000000 0.500000
vt 1.000000 0.625000
vt 1.000000 0.750000
vt 1.000000 0.875000
vt 1.000000 1.000000
vt 1.000000 0.000000
vt 1.000000 0.125000
vt 1.000000 0.250000
vt 1.000000 0.375000
vt -0.000000 0.500000
vt 0.010417 0.500000
vt 0.010417 0.625000
vt -0.000000 0.625000
vt 0.010417 0.750000
vt -0.000000 0.750000
vt 0.010417 0.875000
vt -0.000000 0.875000
vt 0.010417 1.000000
vt -0.000000 1.000000
vt -0.000000 0.000000
vt 0.010417 0.000000
vt 0.010417 0.125000
vt -0.000000 0.125000
vt 0.010417 0.250000
vt -0.000000 0.250000
vt 0.010417 0.375000
vt -0.000000 0.375000
vt 0.020833 0.500000
vt 0.020833 0.625000
vt 0.020833 0.750000
vt 0.020833 0.875000
vt 0.020833 1.000000
vt 0.020833 0.000000
vt 0.020833 0.125000
vt 0.020833 0.250000
vt 0.020833 0.375000
vt 0.031250 0.500000
vt 0.031250 0.625000
vt 0.031250 0.750000
vt 0.031250 0.875000
vt 0.031250 1.000000
vt 0.031250 0.000000
vt 0.031250 0.125000
vt 0.031250 0.250000
vt 0.031250 0.375000
vt 0.041667 0.500000
vt 0.041667 0.625000
vt 0.041667 0.750000
vt 0.041667 0.875000
vt 0.041667 1.000000
vt 0.041667 0.000000
vt 0.041667 0.125000
vt 0.041667 0.250000
vt 0.041667 0.375000
vt 0.052083 0.500000
vt 0.052083 0.625000
vt 0.052083 0.750000
vt 0.052083 0.875000
vt 0.052083 1.000000
vt 0.052083 0.000000
vt 0.052083 0.125000
vt 0.052083 0.250000
vt 0.052083 0.375000
vt 0.062500 0.500000
vt 0.062500 0.625000
vt 0.062500 0.750000
vt 0.062500 0.875000
vt 0.062500 1.000000
vt 0.062500 0.000000
vt 0.062500 0.125000
vt 0.062500 0.250000
vt 0.062500 0.375000
vt 0.072917 0.500000
vt 0.072917 0.625000
vt 0.072917 0.750000
vt 0.072917 0.875000
vt 0.072917 1.000000
vt 0.072917 0.000000
vt 0.072917 0.125000
vt 0.072917 0.250000
vt 0.072917 0.375000
vt 0.083333 0.500000
vt 0.083333 0.625000
vt 0.083333 0.750000
vt 0.083333 0.875000
vt 0.083333 1.000000
vt 0.083333 0.000000
vt 0.083333 0.125000
vt 0.083333 0.250000
vt 0.083333 0.375000
vt 0.093750 0.500000
vt 0.093750 0.625000
vt 0.093750 0.750000
vt 0.093750 0.875000
vt 0.093750 1.000000
vt 0.093750 0.000000
vt 0.093750 0.125000
vt 0.093750 0.250000
vt 0.093750 0.375000
vt 0.104167 0.500000
vt 0.104167 0.625000
vt 0.104167 0.750000
vt 0.104167 0.875000
vt 0.104167 1.000000
vt 0.104167 0.000000
vt 0.104167 0.125000
vt 0.104167 0.250000
vt 0.104167 0.375000
vt 0.114583 0.500000
vt 0.114583 0.625000
vt 0.114583 0.750000
vt 0.114583 0.875000
vt 0.114583 1.000000
vt 0.114583 0.000000
vt 0.114583 0.125000
vt 0.114583 0.250000
vt 0.114583 0.375000
vt 0.125000 0.500000
vt 0.125000 0.625000
vt 0.125000 0.750000
vt 0.125000 0.875000
vt 0.125000 1.000000
vt 0.125000 0.000000
vt 0.125000 0.125000
vt 0.125000 0.250000
vt 0.125000 0.375000
vt 0.135417 0.500000
vt 0.135417 0.625000
vt 0.135417 0.750000
vt 0.135417 0.875000
vt 0.135417 1.000000
vt 0.135417 0.000000
vt 0.135417 0.125000
vt 0.135417 0.250000
vt 0.135417 0.375000
vt 0.145833 0.500000
vt 0.145833 0.625000
vt 0.145833 0.750000
vt 0.145833 0.875000
vt 0.145833 1.000000
vt 0.145833 0.000000
vt 0.145833 0.125000
vt 0.145833 0.250000
vt 0.145833 0.375000
vt 0.156250 0.500000
vt 0.156250 0.625000
vt 0.156250 0.750000
vt 0.156250 0.875000
vt 0.156250 1.000000
vt 0.156250 0.000000
vt 0.156250 0.125000
vt 0.156250 0.250000
vt 0.156250 0.375000
vt 0.166667 0.500000
vt 0.166667 0.625000
vt 0.166667 0.750000
vt 0.166667 0.875000
vt 0.166667 1.000000
vt 0.166667 0.000000
vt 0.166667 0.125000
vt 0.166667 0.250000
vt 0.166667 0.375000
vt 0.177083 0.500000
vt 0.177083 0.625000
vt 0.177083 0.750000
vt 0.177083 0.875000
vt 0.177083 1.000000
vt 0.177083 0.000000
vt 0.177083 0.125000
vt 0.177083 0.250000
vt 0.177083 0.375000
vt 0.187500 0.500000
vt 0.187500 0.625000
vt 0.187500 0.750000
vt 0.187500 0.875000
vt 0.187500 1.000000
vt 0.187500 0.000000
vt 0.187500 0.125000
vt 0.187500 0.250000
vt 0.187500 0.375000
vt 0.197917 0.500000
vt 0.197917 0.625000
vt 0.197917 0.750000
vt 0.197917 0.875000
vt 0.197917 1.000000
vt 0.197917 0.000000
vt 0.197917 0.125000
vt 0.197917 0.250000
vt 0.197917 0.375000
vt 0.208333 0.500000
vt 0.208333 0.625000
vt 0.208333 0.750000
vt 0.208333 0.875000
vt 0.208333 1.000000
vt 0.208333 0.000000
vt 0.208333 0.125000
vt 0.208333 0.250000
vt 0.208333 0.375000
vt 0.218750 0.500000
vt 0.218750 0.625000
vt 0.218750 0.750000
vt 0.218750 0.875000
vt 0.218750 1.000000
vt 0.218750 0.000000
vt 0.218750 0.125000
vt 0.218750 0.250000
vt 0.218750 0.375000
vt 0.229167 0.500000
vt 0.229167 0.625000
vt 0.229167 0.750000
vt 0.229167 0.875000
vt 0.229167 1.000000
vt 0.229167 0.000000
vt 0.229167 0.125000
vt 0.229167 0.250000
vt 0.229167 0.375000
vt 0.239583 0.500000
vt 0.239583 0.625000
vt 0.239583 0.750000
vt 0.239583 0.875000
vt 0.239583 1.000000
vt 0.239583 0.000000
vt 0.239583 0.125000
vt 0.239583 0.250000
vt 0.239583 0.375000
vt 0.250000 0.500000
vt 0.250000 0.625000
vt 0.250000 0.750000
vt 0.250000 0.875000
vt 0.250000 1.000000
vt 0.250000 0.000000
vt 0.250000 0.125000
vt 0.250000 0.250000
vt 0.250000 0.375000
vt 0.260417 0.500000
vt 0.260417 0.625000
vt 0.260417 0.750000
vt 0.260417 0.875000
vt 0.260417 1.000000
vt 0.260417 0.000000
vt 0.260417 0.125000
vt 0.260417 0.250000
vt 0.260417 0.375000
vt 0.270833 0.500000
vt 0.270833 0.625000
vt 0.270833 0.750000
vt 0.270833 0.875000
vt 0.270833 1.000000
vt 0.270833 0.000000
vt 0.270833 0.125000
vt 0.270833 0.250000
vt 0.270833 0.375000
vt 0.281250 0.500000
vt 0.281250 0.625000
vt 0.281250 0.750000
vt 0.281250 0.875000
vt 0.281250 1.000000
vt 0.281250 0.000000
vt 0.281250 0.125000
vt 0.281250 0.250000
vt 0.281250 0.375000
vt 0.291667 0.500000
vt 0.291667 0.625000
vt 0.291667 0.750000
vt 0.291667 0.875000
vt 0.291667 1.000000
vt 0.291667 0.000000
vt 0.291667 0.125000
vt 0.291667 0.250000
vt 0.291667 0.375000
vt 0.302083 0.500000
vt 0.302083 0.625000
vt 0.302083 0.750000
vt 0.302083 0.875000
vt 0.302083 1.000000
vt 0.302083 0.000000
vt 0.302083 0.125000
vt 0.302083 0.250000
vt 0.302083 0.375000
vt 0.312500 0.500000
vt 0.312500 0.625000
vt 0.312500 0.750000
vt 0.312500 0.875000
vt 0.312500 1.000000
vt 0.312500 0.000000
vt 0.312500 0.125000
vt 0.312500 0.250000
vt 0.312500 0.375000
vt 0.322917 0.500000
vt 0.322917 0.625000
vt 0.322917 0.750000
vt 0.322917 0.875000
vt 0.322917 1.000000
vt 0.322917 0.000000
vt 0.322917 0.125000
vt 0.322917 0.250000
vt 0.322917 0.375000
vt 0.333333 0.500000
vt 0.333333 0.625000
vt 0.333333 0.750000
vt 0.333333 0.875000
vt 0.333333 1.000000
vt 0.333333 0.000000
vt 0.333333 0.125000
vt 0.333333 0.250000
vt 0.333333 0.375000
vt 0.343750 0.500000
vt 0.343750 0.625000
vt 0.343750 0.750000
vt 0.343750 0.875000
vt 0.343750 1.000000
vt 0.343750 0.000000
vt 0.343750 0.125000
vt 0.343750 0.250000
vt 0.343750 0.375000
vt 0.354167 0.500000
vt 0.354167 0.625000
vt 0.354167 0.750000
vt 0.354167 0.875000
vt 0.354167 1.000000
vt 0.354167 0.000000
vt 0.354167 0.125000
vt 0.354167 0.250000
vt 0.354167 0.375000
vt 0.364583 0.500000
vt 0.364583 0.625000
vt 0.364583 0.750000
vt 0.364583 0.875000
vt 0.364583 1.000000
vt 0.364583 0.000000
vt 0.364583 0.125000
vt 0.364583 0.250000
vt 0.364583 0.375000
vt 0.375000 0.500000
vt 0.375000 0.625000
vt 0.375000 0.750000
vt 0.375000 0.875000
vt 0.375000 1.000000
vt 0.375000 0.000000
vt 0.375000 0.125000
vt 0.375000 0.250000
vt 0.375000 0.375000
vt 0.385417 0.500000
vt 0.385417 0.625000
vt 0.385417 0.750000
vt 0.385417 0.875000
vt 0.385417 1.000000
vt 0.385417 0.000000
vt 0.385417 0.125000
vt 0.385417 0.250000
vt 0.385417 0.375000
vt 0.395833 0.500000
vt 0.395833 0.625000
vt 0.395833 0.750000
vt 0.395833 0.875000
vt 0.395833 1.000000
vt 0.395833 0.000000
vt 0.395833 0.125000
vt 0.395833 0.250000
vt 0.395833 0.375000
vt 0.406250 0.500000
vt 0.406250 0.625000
vt 0.406250 0.750000
vt 0.406250 0.875000
vt 0.406250 1.000000
vt 0.406250 0.000000
vt 0.406250 0.125000
vt 0.406250 0.250000
vt 0.406250 0.375000
vt 0.416667 0.500000
vt 0.416667 0.625000
vt 0.416667 0.750000
vt 0.416667 0.875000
vt 0.416667 1.000000
vt 0.416667 0.000000
vt 0.416667 0.125000
vt 0.416667 0.250000
vt 0.416667 0.375000
vt 0.427083 0.500000
vt 0.427083 0.625000
vt 0.427083 0.750000
vt 0.427083 0.875000
vt 0.427083 1.000000
vt 0.427083 0.000000
vt 0.427083 0.125000
vt 0.427083 0.250000
vt 0.427083 0.375000
vt 0.437500 0.500000
vt 0.437500 0.625000
vt 0.437500 0.750000
vt 0.437500 0.875000
vt 0.437500 1.000000
vt 0.437500 0.000000
vt 0.437500 0.125000
vt 0.437500 0.250000
vt 0.437500 0.375000
vt 0.447917 0.500000
vt 0.447917 0.625000
vt 0.447917 0.750000
vt 0.447917 0.875000
vt 0.447917 1.000000
vt 0.447917 0.000000
vt 0.447917 0.125000
vt 0.447917 0.250000
vt 0.447917 0.375000
vt 0.458333 0.500000
vt 0.458333 0.625000
vt 0.458333 0.750000
vt 0.458333 0.875000
vt 0.458333 1.000000
vt 0.458333 0.000000
vt 0.458333 0.125000
vt 0.458333 0.250000
vt 0.458333 0.375000
vt 0.468750 0.500000
vt 0.468750 0.625000
vt 0.468750 0.750000
vt 0.468750 0.875000
vt 0.468750 1.000000
vt 0.468750 0.000000
vt 0.468750 0.125000
vt 0.468750 0.250000
vt 0.468750 0.375000
vt 0.479167 0.500000
vt 0.479167 0.625000
vt 0.479167 0.750000
vt 0.479167 0.875000
vt 0.479167 1.000000
vt 0.479167 0.000000
vt 0.479167 0.125000
vt 0.479167 0.250000
vt 0.479167 0.375000
vt 0.489583 0.500000
vt 0.489583 0.625000
vt 0.489583 0.750000
vt 0.489583 0.875000
vt 0.489583 1.000000
vt 0.489583 0.000000
vt 0.489583 0.125000
vt 0.489583 0.250000
vt 0.489583 0.375000
s 0
usemtl DL2_Armor_Indigo
f 2149/2560/1553 2157/2561/1553 2158/2562/1553 2150/2563/1553
f 2150/2563/1554 2158/2562/1554 2159/2564/1554 2151/2565/1554
f 2151/2565/1555 2159/2564/1555 2160/2566/1555 2152/2567/1555
f 2152/2567/1556 2160/2566/1556 2161/2568/1556 2153/2569/1556
f 2153/2570/1557 2161/2571/1557 2162/2572/1557 2154/2573/1557
f 2154/2573/1558 2162/2572/1558 2163/2574/1558 2155/2575/1558
f 2155/2575/1559 2163/2574/1559 2164/2576/1559 2156/2577/1559
f 2156/2577/1560 2164/2576/1560 2157/2561/1560 2149/2560/1560
f 2157/2561/1561 2165/2578/1561 2166/2579/1561 2158/2562/1561
f 2158/2562/1562 2166/2579/1562 2167/2580/1562 2159/2564/1562
f 2159/2564/1563 2167/2580/1563 2168/2581/1563 2160/2566/1563
f 2160/2566/1564 2168/2581/1564 2169/2582/1564 2161/2568/1564
f 2161/2571/1565 2169/2583/1565 2170/2584/1565 2162/2572/1565
f 2162/2572/1566 2170/2584/1566 2171/2585/1566 2163/2574/1566
f 2163/2574/1567 2171/2585/1567 2172/2586/1567 2164/2576/1567
f 2164/2576/1568 2172/2586/1568 2165/2578/1568 2157/2561/1568
f 2165/2578/1569 2173/2587/1569 2174/2588/1569 2166/2579/1569
f 2166/2579/1570 2174/2588/1570 2175/2589/1570 2167/2580/1570
f 2167/2580/1571 2175/2589/1571 2176/2590/1571 2168/2581/1571
f 2168/2581/1572 2176/2590/1572 2177/2591/1572 2169/2582/1572
f 2169/2583/1573 2177/2592/1573 2178/2593/1573 2170/2584/1573
f 2170/2584/1574 2178/2593/1574 2179/2594/1574 2171/2585/1574
f 2171/2585/1575 2179/2594/1575 2180/2595/1575 2172/2586/1575
f 2172/2586/1576 2180/2595/1576 2173/2587/1576 2165/2578/1576
f 2173/2587/1577 2181/2596/1577 2182/2597/1577 2174/2588/1577
f 2174/2588/1578 2182/2597/1578 2183/2598/1578 2175/2589/1578
f 2175/2589/1579 2183/2598/1579 2184/2599/1579 2176/2590/1579
f 2176/2590/1580 2184/2599/1580 2185/2600/1580 2177/2591/1580
f 2177/2592/1581 2185/2601/1581 2186/2602/1581 2178/2593/1581
f 2178/2593/1582 2186/2602/1582 2187/2603/1582 2179/2594/1582
f 2179/2594/1583 2187/2603/1583 2188/2604/1583 2180/2595/1583
f 2180/2595/1584 2188/2604/1584 2181/2596/1584 2173/2587/1584
f 2181/2596/1585 2189/2605/1585 2190/2606/1585 2182/2597/1585
f 2182/2597/1586 2190/2606/1586 2191/2607/1586 2183/2598/1586
f 2183/2598/1587 2191/2607/1587 2192/2608/1587 2184/2599/1587
f 2184/2599/1588 2192/2608/1588 2193/2609/1588 2185/2600/1588
f 2185/2601/1589 2193/2610/1589 2194/2611/1589 2186/2602/1589
f 2186/2602/1590 2194/2611/1590 2195/2612/1590 2187/2603/1590
f 2187/2603/1591 2195/2612/1591 2196/2613/1591 2188/2604/1591
f 2188/2604/1592 2196/2613/1592 2189/2605/1592 2181/2596/1592
f 2189/2605/1593 2197/2614/1593 2198/2615/1593 2190/2606/1593
f 2190/2606/1594 2198/2615/1594 2199/2616/1594 2191/2607/1594
f 2191/2607/1595 2199/2616/1595 2200/2617/1595 2192/2608/1595
f 2192/2608/1596 2200/2617/1596 2201/2618/1596 2193/2609/1596
f 2193/2610/1597 2201/2619/1597 2202/2620/1597 2194/2611/1597
f 2194/2611/1598 2202/2620/1598 2203/2621/1598 2195/2612/1598
f 2195/2612/1599 2203/2621/1599 2204/2622/1599 2196/2613/1599
f 2196/2613/1600 2204/2622/1600 2197/2614/1600 2189/2605/1600
f 2197/2614/1601 2205/2623/1601 2206/2624/1601 2198/2615/1601
f 2198/2615/1602 2206/2624/1602 2207/2625/1602 2199/2616/1602
f 2199/2616/1603 2207/2625/1603 2208/2626/1603 2200/2617/1603
f 2200/2617/1604 2208/2626/1604 2209/2627/1604 2201/2618/1604
f 2201/2619/1605 2209/2628/1605 2210/2629/1605 2202/2620/1605
f 2202/2620/1606 2210/2629/1606 2211/2630/1606 2203/2621/1606
f 2203/2621/1607 2211/2630/1607 2212/2631/1607 2204/2622/1607
f 2204/2622/1608 2212/2631/1608 2205/2623/1608 2197/2614/1608
f 2205/2623/1609 2213/2632/1609 2214/2633/1609 2206/2624/1609
f 2206/2624/1610 2214/2633/1610 2215/2634/1610 2207/2625/1610
f 2207/2625/1611 2215/2634/1611 2216/2635/1611 2208/2626/1611
f 2208/2626/1612 2216/2635/1612 2217/2636/1612 2209/2627/1612
f 2209/2628/1613 2217/2637/1613 2218/2638/1613 2210/2629/1613
f 2210/2629/1614 2218/2638/1614 2219/2639/1614 2211/2630/1614
f 2211/2630/1615 2219/2639/1615 2220/2640/1615 2212/2631/1615
f 2212/2631/1616 2220/2640/1616 2213/2632/1616 2205/2623/1616
f 2213/2632/1617 2221/2641/1617 2222/2642/1617 2214/2633/1617
f 2214/2633/1618 2222/2642/1618 2223/2643/1618 2215/2634/1618
f 2215/2634/1619 2223/2643/1619 2224/2644/1619 2216/2635/1619
f 2216/2635/1620 2224/2644/1620 2225/2645/1620 2217/2636/1620
f 2217/2637/1621 2225/2646/1621 2226/2647/1621 2218/2638/1621
f 2218/2638/1622 2226/2647/1622 2227/2648/1622 2219/2639/1622
f 2219/2639/1623 2227/2648/1623 2228/2649/1623 2220/2640/1623
f 2220/2640/1624 2228/2649/1624 2221/2641/1624 2213/2632/1624
f 2221/2641/1625 2229/2650/1625 2230/2651/1625 2222/2642/1625
f 2222/2642/1626 2230/2651/1626 2231/2652/1626 2223/2643/1626
f 2223/2643/1627 2231/2652/1627 2232/2653/1627 2224/2644/1627
f 2224/2644/1628 2232/2653/1628 2233/2654/1628 2225/2645/1628
f 2225/2646/1629 2233/2655/1629 2234/2656/1629 2226/2647/1629
f 2226/2647/1630 2234/2656/1630 2235/2657/1630 2227/2648/1630
f 2227/2648/1631 2235/2657/1631 2236/2658/1631 2228/2649/1631
f 2228/2649/1632 2236/2658/1632 2229/2650/1632 2221/2641/1632
f 2229/2650/1633 2237/2659/1633 2238/2660/1633 2230/2651/1633
f 2230/2651/1634 2238/2660/1634 2239/2661/1634 2231/2652/1634
f 2231/2652/1635 2239/2661/1635 2240/2662/1635 2232/2653/1635
f 2232/2653/1636 2240/2662/1636 2241/2663/1636 2233/2654/1636
f 2233/2655/1637 2241/2664/1637 2242/2665/1637 2234/2656/1637
f 2234/2656/1638 2242/2665/1638 2243/2666/1638 2235/2657/1638
f 2235/2657/1639 2243/2666/1639 2244/2667/1639 2236/2658/1639
f 2236/2658/1640 2244/2667/1640 2237/2659/1640 2229/2650/1640
f 2237/2659/1641 2245/2668/1641 2246/2669/1641 2238/2660/1641
f 2238/2660/1642 2246/2669/1642 2247/2670/1642 2239/2661/1642
f 2239/2661/1643 2247/2670/1643 2248/2671/1643 2240/2662/1643
f 2240/2662/1644 2248/2671/1644 2249/2672/1644 2241/2663/1644
f 2241/2664/1645 2249/2673/1645 2250/2674/1645 2242/2665/1645
f 2242/2665/1646 2250/2674/1646 2251/2675/1646 2243/2666/1646
f 2243/2666/1647 2251/2675/1647 2252/2676/1647 2244/2667/1647
f 2244/2667/1648 2252/2676/1648 2245/2668/1648 2237/2659/1648
f 2245/2668/1649 2253/2677/1649 2254/2678/1649 2246/2669/1649
f 2246/2669/1650 2254/2678/1650 2255/2679/1650 2247/2670/1650
f 2247/2670/1651 2255/2679/1651 2256/2680/1651 2248/2671/1651
f 2248/2671/1652 2256/2680/1652 2257/2681/1652 2249/2672/1652
f 2249/2673/1653 2257/2682/1653 2258/2683/1653 2250/2674/1653
f 2250/2674/1654 2258/2683/1654 2259/2684/1654 2251/2675/1654
f 2251/2675/1655 2259/2684/1655 2260/2685/1655 2252/2676/1655
f 2252/2676/1656 2260/2685/1656 2253/2677/1656 2245/2668/1656
f 2253/2677/1657 2261/2686/1657 2262/2687/1657 2254/2678/1657
f 2254/2678/1658 2262/2687/1658 2263/2688/1658 2255/2679/1658
f 2255/2679/1659 2263/2688/1659 2264/2689/1659 2256/2680/1659
f 2256/2680/1660 2264/2689/1660 2265/2690/1660 2257/2681/1660
f 2257/2682/1661 2265/2691/1661 2266/2692/1661 2258/2683/1661
f 2258/2683/1662 2266/2692/1662 2267/2693/1662 2259/2684/1662
f 2259/2684/1663 2267/2693/1663 2268/2694/1663 2260/2685/1663
f 2260/2685/1664 2268/2694/1664 2261/2686/1664 2253/2677/1664
f 2261/2686/1665 2269/2695/1665 2270/2696/1665 2262/2687/1665
f 2262/2687/1666 2270/2696/1666 2271/2697/1666 2263/2688/1666
f 2263/2688/1667 2271/2697/1667 2272/2698/1667 2264/2689/1667
f 2264/2689/1668 2272/2698/1668 2273/2699/1668 2265/2690/1668
f 2265/2691/1669 2273/2700/1669 2274/2701/1669 2266/2692/1669
f 2266/2692/1670 2274/2701/1670 2275/2702/1670 2267/2693/1670
f 2267/2693/1671 2275/2702/1671 2276/2703/1671 2268/2694/1671
f 2268/2694/1672 2276/2703/1672 2269/2695/1672 2261/2686/1672
f 2269/2695/1673 2277/2704/1673 2278/2705/1673 2270/2696/1673
f 2270/2696/1674 2278/2705/1674 2279/2706/1674 2271/2697/1674
f 2271/2697/1675 2279/2706/1675 2280/2707/1675 2272/2698/1675
f 2272/2698/1676 2280/2707/1676 2281/2708/1676 2273/2699/1676
f 2273/2700/1677 2281/2709/1677 2282/2710/1677 2274/2701/1677
f 2274/2701/1678 2282/2710/1678 2283/2711/1678 2275/2702/1678
f 2275/2702/1679 2283/2711/1679 2284/2712/1679 2276/2703/1679
f 2276/2703/1680 2284/2712/1680 2277/2704/1680 2269/2695/1680
f 2277/2704/1681 2285/2713/1681 2286/2714/1681 2278/2705/1681
f 2278/2705/1682 2286/2714/1682 2287/2715/1682 2279/2706/1682
f 2279/2706/1683 2287/2715/1683 2288/2716/1683 2280/2707/1683
f 2280/2707/1684 2288/2716/1684 2289/2717/1684 2281/2708/1684
f 2281/2709/1685 2289/2718/1685 2290/2719/1685 2282/2710/1685
f 2282/2710/1686 2290/2719/1686 2291/2720/1686 2283/2711/1686
f 2283/2711/1687 2291/2720/1687 2292/2721/1687 2284/2712/1687
f 2284/2712/1688 2292/2721/1688 2285/2713/1688 2277/2704/1688
f 2285/2713/1689 2293/2722/1689 2294/2723/1689 2286/2714/1689
f 2286/2714/1690 2294/2723/1690 2295/2724/1690 2287/2715/1690
f 2287/2715/1691 2295/2724/1691 2296/2725/1691 2288/2716/1691
f 2288/2716/1692 2296/2725/1692 2297/2726/1692 2289/2717/1692
f 2289/2718/1693 2297/2727/1693 2298/2728/1693 2290/2719/1693
f 2290/2719/1694 2298/2728/1694 2299/2729/1694 2291/2720/1694
f 2291/2720/1695 2299/2729/1695 2300/2730/1695 2292/2721/1695
f 2292/2721/1696 2300/2730/1696 2293/2722/1696 2285/2713/1696
f 2293/2722/1697 2301/2731/1697 2302/2732/1697 2294/2723/1697
f 2294/2723/1698 2302/2732/1698 2303/2733/1698 2295/2724/1698
f 2295/2724/1699 2303/2733/1699 2304/2734/1699 2296/2725/1699
f 2296/2725/1700 2304/2734/1700 2305/2735/1700 2297/2726/1700
f 2297/2727/1701 2305/2736/1701 2306/2737/1701 2298/2728/1701
f 2298/2728/1702 2306/2737/1702 2307/2738/1702 2299/2729/1702
f 2299/2729/1703 2307/2738/1703 2308/2739/1703 2300/2730/1703
f 2300/2730/1704 2308/2739/1704 2301/2731/1704 2293/2722/1704
f 2301/2731/1705 2309/2740/1705 2310/2741/1705 2302/2732/1705
f 2302/2732/1706 2310/2741/1706 2311/2742/1706 2303/2733/1706
f 2303/2733/1707 2311/2742/1707 2312/2743/1707 2304/2734/1707
f 2304/2734/1708 2312/2743/1708 2313/2744/1708 2305/2735/1708
f 2305/2736/1709 2313/2745/1709 2314/2746/1709 2306/2737/1709
f 2306/2737/1710 2314/2746/1710 2315/2747/1710 2307/2738/1710
f 2307/2738/1711 2315/2747/1711 2316/2748/1711 2308/2739/1711
f 2308/2739/1712 2316/2748/1712 2309/2740/1712 2301/2731/1712
f 2309/2740/1713 2317/2749/1713 2318/2750/1713 2310/2741/1713
f 2310/2741/1714 2318/2750/1714 2319/2751/1714 2311/2742/1714
f 2311/2742/1715 2319/2751/1715 2320/2752/1715 2312/2743/1715
f 2312/2743/1716 2320/2752/1716 2321/2753/1716 2313/2744/1716
f 2313/2745/1717 2321/2754/1717 2322/2755/1717 2314/2746/1717
f 2314/2746/1718 2322/2755/1718 2323/2756/1718 2315/2747/1718
f 2315/2747/1719 2323/2756/1719 2324/2757/1719 2316/2748/1719
f 2316/2748/1720 2324/2757/1720 2317/2749/1720 2309/2740/1720
f 2317/2749/1721 2325/2758/1721 2326/2759/1721 2318/2750/1721
f 2318/2750/1722 2326/2759/1722 2327/2760/1722 2319/2751/1722
f 2319/2751/1723 2327/2760/1723 2328/2761/1723 2320/2752/1723
f 2320/2752/1724 2328/2761/1724 2329/2762/1724 2321/2753/1724
f 2321/2754/1725 2329/2763/1725 2330/2764/1725 2322/2755/1725
f 2322/2755/1726 2330/2764/1726 2331/2765/1726 2323/2756/1726
f 2323/2756/1727 2331/2765/1727 2332/2766/1727 2324/2757/1727
f 2324/2757/1728 2332/2766/1728 2325/2758/1728 2317/2749/1728
f 2325/2758/1729 2333/2767/1729 2334/2768/1729 2326/2759/1729
f 2326/2759/1730 2334/2768/1730 2335/2769/1730 2327/2760/1730
f 2327/2760/1731 2335/2769/1731 2336/2770/1731 2328/2761/1731
f 2328/2761/1732 2336/2770/1732 2337/2771/1732 2329/2762/1732
f 2329/2763/1733 2337/2772/1733 2338/2773/1733 2330/2764/1733
f 2330/2764/1734 2338/2773/1734 2339/2774/1734 2331/2765/1734
f 2331/2765/1735 2339/2774/1735 2340/2775/1735 2332/2766/1735
f 2332/2766/1736 2340/2775/1736 2333/2767/1736 2325/2758/1736
f 2333/2767/1737 2341/2776/1737 2342/2777/1737 2334/2768/1737
f 2334/2768/1738 2342/2777/1738 2343/2778/1738 2335/2769/1738
f 2335/2769/1739 2343/2778/1739 2344/2779/1739 2336/2770/1739
f 2336/2770/1740 2344/2779/1740 2345/2780/1740 2337/2771/1740
f 2337/2772/1741 2345/2781/1741 2346/2782/1741 2338/2773/1741
f 2338/2773/1742 2346/2782/1742 2347/2783/1742 2339/2774/1742
f 2339/2774/1743 2347/2783/1743 2348/2784/1743 2340/2775/1743
f 2340/2775/1744 2348/2784/1744 2341/2776/1744 2333/2767/1744
f 2341/2776/1745 2349/2785/1745 2350/2786/1745 2342/2777/1745
f 2342/2777/1746 2350/2786/1746 2351/2787/1746 2343/2778/1746
f 2343/2778/1747 2351/2787/1747 2352/2788/1747 2344/2779/1747
f 2344/2779/1748 2352/2788/1748 2353/2789/1748 2345/2780/1748
f 2345/2781/1749 2353/2790/1749 2354/2791/1749 2346/2782/1749
f 2346/2782/1750 2354/2791/1750 2355/2792/1750 2347/2783/1750
f 2347/2783/1751 2355/2792/1751 2356/2793/1751 2348/2784/1751
f 2348/2784/1752 2356/2793/1752 2349/2785/1752 2341/2776/1752
f 2349/2785/1753 2357/2794/1753 2358/2795/1753 2350/2786/1753
f 2350/2786/1754 2358/2795/1754 2359/2796/1754 2351/2787/1754
f 2351/2787/1755 2359/2796/1755 2360/2797/1755 2352/2788/1755
f 2352/2788/1756 2360/2797/1756 2361/2798/1756 2353/2789/1756
f 2353/2790/1757 2361/2799/1757 2362/2800/1757 2354/2791/1757
f 2354/2791/1758 2362/2800/1758 2363/2801/1758 2355/2792/1758
f 2355/2792/1759 2363/2801/1759 2364/2802/1759 2356/2793/1759
f 2356/2793/1760 2364/2802/1760 2357/2794/1760 2349/2785/1760
f 2357/2794/1761 2365/2803/1761 2366/2804/1761 2358/2795/1761
f 2358/2795/1762 2366/2804/1762 2367/2805/1762 2359/2796/1762
f 2359/2796/1763 2367/2805/1763 2368/2806/1763 2360/2797/1763
f 2360/2797/1764 2368/2806/1764 2369/2807/1764 2361/2798/1764
f 2361/2799/1765 2369/2808/1765 2370/2809/1765 2362/2800/1765
f 2362/2800/1766 2370/2809/1766 2371/2810/1766 2363/2801/1766
f 2363/2801/1767 2371/2810/1767 2372/2811/1767 2364/2802/1767
f 2364/2802/1768 2372/2811/1768 2365/2803/1768 2357/2794/1768
f 2365/2803/1769 2373/2812/1769 2374/2813/1769 2366/2804/1769
f 2366/2804/1770 2374/2813/1770 2375/2814/1770 2367/2805/1770
f 2367/2805/1771 2375/2814/1771 2376/2815/1771 2368/2806/1771
f 2368/2806/1772 2376/2815/1772 2377/2816/1772 2369/2807/1772
f 2369/2808/1773 2377/2817/1773 2378/2818/1773 2370/2809/1773
f 2370/2809/1774 2378/2818/1774 2379/2819/1774 2371/2810/1774
f 2371/2810/1775 2379/2819/1775 2380/2820/1775 2372/2811/1775
f 2372/2811/1776 2380/2820/1776 2373/2812/1776 2365/2803/1776
f 2373/2812/1777 2381/2821/1777 2382/2822/1777 2374/2813/1777
f 2374/2813/1778 2382/2822/1778 2383/2823/1778 2375/2814/1778
f 2375/2814/1779 2383/2823/1779 2384/2824/1779 2376/2815/1779
f 2376/2815/1780 2384/2824/1780 2385/2825/1780 2377/2816/1780
f 2377/2817/1781 2385/2826/1781 2386/2827/1781 2378/2818/1781
f 2378/2818/1782 2386/2827/1782 2387/2828/1782 2379/2819/1782
f 2379/2819/1783 2387/2828/1783 2388/2829/1783 2380/2820/1783
f 2380/2820/1784 2388/2829/1784 2381/2821/1784 2373/2812/1784
f 2381/2821/1785 2389/2830/1785 2390/2831/1785 2382/2822/1785
f 2382/2822/1786 2390/2831/1786 2391/2832/1786 2383/2823/1786
f 2383/2823/1787 2391/2832/1787 2392/2833/1787 2384/2824/1787
f 2384/2824/1788 2392/2833/1788 2393/2834/1788 2385/2825/1788
f 2385/2826/1789 2393/2835/1789 2394/2836/1789 2386/2827/1789
f 2386/2827/1790 2394/2836/1790 2395/2837/1790 2387/2828/1790
f 2387/2828/1791 2395/2837/1791 2396/2838/1791 2388/2829/1791
f 2388/2829/1792 2396/2838/1792 2389/2830/1792 2381/2821/1792
f 2389/2830/1793 2397/2839/1793 2398/2840/1793 2390/2831/1793
f 2390/2831/1794 2398/2840/1794 2399/2841/1794 2391/2832/1794
f 2391/2832/1795 2399/2841/1795 2400/2842/1795 2392/2833/1795
f 2392/2833/1796 2400/2842/1796 2401/2843/1796 2393/2834/1796
f 2393/2835/1797 2401/2844/1797 2402/2845/1797 2394/2836/1797
f 2394/2836/1798 2402/2845/1798 2403/2846/1798 2395/2837/1798
f 2395/2837/1799 2403/2846/1799 2404/2847/1799 2396/2838/1799
f 2396/2838/1800 2404/2847/1800 2397/2839/1800 2389/2830/1800
f 2397/2839/1801 2405/2848/1801 2406/2849/1801 2398/2840/1801
f 2398/2840/1802 2406/2849/1802 2407/2850/1802 2399/2841/1802
f 2399/2841/1803 2407/2850/1803 2408/2851/1803 2400/2842/1803
f 2400/2842/1804 2408/2851/1804 2409/2852/1804 2401/2843/1804
f 2401/2844/1805 2409/2853/1805 2410/2854/1805 2402/2845/1805
f 2402/2845/1806 2410/2854/1806 2411/2855/1806 2403/2846/1806
f 2403/2846/1807 2411/2855/1807 2412/2856/1807 2404/2847/1807
f 2404/2847/1808 2412/2856/1808 2405/2848/1808 2397/2839/1808
f 2405/2848/1809 2413/2857/1809 2414/2858/1809 2406/2849/1809
f 2406/2849/1810 2414/2858/1810 2415/2859/1810 2407/2850/1810
f 2407/2850/1811 2415/2859/1811 2416/2860/1811 2408/2851/1811
f 2408/2851/1812 2416/2860/1812 2417/2861/1812 2409/2852/1812
f 2409/2853/1813 2417/2862/1813 2418/2863/1813 2410/2854/1813
f 2410/2854/1814 2418/2863/1814 2419/2864/1814 2411/2855/1814
f 2411/2855/1815 2419/2864/1815 2420/2865/1815 2412/2856/1815
f 2412/2856/1816 2420/2865/1816 2413/2857/1816 2405/2848/1816
f 2413/2857/1817 2421/2866/1817 2422/2867/1817 2414/2858/1817
f 2414/2858/1818 2422/2867/1818 2423/2868/1818 2415/2859/1818
f 2415/2859/1819 2423/2868/1819 2424/2869/1819 2416/2860/1819
f 2416/2860/1820 2424/2869/1820 2425/2870/1820 2417/2861/1820
f 2417/2862/1821 2425/2871/1821 2426/2872/1821 2418/2863/1821
f 2418/2863/1822 2426/2872/1822 2427/2873/1822 2419/2864/1822
f 2419/2864/1823 2427/2873/1823 2428/2874/1823 2420/2865/1823
f 2420/2865/1824 2428/2874/1824 2421/2866/1824 2413/2857/1824
f 2421/2866/1825 2429/2875/1825 2430/2876/1825 2422/2867/1825
f 2422/2867/1826 2430/2876/1826 2431/2877/1826 2423/2868/1826
f 2423/2868/1827 2431/2877/1827 2432/2878/1827 2424/2869/1827
f 2424/2869/1828 2432/2878/1828 2433/2879/1828 2425/2870/1828
f 2425/2871/1829 2433/2880/1829 2434/2881/1829 2426/2872/1829
f 2426/2872/1830 2434/2881/1830 2435/2882/1830 2427/2873/1830
f 2427/2873/1831 2435/2882/1831 2436/2883/1831 2428/2874/1831
f 2428/2874/1832 2436/2883/1832 2429/2875/1832 2421/2866/1832
f 2429/2875/1833 2437/2884/1833 2438/2885/1833 2430/2876/1833
f 2430/2876/1834 2438/2885/1834 2439/2886/1834 2431/2877/1834
f 2431/2877/1835 2439/2886/1835 2440/2887/1835 2432/2878/1835
f 2432/2878/1836 2440/2887/1836 2441/2888/1836 2433/2879/1836
f 2433/2880/1837 2441/2889/1837 2442/2890/1837 2434/2881/1837
f 2434/2881/1838 2442/2890/1838 2443/2891/1838 2435/2882/1838
f 2435/2882/1839 2443/2891/1839 2444/2892/1839 2436/2883/1839
f 2436/2883/1840 2444/2892/1840 2437/2884/1840 2429/2875/1840
f 2437/2884/1841 2445/2893/1841 2446/2894/1841 2438/2885/1841
f 2438/2885/1842 2446/2894/1842 2447/2895/1842 2439/2886/1842
f 2439/2886/1843 2447/2895/1843 2448/2896/1843 2440/2887/1843
f 2440/2887/1844 2448/2896/1844 2449/2897/1844 2441/2888/1844
f 2441/2889/1845 2449/2898/1845 2450/2899/1845 2442/2890/1845
f 2442/2890/1846 2450/2899/1846 2451/2900/1846 2443/2891/1846
f 2443/2891/1847 2451/2900/1847 2452/2901/1847 2444/2892/1847
f 2444/2892/1848 2452/2901/1848 2445/2893/1848 2437/2884/1848
f 2445/2893/1849 2453/2902/1849 2454/2903/1849 2446/2894/1849
f 2446/2894/1850 2454/2903/1850 2455/2904/1850 2447/2895/1850
f 2447/2895/1851 2455/2904/1851 2456/2905/1851 2448/2896/1851
f 2448/2896/1852 2456/2905/1852 2457/2906/1852 2449/2897/1852
f 2449/2898/1853 2457/2907/1853 2458/2908/1853 2450/2899/1853
f 2450/2899/1854 2458/2908/1854 2459/2909/1854 2451/2900/1854
f 2451/2900/1855 2459/2909/1855 2460/2910/1855 2452/2901/1855
f 2452/2901/1856 2460/2910/1856 2453/2902/1856 2445/2893/1856
f 2453/2902/1857 2461/2911/1857 2462/2912/1857 2454/2903/1857
f 2454/2903/1858 2462/2912/1858 2463/2913/1858 2455/2904/1858
f 2455/2904/1859 2463/2913/1859 2464/2914/1859 2456/2905/1859
f 2456/2905/1860 2464/2914/1860 2465/2915/1860 2457/2906/1860
f 2457/2907/1861 2465/2916/1861 2466/2917/1861 2458/2908/1861
f 2458/2908/1862 2466/2917/1862 2467/2918/1862 2459/2909/1862
f 2459/2909/1863 2467/2918/1863 2468/2919/1863 2460/2910/1863
f 2460/2910/1864 2468/2919/1864 2461/2911/1864 2453/2902/1864
f 2461/2911/1865 2469/2920/1865 2470/2921/1865 2462/2912/1865
f 2462/2912/1866 2470/2921/1866 2471/2922/1866 2463/2913/1866
f 2463/2913/1867 2471/2922/1867 2472/2923/1867 2464/2914/1867
f 2464/2914/1868 2472/2923/1868 2473/2924/1868 2465/2915/1868
f 2465/2916/1869 2473/2925/1869 2474/2926/1869 2466/2917/1869
f 2466/2917/1870 2474/2926/1870 2475/2927/1870 2467/2918/1870
f 2467/2918/1871 2475/2927/1871 2476/2928/1871 2468/2919/1871
f 2468/2919/1872 2476/2928/1872 2469/2920/1872 2461/2911/1872
f 2469/2920/1873 2477/2929/1873 2478/2930/1873 2470/2921/1873
f 2470/2921/1874 2478/2930/1874 2479/2931/1874 2471/2922/1874
f 2471/2922/1875 2479/2931/1875 2480/2932/1875 2472/2923/1875
f 2472/2923/1876 2480/2932/1876 2481/2933/1876 2473/2924/1876
f 2473/2925/1877 2481/2934/1877 2482/2935/1877 2474/2926/1877
f 2474/2926/1878 2482/2935/1878 2483/2936/1878 2475/2927/1878
f 2475/2927/1879 2483/2936/1879 2484/2937/1879 2476/2928/1879
f 2476/2928/1880 2484/2937/1880 2477/2929/1880 2469/2920/1880
f 2477/2929/1881 2485/2938/1881 2486/2939/1881 2478/2930/1881
f 2478/2930/1882 2486/2939/1882 2487/2940/1882 2479/2931/1882
f 2479/2931/1883 2487/2940/1883 2488/2941/1883 2480/2932/1883
f 2480/2932/1884 2488/2941/1884 2489/2942/1884 2481/2933/1884
f 2481/2934/1885 2489/2943/1885 2490/2944/1885 2482/2935/1885
f 2482/2935/1886 2490/2944/1886 2491/2945/1886 2483/2936/1886
f 2483/2936/1887 2491/2945/1887 2492/2946/1887 2484/2937/1887
f 2484/2937/1888 2492/2946/1888 2485/2938/1888 2477/2929/1888
f 2485/2938/1889 2493/2947/1889 2494/2948/1889 2486/2939/1889
f 2486/2939/1890 2494/2948/1890 2495/2949/1890 2487/2940/1890
f 2487/2940/1891 2495/2949/1891 2496/2950/1891 2488/2941/1891
f 2488/2941/1892 2496/2950/1892 2497/2951/1892 2489/2942/1892
f 2489/2943/1893 2497/2952/1893 2498/2953/1893 2490/2944/1893
f 2490/2944/1894 2498/2953/1894 2499/2954/1894 2491/2945/1894
f 2491/2945/1895 2499/2954/1895 2500/2955/1895 2492/2946/1895
f 2492/2946/1896 2500/2955/1896 2493/2947/1896 2485/2938/1896
f 2493/2947/1897 2501/2956/1897 2502/2957/1897 2494/2948/1897
f 2494/2948/1898 2502/2957/1898 2503/2958/1898 2495/2949/1898
f 2495/2949/1899 2503/2958/1899 2504/2959/1899 2496/2950/1899
f 2496/2950/1900 2504/2959/1900 2505/2960/1900 2497/2951/1900
f 2497/2952/1901 2505/2961/1901 2506/2962/1901 2498/2953/1901
f 2498/2953/1902 2506/2962/1902 2507/2963/1902 2499/2954/1902
f 2499/2954/1903 2507/2963/1903 2508/2964/1903 2500/2955/1903
f 2500/2955/1904 2508/2964/1904 2501/2956/1904 2493/2947/1904
f 2501/2956/1905 2509/2965/1905 2510/2966/1905 2502/2957/1905
f 2502/2957/1906 2510/2966/1906 2511/2967/1906 2503/2958/1906
f 2503/2958/1907 2511/2967/1907 2512/2968/1907 2504/2959/1907
f 2504/2959/1908 2512/2968/1908 2513/2969/1908 2505/2960/1908
f 2505/2961/1909 2513/2970/1909 2514/2971/1909 2506/2962/1909
f 2506/2962/1910 2514/2971/1910 2515/2972/1910 2507/2963/1910
f 2507/2963/1911 2515/2972/1911 2516/2973/1911 2508/2964/1911
f 2508/2964/1912 2516/2973/1912 2509/2965/1912 2501/2956/1912
f 2509/2965/1913 2517/2974/1913 2518/2975/1913 2510/2966/1913
f 2510/2966/1914 2518/2975/1914 2519/2976/1914 2511/2967/1914
f 2511/2967/1915 2519/2976/1915 2520/2977/1915 2512/2968/1915
f 2512/2968/1916 2520/2977/1916 2521/2978/1916 2513/2969/1916
f 2513/2970/1917 2521/2979/1917 2522/2980/1917 2514/2971/1917
f 2514/2971/1918 2522/2980/1918 2523/2981/1918 2515/2972/1918
f 2515/2972/1919 2523/2981/1919 2524/2982/1919 2516/2973/1919
f 2516/2973/1920 2524/2982/1920 2517/2974/1920 2509/2965/1920
f 2517/2974/1921 2525/2983/1921 2526/2984/1921 2518/2975/1921
f 2518/2975/1922 2526/2984/1922 2527/2985/1922 2519/2976/1922
f 2519/2976/1923 2527/2985/1923 2528/2986/1923 2520/2977/1923
f 2520/2977/1924 2528/2986/1924 2529/2987/1924 2521/2978/1924
f 2521/2979/1925 2529/2988/1925 2530/2989/1925 2522/2980/1925
f 2522/2980/1926 2530/2989/1926 2531/2990/1926 2523/2981/1926
f 2523/2981/1927 2531/2990/1927 2532/2991/1927 2524/2982/1927
f 2524/2982/1928 2532/2991/1928 2525/2983/1928 2517/2974/1928
f 2525/2983/1929 2533/2992/1929 2534/2993/1929 2526/2984/1929
f 2526/2984/1930 2534/2993/1930 2535/2994/1930 2527/2985/1930
f 2527/2985/1931 2535/2994/1931 2536/2995/1931 2528/2986/1931
f 2528/2986/1932 2536/2995/1932 2537/2996/1932 2529/2987/1932
f 2529/2988/1933 2537/2997/1933 2538/2998/1933 2530/2989/1933
f 2530/2989/1934 2538/2998/1934 2539/2999/1934 2531/2990/1934
f 2531/2990/1935 2539/2999/1935 2540/3000/1935 2532/2991/1935
f 2532/2991/1936 2540/3000/1936 2533/2992/1936 2525/2983/1936
f 2533/3001/1556 2541/3002/1556 2542/3003/1556 2534/3004/1556
f 2534/3004/1555 2542/3003/1555 2543/3005/1555 2535/3006/1555
f 2535/3006/1554 2543/3005/1554 2544/3007/1554 2536/3008/1554
f 2536/3008/1553 2544/3007/1553 2545/3009/1553 2537/3010/1553
f 2537/3011/1560 2545/3012/1560 2546/3013/1560 2538/3014/1560
f 2538/3014/1559 2546/3013/1559 2547/3015/1559 2539/3016/1559
f 2539/3016/1558 2547/3015/1558 2548/3017/1558 2540/3018/1558
f 2540/3018/1557 2548/3017/1557 2541/3002/1557 2533/3001/1557
f 2541/3002/1564 2549/3019/1564 2550/3020/1564 2542/3003/1564
f 2542/3003/1563 2550/3020/1563 2551/3021/1563 2543/3005/1563
f 2543/3005/1562 2551/3021/1562 2552/3022/1562 2544/3007/1562
f 2544/3007/1561 2552/3022/1561 2553/3023/1561 2545/3009/1561
f 2545/3012/1568 2553/3024/1568 2554/3025/1568 2546/3013/1568
f 2546/3013/1567 2554/3025/1567 2555/3026/1567 2547/3015/1567
f 2547/3015/1566 2555/3026/1566 2556/3027/1566 2548/3017/1566
f 2548/3017/1565 2556/3027/1565 2549/3019/1565 2541/3002/1565
f 2549/3019/1572 2557/3028/1572 2558/3029/1572 2550/3020/1572
f 2550/3020/1571 2558/3029/1571 2559/3030/1571 2551/3021/1571
f 2551/3021/1570 2559/3030/1570 2560/3031/1570 2552/3022/1570
f 2552/3022/1569 2560/3031/1569 2561/3032/1569 2553/3023/1569
f 2553/3024/1576 2561/3033/1576 2562/3034/1576 2554/3025/1576
f 2554/3025/1575 2562/3034/1575 2563/3035/1575 2555/3026/1575
f 2555/3026/1574 2563/3035/1574 2564/3036/1574 2556/3027/1574
f 2556/3027/1573 2564/3036/1573 2557/3028/1573 2549/3019/1573
f 2557/3028/1580 2565/3037/1580 2566/3038/1580 2558/3029/1580
f 2558/3029/1579 2566/3038/1579 2567/3039/1579 2559/3030/1579
f 2559/3030/1578 2567/3039/1578 2568/3040/1578 2560/3031/1578
f 2560/3031/1577 2568/3040/1577 2569/3041/1577 2561/3032/1577
f 2561/3033/1584 2569/3042/1584 2570/3043/1584 2562/3034/1584
f 2562/3034/1583 2570/3043/1583 2571/3044/1583 2563/3035/1583
f 2563/3035/1582 2571/3044/1582 2572/3045/1582 2564/3036/1582
f 2564/3036/1581 2572/3045/1581 2565/3037/1581 2557/3028/1581
f 2565/3037/1588 2573/3046/1588 2574/3047/1588 2566/3038/1588
f 2566/3038/1587 2574/3047/1587 2575/3048/1587 2567/3039/1587
f 2567/3039/1586 2575/3048/1586 2576/3049/1586 2568/3040/1586
f 2568/3040/1585 2576/3049/1585 2577/3050/1585 2569/3041/1585
f 2569/3042/1592 2577/3051/1592 2578/3052/1592 2570/3043/1592
f 2570/3043/1591 2578/3052/1591 2579/3053/1591 2571/3044/1591
f 2571/3044/1590 2579/3053/1590 2580/3054/1590 2572/3045/1590
f 2572/3045/1589 2580/3054/1589 2573/3046/1589 2565/3037/1589
f 2573/3046/1596 2581/3055/1596 2582/3056/1596 2574/3047/1596
f 2574/3047/1595 2582/3056/1595 2583/3057/1595 2575/3048/1595
f 2575/3048/1594 2583/3057/1594 2584/3058/1594 2576/3049/1594
f 2576/3049/1593 2584/3058/1593 2585/3059/1593 2577/3050/1593
f 2577/3051/1600 2585/3060/1600 2586/3061/1600 2578/3052/1600
f 2578/3052/1599 2586/3061/1599 2587/3062/1599 2579/3053/1599
f 2579/3053/1598 2587/3062/1598 2588/3063/1598 2580/3054/1598
f 2580/3054/1597 2588/3063/1597 2581/3055/1597 2573/3046/1597
f 2581/3055/1604 2589/3064/1604 2590/3065/1604 2582/3056/1604
f 2582/3056/1603 2590/3065/1603 2591/3066/1603 2583/3057/1603
f 2583/3057/1602 2591/3066/1602 2592/3067/1602 2584/3058/1602
f 2584/3058/1601 2592/3067/1601 2593/3068/1601 2585/3059/1601
f 2585/3060/1608 2593/3069/1608 2594/3070/1608 2586/3061/1608
f 2586/3061/1607 2594/3070/1607 2595/3071/1607 2587/3062/1607
f 2587/3062/1606 2595/3071/1606 2596/3072/1606 2588/3063/1606
f 2588/3063/1605 2596/3072/1605 2589/3064/1605 2581/3055/1605
f 2589/3064/1612 2597/3073/1612 2598/3074/1612 2590/3065/1612
f 2590/3065/1611 2598/3074/1611 2599/3075/1611 2591/3066/1611
f 2591/3066/1610 2599/3075/1610 2600/3076/1610 2592/3067/1610
f 2592/3067/1609 2600/3076/1609 2601/3077/1609 2593/3068/1609
f 2593/3069/1616 2601/3078/1616 2602/3079/1616 2594/3070/1616
f 2594/3070/1615 2602/3079/1615 2603/3080/1615 2595/3071/1615
f 2595/3071/1614 2603/3080/1614 2604/3081/1614 2596/3072/1614
f 2596/3072/1613 2604/3081/1613 2597/3073/1613 2589/3064/1613
f 2597/3073/1620 2605/3082/1620 2606/3083/1620 2598/3074/1620
f 2598/3074/1619 2606/3083/1619 2607/3084/1619 2599/3075/1619
f 2599/3075/1618 2607/3084/1618 2608/3085/1618 2600/3076/1618
f 2600/3076/1617 2608/3085/1617 2609/3086/1617 2601/3077/1617
f 2601/3078/1624 2609/3087/1624 2610/3088/1624 2602/3079/1624
f 2602/3079/1623 2610/3088/1623 2611/3089/1623 2603/3080/1623
f 2603/3080/1622 2611/3089/1622 2612/3090/1622 2604/3081/1622
f 2604/3081/1621 2612/3090/1621 2605/3082/1621 2597/3073/1621
f 2605/3082/1628 2613/3091/1628 2614/3092/1628 2606/3083/1628
f 2606/3083/1627 2614/3092/1627 2615/3093/1627 2607/3084/1627
f 2607/3084/1626 2615/3093/1626 2616/3094/1626 2608/3085/1626
f 2608/3085/1625 2616/3094/1625 2617/3095/1625 2609/3086/1625
f 2609/3087/1632 2617/3096/1632 2618/3097/1632 2610/3088/1632
f 2610/3088/1631 2618/3097/1631 2619/3098/1631 2611/3089/1631
f 2611/3089/1630 2619/3098/1630 2620/3099/1630 2612/3090/1630
f 2612/3090/1629 2620/3099/1629 2613/3091/1629 2605/3082/1629
f 2613/3091/1636 2621/3100/1636 2622/3101/1636 2614/3092/1636
f 2614/3092/1635 2622/3101/1635 2623/3102/1635 2615/3093/1635
f 2615/3093/1634 2623/3102/1634 2624/3103/1634 2616/3094/1634
f 2616/3094/1633 2624/3103/1633 2625/3104/1633 2617/3095/1633
f 2617/3096/1640 2625/3105/1640 2626/3106/1640 2618/3097/1640
f 2618/3097/1639 2626/3106/1639 2627/3107/1639 2619/3098/1639
f 2619/3098/1638 2627/3107/1638 2628/3108/1638 2620/3099/1638
f 2620/3099/1637 2628/3108/1637 2621/3100/1637 2613/3091/1637
f 2621/3100/1644 2629/3109/1644 2630/3110/1644 2622/3101/1644
f 2622/3101/1643 2630/3110/1643 2631/3111/1643 2623/3102/1643
f 2623/3102/1642 2631/3111/1642 2632/3112/1642 2624/3103/1642
f 2624/3103/1641 2632/3112/1641 2633/3113/1641 2625/3104/1641
f 2625/3105/1648 2633/3114/1648 2634/3115/1648 2626/3106/1648
f 2626/3106/1647 2634/3115/1647 2635/3116/1647 2627/3107/1647
f 2627/3107/1646 2635/3116/1646 2636/3117/1646 2628/3108/1646
f 2628/3108/1645 2636/3117/1645 2629/3109/1645 2621/3100/1645
f 2629/3109/1652 2637/3118/1652 2638/3119/1652 2630/3110/1652
f 2630/3110/1651 2638/3119/1651 2639/3120/1651 2631/3111/1651
f 2631/3111/1650 2639/3120/1650 2640/3121/1650 2632/3112/1650
f 2632/3112/1649 2640/3121/1649 2641/3122/1649 2633/3113/1649
f 2633/3114/1656 2641/3123/1656 2642/3124/1656 2634/3115/1656
f 2634/3115/1655 2642/3124/1655 2643/3125/1655 2635/3116/1655
f 2635/3116/1654 2643/3125/1654 2644/3126/1654 2636/3117/1654
f 2636/3117/1653 2644/3126/1653 2637/3118/1653 2629/3109/1653
f 2637/3118/1660 2645/3127/1660 2646/3128/1660 2638/3119/1660
f 2638/3119/1659 2646/3128/1659 2647/3129/1659 2639/3120/1659
f 2639/3120/1658 2647/3129/1658 2648/3130/1658 2640/3121/1658
f 2640/3121/1657 2648/3130/1657 2649/3131/1657 2641/3122/1657
f 2641/3123/1664 2649/3132/1664 2650/3133/1664 2642/3124/1664
f 2642/3124/1663 2650/3133/1663 2651/3134/1663 2643/3125/1663
f 2643/3125/1662 2651/3134/1662 2652/3135/1662 2644/3126/1662
f 2644/3126/1661 2652/3135/1661 2645/3127/1661 2637/3118/1661
f 2645/3127/1668 2653/3136/1668 2654/3137/1668 2646/3128/1668
f 2646/3128/1667 2654/3137/1667 2655/3138/1667 2647/3129/1667
f 2647/3129/1666 2655/3138/1666 2656/3139/1666 2648/3130/1666
f 2648/3130/1665 2656/3139/1665 2657/3140/1665 2649/3131/1665
f 2649/3132/1672 2657/3141/1672 2658/3142/1672 2650/3133/1672
f 2650/3133/1671 2658/3142/1671 2659/3143/1671 2651/3134/1671
f 2651/3134/1670 2659/3143/1670 2660/3144/1670 2652/3135/1670
f 2652/3135/1669 2660/3144/1669 2653/3136/1669 2645/3127/1669
f 2653/3136/1676 2661/3145/1676 2662/3146/1676 2654/3137/1676
f 2654/3137/1675 2662/3146/1675 2663/3147/1675 2655/3138/1675
f 2655/3138/1674 2663/3147/1674 2664/3148/1674 2656/3139/1674
f 2656/3139/1673 2664/3148/1673 2665/3149/1673 2657/3140/1673
f 2657/3141/1680 2665/3150/1680 2666/3151/1680 2658/3142/1680
f 2658/3142/1679 2666/3151/1679 2667/3152/1679 2659/3143/1679
f 2659/3143/1678 2667/3152/1678 2668/3153/1678 2660/3144/1678
f 2660/3144/1677 2668/3153/1677 2661/3145/1677 2653/3136/1677
f 2661/3145/1684 2669/3154/1684 2670/3155/1684 2662/3146/1684
f 2662/3146/1937 2670/3155/1937 2671/3156/1937 2663/3147/1937
f 2663/3147/1682 2671/3156/1682 2672/3157/1682 2664/3148/1682
f 2664/3148/1681 2672/3157/1681 2673/3158/1681 2665/3149/1681
f 2665/3150/1688 2673/3159/1688 2674/3160/1688 2666/3151/1688
f 2666/3151/1687 2674/3160/1687 2675/3161/1687 2667/3152/1687
f 2667/3152/1938 2675/3161/1938 2676/3162/1938 2668/3153/1938
f 2668/3153/1685 2676/3162/1685 2669/3154/1685 2661/3145/1685
f 2669/3154/1692 2677/3163/1692 2678/3164/1692 2670/3155/1692
f 2670/3155/1691 2678/3164/1691 2679/3165/1691 2671/3156/1691
f 2671/3156/1690 2679/3165/1690 2680/3166/1690 2672/3157/1690
f 2672/3157/1689 2680/3166/1689 2681/3167/1689 2673/3158/1689
f 2673/3159/1696 2681/3168/1696 2682/3169/1696 2674/3160/1696
f 2674/3160/1695 2682/3169/1695 2683/3170/1695 2675/3161/1695
f 2675/3161/1694 2683/3170/1694 2684/3171/1694 2676/3162/1694
f 2676/3162/1693 2684/3171/1693 2677/3163/1693 2669/3154/1693
f 2677/3163/1700 2685/3172/1700 2686/3173/1700 2678/3164/1700
f 2678/3164/1699 2686/3173/1699 2687/3174/1699 2679/3165/1699
f 2679/3165/1698 2687/3174/1698 2688/3175/1698 2680/3166/1698
f 2680/3166/1697 2688/3175/1697 2689/3176/1697 2681/3167/1697
f 2681/3168/1704 2689/3177/1704 2690/3178/1704 2682/3169/1704
f 2682/3169/1703 2690/3178/1703 2691/3179/1703 2683/3170/1703
f 2683/3170/1702 2691/3179/1702 2692/3180/1702 2684/3171/1702
f 2684/3171/1701 2692/3180/1701 2685/3172/1701 2677/3163/1701
f 2685/3172/1708 2693/3181/1708 2694/3182/1708 2686/3173/1708
f 2686/3173/1707 2694/3182/1707 2695/3183/1707 2687/3174/1707
f 2687/3174/1706 2695/3183/1706 2696/3184/1706 2688/3175/1706
f 2688/3175/1705 2696/3184/1705 2697/3185/1705 2689/3176/1705
f 2689/3177/1712 2697/3186/1712 2698/3187/1712 2690/3178/1712
f 2690/3178/1711 2698/3187/1711 2699/3188/1711 2691/3179/1711
f 2691/3179/1710 2699/3188/1710 2700/3189/1710 2692/3180/1710
f 2692/3180/1709 2700/3189/1709 2693/3181/1709 2685/3172/1709
f 2693/3181/1716 2701/3190/1716 2702/3191/1716 2694/3182/1716
f 2694/3182/1715 2702/3191/1715 2703/3192/1715 2695/3183/1715
f 2695/3183/1714 2703/3192/1714 2704/3193/1714 2696/3184/1714
f 2696/3184/1713 2704/3193/1713 2705/3194/1713 2697/3185/1713
f 2697/3186/1720 2705/3195/1720 2706/3196/1720 2698/3187/1720
f 2698/3187/1719 2706/3196/1719 2707/3197/1719 2699/3188/1719
f 2699/3188/1718 2707/3197/1718 2708/3198/1718 2700/3189/1718
f 2700/3189/1717 2708/3198/1717 2701/3190/1717 2693/3181/1717
f 2701/3190/1724 2709/3199/1724 2710/3200/1724 2702/3191/1724
f 2702/3191/1723 2710/3200/1723 2711/3201/1723 2703/3192/1723
f 2703/3192/1722 2711/3201/1722 2712/3202/1722 2704/3193/1722
f 2704/3193/1721 2712/3202/1721 2713/3203/1721 2705/3194/1721
f 2705/3195/1728 2713/3204/1728 2714/3205/1728 2706/3196/1728
f 2706/3196/1727 2714/3205/1727 2715/3206/1727 2707/3197/1727
f 2707/3197/1726 2715/3206/1726 2716/3207/1726 2708/3198/1726
f 2708/3198/1725 2716/3207/1725 2709/3199/1725 2701/3190/1725
f 2709/3199/1732 2717/3208/1732 2718/3209/1732 2710/3200/1732
f 2710/3200/1731 2718/3209/1731 2719/3210/1731 2711/3201/1731
f 2711/3201/1730 2719/3210/1730 2720/3211/1730 2712/3202/1730
f 2712/3202/1729 2720/3211/1729 2721/3212/1729 2713/3203/1729
f 2713/3204/1736 2721/3213/1736 2722/3214/1736 2714/3205/1736
f 2714/3205/1735 2722/3214/1735 2723/3215/1735 2715/3206/1735
f 2715/3206/1734 2723/3215/1734 2724/3216/1734 2716/3207/1734
f 2716/3207/1733 2724/3216/1733 2717/3208/1733 2709/3199/1733
f 2717/3208/1740 2725/3217/1740 2726/3218/1740 2718/3209/1740
f 2718/3209/1739 2726/3218/1739 2727/3219/1739 2719/3210/1739
f 2719/3210/1738 2727/3219/1738 2728/3220/1738 2720/3211/1738
f 2720/3211/1737 2728/3220/1737 2729/3221/1737 2721/3212/1737
f 2721/3213/1744 2729/3222/1744 2730/3223/1744 2722/3214/1744
f 2722/3214/1743 2730/3223/1743 2731/3224/1743 2723/3215/1743
f 2723/3215/1742 2731/3224/1742 2732/3225/1742 2724/3216/1742
f 2724/3216/1741 2732/3225/1741 2725/3217/1741 2717/3208/1741
f 2725/3217/1748 2733/3226/1748 2734/3227/1748 2726/3218/1748
f 2726/3218/1747 2734/3227/1747 2735/3228/1747 2727/3219/1747
f 2727/3219/1746 2735/3228/1746 2736/3229/1746 2728/3220/1746
f 2728/3220/1745 2736/3229/1745 2737/3230/1745 2729/3221/1745
f 2729/3222/1752 2737/3231/1752 2738/3232/1752 2730/3223/1752
f 2730/3223/1751 2738/3232/1751 2739/3233/1751 2731/3224/1751
f 2731/3224/1750 2739/3233/1750 2740/3234/1750 2732/3225/1750
f 2732/3225/1749 2740/3234/1749 2733/3226/1749 2725/3217/1749
f 2733/3226/1756 2741/3235/1756 2742/3236/1756 2734/3227/1756
f 2734/3227/1755 2742/3236/1755 2743/3237/1755 2735/3228/1755
f 2735/3228/1754 2743/3237/1754 2744/3238/1754 2736/3229/1754
f 2736/3229/1753 2744/3238/1753 2745/3239/1753 2737/3230/1753
f 2737/3231/1760 2745/3240/1760 2746/3241/1760 2738/3232/1760
f 2738/3232/1759 2746/3241/1759 2747/3242/1759 2739/3233/1759
f 2739/3233/1758 2747/3242/1758 2748/3243/1758 2740/3234/1758
f 2740/3234/1757 2748/3243/1757 2741/3235/1757 2733/3226/1757
f 2741/3235/1764 2749/3244/1764 2750/3245/1764 2742/3236/1764
f 2742/3236/1763 2750/3245/1763 2751/3246/1763 2743/3237/1763
f 2743/3237/1762 2751/3246/1762 2752/3247/1762 2744/3238/1762
f 2744/3238/1761 2752/3247/1761 2753/3248/1761 2745/3239/1761
f 2745/3240/1768 2753/3249/1768 2754/3250/1768 2746/3241/1768
f 2746/3241/1767 2754/3250/1767 2755/3251/1767 2747/3242/1767
f 2747/3242/1766 2755/3251/1766 2756/3252/1766 2748/3243/1766
f 2748/3243/1765 2756/3252/1765 2749/3244/1765 2741/3235/1765
f 2749/3244/1772 2757/3253/1772 2758/3254/1772 2750/3245/1772
f 2750/3245/1771 2758/3254/1771 2759/3255/1771 2751/3246/1771
f 2751/3246/1770 2759/3255/1770 2760/3256/1770 2752/3247/1770
f 2752/3247/1769 2760/3256/1769 2761/3257/1769 2753/3248/1769
f 2753/3249/1776 2761/3258/1776 2762/3259/1776 2754/3250/1776
f 2754/3250/1775 2762/3259/1775 2763/3260/1775 2755/3251/1775
f 2755/3251/1774 2763/3260/1774 2764/3261/1774 2756/3252/1774
f 2756/3252/1773 2764/3261/1773 2757/3253/1773 2749/3244/1773
f 2757/3253/1780 2765/3262/1780 2766/3263/1780 2758/3254/1780
f 2758/3254/1779 2766/3263/1779 2767/3264/1779 2759/3255/1779
f 2759/3255/1778 2767/3264/1778 2768/3265/1778 2760/3256/1778
f 2760/3256/1777 2768/3265/1777 2769/3266/1777 2761/3257/1777
f 2761/3258/1784 2769/3267/1784 2770/3268/1784 2762/3259/1784
f 2762/3259/1783 2770/3268/1783 2771/3269/1783 2763/3260/1783
f 2763/3260/1782 2771/3269/1782 2772/3270/1782 2764/3261/1782
f 2764/3261/1781 2772/3270/1781 2765/3262/1781 2757/3253/1781
f 2765/3262/1788 2773/3271/1788 2774/3272/1788 2766/3263/1788
f 2766/3263/1787 2774/3272/1787 2775/3273/1787 2767/3264/1787
f 2767/3264/1786 2775/3273/1786 2776/3274/1786 2768/3265/1786
f 2768/3265/1785 2776/3274/1785 2777/3275/1785 2769/3266/1785
f 2769/3267/1792 2777/3276/1792 2778/3277/1792 2770/3268/1792
f 2770/3268/1791 2778/3277/1791 2779/3278/1791 2771/3269/1791
f 2771/3269/1790 2779/3278/1790 2780/3279/1790 2772/3270/1790
f 2772/3270/1789 2780/3279/1789 2773/3271/1789 2765/3262/1789
f 2773/3271/1796 2781/3280/1796 2782/3281/1796 2774/3272/1796
f 2774/3272/1795 2782/3281/1795 2783/3282/1795 2775/3273/1795
f 2775/3273/1794 2783/3282/1794 2784/3283/1794 2776/3274/1794
f 2776/3274/1793 2784/3283/1793 2785/3284/1793 2777/3275/1793
f 2777/3276/1800 2785/3285/1800 2786/3286/1800 2778/3277/1800
f 2778/3277/1799 2786/3286/1799 2787/3287/1799 2779/3278/1799
f 2779/3278/1798 2787/3287/1798 2788/3288/1798 2780/3279/1798
f 2780/3279/1797 2788/3288/1797 2781/3280/1797 2773/3271/1797
f 2781/3280/1804 2789/3289/1804 2790/3290/1804 2782/3281/1804
f 2782/3281/1803 2790/3290/1803 2791/3291/1803 2783/3282/1803
f 2783/3282/1939 2791/3291/1939 2792/3292/1939 2784/3283/1939
f 2784/3283/1801 2792/3292/1801 2793/3293/1801 2785/3284/1801
f 2785/3285/1808 2793/3294/1808 2794/3295/1808 2786/3286/1808
f 2786/3286/1940 2794/3295/1940 2795/3296/1940 2787/3287/1940
f 2787/3287/1806 2795/3296/1806 2796/3297/1806 2788/3288/1806
f 2788/3288/1805 2796/3297/1805 2789/3289/1805 2781/3280/1805
f 2789/3289/1812 2797/3298/1812 2798/3299/1812 2790/3290/1812
f 2790/3290/1811 2798/3299/1811 2799/3300/1811 2791/3291/1811
f 2791/3291/1810 2799/3300/1810 2800/3301/1810 2792/3292/1810
f 2792/3292/1809 2800/3301/1809 2801/3302/1809 2793/3293/1809
f 2793/3294/1816 2801/3303/1816 2802/3304/1816 2794/3295/1816
f 2794/3295/1815 2802/3304/1815 2803/3305/1815 2795/3296/1815
f 2795/3296/1814 2803/3305/1814 2804/3306/1814 2796/3297/1814
f 2796/3297/1813 2804/3306/1813 2797/3298/1813 2789/3289/1813
f 2797/3298/1820 2805/3307/1820 2806/3308/1820 2798/3299/1820
f 2798/3299/1819 2806/3308/1819 2807/3309/1819 2799/3300/1819
f 2799/3300/1818 2807/3309/1818 2808/3310/1818 2800/3301/1818
f 2800/3301/1817 2808/3310/1817 2809/3311/1817 2801/3302/1817
f 2801/3303/1824 2809/3312/1824 2810/3313/1824 2802/3304/1824
f 2802/3304/1823 2810/3313/1823 2811/3314/1823 2803/3305/1823
f 2803/3305/1822 2811/3314/1822 2812/3315/1822 2804/3306/1822
f 2804/3306/1821 2812/3315/1821 2805/3307/1821 2797/3298/1821
f 2805/3307/1828 2813/3316/1828 2814/3317/1828 2806/3308/1828
f 2806/3308/1827 2814/3317/1827 2815/3318/1827 2807/3309/1827
f 2807/3309/1826 2815/3318/1826 2816/3319/1826 2808/3310/1826
f 2808/3310/1825 2816/3319/1825 2817/3320/1825 2809/3311/1825
f 2809/3312/1832 2817/3321/1832 2818/3322/1832 2810/3313/1832
f 2810/3313/1831 2818/3322/1831 2819/3323/1831 2811/3314/1831
f 2811/3314/1830 2819/3323/1830 2820/3324/1830 2812/3315/1830
f 2812/3315/1829 2820/3324/1829 2813/3316/1829 2805/3307/1829
f 2813/3316/1836 2821/3325/1836 2822/3326/1836 2814/3317/1836
f 2814/3317/1835 2822/3326/1835 2823/3327/1835 2815/3318/1835
f 2815/3318/1834 2823/3327/1834 2824/3328/1834 2816/3319/1834
f 2816/3319/1833 2824/3328/1833 2825/3329/1833 2817/3320/1833
f 2817/3321/1840 2825/3330/1840 2826/3331/1840 2818/3322/1840
f 2818/3322/1839 2826/3331/1839 2827/3332/1839 2819/3323/1839
f 2819/3323/1838 2827/3332/1838 2828/3333/1838 2820/3324/1838
f 2820/3324/1837 2828/3333/1837 2821/3325/1837 2813/3316/1837
f 2821/3325/1844 2829/3334/1844 2830/3335/1844 2822/3326/1844
f 2822/3326/1843 2830/3335/1843 2831/3336/1843 2823/3327/1843
f 2823/3327/1842 2831/3336/1842 2832/3337/1842 2824/3328/1842
f 2824/3328/1841 2832/3337/1841 2833/3338/1841 2825/3329/1841
f 2825/3330/1848 2833/3339/1848 2834/3340/1848 2826/3331/1848
f 2826/3331/1847 2834/3340/1847 2835/3341/1847 2827/3332/1847
f 2827/3332/1846 2835/3341/1846 2836/3342/1846 2828/3333/1846
f 2828/3333/1845 2836/3342/1845 2829/3334/1845 2821/3325/1845
f 2829/3334/1852 2837/3343/1852 2838/3344/1852 2830/3335/1852
f 2830/3335/1851 2838/3344/1851 2839/3345/1851 2831/3336/1851
f 2831/3336/1850 2839/3345/1850 2840/3346/1850 2832/3337/1850
f 2832/3337/1849 2840/3346/1849 2841/3347/1849 2833/3338/1849
f 2833/3339/1856 2841/3348/1856 2842/3349/1856 2834/3340/1856
f 2834/3340/1855 2842/3349/1855 2843/3350/1855 2835/3341/1855
f 2835/3341/1854 2843/3350/1854 2844/3351/1854 2836/3342/1854
f 2836/3342/1853 2844/3351/1853 2837/3343/1853 2829/3334/1853
f 2837/3343/1860 2845/3352/1860 2846/3353/1860 2838/3344/1860
f 2838/3344/1859 2846/3353/1859 2847/3354/1859 2839/3345/1859
f 2839/3345/1858 2847/3354/1858 2848/3355/1858 2840/3346/1858
f 2840/3346/1857 2848/3355/1857 2849/3356/1857 2841/3347/1857
f 2841/3348/1864 2849/3357/1864 2850/3358/1864 2842/3349/1864
f 2842/3349/1863 2850/3358/1863 2851/3359/1863 2843/3350/1863
f 2843/3350/1862 2851/3359/1862 2852/3360/1862 2844/3351/1862
f 2844/3351/1861 2852/3360/1861 2845/3352/1861 2837/3343/1861
f 2845/3352/1868 2853/3361/1868 2854/3362/1868 2846/3353/1868
f 2846/3353/1867 2854/3362/1867 2855/3363/1867 2847/3354/1867
f 2847/3354/1866 2855/3363/1866 2856/3364/1866 2848/3355/1866
f 2848/3355/1865 2856/3364/1865 2857/3365/1865 2849/3356/1865
f 2849/3357/1872 2857/3366/1872 2858/3367/1872 2850/3358/1872
f 2850/3358/1871 2858/3367/1871 2859/3368/1871 2851/3359/1871
f 2851/3359/1870 2859/3368/1870 2860/3369/1870 2852/3360/1870
f 2852/3360/1869 2860/3369/1869 2853/3361/1869 2845/3352/1869
f 2853/3361/1876 2861/3370/1876 2862/3371/1876 2854/3362/1876
f 2854/3362/1875 2862/3371/1875 2863/3372/1875 2855/3363/1875
f 2855/3363/1874 2863/3372/1874 2864/3373/1874 2856/3364/1874
f 2856/3364/1873 2864/3373/1873 2865/3374/1873 2857/3365/1873
f 2857/3366/1880 2865/3375/1880 2866/3376/1880 2858/3367/1880
f 2858/3367/1879 2866/3376/1879 2867/3377/1879 2859/3368/1879
f 2859/3368/1878 2867/3377/1878 2868/3378/1878 2860/3369/1878
f 2860/3369/1877 2868/3378/1877 2861/3370/1877 2853/3361/1877
f 2861/3370/1884 2869/3379/1884 2870/3380/1884 2862/3371/1884
f 2862/3371/1883 2870/3380/1883 2871/3381/1883 2863/3372/1883
f 2863/3372/1882 2871/3381/1882 2872/3382/1882 2864/3373/1882
f 2864/3373/1881 2872/3382/1881 2873/3383/1881 2865/3374/1881
f 2865/3375/1888 2873/3384/1888 2874/3385/1888 2866/3376/1888
f 2866/3376/1887 2874/3385/1887 2875/3386/1887 2867/3377/1887
f 2867/3377/1886 2875/3386/1886 2876/3387/1886 2868/3378/1886
f 2868/3378/1885 2876/3387/1885 2869/3379/1885 2861/3370/1885
f 2869/3379/1892 2877/3388/1892 2878/3389/1892 2870/3380/1892
f 2870/3380/1891 2878/3389/1891 2879/3390/1891 2871/3381/1891
f 2871/3381/1890 2879/3390/1890 2880/3391/1890 2872/3382/1890
f 2872/3382/1889 2880/3391/1889 2881/3392/1889 2873/3383/1889
f 2873/3384/1896 2881/3393/1896 2882/3394/1896 2874/3385/1896
f 2874/3385/1895 2882/3394/1895 2883/3395/1895 2875/3386/1895
f 2875/3386/1894 2883/3395/1894 2884/3396/1894 2876/3387/1894
f 2876/3387/1893 2884/3396/1893 2877/3388/1893 2869/3379/1893
f 2877/3388/1900 2885/3397/1900 2886/3398/1900 2878/3389/1900
f 2878/3389/1899 2886/3398/1899 2887/3399/1899 2879/3390/1899
f 2879/3390/1898 2887/3399/1898 2888/3400/1898 2880/3391/1898
f 2880/3391/1897 2888/3400/1897 2889/3401/1897 2881/3392/1897
f 2881/3393/1904 2889/3402/1904 2890/3403/1904 2882/3394/1904
f 2882/3394/1903 2890/3403/1903 2891/3404/1903 2883/3395/1903
f 2883/3395/1902 2891/3404/1902 2892/3405/1902 2884/3396/1902
f 2884/3396/1901 2892/3405/1901 2885/3397/1901 2877/3388/1901
f 2885/3397/1908 2893/3406/1908 2894/3407/1908 2886/3398/1908
f 2886/3398/1907 2894/3407/1907 2895/3408/1907 2887/3399/1907
f 2887/3399/1906 2895/3408/1906 2896/3409/1906 2888/3400/1906
f 2888/3400/1905 2896/3409/1905 2897/3410/1905 2889/3401/1905
f 2889/3402/1912 2897/3411/1912 2898/3412/1912 2890/3403/1912
f 2890/3403/1911 2898/3412/1911 2899/3413/1911 2891/3404/1911
f 2891/3404/1910 2899/3413/1910 2900/3414/1910 2892/3405/1910
f 2892/3405/1909 2900/3414/1909 2893/3406/1909 2885/3397/1909
f 2893/3406/1916 2901/3415/1916 2902/3416/1916 2894/3407/1916
f 2894/3407/1915 2902/3416/1915 2903/3417/1915 2895/3408/1915
f 2895/3408/1914 2903/3417/1914 2904/3418/1914 2896/3409/1914
f 2896/3409/1913 2904/3418/1913 2905/3419/1913 2897/3410/1913
f 2897/3411/1920 2905/3420/1920 2906/3421/1920 2898/3412/1920
f 2898/3412/1919 2906/3421/1919 2907/3422/1919 2899/3413/1919
f 2899/3413/1918 2907/3422/1918 2908/3423/1918 2900/3414/1918
f 2900/3414/1917 2908/3423/1917 2901/3415/1917 2893/3406/1917
f 2901/3415/1924 2909/3424/1924 2910/3425/1924 2902/3416/1924
f 2902/3416/1923 2910/3425/1923 2911/3426/1923 2903/3417/1923
f 2903/3417/1922 2911/3426/1922 2912/3427/1922 2904/3418/1922
f 2904/3418/1921 2912/3427/1921 2913/3428/1921 2905/3419/1921
f 2905/3420/1928 2913/3429/1928 2914/3430/1928 2906/3421/1928
f 2906/3421/1927 2914/3430/1927 2915/3431/1927 2907/3422/1927
f 2907/3422/1926 2915/3431/1926 2916/3432/1926 2908/3423/1926
f 2908/3423/1925 2916/3432/1925 2909/3424/1925 2901/3415/1925
f 2909/3424/1932 2149/2560/1932 2150/2563/1932 2910/3425/1932
f 2910/3425/1931 2150/2563/1931 2151/2565/1931 2911/3426/1931
f 2911/3426/1930 2151/2565/1930 2152/2567/1930 2912/3427/1930
f 2912/3427/1929 2152/2567/1929 2153/2569/1929 2913/3428/1929
f 2913/3429/1936 2153/2570/1936 2154/2573/1936 2914/3430/1936
f 2914/3430/1935 2154/2573/1935 2155/2575/1935 2915/3431/1935
f 2915/3431/1934 2155/2575/1934 2156/2577/1934 2916/3432/1934
f 2916/3432/1933 2156/2577/1933 2149/2560/1933 2909/3424/1933
o DL_Ring_Anchor_0
v 8.650000 5.530000 0.370000
v 8.650000 5.580000 0.420000
v 8.600000 5.580000 0.370000
v 8.650000 5.544644 0.405355
v 8.621133 5.551132 0.398868
v 8.614645 5.580000 0.405355
v 8.614645 5.544644 0.370000
v 8.650000 6.320000 0.420000
v 8.650000 6.370000 0.370000
v 8.600000 6.320000 0.370000
v 8.650000 6.355355 0.405355
v 8.621133 6.348867 0.398868
v 8.614645 6.355355 0.370000
v 8.614645 6.320000 0.405355
v 8.650000 5.530000 -0.370000
v 8.600000 5.580000 -0.370000
v 8.650000 5.580000 -0.420000
v 8.614645 5.544644 -0.370000
v 8.621133 5.551132 -0.398868
v 8.614645 5.580000 -0.405355
v 8.650000 5.544644 -0.405355
v 8.650000 6.370000 -0.370000
v 8.650000 6.320000 -0.420000
v 8.600000 6.320000 -0.370000
v 8.650000 6.355355 -0.405355
v 8.621133 6.348867 -0.398868
v 8.614645 6.320000 -0.405355
v 8.614645 6.355355 -0.370000
v 12.950001 5.530000 0.370000
v 13.000000 5.580000 0.370000
v 12.950001 5.580000 0.420000
v 12.985355 5.544644 0.370000
v 12.978868 5.551132 0.398868
v 12.985355 5.580000 0.405355
v 12.950001 5.544644 0.405355
v 12.950001 6.370000 0.370000
v 12.950001 6.320000 0.420000
v 13.000000 6.320000 0.370000
v 12.950001 6.355355 0.405355
v 12.978868 6.348867 0.398868
v 12.985355 6.320000 0.405355
v 12.985355 6.355355 0.370000
v 12.950001 5.530000 -0.370000
v 12.950001 5.580000 -0.420000
v 13.000000 5.580000 -0.370000
v 12.950001 5.544644 -0.405355
v 12.978868 5.551132 -0.398868
v 12.985355 5.580000 -0.405355
v 12.985355 5.544644 -0.370000
v 12.950001 6.370000 -0.370000
v 13.000000 6.320000 -0.370000
v 12.950001 6.320000 -0.420000
v 12.985355 6.355355 -0.370000
v 12.978868 6.348867 -0.398868
v 12.985355 6.320000 -0.405355
v 12.950001 6.355355 -0.405355
vn -0.3251 -0.8881 0.3251
vn -0.3251 -0.3251 0.8881
vn -0.8881 -0.3251 0.3251
vn -0.3251 0.3251 0.8881
vn -0.3251 0.8881 0.3251
vn -0.8881 0.3251 0.3251
vn -0.3251 -0.8881 -0.3251
vn -0.8881 -0.3251 -0.3251
vn -0.3251 -0.3251 -0.8881
vn -0.3251 0.8881 -0.3251
vn -0.3251 0.3251 -0.8881
vn -0.8881 0.3251 -0.3251
vn 0.3251 -0.8881 0.3251
vn 0.8881 -0.3251 0.3251
vn 0.3251 -0.3251 0.8881
vn 0.3251 0.8881 0.3251
vn 0.3251 0.3251 0.8881
vn 0.8881 0.3251 0.3251
vn 0.3251 -0.8881 -0.3251
vn 0.3251 -0.3251 -0.8881
vn 0.8881 -0.3251 -0.3251
vn 0.3251 0.8881 -0.3251
vn 0.8881 0.3251 -0.3251
vn 0.3251 0.3251 -0.8881
vn -0.3827 -0.9239 -0.0000
vn -0.9239 -0.3827 -0.0000
vn -0.3827 -0.0000 0.9239
vn -0.9239 -0.0000 0.3827
vn -0.3827 0.9239 -0.0000
vn -0.9239 0.3827 -0.0000
vn -0.3827 -0.0000 -0.9239
vn -0.9239 -0.0000 -0.3827
vn -0.0000 -0.9239 -0.3827
vn -0.0000 -0.3827 -0.9239
vn -0.0000 0.9239 -0.3827
vn -0.0000 0.3827 -0.9239
vn 0.9239 -0.0000 -0.3827
vn 0.3827 -0.0000 -0.9239
vn 0.3827 -0.9239 -0.0000
vn 0.9239 -0.3827 -0.0000
vn 0.3827 0.9239 -0.0000
vn 0.9239 0.3827 -0.0000
vn 0.3827 -0.0000 0.9239
vn 0.9239 -0.0000 0.3827
vn -0.0000 -0.9239 0.3827
vn -0.0000 -0.3827 0.9239
vn -0.0000 0.9239 0.3827
vn -0.0000 0.3827 0.9239
vn -0.0000 -1.0000 -0.0000
vn -1.0000 -0.0000 -0.0000
vn -0.0000 -0.0000 1.0000
vn -0.0000 1.0000 -0.0000
vn -0.0000 -0.0000 -1.0000
vn 1.0000 -0.0000 -0.0000
vt 0.127841 0.735119
vt 0.127841 0.750000
vt 0.126201 0.750000
vt 0.125000 0.735119
vt 0.389881 0.997159
vt 0.389881 1.000000
vt 0.381289 1.000000
vt 0.375000 0.997159
vt 0.389881 0.014881
vt 0.375000 0.014881
vt 0.375000 0.006289
vt 0.389881 0.000000
vt 0.610119 0.997159
vt 0.625000 0.997159
vt 0.625000 0.998799
vt 0.610119 1.000000
vt 0.872159 0.735119
vt 0.875000 0.735119
vt 0.875000 0.743711
vt 0.872159 0.750000
vt 0.610119 0.014881
vt 0.610119 0.000000
vt 0.618711 0.000000
vt 0.625000 0.014881
vt 0.127841 0.514881
vt 0.125000 0.514881
vt 0.125000 0.506289
vt 0.127841 0.500000
vt 0.389881 0.235119
vt 0.389881 0.250000
vt 0.378145 0.250600
vt 0.375000 0.235119
vt 0.389881 0.252841
vt 0.375000 0.252841
vt 0.872159 0.514881
vt 0.872159 0.500000
vt 0.873799 0.500000
vt 0.875000 0.514881
vt 0.610119 0.252841
vt 0.610119 0.250000
vt 0.621855 0.246855
vt 0.625000 0.252841
vt 0.610119 0.235119
vt 0.625000 0.235119
vt 0.372159 0.735119
vt 0.375000 0.735119
vt 0.377097 0.748304
vt 0.373580 0.751420
vt 0.389881 0.735119
vt 0.389881 0.750000
vt 0.389881 0.752841
vt 0.627841 0.735119
vt 0.626420 0.751420
vt 0.623304 0.747904
vt 0.625000 0.735119
vt 0.610119 0.752841
vt 0.610119 0.750000
vt 0.610119 0.735119
vt 0.372159 0.514881
vt 0.373580 0.498580
vt 0.376696 0.502097
vt 0.375000 0.514881
vt 0.389881 0.497159
vt 0.389881 0.500000
vt 0.389881 0.514881
vt 0.627841 0.514881
vt 0.625000 0.514881
vt 0.622904 0.501696
vt 0.626420 0.498580
vt 0.610119 0.514881
vt 0.610119 0.500000
vt 0.610119 0.497159
s 0
usemtl DL2_Hull_Silver
f 2917/3433/1941 2920/3434/1941 2921/3435/1941 2923/3436/1941
f 2918/3437/1942 2922/3438/1942 2921/3439/1942 2920/3440/1942
f 2919/3441/1943 2923/3442/1943 2921/3443/1943 2922/3444/1943
f 2924/3445/1944 2927/3446/1944 2928/3447/1944 2930/3448/1944
f 2925/3449/1945 2929/3450/1945 2928/3451/1945 2927/3452/1945
f 2926/3453/1946 2930/3454/1946 2928/3455/1946 2929/3456/1946
f 2931/3457/1947 2934/3458/1947 2935/3459/1947 2937/3460/1947
f 2932/3461/1948 2936/3462/1948 2935/3463/1948 2934/3464/1948
f 2933/3465/1949 2937/3466/1949 2935/3463/1949 2936/3462/1949
f 2938/3467/1950 2941/3468/1950 2942/3469/1950 2944/3470/1950
f 2939/3471/1951 2943/3472/1951 2942/3473/1951 2941/3474/1951
f 2940/3475/1952 2944/3476/1952 2942/3473/1952 2943/3472/1952
f 2945/3477/1953 2948/3478/1953 2949/3479/1953 2951/3480/1953
f 2946/3481/1954 2950/3482/1954 2949/3479/1954 2948/3478/1954
f 2947/3483/1955 2951/3480/1955 2949/3479/1955 2950/3482/1955
f 2952/3484/1956 2955/3485/1956 2956/3486/1956 2958/3487/1956
f 2953/3488/1957 2957/3489/1957 2956/3486/1957 2955/3485/1957
f 2954/3490/1958 2958/3487/1958 2956/3486/1958 2957/3489/1958
f 2959/3491/1959 2962/3492/1959 2963/3493/1959 2965/3494/1959
f 2960/3495/1960 2964/3496/1960 2963/3493/1960 2962/3492/1960
f 2961/3497/1961 2965/3494/1961 2963/3493/1961 2964/3496/1961
f 2966/3498/1962 2969/3499/1962 2970/3500/1962 2972/3501/1962
f 2967/3502/1963 2971/3503/1963 2970/3500/1963 2969/3499/1963
f 2968/3504/1964 2972/3501/1964 2970/3500/1964 2971/3503/1964
f 2931/3457/1965 2917/3433/1965 2923/3436/1965 2934/3458/1965
f 2934/3464/1966 2923/3442/1966 2919/3441/1966 2932/3461/1966
f 2918/3437/1967 2924/3445/1967 2930/3448/1967 2922/3438/1967
f 2922/3444/1968 2930/3454/1968 2926/3453/1968 2919/3441/1968
f 2925/3449/1969 2938/3467/1969 2944/3470/1969 2929/3450/1969
f 2929/3456/1970 2944/3476/1970 2940/3475/1970 2926/3453/1970
f 2939/3471/1971 2933/3465/1971 2936/3462/1971 2943/3472/1971
f 2943/3472/1972 2936/3462/1972 2932/3461/1972 2940/3475/1972
f 2959/3491/1973 2931/3457/1973 2937/3460/1973 2962/3492/1973
f 2962/3492/1974 2937/3466/1974 2933/3465/1974 2960/3495/1974
f 2938/3467/1975 2966/3498/1975 2972/3501/1975 2941/3468/1975
f 2941/3474/1976 2972/3501/1976 2968/3504/1976 2939/3471/1976
f 2967/3502/1977 2961/3497/1977 2964/3496/1977 2971/3503/1977
f 2971/3503/1978 2964/3496/1978 2960/3495/1978 2968/3504/1978
f 2945/3477/1979 2959/3491/1979 2965/3494/1979 2948/3478/1979
f 2948/3478/1980 2965/3494/1980 2961/3497/1980 2946/3481/1980
f 2966/3498/1981 2952/3484/1981 2958/3487/1981 2969/3499/1981
f 2969/3499/1982 2958/3487/1982 2954/3490/1982 2967/3502/1982
f 2953/3488/1983 2947/3483/1983 2950/3482/1983 2957/3489/1983
f 2957/3489/1984 2950/3482/1984 2946/3481/1984 2954/3490/1984
f 2917/3433/1985 2945/3477/1985 2951/3480/1985 2920/3434/1985
f 2920/3440/1986 2951/3480/1986 2947/3483/1986 2918/3437/1986
f 2952/3484/1987 2925/3449/1987 2927/3452/1987 2955/3485/1987
f 2955/3485/1988 2927/3446/1988 2924/3445/1988 2953/3488/1988
f 2931/3457/1989 2959/3491/1989 2945/3477/1989 2917/3433/1989
f 2919/3441/1990 2926/3453/1990 2940/3475/1990 2932/3461/1990
f 2947/3483/1991 2953/3488/1991 2924/3445/1991 2918/3437/1991
f 2966/3498/1992 2938/3467/1992 2925/3449/1992 2952/3484/1992
f 2933/3465/1993 2939/3471/1993 2968/3504/1993 2960/3495/1993
f 2961/3497/1994 2967/3502/1994 2954/3490/1994 2946/3481/1994
o DL_Ring_Anchor_157
v 0.370000 5.530000 -8.650000
v 0.420000 5.580000 -8.650000
v 0.370000 5.580000 -8.600000
v 0.405355 5.544644 -8.650000
v 0.398868 5.551132 -8.621133
v 0.405355 5.580000 -8.614645
v 0.370000 5.544644 -8.614645
v 0.420000 6.320000 -8.650000
v 0.370000 6.370000 -8.650000
v 0.370000 6.320000 -8.600000
v 0.405355 6.355355 -8.650000
v 0.398868 6.348867 -8.621133
v 0.370000 6.355355 -8.614645
v 0.405355 6.320000 -8.614645
v -0.370000 5.530000 -8.650000
v -0.370000 5.580000 -8.600000
v -0.420000 5.580000 -8.650000
v -0.370000 5.544644 -8.614645
v -0.398867 5.551132 -8.621133
v -0.405355 5.580000 -8.614645
v -0.405355 5.544644 -8.650000
v -0.370000 6.370000 -8.650000
v -0.420000 6.320000 -8.650000
v -0.370000 6.320000 -8.600000
v -0.405355 6.355355 -8.650000
v -0.398867 6.348867 -8.621133
v -0.405355 6.320000 -8.614645
v -0.370000 6.355355 -8.614645
v 0.370000 5.530000 -12.950001
v 0.370000 5.580000 -13.000000
v 0.420000 5.580000 -12.950001
v 0.370000 5.544644 -12.985355
v 0.398867 5.551132 -12.978868
v 0.405355 5.580000 -12.985355
v 0.405355 5.544644 -12.950001
v 0.370000 6.370000 -12.950001
v 0.420000 6.320000 -12.950001
v 0.370000 6.320000 -13.000000
v 0.405355 6.355355 -12.950001
v 0.398867 6.348867 -12.978868
v 0.405355 6.320000 -12.985355
v 0.370000 6.355355 -12.985355
v -0.370000 5.530000 -12.950001
v -0.420000 5.580000 -12.950001
v -0.370000 5.580000 -13.000000
v -0.405355 5.544644 -12.950001
v -0.398868 5.551132 -12.978868
v -0.405355 5.580000 -12.985355
v -0.370000 5.544644 -12.985355
v -0.370000 6.370000 -12.950001
v -0.370000 6.320000 -13.000000
v -0.420000 6.320000 -12.950001
v -0.370000 6.355355 -12.985355
v -0.398868 6.348867 -12.978868
v -0.405355 6.320000 -12.985355
v -0.405355 6.355355 -12.950001
vn 0.3251 -0.8881 0.3251
vn 0.8881 -0.3251 0.3251
vn 0.3251 -0.3251 0.8881
vn 0.8881 0.3251 0.3251
vn 0.3251 0.8881 0.3251
vn 0.3251 0.3251 0.8881
vn -0.3251 -0.8881 0.3251
vn -0.3251 -0.3251 0.8881
vn -0.8881 -0.3251 0.3251
vn -0.3251 0.8881 0.3251
vn -0.8881 0.3251 0.3251
vn -0.3251 0.3251 0.8881
vn 0.3251 -0.8881 -0.3251
vn 0.3251 -0.3251 -0.8881
vn 0.8881 -0.3251 -0.3251
vn 0.3251 0.8881 -0.3251
vn 0.8881 0.3251 -0.3251
vn 0.3251 0.3251 -0.8881
vn -0.3251 -0.8881 -0.3251
vn -0.8881 -0.3251 -0.3251
vn -0.3251 -0.3251 -0.8881
vn -0.3251 0.8881 -0.3251
vn -0.3251 0.3251 -0.8881
vn -0.8881 0.3251 -0.3251
vn -0.0000 -0.9239 0.3827
vn -0.0000 -0.3827 0.9239
vn 0.9239 -0.0000 0.3827
vn 0.3827 -0.0000 0.9239
vn -0.0000 0.9239 0.3827
vn -0.0000 0.3827 0.9239
vn -0.9239 -0.0000 0.3827
vn -0.3827 -0.0000 0.9239
vn -0.3827 -0.9239 -0.0000
vn -0.9239 -0.3827 -0.0000
vn -0.3827 0.9239 -0.0000
vn -0.9239 0.3827 -0.0000
vn -0.3827 -0.0000 -0.9239
vn -0.9239 -0.0000 -0.3827
vn -0.0000 -0.9239 -0.3827
vn -0.0000 -0.3827 -0.9239
vn -0.0000 0.9239 -0.3827
vn -0.0000 0.3827 -0.9239
vn 0.9239 -0.0000 -0.3827
vn 0.3827 -0.0000 -0.9239
vn 0.3827 -0.9239 -0.0000
vn 0.9239 -0.3827 -0.0000
vn 0.3827 0.9239 -0.0000
vn 0.9239 0.3827 -0.0000
vn -0.0000 -1.0000 -0.0000
vn -0.0000 -0.0000 1.0000
vn 1.0000 -0.0000 -0.0000
vn -0.0000 1.0000 -0.0000
vn -1.0000 -0.0000 -0.0000
vn -0.0000 -0.0000 -1.0000
vt 0.127841 0.735119
vt 0.127841 0.750000
vt 0.126201 0.750000
vt 0.125000 0.735119
vt 0.389881 0.997159
vt 0.389881 1.000000
vt 0.381289 1.000000
vt 0.375000 0.997159
vt 0.389881 0.014881
vt 0.375000 0.014881
vt 0.375000 0.006289
vt 0.389881 0.000000
vt 0.610119 0.997159
vt 0.625000 0.997159
vt 0.625000 0.998799
vt 0.610119 1.000000
vt 0.872159 0.735119
vt 0.875000 0.735119
vt 0.875000 0.743711
vt 0.872159 0.750000
vt 0.610119 0.014881
vt 0.610119 0.000000
vt 0.618711 0.000000
vt 0.625000 0.014881
vt 0.127841 0.514881
vt 0.125000 0.514881
vt 0.125000 0.506289
vt 0.127841 0.500000
vt 0.389881 0.235119
vt 0.389881 0.250000
vt 0.378145 0.250600
vt 0.375000 0.235119
vt 0.389881 0.252841
vt 0.375000 0.252841
vt 0.872159 0.514881
vt 0.872159 0.500000
vt 0.873799 0.500000
vt 0.875000 0.514881
vt 0.610119 0.252841
vt 0.610119 0.250000
vt 0.621855 0.246855
vt 0.625000 0.252841
vt 0.610119 0.235119
vt 0.625000 0.235119
vt 0.372159 0.735119
vt 0.375000 0.735119
vt 0.377097 0.748304
vt 0.373580 0.751420
vt 0.389881 0.735119
vt 0.389881 0.750000
vt 0.389881 0.752841
vt 0.627841 0.735119
vt 0.626420 0.751420
vt 0.623304 0.747904
vt 0.625000 0.735119
vt 0.610119 0.752841
vt 0.610119 0.750000
vt 0.610119 0.735119
vt 0.372159 0.514881
vt 0.373580 0.498580
vt 0.376696 0.502097
vt 0.375000 0.514881
vt 0.389881 0.497159
vt 0.389881 0.500000
vt 0.389881 0.514881
vt 0.627841 0.514881
vt 0.625000 0.514881
vt 0.622904 0.501696
vt 0.626420 0.498580
vt 0.610119 0.514881
vt 0.610119 0.500000
vt 0.610119 0.497159
s 0
usemtl DL2_Hull_Silver
f 2973/3505/1995 2976/3506/1995 2977/3507/1995 2979/3508/1995
f 2974/3509/1996 2978/3510/1996 2977/3511/1996 2976/3512/1996
f 2975/3513/1997 2979/3514/1997 2977/3515/1997 2978/3516/1997
f 2980/3517/1998 2983/3518/1998 2984/3519/1998 2986/3520/1998
f 2981/3521/1999 2985/3522/1999 2984/3523/1999 2983/3524/1999
f 2982/3525/2000 2986/3526/2000 2984/3527/2000 2985/3528/2000
f 2987/3529/2001 2990/3530/2001 2991/3531/2001 2993/3532/2001
f 2988/3533/2002 2992/3534/2002 2991/3535/2002 2990/3536/2002
f 2989/3537/2003 2993/3538/2003 2991/3535/2003 2992/3534/2003
f 2994/3539/2004 2997/3540/2004 2998/3541/2004 3000/3542/2004
f 2995/3543/2005 2999/3544/2005 2998/3545/2005 2997/3546/2005
f 2996/3547/2006 3000/3548/2006 2998/3545/2006 2999/3544/2006
f 3001/3549/2007 3004/3550/2007 3005/3551/2007 3007/3552/2007
f 3002/3553/2008 3006/3554/2008 3005/3551/2008 3004/3550/2008
f 3003/3555/2009 3007/3552/2009 3005/3551/2009 3006/3554/2009
f 3008/3556/2010 3011/3557/2010 3012/3558/2010 3014/3559/2010
f 3009/3560/2011 3013/3561/2011 3012/3558/2011 3011/3557/2011
f 3010/3562/2012 3014/3559/2012 3012/3558/2012 3013/3561/2012
f 3015/3563/2013 3018/3564/2013 3019/3565/2013 3021/3566/2013
f 3016/3567/2014 3020/3568/2014 3019/3565/2014 3018/3564/2014
f 3017/3569/2015 3021/3566/2015 3019/3565/2015 3020/3568/2015
f 3022/3570/2016 3025/3571/2016 3026/3572/2016 3028/3573/2016
f 3023/3574/2017 3027/3575/2017 3026/3572/2017 3025/3571/2017
f 3024/3576/2018 3028/3573/2018 3026/3572/2018 3027/3575/2018
f 2987/3529/2019 2973/3505/2019 2979/3508/2019 2990/3530/2019
f 2990/3536/2020 2979/3514/2020 2975/3513/2020 2988/3533/2020
f 2974/3509/2021 2980/3517/2021 2986/3520/2021 2978/3510/2021
f 2978/3516/2022 2986/3526/2022 2982/3525/2022 2975/3513/2022
f 2981/3521/2023 2994/3539/2023 3000/3542/2023 2985/3522/2023
f 2985/3528/2024 3000/3548/2024 2996/3547/2024 2982/3525/2024
f 2995/3543/2025 2989/3537/2025 2992/3534/2025 2999/3544/2025
f 2999/3544/2026 2992/3534/2026 2988/3533/2026 2996/3547/2026
f 3015/3563/2027 2987/3529/2027 2993/3532/2027 3018/3564/2027
f 3018/3564/2028 2993/3538/2028 2989/3537/2028 3016/3567/2028
f 2994/3539/2029 3022/3570/2029 3028/3573/2029 2997/3540/2029
f 2997/3546/2030 3028/3573/2030 3024/3576/2030 2995/3543/2030
f 3023/3574/2031 3017/3569/2031 3020/3568/2031 3027/3575/2031
f 3027/3575/2032 3020/3568/2032 3016/3567/2032 3024/3576/2032
f 3001/3549/2033 3015/3563/2033 3021/3566/2033 3004/3550/2033
f 3004/3550/2034 3021/3566/2034 3017/3569/2034 3002/3553/2034
f 3022/3570/2035 3008/3556/2035 3014/3559/2035 3025/3571/2035
f 3025/3571/2036 3014/3559/2036 3010/3562/2036 3023/3574/2036
f 3009/3560/2037 3003/3555/2037 3006/3554/2037 3013/3561/2037
f 3013/3561/2038 3006/3554/2038 3002/3553/2038 3010/3562/2038
f 2973/3505/2039 3001/3549/2039 3007/3552/2039 2976/3506/2039
f 2976/3512/2040 3007/3552/2040 3003/3555/2040 2974/3509/2040
f 3008/3556/2041 2981/3521/2041 2983/3524/2041 3011/3557/2041
f 3011/3557/2042 2983/3518/2042 2980/3517/2042 3009/3560/2042
f 2987/3529/2043 3015/3563/2043 3001/3549/2043 2973/3505/2043
f 2975/3513/2044 2982/3525/2044 2996/3547/2044 2988/3533/2044
f 3003/3555/2045 3009/3560/2045 2980/3517/2045 2974/3509/2045
f 3022/3570/2046 2994/3539/2046 2981/3521/2046 3008/3556/2046
f 2989/3537/2047 2995/3543/2047 3024/3576/2047 3016/3567/2047
f 3017/3569/2048 3023/3574/2048 3010/3562/2048 3002/3553/2048
o DL_Ring_Anchor_314
v -8.650000 5.530000 -0.370000
v -8.650000 5.580000 -0.420000
v -8.600000 5.580000 -0.370000
v -8.650000 5.544644 -0.405356
v -8.621133 5.551132 -0.398868
v -8.614645 5.580000 -0.405356
v -8.614645 5.544644 -0.370000
v -8.650000 6.320000 -0.420000
v -8.650000 6.370000 -0.370000
v -8.600000 6.320000 -0.370000
v -8.650000 6.355355 -0.405356
v -8.621133 6.348867 -0.398868
v -8.614645 6.355355 -0.370000
v -8.614645 6.320000 -0.405356
v -8.650000 5.530000 0.370000
v -8.600000 5.580000 0.370000
v -8.650000 5.580000 0.420000
v -8.614645 5.544644 0.370000
v -8.621133 5.551132 0.398867
v -8.614645 5.580000 0.405355
v -8.650000 5.544644 0.405355
v -8.650000 6.370000 0.370000
v -8.650000 6.320000 0.420000
v -8.600000 6.320000 0.370000
v -8.650000 6.355355 0.405355
v -8.621133 6.348867 0.398867
v -8.614645 6.320000 0.405355
v -8.614645 6.355355 0.370000
v -12.950001 5.530000 -0.370000
v -13.000000 5.580000 -0.370000
v -12.950001 5.580000 -0.420000
v -12.985355 5.544644 -0.370000
v -12.978868 5.551132 -0.398867
v -12.985355 5.580000 -0.405355
v -12.950001 5.544644 -0.405355
v -12.950001 6.370000 -0.370000
v -12.950001 6.320000 -0.420000
v -13.000000 6.320000 -0.370000
v -12.950001 6.355355 -0.405355
v -12.978868 6.348867 -0.398867
v -12.985355 6.320000 -0.405355
v -12.985355 6.355355 -0.370000
v -12.950001 5.530000 0.370000
v -12.950001 5.580000 0.420000
v -13.000000 5.580000 0.370000
v -12.950001 5.544644 0.405356
v -12.978868 5.551132 0.398868
v -12.985355 5.580000 0.405356
v -12.985355 5.544644 0.370000
v -12.950001 6.370000 0.370000
v -13.000000 6.320000 0.370000
v -12.950001 6.320000 0.420000
v -12.985355 6.355355 0.370000
v -12.978868 6.348867 0.398868
v -12.985355 6.320000 0.405356
v -12.950001 6.355355 0.405356
vn 0.3251 -0.8881 -0.3251
vn 0.3251 -0.3251 -0.8881
vn 0.8881 -0.3251 -0.3251
vn 0.3251 0.3251 -0.8881
vn 0.3251 0.8881 -0.3251
vn 0.8881 0.3251 -0.3251
vn 0.3251 -0.8881 0.3251
vn 0.8881 -0.3251 0.3251
vn 0.3251 -0.3251 0.8881
vn 0.3251 0.8881 0.3251
vn 0.3251 0.3251 0.8881
vn 0.8881 0.3251 0.3251
vn -0.3251 -0.8881 -0.3251
vn -0.8881 -0.3251 -0.3251
vn -0.3251 -0.3251 -0.8881
vn -0.3251 0.8881 -0.3251
vn -0.3251 0.3251 -0.8881
vn -0.8881 0.3251 -0.3251
vn -0.3251 -0.8881 0.3251
vn -0.3251 -0.3251 0.8881
vn -0.8881 -0.3251 0.3251
vn -0.3251 0.8881 0.3251
vn -0.8881 0.3251 0.3251
vn -0.3251 0.3251 0.8881
vn 0.3827 -0.9239 -0.0000
vn 0.9239 -0.3827 -0.0000
vn 0.3827 -0.0000 -0.9239
vn 0.9239 -0.0000 -0.3827
vn 0.3827 0.9239 -0.0000
vn 0.9239 0.3827 -0.0000
vn 0.3827 -0.0000 0.9239
vn 0.9239 -0.0000 0.3827
vn -0.0000 -0.9239 0.3827
vn -0.0000 -0.3827 0.9239
vn -0.0000 0.9239 0.3827
vn -0.0000 0.3827 0.9239
vn -0.9239 -0.0000 0.3827
vn -0.3827 -0.0000 0.9239
vn -0.3827 -0.9239 -0.0000
vn -0.9239 -0.3827 -0.0000
vn -0.3827 0.9239 -0.0000
vn -0.9239 0.3827 -0.0000
vn -0.3827 -0.0000 -0.9239
vn -0.9239 -0.0000 -0.3827
vn -0.0000 -0.9239 -0.3827
vn -0.0000 -0.3827 -0.9239
vn -0.0000 0.9239 -0.3827
vn -0.0000 0.3827 -0.9239
vn -0.0000 -1.0000 -0.0000
vn 1.0000 -0.0000 -0.0000
vn -0.0000 -0.0000 -1.0000
vn -0.0000 1.0000 -0.0000
vn -0.0000 -0.0000 1.0000
vn -1.0000 -0.0000 -0.0000
vt 0.127841 0.735119
vt 0.127841 0.750000
vt 0.126201 0.750000
vt 0.125000 0.735119
vt 0.389881 0.997159
vt 0.389881 1.000000
vt 0.381289 1.000000
vt 0.375000 0.997159
vt 0.389881 0.014881
vt 0.375000 0.014881
vt 0.375000 0.006289
vt 0.389881 0.000000
vt 0.610119 0.997159
vt 0.625000 0.997159
vt 0.625000 0.998799
vt 0.610119 1.000000
vt 0.872159 0.735119
vt 0.875000 0.735119
vt 0.875000 0.743711
vt 0.872159 0.750000
vt 0.610119 0.014881
vt 0.610119 0.000000
vt 0.618711 0.000000
vt 0.625000 0.014881
vt 0.127841 0.514881
vt 0.125000 0.514881
vt 0.125000 0.506289
vt 0.127841 0.500000
vt 0.389881 0.235119
vt 0.389881 0.250000
vt 0.378145 0.250600
vt 0.375000 0.235119
vt 0.389881 0.252841
vt 0.375000 0.252841
vt 0.872159 0.514881
vt 0.872159 0.500000
vt 0.873799 0.500000
vt 0.875000 0.514881
vt 0.610119 0.252841
vt 0.610119 0.250000
vt 0.621855 0.246855
vt 0.625000 0.252841
vt 0.610119 0.235119
vt 0.625000 0.235119
vt 0.372159 0.735119
vt 0.375000 0.735119
vt 0.377097 0.748304
vt 0.373580 0.751420
vt 0.389881 0.735119
vt 0.389881 0.750000
vt 0.389881 0.752841
vt 0.627841 0.735119
vt 0.626420 0.751420
vt 0.623304 0.747904
vt 0.625000 0.735119
vt 0.610119 0.752841
vt 0.610119 0.750000
vt 0.610119 0.735119
vt 0.372159 0.514881
vt 0.373580 0.498580
vt 0.376696 0.502097
vt 0.375000 0.514881
vt 0.389881 0.497159
vt 0.389881 0.500000
vt 0.389881 0.514881
vt 0.627841 0.514881
vt 0.625000 0.514881
vt 0.622904 0.501696
vt 0.626420 0.498580
vt 0.610119 0.514881
vt 0.610119 0.500000
vt 0.610119 0.497159
s 0
usemtl DL2_Hull_Silver
f 3029/3577/2049 3032/3578/2049 3033/3579/2049 3035/3580/2049
f 3030/3581/2050 3034/3582/2050 3033/3583/2050 3032/3584/2050
f 3031/3585/2051 3035/3586/2051 3033/3587/2051 3034/3588/2051
f 3036/3589/2052 3039/3590/2052 3040/3591/2052 3042/3592/2052
f 3037/3593/2053 3041/3594/2053 3040/3595/2053 3039/3596/2053
f 3038/3597/2054 3042/3598/2054 3040/3599/2054 3041/3600/2054
f 3043/3601/2055 3046/3602/2055 3047/3603/2055 3049/3604/2055
f 3044/3605/2056 3048/3606/2056 3047/3607/2056 3046/3608/2056
f 3045/3609/2057 3049/3610/2057 3047/3607/2057 3048/3606/2057
f 3050/3611/2058 3053/3612/2058 3054/3613/2058 3056/3614/2058
f 3051/3615/2059 3055/3616/2059 3054/3617/2059 3053/3618/2059
f 3052/3619/2060 3056/3620/2060 3054/3617/2060 3055/3616/2060
f 3057/3621/2061 3060/3622/2061 3061/3623/2061 3063/3624/2061
f 3058/3625/2062 3062/3626/2062 3061/3623/2062 3060/3622/2062
f 3059/3627/2063 3063/3624/2063 3061/3623/2063 3062/3626/2063
f 3064/3628/2064 3067/3629/2064 3068/3630/2064 3070/3631/2064
f 3065/3632/2065 3069/3633/2065 3068/3630/2065 3067/3629/2065
f 3066/3634/2066 3070/3631/2066 3068/3630/2066 3069/3633/2066
f 3071/3635/2067 3074/3636/2067 3075/3637/2067 3077/3638/2067
f 3072/3639/2068 3076/3640/2068 3075/3637/2068 3074/3636/2068
f 3073/3641/2069 3077/3638/2069 3075/3637/2069 3076/3640/2069
f 3078/3642/2070 3081/3643/2070 3082/3644/2070 3084/3645/2070
f 3079/3646/2071 3083/3647/2071 3082/3644/2071 3081/3643/2071
f 3080/3648/2072 3084/3645/2072 3082/3644/2072 3083/3647/2072
f 3043/3601/2073 3029/3577/2073 3035/3580/2073 3046/3602/2073
f 3046/3608/2074 3035/3586/2074 3031/3585/2074 3044/3605/2074
f 3030/3581/2075 3036/3589/2075 3042/3592/2075 3034/3582/2075
f 3034/3588/2076 3042/3598/2076 3038/3597/2076 3031/3585/2076
f 3037/3593/2077 3050/3611/2077 3056/3614/2077 3041/3594/2077
f 3041/3600/2078 3056/3620/2078 3052/3619/2078 3038/3597/2078
f 3051/3615/2079 3045/3609/2079 3048/3606/2079 3055/3616/2079
f 3055/3616/2080 3048/3606/2080 3044/3605/2080 3052/3619/2080
f 3071/3635/2081 3043/3601/2081 3049/3604/2081 3074/3636/2081
f 3074/3636/2082 3049/3610/2082 3045/3609/2082 3072/3639/2082
f 3050/3611/2083 3078/3642/2083 3084/3645/2083 3053/3612/2083
f 3053/3618/2084 3084/3645/2084 3080/3648/2084 3051/3615/2084
f 3079/3646/2085 3073/3641/2085 3076/3640/2085 3083/3647/2085
f 3083/3647/2086 3076/3640/2086 3072/3639/2086 3080/3648/2086
f 3057/3621/2087 3071/3635/2087 3077/3638/2087 3060/3622/2087
f 3060/3622/2088 3077/3638/2088 3073/3641/2088 3058/3625/2088
f 3078/3642/2089 3064/3628/2089 3070/3631/2089 3081/3643/2089
f 3081/3643/2090 3070/3631/2090 3066/3634/2090 3079/3646/2090
f 3065/3632/2091 3059/3627/2091 3062/3626/2091 3069/3633/2091
f 3069/3633/2092 3062/3626/2092 3058/3625/2092 3066/3634/2092
f 3029/3577/2093 3057/3621/2093 3063/3624/2093 3032/3578/2093
f 3032/3584/2094 3063/3624/2094 3059/3627/2094 3030/3581/2094
f 3064/3628/2095 3037/3593/2095 3039/3596/2095 3067/3629/2095
f 3067/3629/2096 3039/3590/2096 3036/3589/2096 3065/3632/2096
f 3043/3601/2097 3071/3635/2097 3057/3621/2097 3029/3577/2097
f 3031/3585/2098 3038/3597/2098 3052/3619/2098 3044/3605/2098
f 3059/3627/2099 3065/3632/2099 3036/3589/2099 3030/3581/2099
f 3078/3642/2100 3050/3611/2100 3037/3593/2100 3064/3628/2100
f 3045/3609/2101 3051/3615/2101 3080/3648/2101 3072/3639/2101
f 3073/3641/2102 3079/3646/2102 3066/3634/2102 3058/3625/2102
o DL_Ring_Anchor_471
v -0.370000 5.530000 8.650000
v -0.420000 5.580000 8.650000
v -0.370000 5.580000 8.600000
v -0.405355 5.544644 8.650000
v -0.398868 5.551132 8.621133
v -0.405355 5.580000 8.614645
v -0.370000 5.544644 8.614645
v -0.420000 6.320000 8.650000
v -0.370000 6.370000 8.650000
v -0.370000 6.320000 8.600000
v -0.405355 6.355355 8.650000
v -0.398868 6.348867 8.621133
v -0.370000 6.355355 8.614645
v -0.405355 6.320000 8.614645
v 0.370000 5.530000 8.650000
v 0.370000 5.580000 8.600000
v 0.420000 5.580000 8.650000
v 0.370000 5.544644 8.614645
v 0.398867 5.551132 8.621133
v 0.405355 5.580000 8.614645
v 0.405355 5.544644 8.650000
v 0.370000 6.370000 8.650000
v 0.420000 6.320000 8.650000
v 0.370000 6.320000 8.600000
v 0.405355 6.355355 8.650000
v 0.398867 6.348867 8.621133
v 0.405355 6.320000 8.614645
v 0.370000 6.355355 8.614645
v -0.370000 5.530000 12.950001
v -0.370000 5.580000 13.000000
v -0.420000 5.580000 12.950001
v -0.370000 5.544644 12.985355
v -0.398867 5.551132 12.978868
v -0.405355 5.580000 12.985355
v -0.405355 5.544644 12.950001
v -0.370000 6.370000 12.950001
v -0.420000 6.320000 12.950001
v -0.370000 6.320000 13.000000
v -0.405355 6.355355 12.950001
v -0.398867 6.348867 12.978868
v -0.405355 6.320000 12.985355
v -0.370000 6.355355 12.985355
v 0.370000 5.530000 12.950001
v 0.420000 5.580000 12.950001
v 0.370000 5.580000 13.000000
v 0.405355 5.544644 12.950001
v 0.398868 5.551132 12.978868
v 0.405355 5.580000 12.985355
v 0.370000 5.544644 12.985355
v 0.370000 6.370000 12.950001
v 0.370000 6.320000 13.000000
v 0.420000 6.320000 12.950001
v 0.370000 6.355355 12.985355
v 0.398868 6.348867 12.978868
v 0.405355 6.320000 12.985355
v 0.405355 6.355355 12.950001
vn -0.3251 -0.8881 -0.3251
vn -0.8881 -0.3251 -0.3251
vn -0.3251 -0.3251 -0.8881
vn -0.8881 0.3251 -0.3251
vn -0.3251 0.8881 -0.3251
vn -0.3251 0.3251 -0.8881
vn 0.3251 -0.8881 -0.3251
vn 0.3251 -0.3251 -0.8881
vn 0.8881 -0.3251 -0.3251
vn 0.3251 0.8881 -0.3251
vn 0.8881 0.3251 -0.3251
vn 0.3251 0.3251 -0.8881
vn -0.3251 -0.8881 0.3251
vn -0.3251 -0.3251 0.8881
vn -0.8881 -0.3251 0.3251
vn -0.3251 0.8881 0.3251
vn -0.8881 0.3251 0.3251
vn -0.3251 0.3251 0.8881
vn 0.3251 -0.8881 0.3251
vn 0.8881 -0.3251 0.3251
vn 0.3251 -0.3251 0.8881
vn 0.3251 0.8881 0.3251
vn 0.3251 0.3251 0.8881
vn 0.8881 0.3251 0.3251
vn -0.0000 -0.9239 -0.3827
vn -0.0000 -0.3827 -0.9239
vn -0.9239 -0.0000 -0.3827
vn -0.3827 -0.0000 -0.9239
vn -0.0000 0.9239 -0.3827
vn -0.0000 0.3827 -0.9239
vn 0.9239 -0.0000 -0.3827
vn 0.3827 -0.0000 -0.9239
vn 0.3827 -0.9239 -0.0000
vn 0.9239 -0.3827 -0.0000
vn 0.3827 0.9239 -0.0000
vn 0.9239 0.3827 -0.0000
vn 0.3827 -0.0000 0.9239
vn 0.9239 -0.0000 0.3827
vn -0.0000 -0.9239 0.3827
vn -0.0000 -0.3827 0.9239
vn -0.0000 0.9239 0.3827
vn -0.0000 0.3827 0.9239
vn -0.9239 -0.0000 0.3827
vn -0.3827 -0.0000 0.9239
vn -0.3827 -0.9239 -0.0000
vn -0.9239 -0.3827 -0.0000
vn -0.3827 0.9239 -0.0000
vn -0.9239 0.3827 -0.0000
vn -0.0000 -1.0000 -0.0000
vn -0.0000 -0.0000 -1.0000
vn -1.0000 -0.0000 -0.0000
vn -0.0000 1.0000 -0.0000
vn 1.0000 -0.0000 -0.0000
vn -0.0000 -0.0000 1.0000
vt 0.127841 0.735119
vt 0.127841 0.750000
vt 0.126201 0.750000
vt 0.125000 0.735119
vt 0.389881 0.997159
vt 0.389881 1.000000
vt 0.381289 1.000000
vt 0.375000 0.997159
vt 0.389881 0.014881
vt 0.375000 0.014881
vt 0.375000 0.006289
vt 0.389881 0.000000
vt 0.610119 0.997159
vt 0.625000 0.997159
vt 0.625000 0.998799
vt 0.610119 1.000000
vt 0.872159 0.735119
vt 0.875000 0.735119
vt 0.875000 0.743711
vt 0.872159 0.750000
vt 0.610119 0.014881
vt 0.610119 0.000000
vt 0.618711 0.000000
vt 0.625000 0.014881
vt 0.127841 0.514881
vt 0.125000 0.514881
vt 0.125000 0.506289
vt 0.127841 0.500000
vt 0.389881 0.235119
vt 0.389881 0.250000
vt 0.378145 0.250600
vt 0.375000 0.235119
vt 0.389881 0.252841
vt 0.375000 0.252841
vt 0.872159 0.514881
vt 0.872159 0.500000
vt 0.873799 0.500000
vt 0.875000 0.514881
vt 0.610119 0.252841
vt 0.610119 0.250000
vt 0.621855 0.246855
vt 0.625000 0.252841
vt 0.610119 0.235119
vt 0.625000 0.235119
vt 0.372159 0.735119
vt 0.375000 0.735119
vt 0.377097 0.748304
vt 0.373580 0.751420
vt 0.389881 0.735119
vt 0.389881 0.750000
vt 0.389881 0.752841
vt 0.627841 0.735119
vt 0.626420 0.751420
vt 0.623304 0.747904
vt 0.625000 0.735119
vt 0.610119 0.752841
vt 0.610119 0.750000
vt 0.610119 0.735119
vt 0.372159 0.514881
vt 0.373580 0.498580
vt 0.376696 0.502097
vt 0.375000 0.514881
vt 0.389881 0.497159
vt 0.389881 0.500000
vt 0.389881 0.514881
vt 0.627841 0.514881
vt 0.625000 0.514881
vt 0.622904 0.501696
vt 0.626420 0.498580
vt 0.610119 0.514881
vt 0.610119 0.500000
vt 0.610119 0.497159
s 0
usemtl DL2_Hull_Silver
f 3085/3649/2103 3088/3650/2103 3089/3651/2103 3091/3652/2103
f 3086/3653/2104 3090/3654/2104 3089/3655/2104 3088/3656/2104
f 3087/3657/2105 3091/3658/2105 3089/3659/2105 3090/3660/2105
f 3092/3661/2106 3095/3662/2106 3096/3663/2106 3098/3664/2106
f 3093/3665/2107 3097/3666/2107 3096/3667/2107 3095/3668/2107
f 3094/3669/2108 3098/3670/2108 3096/3671/2108 3097/3672/2108
f 3099/3673/2109 3102/3674/2109 3103/3675/2109 3105/3676/2109
f 3100/3677/2110 3104/3678/2110 3103/3679/2110 3102/3680/2110
f 3101/3681/2111 3105/3682/2111 3103/3679/2111 3104/3678/2111
f 3106/3683/2112 3109/3684/2112 3110/3685/2112 3112/3686/2112
f 3107/3687/2113 3111/3688/2113 3110/3689/2113 3109/3690/2113
f 3108/3691/2114 3112/3692/2114 3110/3689/2114 3111/3688/2114
f 3113/3693/2115 3116/3694/2115 3117/3695/2115 3119/3696/2115
f 3114/3697/2116 3118/3698/2116 3117/3695/2116 3116/3694/2116
f 3115/3699/2117 3119/3696/2117 3117/3695/2117 3118/3698/2117
f 3120/3700/2118 3123/3701/2118 3124/3702/2118 3126/3703/2118
f 3121/3704/2119 3125/3705/2119 3124/3702/2119 3123/3701/2119
f 3122/3706/2120 3126/3703/2120 3124/3702/2120 3125/3705/2120
f 3127/3707/2121 3130/3708/2121 3131/3709/2121 3133/3710/2121
f 3128/3711/2122 3132/3712/2122 3131/3709/2122 3130/3708/2122
f 3129/3713/2123 3133/3710/2123 3131/3709/2123 3132/3712/2123
f 3134/3714/2124 3137/3715/2124 3138/3716/2124 3140/3717/2124
f 3135/3718/2125 3139/3719/2125 3138/3716/2125 3137/3715/2125
f 3136/3720/2126 3140/3717/2126 3138/3716/2126 3139/3719/2126
f 3099/3673/2127 3085/3649/2127 3091/3652/2127 3102/3674/2127
f 3102/3680/2128 3091/3658/2128 3087/3657/2128 3100/3677/2128
f 3086/3653/2129 3092/3661/2129 3098/3664/2129 3090/3654/2129
f 3090/3660/2130 3098/3670/2130 3094/3669/2130 3087/3657/2130
f 3093/3665/2131 3106/3683/2131 3112/3686/2131 3097/3666/2131
f 3097/3672/2132 3112/3692/2132 3108/3691/2132 3094/3669/2132
f 3107/3687/2133 3101/3681/2133 3104/3678/2133 3111/3688/2133
f 3111/3688/2134 3104/3678/2134 3100/3677/2134 3108/3691/2134
f 3127/3707/2135 3099/3673/2135 3105/3676/2135 3130/3708/2135
f 3130/3708/2136 3105/3682/2136 3101/3681/2136 3128/3711/2136
f 3106/3683/2137 3134/3714/2137 3140/3717/2137 3109/3684/2137
f 3109/3690/2138 3140/3717/2138 3136/3720/2138 3107/3687/2138
f 3135/3718/2139 3129/3713/2139 3132/3712/2139 3139/3719/2139
f 3139/3719/2140 3132/3712/2140 3128/3711/2140 3136/3720/2140
f 3113/3693/2141 3127/3707/2141 3133/3710/2141 3116/3694/2141
f 3116/3694/2142 3133/3710/2142 3129/3713/2142 3114/3697/2142
f 3134/3714/2143 3120/3700/2143 3126/3703/2143 3137/3715/2143
f 3137/3715/2144 3126/3703/2144 3122/3706/2144 3135/3718/2144
f 3121/3704/2145 3115/3699/2145 3118/3698/2145 3125/3705/2145
f 3125/3705/2146 3118/3698/2146 3114/3697/2146 3122/3706/2146
f 3085/3649/2147 3113/3693/2147 3119/3696/2147 3088/3650/2147
f 3088/3656/2148 3119/3696/2148 3115/3699/2148 3086/3653/2148
f 3120/3700/2149 3093/3665/2149 3095/3668/2149 3123/3701/2149
f 3123/3701/2150 3095/3662/2150 3092/3661/2150 3121/3704/2150
f 3099/3673/2151 3127/3707/2151 3113/3693/2151 3085/3649/2151
f 3087/3657/2152 3094/3669/2152 3108/3691/2152 3100/3677/2152
f 3115/3699/2153 3121/3704/2153 3092/3661/2153 3086/3653/2153
f 3134/3714/2154 3106/3683/2154 3093/3665/2154 3120/3700/2154
f 3101/3681/2155 3107/3687/2155 3136/3720/2155 3128/3711/2155
f 3129/3713/2156 3135/3718/2156 3122/3706/2156 3114/3697/2156
o DL_Core_Lower_Dais
v -3.920000 4.410000 3.920000
v -3.920000 4.490000 4.000000
v -4.000000 4.490000 3.920000
v -3.920000 4.433432 3.976568
v -3.966188 4.443812 3.966188
v -3.976568 4.490000 3.976568
v -3.976568 4.433432 3.920000
v -3.920000 5.010000 4.000000
v -3.920000 5.090000 3.920000
v -4.000000 5.010000 3.920000
v -3.920000 5.066568 3.976568
v -3.966188 5.056188 3.966188
v -3.976568 5.066568 3.920000
v -3.976568 5.010000 3.976568
v -3.920000 4.410000 -3.920000
v -4.000000 4.490000 -3.920000
v -3.920000 4.490000 -4.000000
v -3.976568 4.433432 -3.920000
v -3.966188 4.443812 -3.966188
v -3.976568 4.490000 -3.976568
v -3.920000 4.433432 -3.976568
v -3.920000 5.090000 -3.920000
v -3.920000 5.010000 -4.000000
v -4.000000 5.010000 -3.920000
v -3.920000 5.066568 -3.976568
v -3.966188 5.056188 -3.966188
v -3.976568 5.010000 -3.976568
v -3.976568 5.066568 -3.920000
v 3.920000 4.410000 3.920000
v 4.000000 4.490000 3.920000
v 3.920000 4.490000 4.000000
v 3.976568 4.433432 3.920000
v 3.966188 4.443812 3.966188
v 3.976568 4.490000 3.976568
v 3.920000 4.433432 3.976568
v 3.920000 5.090000 3.920000
v 3.920000 5.010000 4.000000
v 4.000000 5.010000 3.920000
v 3.920000 5.066568 3.976568
v 3.966188 5.056188 3.966188
v 3.976568 5.010000 3.976568
v 3.976568 5.066568 3.920000
v 3.920000 4.410000 -3.920000
v 3.920000 4.490000 -4.000000
v 4.000000 4.490000 -3.920000
v 3.920000 4.433432 -3.976568
v 3.966188 4.443812 -3.966188
v 3.976568 4.490000 -3.976568
v 3.976568 4.433432 -3.920000
v 3.920000 5.090000 -3.920000
v 4.000000 5.010000 -3.920000
v 3.920000 5.010000 -4.000000
v 3.976568 5.066568 -3.920000
v 3.966188 5.056188 -3.966188
v 3.976568 5.010000 -3.976568
v 3.920000 5.066568 -3.976568
vn -0.3251 -0.8881 0.3251
vn -0.3251 -0.3251 0.8881
vn -0.8881 -0.3251 0.3251
vn -0.3251 0.3251 0.8881
vn -0.3251 0.8881 0.3251
vn -0.8881 0.3251 0.3251
vn -0.3251 -0.8881 -0.3251
vn -0.8881 -0.3251 -0.3251
vn -0.3251 -0.3251 -0.8881
vn -0.3251 0.8881 -0.3251
vn -0.3251 0.3251 -0.8881
vn -0.8881 0.3251 -0.3251
vn 0.3251 -0.8881 0.3251
vn 0.8881 -0.3251 0.3251
vn 0.3251 -0.3251 0.8881
vn 0.3251 0.8881 0.3251
vn 0.3251 0.3251 0.8881
vn 0.8881 0.3251 0.3251
vn 0.3251 -0.8881 -0.3251
vn 0.3251 -0.3251 -0.8881
vn 0.8881 -0.3251 -0.3251
vn 0.3251 0.8881 -0.3251
vn 0.8881 0.3251 -0.3251
vn 0.3251 0.3251 -0.8881
vn -0.3827 -0.9239 -0.0000
vn -0.9239 -0.3827 -0.0000
vn -0.3827 -0.0000 0.9239
vn -0.9239 -0.0000 0.3827
vn -0.3827 0.9239 -0.0000
vn -0.9239 0.3827 -0.0000
vn -0.3827 -0.0000 -0.9239
vn -0.9239 -0.0000 -0.3827
vn -0.0000 -0.9239 -0.3827
vn -0.0000 -0.3827 -0.9239
vn -0.0000 0.9239 -0.3827
vn -0.0000 0.3827 -0.9239
vn 0.9239 -0.0000 -0.3827
vn 0.3827 -0.0000 -0.9239
vn 0.3827 -0.9239 -0.0000
vn 0.9239 -0.3827 -0.0000
vn 0.3827 0.9239 -0.0000
vn 0.9239 0.3827 -0.0000
vn 0.3827 -0.0000 0.9239
vn 0.9239 -0.0000 0.3827
vn -0.0000 -0.9239 0.3827
vn -0.0000 -0.3827 0.9239
vn -0.0000 0.9239 0.3827
vn -0.0000 0.3827 0.9239
vn -0.0000 -1.0000 -0.0000
vn -1.0000 -0.0000 -0.0000
vn -0.0000 -0.0000 1.0000
vn -0.0000 1.0000 -0.0000
vn -0.0000 -0.0000 -1.0000
vn 1.0000 -0.0000 -0.0000
vt 0.127500 0.747500
vt 0.127500 0.750000
vt 0.126057 0.750000
vt 0.125000 0.747500
vt 0.404412 0.997500
vt 0.404412 1.000000
vt 0.387431 1.000000
vt 0.375000 0.997500
vt 0.404412 0.002500
vt 0.375000 0.002500
vt 0.375000 0.001057
vt 0.404412 0.000000
vt 0.595588 0.997500
vt 0.625000 0.997500
vt 0.625000 0.998943
vt 0.595588 1.000000
vt 0.872500 0.747500
vt 0.875000 0.747500
vt 0.875000 0.748943
vt 0.872500 0.750000
vt 0.595588 0.002500
vt 0.595588 0.000000
vt 0.612569 0.000000
vt 0.625000 0.002500
vt 0.127500 0.502500
vt 0.125000 0.502500
vt 0.125000 0.501057
vt 0.127500 0.500000
vt 0.404412 0.247500
vt 0.404412 0.250000
vt 0.381215 0.250528
vt 0.375000 0.247500
vt 0.404412 0.252500
vt 0.375000 0.252500
vt 0.872500 0.502500
vt 0.872500 0.500000
vt 0.873943 0.500000
vt 0.875000 0.502500
vt 0.595588 0.252500
vt 0.595588 0.250000
vt 0.618785 0.249472
vt 0.625000 0.252500
vt 0.595588 0.247500
vt 0.625000 0.247500
vt 0.372500 0.747500
vt 0.375000 0.747500
vt 0.379144 0.750000
vt 0.373750 0.751250
vt 0.404412 0.747500
vt 0.404412 0.750000
vt 0.404412 0.752500
vt 0.627500 0.747500
vt 0.626250 0.751250
vt 0.621209 0.749648
vt 0.625000 0.747500
vt 0.595588 0.752500
vt 0.595588 0.750000
vt 0.595588 0.747500
vt 0.372500 0.502500
vt 0.373750 0.498750
vt 0.378791 0.500352
vt 0.375000 0.502500
vt 0.404412 0.497500
vt 0.404412 0.500000
vt 0.404412 0.502500
vt 0.627500 0.502500
vt 0.625000 0.502500
vt 0.620856 0.500000
vt 0.626250 0.498750
vt 0.595588 0.502500
vt 0.595588 0.500000
vt 0.595588 0.497500
s 0
usemtl DL2_Armor_Indigo
f 3141/3721/2157 3144/3722/2157 3145/3723/2157 3147/3724/2157
f 3142/3725/2158 3146/3726/2158 3145/3727/2158 3144/3728/2158
f 3143/3729/2159 3147/3730/2159 3145/3731/2159 3146/3732/2159
f 3148/3733/2160 3151/3734/2160 3152/3735/2160 3154/3736/2160
f 3149/3737/2161 3153/3738/2161 3152/3739/2161 3151/3740/2161
f 3150/3741/2162 3154/3742/2162 3152/3743/2162 3153/3744/2162
f 3155/3745/2163 3158/3746/2163 3159/3747/2163 3161/3748/2163
f 3156/3749/2164 3160/3750/2164 3159/3751/2164 3158/3752/2164
f 3157/3753/2165 3161/3754/2165 3159/3751/2165 3160/3750/2165
f 3162/3755/2166 3165/3756/2166 3166/3757/2166 3168/3758/2166
f 3163/3759/2167 3167/3760/2167 3166/3761/2167 3165/3762/2167
f 3164/3763/2168 3168/3764/2168 3166/3761/2168 3167/3760/2168
f 3169/3765/2169 3172/3766/2169 3173/3767/2169 3175/3768/2169
f 3170/3769/2170 3174/3770/2170 3173/3767/2170 3172/3766/2170
f 3171/3771/2171 3175/3768/2171 3173/3767/2171 3174/3770/2171
f 3176/3772/2172 3179/3773/2172 3180/3774/2172 3182/3775/2172
f 3177/3776/2173 3181/3777/2173 3180/3774/2173 3179/3773/2173
f 3178/3778/2174 3182/3775/2174 3180/3774/2174 3181/3777/2174
f 3183/3779/2175 3186/3780/2175 3187/3781/2175 3189/3782/2175
f 3184/3783/2176 3188/3784/2176 3187/3781/2176 3186/3780/2176
f 3185/3785/2177 3189/3782/2177 3187/3781/2177 3188/3784/2177
f 3190/3786/2178 3193/3787/2178 3194/3788/2178 3196/3789/2178
f 3191/3790/2179 3195/3791/2179 3194/3788/2179 3193/3787/2179
f 3192/3792/2180 3196/3789/2180 3194/3788/2180 3195/3791/2180
f 3155/3745/2181 3141/3721/2181 3147/3724/2181 3158/3746/2181
f 3158/3752/2182 3147/3730/2182 3143/3729/2182 3156/3749/2182
f 3142/3725/2183 3148/3733/2183 3154/3736/2183 3146/3726/2183
f 3146/3732/2184 3154/3742/2184 3150/3741/2184 3143/3729/2184
f 3149/3737/2185 3162/3755/2185 3168/3758/2185 3153/3738/2185
f 3153/3744/2186 3168/3764/2186 3164/3763/2186 3150/3741/2186
f 3163/3759/2187 3157/3753/2187 3160/3750/2187 3167/3760/2187
f 3167/3760/2188 3160/3750/2188 3156/3749/2188 3164/3763/2188
f 3183/3779/2189 3155/3745/2189 3161/3748/2189 3186/3780/2189
f 3186/3780/2190 3161/3754/2190 3157/3753/2190 3184/3783/2190
f 3162/3755/2191 3190/3786/2191 3196/3789/2191 3165/3756/2191
f 3165/3762/2192 3196/3789/2192 3192/3792/2192 3163/3759/2192
f 3191/3790/2193 3185/3785/2193 3188/3784/2193 3195/3791/2193
f 3195/3791/2194 3188/3784/2194 3184/3783/2194 3192/3792/2194
f 3169/3765/2195 3183/3779/2195 3189/3782/2195 3172/3766/2195
f 3172/3766/2196 3189/3782/2196 3185/3785/2196 3170/3769/2196
f 3190/3786/2197 3176/3772/2197 3182/3775/2197 3193/3787/2197
f 3193/3787/2198 3182/3775/2198 3178/3778/2198 3191/3790/2198
f 3177/3776/2199 3171/3771/2199 3174/3770/2199 3181/3777/2199
f 3181/3777/2200 3174/3770/2200 3170/3769/2200 3178/3778/2200
f 3141/3721/2201 3169/3765/2201 3175/3768/2201 3144/3722/2201
f 3144/3728/2202 3175/3768/2202 3171/3771/2202 3142/3725/2202
f 3176/3772/2203 3149/3737/2203 3151/3740/2203 3179/3773/2203
f 3179/3773/2204 3151/3734/2204 3148/3733/2204 3177/3776/2204
f 3155/3745/2205 3183/3779/2205 3169/3765/2205 3141/3721/2205
f 3143/3729/2206 3150/3741/2206 3164/3763/2206 3156/3749/2206
f 3171/3771/2207 3177/3776/2207 3148/3733/2207 3142/3725/2207
f 3190/3786/2208 3162/3755/2208 3149/3737/2208 3176/3772/2208
f 3157/3753/2209 3163/3759/2209 3192/3792/2209 3184/3783/2209
f 3185/3785/2210 3191/3790/2210 3178/3778/2210 3170/3769/2210
o DL_Core_Crystal_Upper
v 0.000000 7.500000 -1.250000
v 0.000000 12.900000 -0.240000
v 1.082532 7.500000 -0.625000
v 0.207846 12.900000 -0.120000
v 1.082532 7.500000 0.625000
v 0.207846 12.900000 0.120000
v 0.000000 7.500000 1.250000
v 0.000000 12.900000 0.240000
v -1.082532 7.500000 0.625000
v -0.207846 12.900000 0.120000
v -1.082532 7.500000 -0.625000
v -0.207846 12.900000 -0.120000
vn 0.4936 0.1599 -0.8549
vn 0.9871 0.1599 -0.0000
vn 0.4936 0.1599 0.8549
vn -0.4936 0.1599 0.8549
vn -0.0000 1.0000 -0.0000
vn -0.9871 0.1599 -0.0000
vn -0.4936 0.1599 -0.8549
vn -0.0000 -1.0000 -0.0000
vt 1.000000 0.500000
vt 1.000000 1.000000
vt 0.833333 1.000000
vt 0.833333 0.500000
vt 0.666667 1.000000
vt 0.666667 0.500000
vt 0.500000 1.000000
vt 0.500000 0.500000
vt 0.333333 1.000000
vt 0.333333 0.500000
vt 0.457846 0.370000
vt 0.250000 0.490000
vt 0.042154 0.370000
vt 0.042154 0.130000
vt 0.250000 0.010000
vt 0.457846 0.130000
vt 0.166667 1.000000
vt 0.166667 0.500000
vt -0.000000 1.000000
vt -0.000000 0.500000
vt 0.750000 0.490000
vt 0.957846 0.370000
vt 0.957846 0.130000
vt 0.750000 0.010000
vt 0.542154 0.130000
vt 0.542154 0.370000
s 0
usemtl DL2_IceBlue
f 3197/3793/2211 3198/3794/2211 3200/3795/2211 3199/3796/2211
f 3199/3796/2212 3200/3795/2212 3202/3797/2212 3201/3798/2212
f 3201/3798/2213 3202/3797/2213 3204/3799/2213 3203/3800/2213
f 3203/3800/2214 3204/3799/2214 3206/3801/2214 3205/3802/2214
f 3200/3803/2215 3198/3804/2215 3208/3805/2215 3206/3806/2215 3204/3807/2215 3202/3808/2215
f 3205/3802/2216 3206/3801/2216 3208/3809/2216 3207/3810/2216
f 3207/3810/2217 3208/3809/2217 3198/3811/2217 3197/3812/2217
f 3197/3813/2218 3199/3814/2218 3201/3815/2218 3203/3816/2218 3205/3817/2218 3207/3818/2218
o DL_Core_Crystal_Lower
v 0.000000 2.100000 -0.220000
v 0.000000 5.100000 -1.050000
v 0.190526 2.100000 -0.110000
v 0.909327 5.100000 -0.525000
v 0.190526 2.100000 0.110000
v 0.909327 5.100000 0.525000
v 0.000000 2.100000 0.220000
v 0.000000 5.100000 1.050000
v -0.190526 2.100000 0.110000
v -0.909327 5.100000 0.525000
v -0.190526 2.100000 -0.110000
v -0.909327 5.100000 -0.525000
vn 0.4862 -0.2330 -0.8422
vn 0.9725 -0.2330 -0.0000
vn 0.4862 -0.2330 0.8422
vn -0.4862 -0.2330 0.8422
vn -0.0000 1.0000 -0.0000
vn -0.9725 -0.2330 -0.0000
vn -0.4862 -0.2330 -0.8422
vn -0.0000 -1.0000 -0.0000
vt 1.000000 0.500000
vt 1.000000 1.000000
vt 0.833333 1.000000
vt 0.833333 0.500000
vt 0.666667 1.000000
vt 0.666667 0.500000
vt 0.500000 1.000000
vt 0.500000 0.500000
vt 0.333333 1.000000
vt 0.333333 0.500000
vt 0.457846 0.370000
vt 0.250000 0.490000
vt 0.042154 0.370000
vt 0.042154 0.130000
vt 0.250000 0.010000
vt 0.457846 0.130000
vt 0.166667 1.000000
vt 0.166667 0.500000
vt -0.000000 1.000000
vt -0.000000 0.500000
vt 0.750000 0.490000
vt 0.957846 0.370000
vt 0.957846 0.130000
vt 0.750000 0.010000
vt 0.542154 0.130000
vt 0.542154 0.370000
s 0
usemtl DL2_IceBlue
f 3209/3819/2219 3210/3820/2219 3212/3821/2219 3211/3822/2219
f 3211/3822/2220 3212/3821/2220 3214/3823/2220 3213/3824/2220
f 3213/3824/2221 3214/3823/2221 3216/3825/2221 3215/3826/2221
f 3215/3826/2222 3216/3825/2222 3218/3827/2222 3217/3828/2222
f 3212/3829/2223 3210/3830/2223 3220/3831/2223 3218/3832/2223 3216/3833/2223 3214/3834/2223
f 3217/3828/2224 3218/3827/2224 3220/3835/2224 3219/3836/2224
f 3219/3836/2225 3220/3835/2225 3210/3837/2225 3209/3838/2225
f 3209/3839/2226 3211/3840/2226 3213/3841/2226 3215/3842/2226 3217/3843/2226 3219/3844/2226
o DL_Port_Wing_FlowArmor_0
v -25.640652 1.850000 -16.871019
v -25.637413 1.875000 -16.846230
v -25.665442 1.875000 -16.867779
v -25.638363 1.857322 -16.853491
v -25.653095 1.860566 -16.854836
v -25.655890 1.875000 -16.851198
v -25.658180 1.857322 -16.868727
v -25.637413 1.945000 -16.846230
v -25.640652 1.970000 -16.871019
v -25.665442 1.945000 -16.867779
v -25.638363 1.962678 -16.853491
v -25.653095 1.959434 -16.854836
v -25.658180 1.962678 -16.868727
v -25.655890 1.945000 -16.851198
v -25.727509 1.850000 -17.535366
v -25.752296 1.875000 -17.532125
v -25.730747 1.875000 -17.560154
v -25.745037 1.857322 -17.533073
v -25.743690 1.860566 -17.547806
v -25.747328 1.875000 -17.550602
v -25.729801 1.857322 -17.552895
v -25.727509 1.970000 -17.535366
v -25.730747 1.945000 -17.560154
v -25.752296 1.945000 -17.532125
v -25.729801 1.962678 -17.552895
v -25.743690 1.959434 -17.547806
v -25.747328 1.945000 -17.550602
v -25.745037 1.962678 -17.533073
v -4.272492 1.850000 -19.664635
v -4.247704 1.875000 -19.667875
v -4.269252 1.875000 -19.639847
v -4.254964 1.857322 -19.666927
v -4.256309 1.860566 -19.652195
v -4.252672 1.875000 -19.649399
v -4.270200 1.857322 -19.647106
v -4.272492 1.970000 -19.664635
v -4.269252 1.945000 -19.639847
v -4.247704 1.945000 -19.667875
v -4.270200 1.962678 -19.647106
v -4.256309 1.959434 -19.652195
v -4.252672 1.945000 -19.649399
v -4.254964 1.962678 -19.666927
v -4.359347 1.850000 -20.328981
v -4.362588 1.875000 -20.353771
v -4.334558 1.875000 -20.332222
v -4.361638 1.857322 -20.346510
v -4.346906 1.860566 -20.345165
v -4.344110 1.875000 -20.348803
v -4.341819 1.857322 -20.331274
v -4.359347 1.970000 -20.328981
v -4.334558 1.945000 -20.332222
v -4.362588 1.945000 -20.353771
v -4.341819 1.962678 -20.331274
v -4.346906 1.959434 -20.345165
v -4.344110 1.945000 -20.348803
v -4.361638 1.962678 -20.346510
vn -0.2802 -0.8881 0.3645
vn -0.2072 -0.3250 0.9227
vn -0.8385 -0.3250 0.4374
vn -0.2072 0.3250 0.9227
vn -0.2802 0.8881 0.3645
vn -0.8385 0.3250 0.4374
vn -0.3644 -0.8881 -0.2802
vn -0.9227 -0.3250 -0.2071
vn -0.4374 -0.3250 -0.8385
vn -0.3644 0.8881 -0.2802
vn -0.4374 0.3250 -0.8385
vn -0.9227 0.3250 -0.2071
vn 0.3644 -0.8881 0.2802
vn 0.9227 -0.3250 0.2071
vn 0.4374 -0.3250 0.8385
vn 0.3644 0.8881 0.2802
vn 0.4374 0.3250 0.8385
vn 0.9227 0.3250 0.2071
vn 0.2802 -0.8881 -0.3645
vn 0.2072 -0.3250 -0.9227
vn 0.8385 -0.3250 -0.4374
vn 0.2802 0.8881 -0.3645
vn 0.8385 0.3250 -0.4374
vn 0.2072 0.3250 -0.9227
vn -0.3794 -0.9239 0.0496
vn -0.9161 -0.3826 0.1198
vn -0.2597 -0.0000 0.9657
vn -0.8665 -0.0000 0.4992
vn -0.3794 0.9239 0.0496
vn -0.9161 0.3826 0.1198
vn -0.4992 -0.0000 -0.8665
vn -0.9657 -0.0000 -0.2596
vn -0.0496 -0.9239 -0.3795
vn -0.1198 -0.3827 -0.9161
vn -0.0496 0.9239 -0.3795
vn -0.1198 0.3827 -0.9161
vn 0.8665 -0.0000 -0.4992
vn 0.2597 -0.0000 -0.9657
vn 0.3794 -0.9239 -0.0496
vn 0.9161 -0.3826 -0.1198
vn 0.3794 0.9239 -0.0496
vn 0.9161 0.3826 -0.1198
vn 0.4992 -0.0000 0.8665
vn 0.9657 -0.0000 0.2596
vn 0.0496 -0.9239 0.3795
vn 0.1198 -0.3827 0.9161
vn 0.0496 0.9239 0.3795
vn 0.1198 0.3827 0.9161
vn -0.0000 -1.0000 -0.0000
vn -0.9916 -0.0000 0.1296
vn 0.1296 -0.0000 0.9916
vn -0.0000 1.0000 -0.0000
vn -0.1296 -0.0000 -0.9916
vn 0.9916 -0.0000 -0.1296
vt 0.125289 0.741319
vt 0.125289 0.750000
vt 0.125122 0.750000
vt 0.125000 0.741319
vt 0.427083 0.999711
vt 0.427083 1.000000
vt 0.397013 1.000000
vt 0.375000 0.999711
vt 0.427083 0.008681
vt 0.375000 0.008681
vt 0.375000 0.003669
vt 0.427083 0.000000
vt 0.572917 0.999711
vt 0.625000 0.999711
vt 0.625000 0.999878
vt 0.572917 1.000000
vt 0.874711 0.741319
vt 0.875000 0.741319
vt 0.875000 0.746331
vt 0.874711 0.750000
vt 0.572917 0.008681
vt 0.572917 0.000000
vt 0.602987 0.000000
vt 0.625000 0.008681
vt 0.125289 0.508681
vt 0.125000 0.508681
vt 0.125000 0.503669
vt 0.125289 0.500000
vt 0.427083 0.241319
vt 0.427083 0.250000
vt 0.386007 0.250061
vt 0.375000 0.241319
vt 0.427083 0.250289
vt 0.375000 0.250289
vt 0.874711 0.508681
vt 0.874711 0.500000
vt 0.874878 0.500000
vt 0.875000 0.508681
vt 0.572917 0.250289
vt 0.572917 0.250000
vt 0.613994 0.248166
vt 0.625000 0.250289
vt 0.572917 0.241319
vt 0.625000 0.241319
vt 0.374711 0.741319
vt 0.375000 0.741319
vt 0.382338 0.748818
vt 0.374855 0.750145
vt 0.427083 0.741319
vt 0.427083 0.750000
vt 0.427083 0.750289
vt 0.625289 0.741319
vt 0.625145 0.750145
vt 0.617703 0.748777
vt 0.625000 0.741320
vt 0.572917 0.750289
vt 0.572917 0.750000
vt 0.572917 0.741319
vt 0.374711 0.508681
vt 0.374855 0.499855
vt 0.382297 0.501223
vt 0.375000 0.508681
vt 0.427083 0.499711
vt 0.427083 0.500000
vt 0.427083 0.508681
vt 0.625289 0.508681
vt 0.625000 0.508681
vt 0.617662 0.501182
vt 0.625145 0.499855
vt 0.572917 0.508681
vt 0.572917 0.500000
vt 0.572917 0.499711
s 0
usemtl DL2_Hull_Silver
f 3221/3845/2227 3224/3846/2227 3225/3847/2227 3227/3848/2227
f 3222/3849/2228 3226/3850/2228 3225/3851/2228 3224/3852/2228
f 3223/3853/2229 3227/3854/2229 3225/3855/2229 3226/3856/2229
f 3228/3857/2230 3231/3858/2230 3232/3859/2230 3234/3860/2230
f 3229/3861/2231 3233/3862/2231 3232/3863/2231 3231/3864/2231
f 3230/3865/2232 3234/3866/2232 3232/3867/2232 3233/3868/2232
f 3235/3869/2233 3238/3870/2233 3239/3871/2233 3241/3872/2233
f 3236/3873/2234 3240/3874/2234 3239/3875/2234 3238/3876/2234
f 3237/3877/2235 3241/3878/2235 3239/3875/2235 3240/3874/2235
f 3242/3879/2236 3245/3880/2236 3246/3881/2236 3248/3882/2236
f 3243/3883/2237 3247/3884/2237 3246/3885/2237 3245/3886/2237
f 3244/3887/2238 3248/3888/2238 3246/3885/2238 3247/3884/2238
f 3249/3889/2239 3252/3890/2239 3253/3891/2239 3255/3892/2239
f 3250/3893/2240 3254/3894/2240 3253/3891/2240 3252/3890/2240
f 3251/3895/2241 3255/3892/2241 3253/3891/2241 3254/3894/2241
f 3256/3896/2242 3259/3897/2242 3260/3898/2242 3262/3899/2242
f 3257/3900/2243 3261/3901/2243 3260/3898/2243 3259/3897/2243
f 3258/3902/2244 3262/3899/2244 3260/3898/2244 3261/3901/2244
f 3263/3903/2245 3266/3904/2245 3267/3905/2245 3269/3906/2245
f 3264/3907/2246 3268/3908/2246 3267/3905/2246 3266/3904/2246
f 3265/3909/2247 3269/3906/2247 3267/3905/2247 3268/3908/2247
f 3270/3910/2248 3273/3911/2248 3274/3912/2248 3276/3913/2248
f 3271/3914/2249 3275/3915/2249 3274/3912/2249 3273/3911/2249
f 3272/3916/2250 3276/3913/2250 3274/3912/2250 3275/3915/2250
f 3235/3869/2251 3221/3845/2251 3227/3848/2251 3238/3870/2251
f 3238/3876/2252 3227/3854/2252 3223/3853/2252 3236/3873/2252
f 3222/3849/2253 3228/3857/2253 3234/3860/2253 3226/3850/2253
f 3226/3856/2254 3234/3866/2254 3230/3865/2254 3223/3853/2254
f 3229/3861/2255 3242/3879/2255 3248/3882/2255 3233/3862/2255
f 3233/3868/2256 3248/3888/2256 3244/3887/2256 3230/3865/2256
f 3243/3883/2257 3237/3877/2257 3240/3874/2257 3247/3884/2257
f 3247/3884/2258 3240/3874/2258 3236/3873/2258 3244/3887/2258
f 3263/3903/2259 3235/3869/2259 3241/3872/2259 3266/3904/2259
f 3266/3904/2260 3241/3878/2260 3237/3877/2260 3264/3907/2260
f 3242/3879/2261 3270/3910/2261 3276/3913/2261 3245/3880/2261
f 3245/3886/2262 3276/3913/2262 3272/3916/2262 3243/3883/2262
f 3271/3914/2263 3265/3909/2263 3268/3908/2263 3275/3915/2263
f 3275/3915/2264 3268/3908/2264 3264/3907/2264 3272/3916/2264
f 3249/3889/2265 3263/3903/2265 3269/3906/2265 3252/3890/2265
f 3252/3890/2266 3269/3906/2266 3265/3909/2266 3250/3893/2266
f 3270/3910/2267 3256/3896/2267 3262/3899/2267 3273/3911/2267
f 3273/3911/2268 3262/3899/2268 3258/3902/2268 3271/3914/2268
f 3257/3900/2269 3251/3895/2269 3254/3894/2269 3261/3901/2269
f 3261/3901/2270 3254/3894/2270 3250/3893/2270 3258/3902/2270
f 3221/3845/2271 3249/3889/2271 3255/3892/2271 3224/3846/2271
f 3224/3852/2272 3255/3892/2272 3251/3895/2272 3222/3849/2272
f 3256/3896/2273 3229/3861/2273 3231/3864/2273 3259/3897/2273
f 3259/3897/2274 3231/3858/2274 3228/3857/2274 3257/3900/2274
f 3235/3869/2275 3263/3903/2275 3249/3889/2275 3221/3845/2275
f 3223/3853/2276 3230/3865/2276 3244/3887/2276 3236/3873/2276
f 3251/3895/2277 3257/3900/2277 3228/3857/2277 3222/3849/2277
f 3270/3910/2278 3242/3879/2278 3229/3861/2278 3256/3896/2278
f 3237/3877/2279 3243/3883/2279 3272/3916/2279 3264/3907/2279
f 3265/3909/2280 3271/3914/2280 3258/3902/2280 3250/3893/2280
o DL_Port_Wing_FlowArmor_1
v -2.792504 1.850000 -24.609138
v -2.796980 1.875000 -24.584543
v -2.817101 1.875000 -24.613615
v -2.795670 1.857322 -24.591747
v -2.809290 1.860566 -24.597523
v -2.813062 1.875000 -24.594912
v -2.809896 1.857322 -24.612303
v -2.796980 1.945000 -24.584543
v -2.792504 1.970000 -24.609138
v -2.817101 1.945000 -24.613615
v -2.795670 1.962678 -24.591747
v -2.809290 1.959434 -24.597523
v -2.809896 1.962678 -24.612303
v -2.813062 1.945000 -24.594912
v -2.686877 1.850000 -25.189606
v -2.711473 1.875000 -25.194082
v -2.682402 1.875000 -25.214203
v -2.704269 1.857322 -25.192772
v -2.698494 1.860566 -25.206390
v -2.701104 1.875000 -25.210163
v -2.683712 1.857322 -25.206999
v -2.686877 1.970000 -25.189606
v -2.682402 1.945000 -25.214203
v -2.711473 1.945000 -25.194082
v -2.683712 1.962678 -25.206999
v -2.698494 1.959434 -25.206390
v -2.701104 1.945000 -25.210163
v -2.704269 1.962678 -25.192772
v 13.686877 1.850000 -21.610394
v 13.711473 1.875000 -21.605917
v 13.682402 1.875000 -21.585796
v 13.704269 1.857322 -21.607227
v 13.698494 1.860566 -21.593609
v 13.701104 1.875000 -21.589836
v 13.683712 1.857322 -21.593000
v 13.686877 1.970000 -21.610394
v 13.682402 1.945000 -21.585796
v 13.711473 1.945000 -21.605917
v 13.683712 1.962678 -21.593000
v 13.698494 1.959434 -21.593609
v 13.701104 1.945000 -21.589836
v 13.704269 1.962678 -21.607227
v 13.792504 1.850000 -22.190861
v 13.796980 1.875000 -22.215456
v 13.817101 1.875000 -22.186384
v 13.795670 1.857322 -22.208252
v 13.809290 1.860566 -22.202477
v 13.813062 1.875000 -22.205088
v 13.809896 1.857322 -22.187696
v 13.792504 1.970000 -22.190861
v 13.817101 1.945000 -22.186384
v 13.796980 1.945000 -22.215456
v 13.809896 1.962678 -22.187696
v 13.809290 1.959434 -22.202477
v 13.813062 1.945000 -22.205088
v 13.795670 1.962678 -22.208252
vn -0.3780 -0.8881 0.2616
vn -0.4788 -0.3250 0.8155
vn -0.9319 -0.3250 0.1608
vn -0.4788 0.3250 0.8155
vn -0.3780 0.8881 0.2616
vn -0.9319 0.3250 0.1608
vn -0.2616 -0.8881 -0.3780
vn -0.8155 -0.3250 -0.4788
vn -0.1608 -0.3250 -0.9319
vn -0.2616 0.8881 -0.3780
vn -0.1608 0.3250 -0.9319
vn -0.8155 0.3250 -0.4788
vn 0.2616 -0.8881 0.3780
vn 0.8155 -0.3250 0.4788
vn 0.1608 -0.3250 0.9319
vn 0.2616 0.8881 0.3780
vn 0.1608 0.3250 0.9319
vn 0.8155 0.3250 0.4788
vn 0.3780 -0.8881 -0.2616
vn 0.4788 -0.3250 -0.8155
vn 0.9319 -0.3250 -0.1608
vn 0.3780 0.8881 -0.2616
vn 0.9319 0.3250 -0.1608
vn 0.4788 0.3250 -0.8155
vn -0.3765 -0.9239 -0.0685
vn -0.9090 -0.3827 -0.1654
vn -0.5419 -0.0000 0.8404
vn -0.9775 -0.0000 0.2111
vn -0.3765 0.9239 -0.0685
vn -0.9090 0.3827 -0.1654
vn -0.2111 -0.0000 -0.9775
vn -0.8404 -0.0000 -0.5419
vn 0.0685 -0.9239 -0.3765
vn 0.1654 -0.3827 -0.9090
vn 0.0685 0.9239 -0.3765
vn 0.1654 0.3827 -0.9090
vn 0.9775 -0.0000 -0.2111
vn 0.5419 -0.0000 -0.8404
vn 0.3765 -0.9239 0.0685
vn 0.9090 -0.3827 0.1654
vn 0.3765 0.9239 0.0685
vn 0.9090 0.3827 0.1654
vn 0.2111 -0.0000 0.9775
vn 0.8404 -0.0000 0.5419
vn -0.0685 -0.9239 0.3765
vn -0.1654 -0.3827 0.9090
vn -0.0685 0.9239 0.3765
vn -0.1654 0.3827 0.9090
vn -0.0000 -1.0000 -0.0000
vn -0.9838 -0.0000 -0.1790
vn -0.1790 -0.0000 0.9838
vn -0.0000 1.0000 -0.0000
vn 0.1790 -0.0000 -0.9838
vn 0.9838 -0.0000 0.1790
vt 0.125372 0.740234
vt 0.125372 0.750000
vt 0.125157 0.750000
vt 0.125000 0.740234
vt 0.427083 0.999628
vt 0.427083 1.000000
vt 0.397013 1.000000
vt 0.375000 0.999628
vt 0.427083 0.009766
vt 0.375000 0.009766
vt 0.375000 0.004127
vt 0.427083 0.000000
vt 0.572917 0.999628
vt 0.625000 0.999628
vt 0.625000 0.999843
vt 0.572917 1.000000
vt 0.874628 0.740234
vt 0.875000 0.740234
vt 0.875000 0.745873
vt 0.874628 0.750000
vt 0.572917 0.009766
vt 0.572917 0.000000
vt 0.602987 0.000000
vt 0.625000 0.009766
vt 0.125372 0.509766
vt 0.125000 0.509766
vt 0.125000 0.504127
vt 0.125372 0.500000
vt 0.427083 0.240234
vt 0.427083 0.250000
vt 0.386007 0.250079
vt 0.375000 0.240234
vt 0.427083 0.250372
vt 0.375000 0.250372
vt 0.874628 0.509766
vt 0.874628 0.500000
vt 0.874843 0.500000
vt 0.875000 0.509766
vt 0.572917 0.250372
vt 0.572917 0.250000
vt 0.613994 0.247936
vt 0.625000 0.250372
vt 0.572917 0.240234
vt 0.625000 0.240234
vt 0.374628 0.740234
vt 0.375000 0.740234
vt 0.382338 0.748677
vt 0.374814 0.750186
vt 0.427083 0.740234
vt 0.427083 0.750000
vt 0.427083 0.750372
vt 0.625372 0.740234
vt 0.625186 0.750186
vt 0.617715 0.748624
vt 0.625000 0.740234
vt 0.572917 0.750372
vt 0.572917 0.750000
vt 0.572917 0.740234
vt 0.374628 0.509766
vt 0.374814 0.499814
vt 0.382285 0.501376
vt 0.375000 0.509766
vt 0.427083 0.499628
vt 0.427083 0.500000
vt 0.427083 0.509766
vt 0.625372 0.509766
vt 0.625000 0.509766
vt 0.617662 0.501323
vt 0.625186 0.499814
vt 0.572917 0.509766
vt 0.572917 0.500000
vt 0.572917 0.499628
s 0
usemtl DL2_Hull_Silver
f 3277/3917/2281 3280/3918/2281 3281/3919/2281 3283/3920/2281
f 3278/3921/2282 3282/3922/2282 3281/3923/2282 3280/3924/2282
f 3279/3925/2283 3283/3926/2283 3281/3927/2283 3282/3928/2283
f 3284/3929/2284 3287/3930/2284 3288/3931/2284 3290/3932/2284
f 3285/3933/2285 3289/3934/2285 3288/3935/2285 3287/3936/2285
f 3286/3937/2286 3290/3938/2286 3288/3939/2286 3289/3940/2286
f 3291/3941/2287 3294/3942/2287 3295/3943/2287 3297/3944/2287
f 3292/3945/2288 3296/3946/2288 3295/3947/2288 3294/3948/2288
f 3293/3949/2289 3297/3950/2289 3295/3947/2289 3296/3946/2289
f 3298/3951/2290 3301/3952/2290 3302/3953/2290 3304/3954/2290
f 3299/3955/2291 3303/3956/2291 3302/3957/2291 3301/3958/2291
f 3300/3959/2292 3304/3960/2292 3302/3957/2292 3303/3956/2292
f 3305/3961/2293 3308/3962/2293 3309/3963/2293 3311/3964/2293
f 3306/3965/2294 3310/3966/2294 3309/3963/2294 3308/3962/2294
f 3307/3967/2295 3311/3964/2295 3309/3963/2295 3310/3966/2295
f 3312/3968/2296 3315/3969/2296 3316/3970/2296 3318/3971/2296
f 3313/3972/2297 3317/3973/2297 3316/3970/2297 3315/3969/2297
f 3314/3974/2298 3318/3971/2298 3316/3970/2298 3317/3973/2298
f 3319/3975/2299 3322/3976/2299 3323/3977/2299 3325/3978/2299
f 3320/3979/2300 3324/3980/2300 3323/3977/2300 3322/3976/2300
f 3321/3981/2301 3325/3978/2301 3323/3977/2301 3324/3980/2301
f 3326/3982/2302 3329/3983/2302 3330/3984/2302 3332/3985/2302
f 3327/3986/2303 3331/3987/2303 3330/3984/2303 3329/3983/2303
f 3328/3988/2304 3332/3985/2304 3330/3984/2304 3331/3987/2304
f 3291/3941/2305 3277/3917/2305 3283/3920/2305 3294/3942/2305
f 3294/3948/2306 3283/3926/2306 3279/3925/2306 3292/3945/2306
f 3278/3921/2307 3284/3929/2307 3290/3932/2307 3282/3922/2307
f 3282/3928/2308 3290/3938/2308 3286/3937/2308 3279/3925/2308
f 3285/3933/2309 3298/3951/2309 3304/3954/2309 3289/3934/2309
f 3289/3940/2310 3304/3960/2310 3300/3959/2310 3286/3937/2310
f 3299/3955/2311 3293/3949/2311 3296/3946/2311 3303/3956/2311
f 3303/3956/2312 3296/3946/2312 3292/3945/2312 3300/3959/2312
f 3319/3975/2313 3291/3941/2313 3297/3944/2313 3322/3976/2313
f 3322/3976/2314 3297/3950/2314 3293/3949/2314 3320/3979/2314
f 3298/3951/2315 3326/3982/2315 3332/3985/2315 3301/3952/2315
f 3301/3958/2316 3332/3985/2316 3328/3988/2316 3299/3955/2316
f 3327/3986/2317 3321/3981/2317 3324/3980/2317 3331/3987/2317
f 3331/3987/2318 3324/3980/2318 3320/3979/2318 3328/3988/2318
f 3305/3961/2319 3319/3975/2319 3325/3978/2319 3308/3962/2319
f 3308/3962/2320 3325/3978/2320 3321/3981/2320 3306/3965/2320
f 3326/3982/2321 3312/3968/2321 3318/3971/2321 3329/3983/2321
f 3329/3983/2322 3318/3971/2322 3314/3974/2322 3327/3986/2322
f 3313/3972/2323 3307/3967/2323 3310/3966/2323 3317/3973/2323
f 3317/3973/2324 3310/3966/2324 3306/3965/2324 3314/3974/2324
f 3277/3917/2325 3305/3961/2325 3311/3964/2325 3280/3918/2325
f 3280/3924/2326 3311/3964/2326 3307/3967/2326 3278/3921/2326
f 3312/3968/2327 3285/3933/2327 3287/3936/2327 3315/3969/2327
f 3315/3969/2328 3287/3930/2328 3284/3929/2328 3313/3972/2328
f 3291/3941/2329 3319/3975/2329 3305/3961/2329 3277/3917/2329
f 3279/3925/2330 3286/3937/2330 3300/3959/2330 3292/3945/2330
f 3307/3967/2331 3313/3972/2331 3284/3929/2331 3278/3921/2331
f 3326/3982/2332 3298/3951/2332 3285/3933/2332 3312/3968/2332
f 3293/3949/2333 3299/3955/2333 3328/3988/2333 3320/3979/2333
f 3321/3981/2334 3327/3986/2334 3314/3974/2334 3306/3965/2334
o DL_Port_Wing_FlowMark_0
v -16.762287 2.025000 -11.954170
v -16.761089 2.037000 -11.942230
v -16.774227 2.037000 -11.952972
v -16.761440 2.028515 -11.945727
v -16.768488 2.030072 -11.946585
v -16.769882 2.037000 -11.944880
v -16.770729 2.028515 -11.953323
v -16.761089 2.083000 -11.942230
v -16.762287 2.095000 -11.954170
v -16.774227 2.083000 -11.952972
v -16.761440 2.091485 -11.945727
v -16.768488 2.089928 -11.946585
v -16.770729 2.091485 -11.953323
v -16.769882 2.083000 -11.944880
v -16.775864 2.025000 -12.089491
v -16.787804 2.037000 -12.088293
v -16.777061 2.037000 -12.101431
v -16.784307 2.028515 -12.088644
v -16.783449 2.030072 -12.095693
v -16.785154 2.037000 -12.097087
v -16.776711 2.028515 -12.097934
v -16.775864 2.095000 -12.089491
v -16.777061 2.083000 -12.101431
v -16.787804 2.083000 -12.088293
v -16.776711 2.091485 -12.097934
v -16.783449 2.089928 -12.095693
v -16.785154 2.083000 -12.097087
v -16.784307 2.091485 -12.088644
v -9.224135 2.025000 -12.710508
v -9.212195 2.037000 -12.711706
v -9.222938 2.037000 -12.698568
v -9.215693 2.028515 -12.711355
v -9.216551 2.030072 -12.704307
v -9.214846 2.037000 -12.702912
v -9.223289 2.028515 -12.702065
v -9.224135 2.095000 -12.710508
v -9.222938 2.083000 -12.698568
v -9.212195 2.083000 -12.711706
v -9.223289 2.091485 -12.702065
v -9.216551 2.089928 -12.704307
v -9.214846 2.083000 -12.702912
v -9.215693 2.091485 -12.711355
v -9.237713 2.025000 -12.845829
v -9.238911 2.037000 -12.857769
v -9.225773 2.037000 -12.847027
v -9.238561 2.028515 -12.854272
v -9.231511 2.030072 -12.853415
v -9.230118 2.037000 -12.855119
v -9.229271 2.028515 -12.846676
v -9.237713 2.095000 -12.845829
v -9.225773 2.083000 -12.847027
v -9.238911 2.083000 -12.857769
v -9.229271 2.091485 -12.846676
v -9.231511 2.089928 -12.853415
v -9.230118 2.083000 -12.855119
v -9.238561 2.091485 -12.854272
vn -0.2910 -0.8881 0.3559
vn -0.2348 -0.3251 0.9161
vn -0.8512 -0.3251 0.4121
vn -0.2348 0.3251 0.9161
vn -0.2910 0.8881 0.3559
vn -0.8512 0.3251 0.4121
vn -0.3559 -0.8881 -0.2910
vn -0.9161 -0.3251 -0.2348
vn -0.4121 -0.3251 -0.8512
vn -0.3559 0.8881 -0.2910
vn -0.4121 0.3251 -0.8512
vn -0.9161 0.3251 -0.2348
vn 0.3559 -0.8881 0.2910
vn 0.9161 -0.3251 0.2348
vn 0.4121 -0.3251 0.8512
vn 0.3559 0.8881 0.2910
vn 0.4121 0.3251 0.8512
vn 0.9161 0.3251 0.2348
vn 0.2910 -0.8881 -0.3559
vn 0.2348 -0.3251 -0.9161
vn 0.8512 -0.3251 -0.4121
vn 0.2910 0.8881 -0.3559
vn 0.8512 0.3251 -0.4121
vn 0.2348 0.3251 -0.9161
vn -0.3808 -0.9239 0.0382
vn -0.9193 -0.3827 0.0922
vn -0.2885 -0.0000 0.9575
vn -0.8811 -0.0000 0.4730
vn -0.3808 0.9239 0.0382
vn -0.9193 0.3827 0.0922
vn -0.4730 -0.0000 -0.8811
vn -0.9575 -0.0000 -0.2885
vn -0.0382 -0.9239 -0.3808
vn -0.0922 -0.3827 -0.9193
vn -0.0382 0.9239 -0.3808
vn -0.0922 0.3827 -0.9193
vn 0.8811 -0.0000 -0.4730
vn 0.2885 -0.0000 -0.9575
vn 0.3808 -0.9239 -0.0382
vn 0.9193 -0.3827 -0.0922
vn 0.3808 0.9239 -0.0382
vn 0.9193 0.3827 -0.0922
vn 0.4730 -0.0000 0.8811
vn 0.9575 -0.0000 0.2885
vn 0.0382 -0.9239 0.3808
vn 0.0922 -0.3827 0.9193
vn 0.0382 0.9239 0.3808
vn 0.0922 0.3827 0.9193
vn -0.0000 -1.0000 -0.0000
vn -0.9950 -0.0000 0.0998
vn 0.0998 -0.0000 0.9950
vn -0.0000 1.0000 -0.0000
vn -0.0998 -0.0000 -0.9950
vn 0.9950 -0.0000 -0.0998
vt 0.125395 0.731250
vt 0.125395 0.750000
vt 0.125167 0.750000
vt 0.125000 0.731250
vt 0.417857 0.999605
vt 0.417857 1.000000
vt 0.393114 1.000000
vt 0.375000 0.999605
vt 0.417857 0.018750
vt 0.375000 0.018750
vt 0.375000 0.007925
vt 0.417857 0.000000
vt 0.582143 0.999605
vt 0.625000 0.999605
vt 0.625000 0.999833
vt 0.582143 1.000000
vt 0.874605 0.731250
vt 0.875000 0.731250
vt 0.875000 0.742075
vt 0.874605 0.750000
vt 0.582143 0.018750
vt 0.582143 0.000000
vt 0.606886 0.000000
vt 0.625000 0.018750
vt 0.125395 0.518750
vt 0.125000 0.518750
vt 0.125000 0.507925
vt 0.125395 0.500000
vt 0.417857 0.231250
vt 0.417857 0.250000
vt 0.384057 0.250083
vt 0.375000 0.231250
vt 0.417857 0.250395
vt 0.375000 0.250395
vt 0.874605 0.518750
vt 0.874605 0.500000
vt 0.874833 0.500000
vt 0.875000 0.518750
vt 0.582143 0.250395
vt 0.582143 0.250000
vt 0.615943 0.246038
vt 0.625000 0.250395
vt 0.582143 0.231250
vt 0.625000 0.231250
vt 0.374605 0.731250
vt 0.375000 0.731250
vt 0.381038 0.747414
vt 0.374803 0.750197
vt 0.417857 0.731250
vt 0.417857 0.750000
vt 0.417857 0.750395
vt 0.625395 0.731250
vt 0.625197 0.750197
vt 0.619018 0.747359
vt 0.625000 0.731250
vt 0.582143 0.750395
vt 0.582143 0.750000
vt 0.582143 0.731250
vt 0.374605 0.518750
vt 0.374803 0.499803
vt 0.380982 0.502642
vt 0.375000 0.518750
vt 0.417857 0.499605
vt 0.417857 0.500000
vt 0.417857 0.518750
vt 0.625395 0.518750
vt 0.625000 0.518750
vt 0.618962 0.502586
vt 0.625197 0.499803
vt 0.582143 0.518750
vt 0.582143 0.500000
vt 0.582143 0.499605
s 0
usemtl DL2_IceBlue
f 3333/3989/2335 3336/3990/2335 3337/3991/2335 3339/3992/2335
f 3334/3993/2336 3338/3994/2336 3337/3995/2336 3336/3996/2336
f 3335/3997/2337 3339/3998/2337 3337/3999/2337 3338/4000/2337
f 3340/4001/2338 3343/4002/2338 3344/4003/2338 3346/4004/2338
f 3341/4005/2339 3345/4006/2339 3344/4007/2339 3343/4008/2339
f 3342/4009/2340 3346/4010/2340 3344/4011/2340 3345/4012/2340
f 3347/4013/2341 3350/4014/2341 3351/4015/2341 3353/4016/2341
f 3348/4017/2342 3352/4018/2342 3351/4019/2342 3350/4020/2342
f 3349/4021/2343 3353/4022/2343 3351/4019/2343 3352/4018/2343
f 3354/4023/2344 3357/4024/2344 3358/4025/2344 3360/4026/2344
f 3355/4027/2345 3359/4028/2345 3358/4029/2345 3357/4030/2345
f 3356/4031/2346 3360/4032/2346 3358/4029/2346 3359/4028/2346
f 3361/4033/2347 3364/4034/2347 3365/4035/2347 3367/4036/2347
f 3362/4037/2348 3366/4038/2348 3365/4035/2348 3364/4034/2348
f 3363/4039/2349 3367/4036/2349 3365/4035/2349 3366/4038/2349
f 3368/4040/2350 3371/4041/2350 3372/4042/2350 3374/4043/2350
f 3369/4044/2351 3373/4045/2351 3372/4042/2351 3371/4041/2351
f 3370/4046/2352 3374/4043/2352 3372/4042/2352 3373/4045/2352
f 3375/4047/2353 3378/4048/2353 3379/4049/2353 3381/4050/2353
f 3376/4051/2354 3380/4052/2354 3379/4049/2354 3378/4048/2354
f 3377/4053/2355 3381/4050/2355 3379/4049/2355 3380/4052/2355
f 3382/4054/2356 3385/4055/2356 3386/4056/2356 3388/4057/2356
f 3383/4058/2357 3387/4059/2357 3386/4056/2357 3385/4055/2357
f 3384/4060/2358 3388/4057/2358 3386/4056/2358 3387/4059/2358
f 3347/4013/2359 3333/3989/2359 3339/3992/2359 3350/4014/2359
f 3350/4020/2360 3339/3998/2360 3335/3997/2360 3348/4017/2360
f 3334/3993/2361 3340/4001/2361 3346/4004/2361 3338/3994/2361
f 3338/4000/2362 3346/4010/2362 3342/4009/2362 3335/3997/2362
f 3341/4005/2363 3354/4023/2363 3360/4026/2363 3345/4006/2363
f 3345/4012/2364 3360/4032/2364 3356/4031/2364 3342/4009/2364
f 3355/4027/2365 3349/4021/2365 3352/4018/2365 3359/4028/2365
f 3359/4028/2366 3352/4018/2366 3348/4017/2366 3356/4031/2366
f 3375/4047/2367 3347/4013/2367 3353/4016/2367 3378/4048/2367
f 3378/4048/2368 3353/4022/2368 3349/4021/2368 3376/4051/2368
f 3354/4023/2369 3382/4054/2369 3388/4057/2369 3357/4024/2369
f 3357/4030/2370 3388/4057/2370 3384/4060/2370 3355/4027/2370
f 3383/4058/2371 3377/4053/2371 3380/4052/2371 3387/4059/2371
f 3387/4059/2372 3380/4052/2372 3376/4051/2372 3384/4060/2372
f 3361/4033/2373 3375/4047/2373 3381/4050/2373 3364/4034/2373
f 3364/4034/2374 3381/4050/2374 3377/4053/2374 3362/4037/2374
f 3382/4054/2375 3368/4040/2375 3374/4043/2375 3385/4055/2375
f 3385/4055/2376 3374/4043/2376 3370/4046/2376 3383/4058/2376
f 3369/4044/2377 3363/4039/2377 3366/4038/2377 3373/4045/2377
f 3373/4045/2378 3366/4038/2378 3362/4037/2378 3370/4046/2378
f 3333/3989/2379 3361/4033/2379 3367/4036/2379 3336/3990/2379
f 3336/3996/2380 3367/4036/2380 3363/4039/2380 3334/3993/2380
f 3368/4040/2381 3341/4005/2381 3343/4008/2381 3371/4041/2381
f 3371/4041/2382 3343/4002/2382 3340/4001/2382 3369/4044/2382
f 3347/4013/2383 3375/4047/2383 3361/4033/2383 3333/3989/2383
f 3335/3997/2384 3342/4009/2384 3356/4031/2384 3348/4017/2384
f 3363/4039/2385 3369/4044/2385 3340/4001/2385 3334/3993/2385
f 3382/4054/2386 3354/4023/2386 3341/4005/2386 3368/4040/2386
f 3349/4021/2387 3355/4027/2387 3384/4060/2387 3376/4051/2387
f 3377/4053/2388 3383/4058/2388 3370/4046/2388 3362/4037/2388
o DL_Port_Wing_FlowMark_1
v 4.098859 2.025000 -16.281569
v 4.101478 2.037000 -16.269857
v 4.087148 2.037000 -16.278950
v 4.100711 2.028515 -16.273289
v 4.093610 2.030072 -16.273296
v 4.092430 2.037000 -16.271437
v 4.090578 2.028515 -16.279716
v 4.101478 2.083000 -16.269857
v 4.098859 2.095000 -16.281569
v 4.087148 2.083000 -16.278950
v 4.100711 2.091485 -16.273289
v 4.093610 2.089928 -16.273296
v 4.090578 2.091485 -16.279716
v 4.092430 2.083000 -16.271437
v 4.069180 2.025000 -16.414291
v 4.057468 2.037000 -16.411673
v 4.066561 2.037000 -16.426003
v 4.060899 2.028515 -16.412439
v 4.060906 2.030072 -16.419540
v 4.059047 2.037000 -16.420719
v 4.067327 2.028515 -16.422571
v 4.069180 2.095000 -16.414291
v 4.066561 2.083000 -16.426003
v 4.057468 2.083000 -16.411673
v 4.067327 2.091485 -16.422571
v 4.060906 2.089928 -16.419540
v 4.059047 2.083000 -16.420719
v 4.060899 2.091485 -16.412439
v 9.930820 2.025000 -17.585709
v 9.942532 2.037000 -17.588327
v 9.933439 2.037000 -17.573997
v 9.939101 2.028515 -17.587561
v 9.939094 2.030072 -17.580460
v 9.940953 2.037000 -17.579281
v 9.932673 2.028515 -17.577429
v 9.930820 2.095000 -17.585709
v 9.933439 2.083000 -17.573997
v 9.942532 2.083000 -17.588327
v 9.932673 2.091485 -17.577429
v 9.939094 2.089928 -17.580460
v 9.940953 2.083000 -17.579281
v 9.939101 2.091485 -17.587561
v 9.901141 2.025000 -17.718431
v 9.898522 2.037000 -17.730143
v 9.912852 2.037000 -17.721050
v 9.899289 2.028515 -17.726711
v 9.906390 2.030072 -17.726704
v 9.907570 2.037000 -17.728563
v 9.909422 2.028515 -17.720284
v 9.901141 2.095000 -17.718431
v 9.912852 2.083000 -17.721050
v 9.898522 2.083000 -17.730143
v 9.909422 2.091485 -17.720284
v 9.906390 2.089928 -17.726704
v 9.907570 2.083000 -17.728563
v 9.899289 2.091485 -17.726711
vn -0.2463 -0.8881 0.3882
vn -0.1234 -0.3251 0.9376
vn -0.7957 -0.3251 0.5110
vn -0.1234 0.3251 0.9376
vn -0.2463 0.8881 0.3882
vn -0.7957 0.3251 0.5110
vn -0.3882 -0.8881 -0.2463
vn -0.9376 -0.3251 -0.1234
vn -0.5110 -0.3251 -0.7957
vn -0.3882 0.8881 -0.2463
vn -0.5110 0.3251 -0.7957
vn -0.9376 0.3251 -0.1234
vn 0.3882 -0.8881 0.2463
vn 0.9376 -0.3251 0.1234
vn 0.5110 -0.3251 0.7957
vn 0.3882 0.8881 0.2463
vn 0.5110 0.3251 0.7957
vn 0.9376 0.3251 0.1234
vn 0.2463 -0.8881 -0.3882
vn 0.1234 -0.3251 -0.9376
vn 0.7957 -0.3251 -0.5110
vn 0.2463 0.8881 -0.3882
vn 0.7957 0.3251 -0.5110
vn 0.1234 0.3251 -0.9376
vn -0.3735 -0.9239 0.0835
vn -0.9016 -0.3827 0.2016
vn -0.1719 -0.0000 0.9851
vn -0.8181 -0.0000 0.5751
vn -0.3735 0.9239 0.0835
vn -0.9016 0.3827 0.2016
vn -0.5751 -0.0000 -0.8181
vn -0.9851 -0.0000 -0.1718
vn -0.0835 -0.9239 -0.3735
vn -0.2016 -0.3827 -0.9016
vn -0.0835 0.9239 -0.3735
vn -0.2016 0.3827 -0.9016
vn 0.8181 -0.0000 -0.5751
vn 0.1719 -0.0000 -0.9851
vn 0.3735 -0.9239 -0.0835
vn 0.9016 -0.3827 -0.2016
vn 0.3735 0.9239 -0.0835
vn 0.9016 0.3827 -0.2016
vn 0.5751 -0.0000 0.8181
vn 0.9851 -0.0000 0.1718
vn 0.0835 -0.9239 0.3735
vn 0.2016 -0.3827 0.9016
vn 0.0835 0.9239 0.3735
vn 0.2016 0.3827 0.9016
vn -0.0000 -1.0000 -0.0000
vn -0.9759 -0.0000 0.2182
vn 0.2182 -0.0000 0.9759
vn -0.0000 1.0000 -0.0000
vn -0.2182 -0.0000 -0.9759
vn 0.9759 -0.0000 -0.2182
vt 0.125500 0.731250
vt 0.125500 0.750000
vt 0.125211 0.750000
vt 0.125000 0.731250
vt 0.417857 0.999500
vt 0.417857 1.000000
vt 0.393114 1.000000
vt 0.375000 0.999500
vt 0.417857 0.018750
vt 0.375000 0.018750
vt 0.375000 0.007925
vt 0.417857 0.000000
vt 0.582143 0.999500
vt 0.625000 0.999500
vt 0.625000 0.999789
vt 0.582143 1.000000
vt 0.874500 0.731250
vt 0.875000 0.731250
vt 0.875000 0.742075
vt 0.874500 0.750000
vt 0.582143 0.018750
vt 0.582143 0.000000
vt 0.606886 0.000000
vt 0.625000 0.018750
vt 0.125500 0.518750
vt 0.125000 0.518750
vt 0.125000 0.507925
vt 0.125500 0.500000
vt 0.417857 0.231250
vt 0.417857 0.250000
vt 0.384057 0.250106
vt 0.375000 0.231250
vt 0.417857 0.250500
vt 0.375000 0.250500
vt 0.874500 0.518750
vt 0.874500 0.500000
vt 0.874789 0.500000
vt 0.875000 0.518750
vt 0.582143 0.250500
vt 0.582143 0.250000
vt 0.615943 0.246038
vt 0.625000 0.250500
vt 0.582143 0.231250
vt 0.625000 0.231250
vt 0.374500 0.731250
vt 0.375000 0.731250
vt 0.381038 0.747429
vt 0.374750 0.750250
vt 0.417857 0.731250
vt 0.417857 0.750000
vt 0.417857 0.750500
vt 0.625500 0.731250
vt 0.625250 0.750250
vt 0.619033 0.747359
vt 0.625000 0.731250
vt 0.582143 0.750500
vt 0.582143 0.750000
vt 0.582143 0.731250
vt 0.374500 0.518750
vt 0.374750 0.499750
vt 0.380967 0.502642
vt 0.375000 0.518750
vt 0.417857 0.499500
vt 0.417857 0.500000
vt 0.417857 0.518750
vt 0.625500 0.518750
vt 0.625000 0.518750
vt 0.618962 0.502571
vt 0.625250 0.499750
vt 0.582143 0.518750
vt 0.582143 0.500000
vt 0.582143 0.499500
s 0
usemtl DL2_IceBlue
f 3389/4061/2389 3392/4062/2389 3393/4063/2389 3395/4064/2389
f 3390/4065/2390 3394/4066/2390 3393/4067/2390 3392/4068/2390
f 3391/4069/2391 3395/4070/2391 3393/4071/2391 3394/4072/2391
f 3396/4073/2392 3399/4074/2392 3400/4075/2392 3402/4076/2392
f 3397/4077/2393 3401/4078/2393 3400/4079/2393 3399/4080/2393
f 3398/4081/2394 3402/4082/2394 3400/4083/2394 3401/4084/2394
f 3403/4085/2395 3406/4086/2395 3407/4087/2395 3409/4088/2395
f 3404/4089/2396 3408/4090/2396 3407/4091/2396 3406/4092/2396
f 3405/4093/2397 3409/4094/2397 3407/4091/2397 3408/4090/2397
f 3410/4095/2398 3413/4096/2398 3414/4097/2398 3416/4098/2398
f 3411/4099/2399 3415/4100/2399 3414/4101/2399 3413/4102/2399
f 3412/4103/2400 3416/4104/2400 3414/4101/2400 3415/4100/2400
f 3417/4105/2401 3420/4106/2401 3421/4107/2401 3423/4108/2401
f 3418/4109/2402 3422/4110/2402 3421/4107/2402 3420/4106/2402
f 3419/4111/2403 3423/4108/2403 3421/4107/2403 3422/4110/2403
f 3424/4112/2404 3427/4113/2404 3428/4114/2404 3430/4115/2404
f 3425/4116/2405 3429/4117/2405 3428/4114/2405 3427/4113/2405
f 3426/4118/2406 3430/4115/2406 3428/4114/2406 3429/4117/2406
f 3431/4119/2407 3434/4120/2407 3435/4121/2407 3437/4122/2407
f 3432/4123/2408 3436/4124/2408 3435/4121/2408 3434/4120/2408
f 3433/4125/2409 3437/4122/2409 3435/4121/2409 3436/4124/2409
f 3438/4126/2410 3441/4127/2410 3442/4128/2410 3444/4129/2410
f 3439/4130/2411 3443/4131/2411 3442/4128/2411 3441/4127/2411
f 3440/4132/2412 3444/4129/2412 3442/4128/2412 3443/4131/2412
f 3403/4085/2413 3389/4061/2413 3395/4064/2413 3406/4086/2413
f 3406/4092/2414 3395/4070/2414 3391/4069/2414 3404/4089/2414
f 3390/4065/2415 3396/4073/2415 3402/4076/2415 3394/4066/2415
f 3394/4072/2416 3402/4082/2416 3398/4081/2416 3391/4069/2416
f 3397/4077/2417 3410/4095/2417 3416/4098/2417 3401/4078/2417
f 3401/4084/2418 3416/4104/2418 3412/4103/2418 3398/4081/2418
f 3411/4099/2419 3405/4093/2419 3408/4090/2419 3415/4100/2419
f 3415/4100/2420 3408/4090/2420 3404/4089/2420 3412/4103/2420
f 3431/4119/2421 3403/4085/2421 3409/4088/2421 3434/4120/2421
f 3434/4120/2422 3409/4094/2422 3405/4093/2422 3432/4123/2422
f 3410/4095/2423 3438/4126/2423 3444/4129/2423 3413/4096/2423
f 3413/4102/2424 3444/4129/2424 3440/4132/2424 3411/4099/2424
f 3439/4130/2425 3433/4125/2425 3436/4124/2425 3443/4131/2425
f 3443/4131/2426 3436/4124/2426 3432/4123/2426 3440/4132/2426
f 3417/4105/2427 3431/4119/2427 3437/4122/2427 3420/4106/2427
f 3420/4106/2428 3437/4122/2428 3433/4125/2428 3418/4109/2428
f 3438/4126/2429 3424/4112/2429 3430/4115/2429 3441/4127/2429
f 3441/4127/2430 3430/4115/2430 3426/4118/2430 3439/4130/2430
f 3425/4116/2431 3419/4111/2431 3422/4110/2431 3429/4117/2431
f 3429/4117/2432 3422/4110/2432 3418/4109/2432 3426/4118/2432
f 3389/4061/2433 3417/4105/2433 3423/4108/2433 3392/4062/2433
f 3392/4068/2434 3423/4108/2434 3419/4111/2434 3390/4065/2434
f 3424/4112/2435 3397/4077/2435 3399/4080/2435 3427/4113/2435
f 3427/4113/2436 3399/4074/2436 3396/4073/2436 3425/4116/2436
f 3403/4085/2437 3431/4119/2437 3417/4105/2437 3389/4061/2437
f 3391/4069/2438 3398/4081/2438 3412/4103/2438 3404/4089/2438
f 3419/4111/2439 3425/4116/2439 3396/4073/2439 3390/4065/2439
f 3438/4126/2440 3410/4095/2440 3397/4077/2440 3424/4112/2440
f 3405/4093/2441 3411/4099/2441 3440/4132/2441 3432/4123/2441
f 3433/4125/2442 3439/4130/2442 3426/4118/2442 3418/4109/2442
o DL_Starboard_Wing_FlowArmor_0
v -25.727509 1.850000 17.535366
v -25.730747 1.875000 17.560154
v -25.752296 1.875000 17.532125
v -25.729801 1.857322 17.552895
v -25.743690 1.860566 17.547806
v -25.747328 1.875000 17.550602
v -25.745037 1.857322 17.533073
v -25.730747 1.945000 17.560154
v -25.727509 1.970000 17.535366
v -25.752296 1.945000 17.532125
v -25.729801 1.962678 17.552895
v -25.743690 1.959434 17.547806
v -25.745037 1.962678 17.533073
v -25.747328 1.945000 17.550602
v -25.640652 1.850000 16.871019
v -25.665442 1.875000 16.867779
v -25.637413 1.875000 16.846230
v -25.658180 1.857322 16.868727
v -25.653095 1.860566 16.854836
v -25.655890 1.875000 16.851198
v -25.638363 1.857322 16.853491
v -25.640652 1.970000 16.871019
v -25.637413 1.945000 16.846230
v -25.665442 1.945000 16.867779
v -25.638363 1.962678 16.853491
v -25.653095 1.959434 16.854836
v -25.655890 1.945000 16.851198
v -25.658180 1.962678 16.868727
v -4.359347 1.850000 20.328981
v -4.334558 1.875000 20.332222
v -4.362588 1.875000 20.353771
v -4.341819 1.857322 20.331274
v -4.346906 1.860566 20.345165
v -4.344110 1.875000 20.348803
v -4.361638 1.857322 20.346510
v -4.359347 1.970000 20.328981
v -4.362588 1.945000 20.353771
v -4.334558 1.945000 20.332222
v -4.361638 1.962678 20.346510
v -4.346906 1.959434 20.345165
v -4.344110 1.945000 20.348803
v -4.341819 1.962678 20.331274
v -4.272492 1.850000 19.664635
v -4.269252 1.875000 19.639847
v -4.247704 1.875000 19.667875
v -4.270200 1.857322 19.647106
v -4.256309 1.860566 19.652195
v -4.252672 1.875000 19.649399
v -4.254964 1.857322 19.666927
v -4.272492 1.970000 19.664635
v -4.247704 1.945000 19.667875
v -4.269252 1.945000 19.639847
v -4.254964 1.962678 19.666927
v -4.256309 1.959434 19.652195
v -4.252672 1.945000 19.649399
v -4.270200 1.962678 19.647106
vn -0.3644 -0.8881 0.2802
vn -0.4374 -0.3250 0.8385
vn -0.9227 -0.3250 0.2071
vn -0.4374 0.3250 0.8385
vn -0.3644 0.8881 0.2802
vn -0.9227 0.3250 0.2071
vn -0.2802 -0.8881 -0.3645
vn -0.8385 -0.3250 -0.4374
vn -0.2072 -0.3250 -0.9227
vn -0.2802 0.8881 -0.3645
vn -0.2072 0.3250 -0.9227
vn -0.8385 0.3250 -0.4374
vn 0.2802 -0.8881 0.3645
vn 0.8385 -0.3250 0.4374
vn 0.2072 -0.3250 0.9227
vn 0.2802 0.8881 0.3645
vn 0.2072 0.3250 0.9227
vn 0.8385 0.3250 0.4374
vn 0.3644 -0.8881 -0.2802
vn 0.4374 -0.3250 -0.8385
vn 0.9227 -0.3250 -0.2071
vn 0.3644 0.8881 -0.2802
vn 0.9227 0.3250 -0.2071
vn 0.4374 0.3250 -0.8385
vn -0.3794 -0.9239 -0.0496
vn -0.9161 -0.3826 -0.1198
vn -0.4992 -0.0000 0.8665
vn -0.9657 -0.0000 0.2596
vn -0.3794 0.9239 -0.0496
vn -0.9161 0.3826 -0.1198
vn -0.2597 -0.0000 -0.9657
vn -0.8665 -0.0000 -0.4992
vn 0.0496 -0.9239 -0.3795
vn 0.1198 -0.3827 -0.9161
vn 0.0496 0.9239 -0.3795
vn 0.1198 0.3827 -0.9161
vn 0.9657 -0.0000 -0.2596
vn 0.4992 -0.0000 -0.8665
vn 0.3794 -0.9239 0.0496
vn 0.9161 -0.3826 0.1198
vn 0.3794 0.9239 0.0496
vn 0.9161 0.3826 0.1198
vn 0.2597 -0.0000 0.9657
vn 0.8665 -0.0000 0.4992
vn -0.0496 -0.9239 0.3795
vn -0.1198 -0.3827 0.9161
vn -0.0496 0.9239 0.3795
vn -0.1198 0.3827 0.9161
vn -0.0000 -1.0000 -0.0000
vn -0.9916 -0.0000 -0.1296
vn -0.1296 -0.0000 0.9916
vn -0.0000 1.0000 -0.0000
vn 0.1296 -0.0000 -0.9916
vn 0.9916 -0.0000 0.1296
vt 0.125289 0.741319
vt 0.125289 0.750000
vt 0.125122 0.750000
vt 0.125000 0.741319
vt 0.427083 0.999711
vt 0.427083 1.000000
vt 0.397013 1.000000
vt 0.375000 0.999711
vt 0.427083 0.008681
vt 0.375000 0.008681
vt 0.375000 0.003669
vt 0.427083 0.000000
vt 0.572917 0.999711
vt 0.625000 0.999711
vt 0.625000 0.999878
vt 0.572917 1.000000
vt 0.874711 0.741319
vt 0.875000 0.741319
vt 0.875000 0.746331
vt 0.874711 0.750000
vt 0.572917 0.008681
vt 0.572917 0.000000
vt 0.602987 0.000000
vt 0.625000 0.008681
vt 0.125289 0.508681
vt 0.125000 0.508681
vt 0.125000 0.503669
vt 0.125289 0.500000
vt 0.427083 0.241319
vt 0.427083 0.250000
vt 0.386007 0.250061
vt 0.375000 0.241319
vt 0.427083 0.250289
vt 0.375000 0.250289
vt 0.874711 0.508681
vt 0.874711 0.500000
vt 0.874878 0.500000
vt 0.875000 0.508681
vt 0.572917 0.250289
vt 0.572917 0.250000
vt 0.613994 0.248166
vt 0.625000 0.250289
vt 0.572917 0.241319
vt 0.625000 0.241319
vt 0.374711 0.741319
vt 0.375000 0.741319
vt 0.382338 0.748818
vt 0.374855 0.750145
vt 0.427083 0.741319
vt 0.427083 0.750000
vt 0.427083 0.750289
vt 0.625289 0.741319
vt 0.625145 0.750145
vt 0.617703 0.748777
vt 0.625000 0.741319
vt 0.572917 0.750289
vt 0.572917 0.750000
vt 0.572917 0.741319
vt 0.374711 0.508681
vt 0.374855 0.499855
vt 0.382297 0.501223
vt 0.375000 0.508681
vt 0.427083 0.499711
vt 0.427083 0.500000
vt 0.427083 0.508681
vt 0.625289 0.508681
vt 0.625000 0.508681
vt 0.617662 0.501182
vt 0.625145 0.499855
vt 0.572917 0.508681
vt 0.572917 0.500000
vt 0.572917 0.499711
s 0
usemtl DL2_Hull_Silver
f 3445/4133/2443 3448/4134/2443 3449/4135/2443 3451/4136/2443
f 3446/4137/2444 3450/4138/2444 3449/4139/2444 3448/4140/2444
f 3447/4141/2445 3451/4142/2445 3449/4143/2445 3450/4144/2445
f 3452/4145/2446 3455/4146/2446 3456/4147/2446 3458/4148/2446
f 3453/4149/2447 3457/4150/2447 3456/4151/2447 3455/4152/2447
f 3454/4153/2448 3458/4154/2448 3456/4155/2448 3457/4156/2448
f 3459/4157/2449 3462/4158/2449 3463/4159/2449 3465/4160/2449
f 3460/4161/2450 3464/4162/2450 3463/4163/2450 3462/4164/2450
f 3461/4165/2451 3465/4166/2451 3463/4163/2451 3464/4162/2451
f 3466/4167/2452 3469/4168/2452 3470/4169/2452 3472/4170/2452
f 3467/4171/2453 3471/4172/2453 3470/4173/2453 3469/4174/2453
f 3468/4175/2454 3472/4176/2454 3470/4173/2454 3471/4172/2454
f 3473/4177/2455 3476/4178/2455 3477/4179/2455 3479/4180/2455
f 3474/4181/2456 3478/4182/2456 3477/4179/2456 3476/4178/2456
f 3475/4183/2457 3479/4180/2457 3477/4179/2457 3478/4182/2457
f 3480/4184/2458 3483/4185/2458 3484/4186/2458 3486/4187/2458
f 3481/4188/2459 3485/4189/2459 3484/4186/2459 3483/4185/2459
f 3482/4190/2460 3486/4187/2460 3484/4186/2460 3485/4189/2460
f 3487/4191/2461 3490/4192/2461 3491/4193/2461 3493/4194/2461
f 3488/4195/2462 3492/4196/2462 3491/4193/2462 3490/4192/2462
f 3489/4197/2463 3493/4194/2463 3491/4193/2463 3492/4196/2463
f 3494/4198/2464 3497/4199/2464 3498/4200/2464 3500/4201/2464
f 3495/4202/2465 3499/4203/2465 3498/4200/2465 3497/4199/2465
f 3496/4204/2466 3500/4201/2466 3498/4200/2466 3499/4203/2466
f 3459/4157/2467 3445/4133/2467 3451/4136/2467 3462/4158/2467
f 3462/4164/2468 3451/4142/2468 3447/4141/2468 3460/4161/2468
f 3446/4137/2469 3452/4145/2469 3458/4148/2469 3450/4138/2469
f 3450/4144/2470 3458/4154/2470 3454/4153/2470 3447/4141/2470
f 3453/4149/2471 3466/4167/2471 3472/4170/2471 3457/4150/2471
f 3457/4156/2472 3472/4176/2472 3468/4175/2472 3454/4153/2472
f 3467/4171/2473 3461/4165/2473 3464/4162/2473 3471/4172/2473
f 3471/4172/2474 3464/4162/2474 3460/4161/2474 3468/4175/2474
f 3487/4191/2475 3459/4157/2475 3465/4160/2475 3490/4192/2475
f 3490/4192/2476 3465/4166/2476 3461/4165/2476 3488/4195/2476
f 3466/4167/2477 3494/4198/2477 3500/4201/2477 3469/4168/2477
f 3469/4174/2478 3500/4201/2478 3496/4204/2478 3467/4171/2478
f 3495/4202/2479 3489/4197/2479 3492/4196/2479 3499/4203/2479
f 3499/4203/2480 3492/4196/2480 3488/4195/2480 3496/4204/2480
f 3473/4177/2481 3487/4191/2481 3493/4194/2481 3476/4178/2481
f 3476/4178/2482 3493/4194/2482 3489/4197/2482 3474/4181/2482
f 3494/4198/2483 3480/4184/2483 3486/4187/2483 3497/4199/2483
f 3497/4199/2484 3486/4187/2484 3482/4190/2484 3495/4202/2484
f 3481/4188/2485 3475/4183/2485 3478/4182/2485 3485/4189/2485
f 3485/4189/2486 3478/4182/2486 3474/4181/2486 3482/4190/2486
f 3445/4133/2487 3473/4177/2487 3479/4180/2487 3448/4134/2487
f 3448/4140/2488 3479/4180/2488 3475/4183/2488 3446/4137/2488
f 3480/4184/2489 3453/4149/2489 3455/4152/2489 3483/4185/2489
f 3483/4185/2490 3455/4146/2490 3452/4145/2490 3481/4188/2490
f 3459/4157/2491 3487/4191/2491 3473/4177/2491 3445/4133/2491
f 3447/4141/2492 3454/4153/2492 3468/4175/2492 3460/4161/2492
f 3475/4183/2493 3481/4188/2493 3452/4145/2493 3446/4137/2493
f 3494/4198/2494 3466/4167/2494 3453/4149/2494 3480/4184/2494
f 3461/4165/2495 3467/4171/2495 3496/4204/2495 3488/4195/2495
f 3489/4197/2496 3495/4202/2496 3482/4190/2496 3474/4181/2496
o DL_Starboard_Wing_FlowArmor_1
v -2.686877 1.850000 25.189606
v -2.682402 1.875000 25.214203
v -2.711473 1.875000 25.194082
v -2.683712 1.857322 25.206999
v -2.698494 1.860566 25.206390
v -2.701104 1.875000 25.210163
v -2.704269 1.857322 25.192772
v -2.682402 1.945000 25.214203
v -2.686877 1.970000 25.189606
v -2.711473 1.945000 25.194082
v -2.683712 1.962678 25.206999
v -2.698494 1.959434 25.206390
v -2.704269 1.962678 25.192772
v -2.701104 1.945000 25.210163
v -2.792504 1.850000 24.609138
v -2.817101 1.875000 24.613615
v -2.796980 1.875000 24.584543
v -2.809896 1.857322 24.612303
v -2.809290 1.860566 24.597523
v -2.813062 1.875000 24.594912
v -2.795670 1.857322 24.591747
v -2.792504 1.970000 24.609138
v -2.796980 1.945000 24.584543
v -2.817101 1.945000 24.613615
v -2.795670 1.962678 24.591747
v -2.809290 1.959434 24.597523
v -2.813062 1.945000 24.594912
v -2.809896 1.962678 24.612303
v 13.792504 1.850000 22.190861
v 13.817101 1.875000 22.186384
v 13.796980 1.875000 22.215456
v 13.809896 1.857322 22.187696
v 13.809290 1.860566 22.202477
v 13.813062 1.875000 22.205088
v 13.795670 1.857322 22.208252
v 13.792504 1.970000 22.190861
v 13.796980 1.945000 22.215456
v 13.817101 1.945000 22.186384
v 13.795670 1.962678 22.208252
v 13.809290 1.959434 22.202477
v 13.813062 1.945000 22.205088
v 13.809896 1.962678 22.187696
v 13.686877 1.850000 21.610394
v 13.682402 1.875000 21.585796
v 13.711473 1.875000 21.605917
v 13.683712 1.857322 21.593000
v 13.698494 1.860566 21.593609
v 13.701104 1.875000 21.589836
v 13.704269 1.857322 21.607227
v 13.686877 1.970000 21.610394
v 13.711473 1.945000 21.605917
v 13.682402 1.945000 21.585796
v 13.704269 1.962678 21.607227
v 13.698494 1.959434 21.593609
v 13.701104 1.945000 21.589836
v 13.683712 1.962678 21.593000
vn -0.2616 -0.8881 0.3780
vn -0.1608 -0.3250 0.9319
vn -0.8155 -0.3250 0.4788
vn -0.1608 0.3250 0.9319
vn -0.2616 0.8881 0.3780
vn -0.8155 0.3250 0.4788
vn -0.3780 -0.8881 -0.2616
vn -0.9319 -0.3250 -0.1608
vn -0.4788 -0.3250 -0.8155
vn -0.3780 0.8881 -0.2616
vn -0.4788 0.3250 -0.8155
vn -0.9319 0.3250 -0.1608
vn 0.3780 -0.8881 0.2616
vn 0.9319 -0.3250 0.1608
vn 0.4788 -0.3250 0.8155
vn 0.3780 0.8881 0.2616
vn 0.4788 0.3250 0.8155
vn 0.9319 0.3250 0.1608
vn 0.2616 -0.8881 -0.3780
vn 0.1608 -0.3250 -0.9319
vn 0.8155 -0.3250 -0.4788
vn 0.2616 0.8881 -0.3780
vn 0.8155 0.3250 -0.4788
vn 0.1608 0.3250 -0.9319
vn -0.3765 -0.9239 0.0685
vn -0.9090 -0.3827 0.1654
vn -0.2111 -0.0000 0.9775
vn -0.8404 -0.0000 0.5419
vn -0.3765 0.9239 0.0685
vn -0.9090 0.3827 0.1654
vn -0.5419 -0.0000 -0.8404
vn -0.9775 -0.0000 -0.2111
vn -0.0685 -0.9239 -0.3765
vn -0.1654 -0.3827 -0.9090
vn -0.0685 0.9239 -0.3765
vn -0.1654 0.3827 -0.9090
vn 0.8404 -0.0000 -0.5419
vn 0.2111 -0.0000 -0.9775
vn 0.3765 -0.9239 -0.0685
vn 0.9090 -0.3827 -0.1654
vn 0.3765 0.9239 -0.0685
vn 0.9090 0.3827 -0.1654
vn 0.5419 -0.0000 0.8404
vn 0.9775 -0.0000 0.2111
vn 0.0685 -0.9239 0.3765
vn 0.1654 -0.3827 0.9090
vn 0.0685 0.9239 0.3765
vn 0.1654 0.3827 0.9090
vn -0.0000 -1.0000 -0.0000
vn -0.9838 -0.0000 0.1790
vn 0.1790 -0.0000 0.9838
vn -0.0000 1.0000 -0.0000
vn -0.1790 -0.0000 -0.9838
vn 0.9838 -0.0000 -0.1790
vt 0.125372 0.740234
vt 0.125372 0.750000
vt 0.125157 0.750000
vt 0.125000 0.740234
vt 0.427083 0.999628
vt 0.427083 1.000000
vt 0.397013 1.000000
vt 0.375000 0.999628
vt 0.427083 0.009766
vt 0.375000 0.009766
vt 0.375000 0.004127
vt 0.427083 0.000000
vt 0.572917 0.999628
vt 0.625000 0.999628
vt 0.625000 0.999843
vt 0.572917 1.000000
vt 0.874628 0.740234
vt 0.875000 0.740234
vt 0.875000 0.745873
vt 0.874628 0.750000
vt 0.572917 0.009766
vt 0.572917 0.000000
vt 0.602987 0.000000
vt 0.625000 0.009766
vt 0.125372 0.509766
vt 0.125000 0.509766
vt 0.125000 0.504127
vt 0.125372 0.500000
vt 0.427083 0.240234
vt 0.427083 0.250000
vt 0.386007 0.250079
vt 0.375000 0.240234
vt 0.427083 0.250372
vt 0.375000 0.250372
vt 0.874628 0.509766
vt 0.874628 0.500000
vt 0.874843 0.500000
vt 0.875000 0.509766
vt 0.572917 0.250372
vt 0.572917 0.250000
vt 0.613994 0.247936
vt 0.625000 0.250372
vt 0.572917 0.240234
vt 0.625000 0.240234
vt 0.374628 0.740234
vt 0.375000 0.740234
vt 0.382338 0.748677
vt 0.374814 0.750186
vt 0.427083 0.740234
vt 0.427083 0.750000
vt 0.427083 0.750372
vt 0.625372 0.740234
vt 0.625186 0.750186
vt 0.617715 0.748624
vt 0.625000 0.740234
vt 0.572917 0.750372
vt 0.572917 0.750000
vt 0.572917 0.740234
vt 0.374628 0.509766
vt 0.374814 0.499814
vt 0.382285 0.501376
vt 0.375000 0.509766
vt 0.427083 0.499628
vt 0.427083 0.500000
vt 0.427083 0.509766
vt 0.625372 0.509766
vt 0.625000 0.509766
vt 0.617662 0.501323
vt 0.625186 0.499814
vt 0.572917 0.509766
vt 0.572917 0.500000
vt 0.572917 0.499628
s 0
usemtl DL2_Hull_Silver
f 3501/4205/2497 3504/4206/2497 3505/4207/2497 3507/4208/2497
f 3502/4209/2498 3506/4210/2498 3505/4211/2498 3504/4212/2498
f 3503/4213/2499 3507/4214/2499 3505/4215/2499 3506/4216/2499
f 3508/4217/2500 3511/4218/2500 3512/4219/2500 3514/4220/2500
f 3509/4221/2501 3513/4222/2501 3512/4223/2501 3511/4224/2501
f 3510/4225/2502 3514/4226/2502 3512/4227/2502 3513/4228/2502
f 3515/4229/2503 3518/4230/2503 3519/4231/2503 3521/4232/2503
f 3516/4233/2504 3520/4234/2504 3519/4235/2504 3518/4236/2504
f 3517/4237/2505 3521/4238/2505 3519/4235/2505 3520/4234/2505
f 3522/4239/2506 3525/4240/2506 3526/4241/2506 3528/4242/2506
f 3523/4243/2507 3527/4244/2507 3526/4245/2507 3525/4246/2507
f 3524/4247/2508 3528/4248/2508 3526/4245/2508 3527/4244/2508
f 3529/4249/2509 3532/4250/2509 3533/4251/2509 3535/4252/2509
f 3530/4253/2510 3534/4254/2510 3533/4251/2510 3532/4250/2510
f 3531/4255/2511 3535/4252/2511 3533/4251/2511 3534/4254/2511
f 3536/4256/2512 3539/4257/2512 3540/4258/2512 3542/4259/2512
f 3537/4260/2513 3541/4261/2513 3540/4258/2513 3539/4257/2513
f 3538/4262/2514 3542/4259/2514 3540/4258/2514 3541/4261/2514
f 3543/4263/2515 3546/4264/2515 3547/4265/2515 3549/4266/2515
f 3544/4267/2516 3548/4268/2516 3547/4265/2516 3546/4264/2516
f 3545/4269/2517 3549/4266/2517 3547/4265/2517 3548/4268/2517
f 3550/4270/2518 3553/4271/2518 3554/4272/2518 3556/4273/2518
f 3551/4274/2519 3555/4275/2519 3554/4272/2519 3553/4271/2519
f 3552/4276/2520 3556/4273/2520 3554/4272/2520 3555/4275/2520
f 3515/4229/2521 3501/4205/2521 3507/4208/2521 3518/4230/2521
f 3518/4236/2522 3507/4214/2522 3503/4213/2522 3516/4233/2522
f 3502/4209/2523 3508/4217/2523 3514/4220/2523 3506/4210/2523
f 3506/4216/2524 3514/4226/2524 3510/4225/2524 3503/4213/2524
f 3509/4221/2525 3522/4239/2525 3528/4242/2525 3513/4222/2525
f 3513/4228/2526 3528/4248/2526 3524/4247/2526 3510/4225/2526
f 3523/4243/2527 3517/4237/2527 3520/4234/2527 3527/4244/2527
f 3527/4244/2528 3520/4234/2528 3516/4233/2528 3524/4247/2528
f 3543/4263/2529 3515/4229/2529 3521/4232/2529 3546/4264/2529
f 3546/4264/2530 3521/4238/2530 3517/4237/2530 3544/4267/2530
f 3522/4239/2531 3550/4270/2531 3556/4273/2531 3525/4240/2531
f 3525/4246/2532 3556/4273/2532 3552/4276/2532 3523/4243/2532
f 3551/4274/2533 3545/4269/2533 3548/4268/2533 3555/4275/2533
f 3555/4275/2534 3548/4268/2534 3544/4267/2534 3552/4276/2534
f 3529/4249/2535 3543/4263/2535 3549/4266/2535 3532/4250/2535
f 3532/4250/2536 3549/4266/2536 3545/4269/2536 3530/4253/2536
f 3550/4270/2537 3536/4256/2537 3542/4259/2537 3553/4271/2537
f 3553/4271/2538 3542/4259/2538 3538/4262/2538 3551/4274/2538
f 3537/4260/2539 3531/4255/2539 3534/4254/2539 3541/4261/2539
f 3541/4261/2540 3534/4254/2540 3530/4253/2540 3538/4262/2540
f 3501/4205/2541 3529/4249/2541 3535/4252/2541 3504/4206/2541
f 3504/4212/2542 3535/4252/2542 3531/4255/2542 3502/4209/2542
f 3536/4256/2543 3509/4221/2543 3511/4224/2543 3539/4257/2543
f 3539/4257/2544 3511/4218/2544 3508/4217/2544 3537/4260/2544
f 3515/4229/2545 3543/4263/2545 3529/4249/2545 3501/4205/2545
f 3503/4213/2546 3510/4225/2546 3524/4247/2546 3516/4233/2546
f 3531/4255/2547 3537/4260/2547 3508/4217/2547 3502/4209/2547
f 3550/4270/2548 3522/4239/2548 3509/4221/2548 3536/4256/2548
f 3517/4237/2549 3523/4243/2549 3552/4276/2549 3544/4267/2549
f 3545/4269/2550 3551/4274/2550 3538/4262/2550 3530/4253/2550
o DL_Starboard_Wing_FlowMark_0
v -16.775864 2.025000 12.089491
v -16.777061 2.037000 12.101431
v -16.787804 2.037000 12.088293
v -16.776711 2.028515 12.097934
v -16.783449 2.030072 12.095693
v -16.785154 2.037000 12.097087
v -16.784307 2.028515 12.088644
v -16.777061 2.083000 12.101431
v -16.775864 2.095000 12.089491
v -16.787804 2.083000 12.088293
v -16.776711 2.091485 12.097934
v -16.783449 2.089928 12.095693
v -16.784307 2.091485 12.088644
v -16.785154 2.083000 12.097087
v -16.762287 2.025000 11.954170
v -16.774227 2.037000 11.952972
v -16.761089 2.037000 11.942230
v -16.770729 2.028515 11.953323
v -16.768488 2.030072 11.946585
v -16.769882 2.037000 11.944880
v -16.761440 2.028515 11.945727
v -16.762287 2.095000 11.954170
v -16.761089 2.083000 11.942230
v -16.774227 2.083000 11.952972
v -16.761440 2.091485 11.945727
v -16.768488 2.089928 11.946585
v -16.769882 2.083000 11.944880
v -16.770729 2.091485 11.953323
v -9.237713 2.025000 12.845829
v -9.225773 2.037000 12.847027
v -9.238911 2.037000 12.857769
v -9.229271 2.028515 12.846676
v -9.231511 2.030072 12.853415
v -9.230118 2.037000 12.855119
v -9.238561 2.028515 12.854272
v -9.237713 2.095000 12.845829
v -9.238911 2.083000 12.857769
v -9.225773 2.083000 12.847027
v -9.238561 2.091485 12.854272
v -9.231511 2.089928 12.853415
v -9.230118 2.083000 12.855119
v -9.229271 2.091485 12.846676
v -9.224135 2.025000 12.710508
v -9.222938 2.037000 12.698568
v -9.212195 2.037000 12.711706
v -9.223289 2.028515 12.702065
v -9.216551 2.030072 12.704307
v -9.214846 2.037000 12.702912
v -9.215693 2.028515 12.711355
v -9.224135 2.095000 12.710508
v -9.212195 2.083000 12.711706
v -9.222938 2.083000 12.698568
v -9.215693 2.091485 12.711355
v -9.216551 2.089928 12.704307
v -9.214846 2.083000 12.702912
v -9.223289 2.091485 12.702065
vn -0.3559 -0.8881 0.2910
vn -0.4121 -0.3251 0.8512
vn -0.9161 -0.3251 0.2348
vn -0.4121 0.3251 0.8512
vn -0.3559 0.8881 0.2910
vn -0.9161 0.3251 0.2348
vn -0.2910 -0.8881 -0.3559
vn -0.8512 -0.3251 -0.4121
vn -0.2348 -0.3251 -0.9161
vn -0.2910 0.8881 -0.3559
vn -0.2348 0.3251 -0.9161
vn -0.8512 0.3251 -0.4121
vn 0.2910 -0.8881 0.3559
vn 0.8512 -0.3251 0.4121
vn 0.2348 -0.3251 0.9161
vn 0.2910 0.8881 0.3559
vn 0.2348 0.3251 0.9161
vn 0.8512 0.3251 0.4121
vn 0.3559 -0.8881 -0.2910
vn 0.4121 -0.3251 -0.8512
vn 0.9161 -0.3251 -0.2348
vn 0.3559 0.8881 -0.2910
vn 0.9161 0.3251 -0.2348
vn 0.4121 0.3251 -0.8512
vn -0.3808 -0.9239 -0.0382
vn -0.9193 -0.3827 -0.0922
vn -0.4730 -0.0000 0.8811
vn -0.9575 -0.0000 0.2885
vn -0.3808 0.9239 -0.0382
vn -0.9193 0.3827 -0.0922
vn -0.2885 -0.0000 -0.9575
vn -0.8811 -0.0000 -0.4730
vn 0.0382 -0.9239 -0.3808
vn 0.0922 -0.3827 -0.9193
vn 0.0382 0.9239 -0.3808
vn 0.0922 0.3827 -0.9193
vn 0.9575 -0.0000 -0.2885
vn 0.4730 -0.0000 -0.8811
vn 0.3808 -0.9239 0.0382
vn 0.9193 -0.3827 0.0922
vn 0.3808 0.9239 0.0382
vn 0.9193 0.3827 0.0922
vn 0.2885 -0.0000 0.9575
vn 0.8811 -0.0000 0.4730
vn -0.0382 -0.9239 0.3808
vn -0.0922 -0.3827 0.9193
vn -0.0382 0.9239 0.3808
vn -0.0922 0.3827 0.9193
vn -0.0000 -1.0000 -0.0000
vn -0.9950 -0.0000 -0.0998
vn -0.0998 -0.0000 0.9950
vn -0.0000 1.0000 -0.0000
vn 0.0998 -0.0000 -0.9950
vn 0.9950 -0.0000 0.0998
vt 0.125395 0.731250
vt 0.125395 0.750000
vt 0.125167 0.750000
vt 0.125000 0.731250
vt 0.417857 0.999605
vt 0.417857 1.000000
vt 0.393114 1.000000
vt 0.375000 0.999605
vt 0.417857 0.018750
vt 0.375000 0.018750
vt 0.375000 0.007925
vt 0.417857 0.000000
vt 0.582143 0.999605
vt 0.625000 0.999605
vt 0.625000 0.999833
vt 0.582143 1.000000
vt 0.874605 0.731250
vt 0.875000 0.731250
vt 0.875000 0.742075
vt 0.874605 0.750000
vt 0.582143 0.018750
vt 0.582143 0.000000
vt 0.606886 0.000000
vt 0.625000 0.018750
vt 0.125395 0.518750
vt 0.125000 0.518750
vt 0.125000 0.507925
vt 0.125395 0.500000
vt 0.417857 0.231250
vt 0.417857 0.250000
vt 0.384057 0.250083
vt 0.375000 0.231250
vt 0.417857 0.250395
vt 0.375000 0.250395
vt 0.874605 0.518750
vt 0.874605 0.500000
vt 0.874833 0.500000
vt 0.875000 0.518750
vt 0.582143 0.250395
vt 0.582143 0.250000
vt 0.615943 0.246038
vt 0.625000 0.250395
vt 0.582143 0.231250
vt 0.625000 0.231250
vt 0.374605 0.731250
vt 0.375000 0.731250
vt 0.381038 0.747414
vt 0.374803 0.750197
vt 0.417857 0.731250
vt 0.417857 0.750000
vt 0.417857 0.750395
vt 0.625395 0.731250
vt 0.625197 0.750197
vt 0.619018 0.747359
vt 0.625000 0.731250
vt 0.582143 0.750395
vt 0.582143 0.750000
vt 0.582143 0.731250
vt 0.374605 0.518750
vt 0.374803 0.499803
vt 0.380982 0.502642
vt 0.375000 0.518750
vt 0.417857 0.499605
vt 0.417857 0.500000
vt 0.417857 0.518750
vt 0.625395 0.518750
vt 0.625000 0.518750
vt 0.618962 0.502586
vt 0.625197 0.499803
vt 0.582143 0.518750
vt 0.582143 0.500000
vt 0.582143 0.499605
s 0
usemtl DL2_IceBlue
f 3557/4277/2551 3560/4278/2551 3561/4279/2551 3563/4280/2551
f 3558/4281/2552 3562/4282/2552 3561/4283/2552 3560/4284/2552
f 3559/4285/2553 3563/4286/2553 3561/4287/2553 3562/4288/2553
f 3564/4289/2554 3567/4290/2554 3568/4291/2554 3570/4292/2554
f 3565/4293/2555 3569/4294/2555 3568/4295/2555 3567/4296/2555
f 3566/4297/2556 3570/4298/2556 3568/4299/2556 3569/4300/2556
f 3571/4301/2557 3574/4302/2557 3575/4303/2557 3577/4304/2557
f 3572/4305/2558 3576/4306/2558 3575/4307/2558 3574/4308/2558
f 3573/4309/2559 3577/4310/2559 3575/4307/2559 3576/4306/2559
f 3578/4311/2560 3581/4312/2560 3582/4313/2560 3584/4314/2560
f 3579/4315/2561 3583/4316/2561 3582/4317/2561 3581/4318/2561
f 3580/4319/2562 3584/4320/2562 3582/4317/2562 3583/4316/2562
f 3585/4321/2563 3588/4322/2563 3589/4323/2563 3591/4324/2563
f 3586/4325/2564 3590/4326/2564 3589/4323/2564 3588/4322/2564
f 3587/4327/2565 3591/4324/2565 3589/4323/2565 3590/4326/2565
f 3592/4328/2566 3595/4329/2566 3596/4330/2566 3598/4331/2566
f 3593/4332/2567 3597/4333/2567 3596/4330/2567 3595/4329/2567
f 3594/4334/2568 3598/4331/2568 3596/4330/2568 3597/4333/2568
f 3599/4335/2569 3602/4336/2569 3603/4337/2569 3605/4338/2569
f 3600/4339/2570 3604/4340/2570 3603/4337/2570 3602/4336/2570
f 3601/4341/2571 3605/4338/2571 3603/4337/2571 3604/4340/2571
f 3606/4342/2572 3609/4343/2572 3610/4344/2572 3612/4345/2572
f 3607/4346/2573 3611/4347/2573 3610/4344/2573 3609/4343/2573
f 3608/4348/2574 3612/4345/2574 3610/4344/2574 3611/4347/2574
f 3571/4301/2575 3557/4277/2575 3563/4280/2575 3574/4302/2575
f 3574/4308/2576 3563/4286/2576 3559/4285/2576 3572/4305/2576
f 3558/4281/2577 3564/4289/2577 3570/4292/2577 3562/4282/2577
f 3562/4288/2578 3570/4298/2578 3566/4297/2578 3559/4285/2578
f 3565/4293/2579 3578/4311/2579 3584/4314/2579 3569/4294/2579
f 3569/4300/2580 3584/4320/2580 3580/4319/2580 3566/4297/2580
f 3579/4315/2581 3573/4309/2581 3576/4306/2581 3583/4316/2581
f 3583/4316/2582 3576/4306/2582 3572/4305/2582 3580/4319/2582
f 3599/4335/2583 3571/4301/2583 3577/4304/2583 3602/4336/2583
f 3602/4336/2584 3577/4310/2584 3573/4309/2584 3600/4339/2584
f 3578/4311/2585 3606/4342/2585 3612/4345/2585 3581/4312/2585
f 3581/4318/2586 3612/4345/2586 3608/4348/2586 3579/4315/2586
f 3607/4346/2587 3601/4341/2587 3604/4340/2587 3611/4347/2587
f 3611/4347/2588 3604/4340/2588 3600/4339/2588 3608/4348/2588
f 3585/4321/2589 3599/4335/2589 3605/4338/2589 3588/4322/2589
f 3588/4322/2590 3605/4338/2590 3601/4341/2590 3586/4325/2590
f 3606/4342/2591 3592/4328/2591 3598/4331/2591 3609/4343/2591
f 3609/4343/2592 3598/4331/2592 3594/4334/2592 3607/4346/2592
f 3593/4332/2593 3587/4327/2593 3590/4326/2593 3597/4333/2593
f 3597/4333/2594 3590/4326/2594 3586/4325/2594 3594/4334/2594
f 3557/4277/2595 3585/4321/2595 3591/4324/2595 3560/4278/2595
f 3560/4284/2596 3591/4324/2596 3587/4327/2596 3558/4281/2596
f 3592/4328/2597 3565/4293/2597 3567/4296/2597 3595/4329/2597
f 3595/4329/2598 3567/4290/2598 3564/4289/2598 3593/4332/2598
f 3571/4301/2599 3599/4335/2599 3585/4321/2599 3557/4277/2599
f 3559/4285/2600 3566/4297/2600 3580/4319/2600 3572/4305/2600
f 3587/4327/2601 3593/4332/2601 3564/4289/2601 3558/4281/2601
f 3606/4342/2602 3578/4311/2602 3565/4293/2602 3592/4328/2602
f 3573/4309/2603 3579/4315/2603 3608/4348/2603 3600/4339/2603
f 3601/4341/2604 3607/4346/2604 3594/4334/2604 3586/4325/2604
o DL_Starboard_Wing_FlowMark_1
v 4.069180 2.025000 16.414291
v 4.066561 2.037000 16.426003
v 4.057468 2.037000 16.411673
v 4.067327 2.028515 16.422571
v 4.060906 2.030072 16.419540
v 4.059047 2.037000 16.420719
v 4.060899 2.028515 16.412439
v 4.066561 2.083000 16.426003
v 4.069180 2.095000 16.414291
v 4.057468 2.083000 16.411673
v 4.067327 2.091485 16.422571
v 4.060906 2.089928 16.419540
v 4.060899 2.091485 16.412439
v 4.059047 2.083000 16.420719
v 4.098859 2.025000 16.281569
v 4.087148 2.037000 16.278950
v 4.101478 2.037000 16.269857
v 4.090578 2.028515 16.279716
v 4.093610 2.030072 16.273296
v 4.092430 2.037000 16.271437
v 4.100711 2.028515 16.273289
v 4.098859 2.095000 16.281569
v 4.101478 2.083000 16.269857
v 4.087148 2.083000 16.278950
v 4.100711 2.091485 16.273289
v 4.093610 2.089928 16.273296
v 4.092430 2.083000 16.271437
v 4.090578 2.091485 16.279716
v 9.901141 2.025000 17.718431
v 9.912852 2.037000 17.721050
v 9.898522 2.037000 17.730143
v 9.909422 2.028515 17.720284
v 9.906390 2.030072 17.726704
v 9.907570 2.037000 17.728563
v 9.899289 2.028515 17.726711
v 9.901141 2.095000 17.718431
v 9.898522 2.083000 17.730143
v 9.912852 2.083000 17.721050
v 9.899289 2.091485 17.726711
v 9.906390 2.089928 17.726704
v 9.907570 2.083000 17.728563
v 9.909422 2.091485 17.720284
v 9.930820 2.025000 17.585709
v 9.933439 2.037000 17.573997
v 9.942532 2.037000 17.588327
v 9.932673 2.028515 17.577429
v 9.939094 2.030072 17.580460
v 9.940953 2.037000 17.579281
v 9.939101 2.028515 17.587561
v 9.930820 2.095000 17.585709
v 9.942532 2.083000 17.588327
v 9.933439 2.083000 17.573997
v 9.939101 2.091485 17.587561
v 9.939094 2.089928 17.580460
v 9.940953 2.083000 17.579281
v 9.932673 2.091485 17.577429
vn -0.3882 -0.8881 0.2463
vn -0.5110 -0.3251 0.7957
vn -0.9376 -0.3251 0.1234
vn -0.5110 0.3251 0.7957
vn -0.3882 0.8881 0.2463
vn -0.9376 0.3251 0.1234
vn -0.2463 -0.8881 -0.3882
vn -0.7957 -0.3251 -0.5110
vn -0.1234 -0.3251 -0.9376
vn -0.2463 0.8881 -0.3882
vn -0.1234 0.3251 -0.9376
vn -0.7957 0.3251 -0.5110
vn 0.2463 -0.8881 0.3882
vn 0.7957 -0.3251 0.5110
vn 0.1234 -0.3251 0.9376
vn 0.2463 0.8881 0.3882
vn 0.1234 0.3251 0.9376
vn 0.7957 0.3251 0.5110
vn 0.3882 -0.8881 -0.2463
vn 0.5110 -0.3251 -0.7957
vn 0.9376 -0.3251 -0.1234
vn 0.3882 0.8881 -0.2463
vn 0.9376 0.3251 -0.1234
vn 0.5110 0.3251 -0.7957
vn -0.3735 -0.9239 -0.0835
vn -0.9016 -0.3827 -0.2016
vn -0.5751 -0.0000 0.8181
vn -0.9851 -0.0000 0.1718
vn -0.3735 0.9239 -0.0835
vn -0.9016 0.3827 -0.2016
vn -0.1719 -0.0000 -0.9851
vn -0.8181 -0.0000 -0.5751
vn 0.0835 -0.9239 -0.3735
vn 0.2016 -0.3827 -0.9016
vn 0.0835 0.9239 -0.3735
vn 0.2016 0.3827 -0.9016
vn 0.9851 -0.0000 -0.1718
vn 0.5751 -0.0000 -0.8181
vn 0.3735 -0.9239 0.0835
vn 0.9016 -0.3827 0.2016
vn 0.3735 0.9239 0.0835
vn 0.9016 0.3827 0.2016
vn 0.1719 -0.0000 0.9851
vn 0.8181 -0.0000 0.5751
vn -0.0835 -0.9239 0.3735
vn -0.2016 -0.3827 0.9016
vn -0.0835 0.9239 0.3735
vn -0.2016 0.3827 0.9016
vn -0.0000 -1.0000 -0.0000
vn -0.9759 -0.0000 -0.2182
vn -0.2182 -0.0000 0.9759
vn -0.0000 1.0000 -0.0000
vn 0.2182 -0.0000 -0.9759
vn 0.9759 -0.0000 0.2182
vt 0.125500 0.731250
vt 0.125500 0.750000
vt 0.125211 0.750000
vt 0.125000 0.731250
vt 0.417857 0.999500
vt 0.417857 1.000000
vt 0.393114 1.000000
vt 0.375000 0.999500
vt 0.417857 0.018750
vt 0.375000 0.018750
vt 0.375000 0.007925
vt 0.417857 0.000000
vt 0.582143 0.999500
vt 0.625000 0.999500
vt 0.625000 0.999789
vt 0.582143 1.000000
vt 0.874500 0.731250
vt 0.875000 0.731250
vt 0.875000 0.742075
vt 0.874500 0.750000
vt 0.582143 0.018750
vt 0.582143 0.000000
vt 0.606886 0.000000
vt 0.625000 0.018750
vt 0.125500 0.518750
vt 0.125000 0.518750
vt 0.125000 0.507925
vt 0.125500 0.500000
vt 0.417857 0.231250
vt 0.417857 0.250000
vt 0.384057 0.250106
vt 0.375000 0.231250
vt 0.417857 0.250500
vt 0.375000 0.250500
vt 0.874500 0.518750
vt 0.874500 0.500000
vt 0.874789 0.500000
vt 0.875000 0.518750
vt 0.582143 0.250500
vt 0.582143 0.250000
vt 0.615943 0.246038
vt 0.625000 0.250500
vt 0.582143 0.231250
vt 0.625000 0.231250
vt 0.374500 0.731250
vt 0.375000 0.731250
vt 0.381038 0.747429
vt 0.374750 0.750250
vt 0.417857 0.731250
vt 0.417857 0.750000
vt 0.417857 0.750500
vt 0.625500 0.731250
vt 0.625250 0.750250
vt 0.619033 0.747359
vt 0.625000 0.731250
vt 0.582143 0.750500
vt 0.582143 0.750000
vt 0.582143 0.731250
vt 0.374500 0.518750
vt 0.374750 0.499750
vt 0.380967 0.502642
vt 0.375000 0.518750
vt 0.417857 0.499500
vt 0.417857 0.500000
vt 0.417857 0.518750
vt 0.625500 0.518750
vt 0.625000 0.518750
vt 0.618962 0.502571
vt 0.625250 0.499750
vt 0.582143 0.518750
vt 0.582143 0.500000
vt 0.582143 0.499500
s 0
usemtl DL2_IceBlue
f 3613/4349/2605 3616/4350/2605 3617/4351/2605 3619/4352/2605
f 3614/4353/2606 3618/4354/2606 3617/4355/2606 3616/4356/2606
f 3615/4357/2607 3619/4358/2607 3617/4359/2607 3618/4360/2607
f 3620/4361/2608 3623/4362/2608 3624/4363/2608 3626/4364/2608
f 3621/4365/2609 3625/4366/2609 3624/4367/2609 3623/4368/2609
f 3622/4369/2610 3626/4370/2610 3624/4371/2610 3625/4372/2610
f 3627/4373/2611 3630/4374/2611 3631/4375/2611 3633/4376/2611
f 3628/4377/2612 3632/4378/2612 3631/4379/2612 3630/4380/2612
f 3629/4381/2613 3633/4382/2613 3631/4379/2613 3632/4378/2613
f 3634/4383/2614 3637/4384/2614 3638/4385/2614 3640/4386/2614
f 3635/4387/2615 3639/4388/2615 3638/4389/2615 3637/4390/2615
f 3636/4391/2616 3640/4392/2616 3638/4389/2616 3639/4388/2616
f 3641/4393/2617 3644/4394/2617 3645/4395/2617 3647/4396/2617
f 3642/4397/2618 3646/4398/2618 3645/4395/2618 3644/4394/2618
f 3643/4399/2619 3647/4396/2619 3645/4395/2619 3646/4398/2619
f 3648/4400/2620 3651/4401/2620 3652/4402/2620 3654/4403/2620
f 3649/4404/2621 3653/4405/2621 3652/4402/2621 3651/4401/2621
f 3650/4406/2622 3654/4403/2622 3652/4402/2622 3653/4405/2622
f 3655/4407/2623 3658/4408/2623 3659/4409/2623 3661/4410/2623
f 3656/4411/2624 3660/4412/2624 3659/4409/2624 3658/4408/2624
f 3657/4413/2625 3661/4410/2625 3659/4409/2625 3660/4412/2625
f 3662/4414/2626 3665/4415/2626 3666/4416/2626 3668/4417/2626
f 3663/4418/2627 3667/4419/2627 3666/4416/2627 3665/4415/2627
f 3664/4420/2628 3668/4417/2628 3666/4416/2628 3667/4419/2628
f 3627/4373/2629 3613/4349/2629 3619/4352/2629 3630/4374/2629
f 3630/4380/2630 3619/4358/2630 3615/4357/2630 3628/4377/2630
f 3614/4353/2631 3620/4361/2631 3626/4364/2631 3618/4354/2631
f 3618/4360/2632 3626/4370/2632 3622/4369/2632 3615/4357/2632
f 3621/4365/2633 3634/4383/2633 3640/4386/2633 3625/4366/2633
f 3625/4372/2634 3640/4392/2634 3636/4391/2634 3622/4369/2634
f 3635/4387/2635 3629/4381/2635 3632/4378/2635 3639/4388/2635
f 3639/4388/2636 3632/4378/2636 3628/4377/2636 3636/4391/2636
f 3655/4407/2637 3627/4373/2637 3633/4376/2637 3658/4408/2637
f 3658/4408/2638 3633/4382/2638 3629/4381/2638 3656/4411/2638
f 3634/4383/2639 3662/4414/2639 3668/4417/2639 3637/4384/2639
f 3637/4390/2640 3668/4417/2640 3664/4420/2640 3635/4387/2640
f 3663/4418/2641 3657/4413/2641 3660/4412/2641 3667/4419/2641
f 3667/4419/2642 3660/4412/2642 3656/4411/2642 3664/4420/2642
f 3641/4393/2643 3655/4407/2643 3661/4410/2643 3644/4394/2643
f 3644/4394/2644 3661/4410/2644 3657/4413/2644 3642/4397/2644
f 3662/4414/2645 3648/4400/2645 3654/4403/2645 3665/4415/2645
f 3665/4415/2646 3654/4403/2646 3650/4406/2646 3663/4418/2646
f 3649/4404/2647 3643/4399/2647 3646/4398/2647 3653/4405/2647
f 3653/4405/2648 3646/4398/2648 3642/4397/2648 3650/4406/2648
f 3613/4349/2649 3641/4393/2649 3647/4396/2649 3616/4350/2649
f 3616/4356/2650 3647/4396/2650 3643/4399/2650 3614/4353/2650
f 3648/4400/2651 3621/4365/2651 3623/4368/2651 3651/4401/2651
f 3651/4401/2652 3623/4362/2652 3620/4361/2652 3649/4404/2652
f 3627/4373/2653 3655/4407/2653 3641/4393/2653 3613/4349/2653
f 3615/4357/2654 3622/4369/2654 3636/4391/2654 3628/4377/2654
f 3643/4399/2655 3649/4404/2655 3620/4361/2655 3614/4353/2655
f 3662/4414/2656 3634/4383/2656 3621/4365/2656 3648/4400/2656
f 3629/4381/2657 3635/4387/2657 3664/4420/2657 3656/4411/2657
f 3657/4413/2658 3663/4418/2658 3650/4406/2658 3642/4397/2658
o DL_Fate_Ring_Node_1
v 5.059111 6.600000 -12.184888
v 5.096392 6.640000 -12.170394
v 5.044616 6.640000 -12.147607
v 5.085473 6.611716 -12.174639
v 5.072267 6.616906 -12.154996
v 5.075224 6.640000 -12.148277
v 5.048862 6.611716 -12.158526
v 5.096392 7.120000 -12.170394
v 5.059111 7.160000 -12.184888
v 5.044616 7.120000 -12.147607
v 5.085473 7.148284 -12.174639
v 5.072267 7.143094 -12.154996
v 5.048862 7.148284 -12.158526
v 5.075224 7.120000 -12.148277
v 4.499887 6.600000 -12.402303
v 4.485393 6.640000 -12.365022
v 4.462605 6.640000 -12.416798
v 4.489638 6.611716 -12.375941
v 4.469995 6.616906 -12.389147
v 4.463276 6.640000 -12.386190
v 4.473525 6.611716 -12.412552
v 4.499887 7.160000 -12.402303
v 4.462605 7.120000 -12.416798
v 4.485393 7.120000 -12.365022
v 4.473525 7.148284 -12.412552
v 4.469995 7.143094 -12.389147
v 4.463276 7.120000 -12.386190
v 4.489638 7.148284 -12.375941
v 5.936016 6.600000 -14.440423
v 5.950511 6.640000 -14.477704
v 5.973298 6.640000 -14.425928
v 5.946265 6.611716 -14.466784
v 5.965909 6.616906 -14.453579
v 5.972628 6.640000 -14.456535
v 5.962379 6.611716 -14.430174
v 5.936016 7.160000 -14.440423
v 5.973298 7.120000 -14.425928
v 5.950511 7.120000 -14.477704
v 5.962379 7.148284 -14.430174
v 5.965909 7.143094 -14.453579
v 5.972628 7.120000 -14.456535
v 5.946265 7.148284 -14.466784
v 5.376793 6.600000 -14.657838
v 5.339511 6.640000 -14.672332
v 5.391287 6.640000 -14.695119
v 5.350431 6.611716 -14.668087
v 5.363636 6.616906 -14.687730
v 5.360680 6.640000 -14.694448
v 5.387042 6.611716 -14.684199
v 5.376793 7.160000 -14.657838
v 5.391287 7.120000 -14.695119
v 5.339511 7.120000 -14.672332
v 5.387042 7.148284 -14.684199
v 5.363636 7.143094 -14.687730
v 5.360680 7.120000 -14.694448
v 5.350431 7.148284 -14.668087
vn 0.1852 -0.8881 0.4208
vn 0.7099 -0.3251 0.6248
vn -0.0188 -0.3251 0.9455
vn 0.7099 0.3251 0.6248
vn 0.1852 0.8881 0.4208
vn -0.0188 0.3251 0.9455
vn -0.4208 -0.8881 0.1852
vn -0.6248 -0.3251 0.7099
vn -0.9455 -0.3251 -0.0188
vn -0.4208 0.8881 0.1852
vn -0.9455 0.3251 -0.0188
vn -0.6248 0.3251 0.7099
vn 0.4208 -0.8881 -0.1852
vn 0.6248 -0.3251 -0.7099
vn 0.9455 -0.3251 0.0188
vn 0.4208 0.8881 -0.1852
vn 0.9455 0.3251 0.0188
vn 0.6248 0.3251 -0.7099
vn -0.1852 -0.8881 -0.4208
vn -0.7099 -0.3251 -0.6248
vn 0.0188 -0.3251 -0.9455
vn -0.1852 0.8881 -0.4208
vn 0.0188 0.3251 -0.9455
vn -0.7099 0.3251 -0.6248
vn -0.1387 -0.9239 0.3567
vn -0.3348 -0.3827 0.8611
vn 0.7224 -0.0000 0.6915
vn 0.0219 -0.0000 0.9998
vn -0.1387 0.9239 0.3567
vn -0.3348 0.3827 0.8611
vn -0.9998 -0.0000 0.0219
vn -0.6915 -0.0000 0.7224
vn -0.3567 -0.9239 -0.1387
vn -0.8611 -0.3827 -0.3348
vn -0.3567 0.9239 -0.1387
vn -0.8611 0.3827 -0.3348
vn -0.0219 -0.0000 -0.9998
vn -0.7224 -0.0000 -0.6915
vn 0.1387 -0.9239 -0.3567
vn 0.3348 -0.3827 -0.8611
vn 0.1387 0.9239 -0.3567
vn 0.3348 0.3827 -0.8611
vn 0.9998 -0.0000 -0.0219
vn 0.6915 -0.0000 -0.7224
vn 0.3567 -0.9239 0.1387
vn 0.8611 -0.3827 0.3348
vn 0.3567 0.9239 0.1387
vn 0.8611 0.3827 0.3348
vn -0.0000 -1.0000 -0.0000
vn -0.3624 -0.0000 0.9320
vn 0.9320 -0.0000 0.3624
vn -0.0000 1.0000 -0.0000
vn -0.9320 -0.0000 -0.3624
vn 0.3624 -0.0000 -0.9320
vt 0.129000 0.735294
vt 0.129000 0.750000
vt 0.126691 0.750000
vt 0.125000 0.735294
vt 0.392857 0.996000
vt 0.392857 1.000000
vt 0.382547 1.000000
vt 0.375000 0.996000
vt 0.392857 0.014706
vt 0.375000 0.014706
vt 0.375000 0.006215
vt 0.392857 0.000000
vt 0.607143 0.996000
vt 0.625000 0.996000
vt 0.625000 0.998309
vt 0.607143 1.000000
vt 0.871000 0.735294
vt 0.875000 0.735294
vt 0.875000 0.743785
vt 0.871000 0.750000
vt 0.607143 0.014706
vt 0.607143 0.000000
vt 0.617453 0.000000
vt 0.625000 0.014706
vt 0.129000 0.514706
vt 0.125000 0.514706
vt 0.125000 0.506215
vt 0.129000 0.500000
vt 0.392857 0.235294
vt 0.392857 0.250000
vt 0.378774 0.250845
vt 0.375000 0.235294
vt 0.392857 0.254000
vt 0.375000 0.254000
vt 0.871000 0.514706
vt 0.871000 0.500000
vt 0.873309 0.500000
vt 0.875000 0.514706
vt 0.607143 0.254000
vt 0.607143 0.250000
vt 0.621226 0.246892
vt 0.625000 0.254000
vt 0.607143 0.235294
vt 0.625000 0.235294
vt 0.371000 0.735294
vt 0.375000 0.735294
vt 0.377516 0.748492
vt 0.373000 0.752000
vt 0.392857 0.735294
vt 0.392857 0.750000
vt 0.392857 0.754000
vt 0.629000 0.735294
vt 0.627000 0.752000
vt 0.623048 0.747928
vt 0.625000 0.735294
vt 0.607143 0.754000
vt 0.607143 0.750000
vt 0.607143 0.735294
vt 0.371000 0.514706
vt 0.373000 0.498000
vt 0.376952 0.502072
vt 0.375000 0.514706
vt 0.392857 0.496000
vt 0.392857 0.500000
vt 0.392857 0.514706
vt 0.629000 0.514706
vt 0.625000 0.514706
vt 0.622484 0.501508
vt 0.627000 0.498000
vt 0.607143 0.514706
vt 0.607143 0.500000
vt 0.607143 0.496000
s 0
usemtl DL2_Armor_Indigo
f 3669/4421/2659 3672/4422/2659 3673/4423/2659 3675/4424/2659
f 3670/4425/2660 3674/4426/2660 3673/4427/2660 3672/4428/2660
f 3671/4429/2661 3675/4430/2661 3673/4431/2661 3674/4432/2661
f 3676/4433/2662 3679/4434/2662 3680/4435/2662 3682/4436/2662
f 3677/4437/2663 3681/4438/2663 3680/4439/2663 3679/4440/2663
f 3678/4441/2664 3682/4442/2664 3680/4443/2664 3681/4444/2664
f 3683/4445/2665 3686/4446/2665 3687/4447/2665 3689/4448/2665
f 3684/4449/2666 3688/4450/2666 3687/4451/2666 3686/4452/2666
f 3685/4453/2667 3689/4454/2667 3687/4451/2667 3688/4450/2667
f 3690/4455/2668 3693/4456/2668 3694/4457/2668 3696/4458/2668
f 3691/4459/2669 3695/4460/2669 3694/4461/2669 3693/4462/2669
f 3692/4463/2670 3696/4464/2670 3694/4461/2670 3695/4460/2670
f 3697/4465/2671 3700/4466/2671 3701/4467/2671 3703/4468/2671
f 3698/4469/2672 3702/4470/2672 3701/4467/2672 3700/4466/2672
f 3699/4471/2673 3703/4468/2673 3701/4467/2673 3702/4470/2673
f 3704/4472/2674 3707/4473/2674 3708/4474/2674 3710/4475/2674
f 3705/4476/2675 3709/4477/2675 3708/4474/2675 3707/4473/2675
f 3706/4478/2676 3710/4475/2676 3708/4474/2676 3709/4477/2676
f 3711/4479/2677 3714/4480/2677 3715/4481/2677 3717/4482/2677
f 3712/4483/2678 3716/4484/2678 3715/4481/2678 3714/4480/2678
f 3713/4485/2679 3717/4482/2679 3715/4481/2679 3716/4484/2679
f 3718/4486/2680 3721/4487/2680 3722/4488/2680 3724/4489/2680
f 3719/4490/2681 3723/4491/2681 3722/4488/2681 3721/4487/2681
f 3720/4492/2682 3724/4489/2682 3722/4488/2682 3723/4491/2682
f 3683/4445/2683 3669/4421/2683 3675/4424/2683 3686/4446/2683
f 3686/4452/2684 3675/4430/2684 3671/4429/2684 3684/4449/2684
f 3670/4425/2685 3676/4433/2685 3682/4436/2685 3674/4426/2685
f 3674/4432/2686 3682/4442/2686 3678/4441/2686 3671/4429/2686
f 3677/4437/2687 3690/4455/2687 3696/4458/2687 3681/4438/2687
f 3681/4444/2688 3696/4464/2688 3692/4463/2688 3678/4441/2688
f 3691/4459/2689 3685/4453/2689 3688/4450/2689 3695/4460/2689
f 3695/4460/2690 3688/4450/2690 3684/4449/2690 3692/4463/2690
f 3711/4479/2691 3683/4445/2691 3689/4448/2691 3714/4480/2691
f 3714/4480/2692 3689/4454/2692 3685/4453/2692 3712/4483/2692
f 3690/4455/2693 3718/4486/2693 3724/4489/2693 3693/4456/2693
f 3693/4462/2694 3724/4489/2694 3720/4492/2694 3691/4459/2694
f 3719/4490/2695 3713/4485/2695 3716/4484/2695 3723/4491/2695
f 3723/4491/2696 3716/4484/2696 3712/4483/2696 3720/4492/2696
f 3697/4465/2697 3711/4479/2697 3717/4482/2697 3700/4466/2697
f 3700/4466/2698 3717/4482/2698 3713/4485/2698 3698/4469/2698
f 3718/4486/2699 3704/4472/2699 3710/4475/2699 3721/4487/2699
f 3721/4487/2700 3710/4475/2700 3706/4478/2700 3719/4490/2700
f 3705/4476/2701 3699/4471/2701 3702/4470/2701 3709/4477/2701
f 3709/4477/2702 3702/4470/2702 3698/4469/2702 3706/4478/2702
f 3669/4421/2703 3697/4465/2703 3703/4468/2703 3672/4422/2703
f 3672/4428/2704 3703/4468/2704 3699/4471/2704 3670/4425/2704
f 3704/4472/2705 3677/4437/2705 3679/4440/2705 3707/4473/2705
f 3707/4473/2706 3679/4434/2706 3676/4433/2706 3705/4476/2706
f 3683/4445/2707 3711/4479/2707 3697/4465/2707 3669/4421/2707
f 3671/4429/2708 3678/4441/2708 3692/4463/2708 3684/4449/2708
f 3699/4471/2709 3705/4476/2709 3676/4433/2709 3670/4425/2709
f 3718/4486/2710 3690/4455/2710 3677/4437/2710 3704/4472/2710
f 3685/4453/2711 3691/4459/2711 3720/4492/2711 3712/4483/2711
f 3713/4485/2712 3719/4490/2712 3706/4478/2712 3698/4469/2712
o DL_Fate_Ring_Node_2
v -4.603997 6.600000 -12.364033
v -4.566839 6.640000 -12.378840
v -4.589190 6.640000 -12.326875
v -4.577723 6.611716 -12.374503
v -4.573995 6.616906 -12.351129
v -4.567252 6.640000 -12.348228
v -4.593527 6.611716 -12.337758
v -4.566839 7.120000 -12.378840
v -4.603997 7.160000 -12.364033
v -4.589190 7.120000 -12.326875
v -4.577723 7.148284 -12.374503
v -4.573995 7.143094 -12.351129
v -4.593527 7.148284 -12.337758
v -4.567252 7.120000 -12.348228
v -5.161373 6.600000 -12.141925
v -5.146566 6.640000 -12.104766
v -5.198532 6.640000 -12.127117
v -5.150903 6.611716 -12.115650
v -5.174278 6.616906 -12.111922
v -5.177178 6.640000 -12.105180
v -5.187648 6.611716 -12.131454
v -5.161373 7.160000 -12.141925
v -5.198532 7.120000 -12.127117
v -5.146566 7.120000 -12.104766
v -5.187648 7.148284 -12.131454
v -5.174278 7.143094 -12.111922
v -5.177178 7.120000 -12.105180
v -5.150903 7.148284 -12.115650
v -5.499835 6.600000 -14.612115
v -5.514642 6.640000 -14.649274
v -5.462677 6.640000 -14.626923
v -5.510305 6.611716 -14.638390
v -5.486930 6.616906 -14.642118
v -5.484030 6.640000 -14.648860
v -5.473560 6.611716 -14.622585
v -5.499835 7.160000 -14.612115
v -5.462677 7.120000 -14.626923
v -5.514642 7.120000 -14.649274
v -5.473560 7.148284 -14.622585
v -5.486930 7.143094 -14.642118
v -5.484030 7.120000 -14.648860
v -5.510305 7.148284 -14.638390
v -6.057211 6.600000 -14.390007
v -6.094369 6.640000 -14.375199
v -6.072018 6.640000 -14.427165
v -6.083486 6.611716 -14.379537
v -6.087213 6.616906 -14.402911
v -6.093956 6.640000 -14.405811
v -6.067681 6.611716 -14.416282
v -6.057211 7.160000 -14.390007
v -6.072018 7.120000 -14.427165
v -6.094369 7.120000 -14.375199
v -6.067681 7.148284 -14.416282
v -6.087213 7.143094 -14.402911
v -6.093956 7.120000 -14.405811
v -6.083486 7.148284 -14.379537
vn 0.4223 -0.8881 0.1816
vn 0.9453 -0.3251 -0.0268
vn 0.6307 -0.3251 0.7047
vn 0.9453 0.3251 -0.0268
vn 0.4223 0.8881 0.1816
vn 0.6307 0.3251 0.7047
vn -0.1816 -0.8881 0.4223
vn 0.0268 -0.3251 0.9453
vn -0.7047 -0.3251 0.6307
vn -0.1816 0.8881 0.4223
vn -0.7047 0.3251 0.6307
vn 0.0268 0.3251 0.9453
vn 0.1816 -0.8881 -0.4223
vn -0.0268 -0.3251 -0.9453
vn 0.7047 -0.3251 -0.6307
vn 0.1816 0.8881 -0.4223
vn 0.7047 0.3251 -0.6307
vn -0.0268 0.3251 -0.9453
vn -0.4223 -0.8881 -0.1816
vn -0.9453 -0.3251 0.0268
vn -0.6307 -0.3251 -0.7047
vn -0.4223 0.8881 -0.1816
vn -0.6307 0.3251 -0.7047
vn -0.9453 0.3251 0.0268
vn 0.1417 -0.9239 0.3555
vn 0.3420 -0.3827 0.8582
vn 0.9999 -0.0000 0.0135
vn 0.6975 -0.0000 0.7166
vn 0.1417 0.9239 0.3555
vn 0.3420 0.3827 0.8582
vn -0.7166 -0.0000 0.6975
vn -0.0135 -0.0000 0.9999
vn -0.3555 -0.9239 0.1417
vn -0.8582 -0.3827 0.3420
vn -0.3555 0.9239 0.1417
vn -0.8582 0.3827 0.3420
vn -0.6975 -0.0000 -0.7166
vn -0.9999 -0.0000 -0.0135
vn -0.1417 -0.9239 -0.3555
vn -0.3420 -0.3827 -0.8582
vn -0.1417 0.9239 -0.3555
vn -0.3420 0.3827 -0.8582
vn 0.7166 -0.0000 -0.6975
vn 0.0135 -0.0000 -0.9999
vn 0.3555 -0.9239 -0.1417
vn 0.8582 -0.3827 -0.3420
vn 0.3555 0.9239 -0.1417
vn 0.8582 0.3827 -0.3420
vn -0.0000 -1.0000 -0.0000
vn 0.3702 -0.0000 0.9290
vn 0.9290 -0.0000 -0.3702
vn -0.0000 1.0000 -0.0000
vn -0.9290 -0.0000 0.3702
vn -0.3702 -0.0000 -0.9290
vt 0.129000 0.735294
vt 0.129000 0.750000
vt 0.126691 0.750000
vt 0.125000 0.735294
vt 0.392857 0.996000
vt 0.392857 1.000000
vt 0.382547 1.000000
vt 0.375000 0.996000
vt 0.392857 0.014706
vt 0.375000 0.014706
vt 0.375000 0.006215
vt 0.392857 0.000000
vt 0.607143 0.996000
vt 0.625000 0.996000
vt 0.625000 0.998309
vt 0.607143 1.000000
vt 0.871000 0.735294
vt 0.875000 0.735294
vt 0.875000 0.743785
vt 0.871000 0.750000
vt 0.607143 0.014706
vt 0.607143 0.000000
vt 0.617453 0.000000
vt 0.625000 0.014706
vt 0.129000 0.514706
vt 0.125000 0.514706
vt 0.125000 0.506215
vt 0.129000 0.500000
vt 0.392857 0.235294
vt 0.392857 0.250000
vt 0.378774 0.250845
vt 0.375000 0.235294
vt 0.392857 0.254000
vt 0.375000 0.254000
vt 0.871000 0.514706
vt 0.871000 0.500000
vt 0.873309 0.500000
vt 0.875000 0.514706
vt 0.607143 0.254000
vt 0.607143 0.250000
vt 0.621226 0.246892
vt 0.625000 0.254000
vt 0.607143 0.235294
vt 0.625000 0.235294
vt 0.371000 0.735294
vt 0.375000 0.735294
vt 0.377516 0.748492
vt 0.373000 0.752000
vt 0.392857 0.735294
vt 0.392857 0.750000
vt 0.392857 0.754000
vt 0.629000 0.735294
vt 0.627000 0.752000
vt 0.623048 0.747928
vt 0.625000 0.735294
vt 0.607143 0.754000
vt 0.607143 0.750000
vt 0.607143 0.735294
vt 0.371000 0.514706
vt 0.373000 0.498000
vt 0.376952 0.502072
vt 0.375000 0.514706
vt 0.392857 0.496000
vt 0.392857 0.500000
vt 0.392857 0.514706
vt 0.629000 0.514706
vt 0.625000 0.514706
vt 0.622484 0.501508
vt 0.627000 0.498000
vt 0.607143 0.514706
vt 0.607143 0.500000
vt 0.607143 0.496000
s 0
usemtl DL2_Hull_Silver
f 3725/4493/2713 3728/4494/2713 3729/4495/2713 3731/4496/2713
f 3726/4497/2714 3730/4498/2714 3729/4499/2714 3728/4500/2714
f 3727/4501/2715 3731/4502/2715 3729/4503/2715 3730/4504/2715
f 3732/4505/2716 3735/4506/2716 3736/4507/2716 3738/4508/2716
f 3733/4509/2717 3737/4510/2717 3736/4511/2717 3735/4512/2717
f 3734/4513/2718 3738/4514/2718 3736/4515/2718 3737/4516/2718
f 3739/4517/2719 3742/4518/2719 3743/4519/2719 3745/4520/2719
f 3740/4521/2720 3744/4522/2720 3743/4523/2720 3742/4524/2720
f 3741/4525/2721 3745/4526/2721 3743/4523/2721 3744/4522/2721
f 3746/4527/2722 3749/4528/2722 3750/4529/2722 3752/4530/2722
f 3747/4531/2723 3751/4532/2723 3750/4533/2723 3749/4534/2723
f 3748/4535/2724 3752/4536/2724 3750/4533/2724 3751/4532/2724
f 3753/4537/2725 3756/4538/2725 3757/4539/2725 3759/4540/2725
f 3754/4541/2726 3758/4542/2726 3757/4539/2726 3756/4538/2726
f 3755/4543/2727 3759/4540/2727 3757/4539/2727 3758/4542/2727
f 3760/4544/2728 3763/4545/2728 3764/4546/2728 3766/4547/2728
f 3761/4548/2729 3765/4549/2729 3764/4546/2729 3763/4545/2729
f 3762/4550/2730 3766/4547/2730 3764/4546/2730 3765/4549/2730
f 3767/4551/2731 3770/4552/2731 3771/4553/2731 3773/4554/2731
f 3768/4555/2732 3772/4556/2732 3771/4553/2732 3770/4552/2732
f 3769/4557/2733 3773/4554/2733 3771/4553/2733 3772/4556/2733
f 3774/4558/2734 3777/4559/2734 3778/4560/2734 3780/4561/2734
f 3775/4562/2735 3779/4563/2735 3778/4560/2735 3777/4559/2735
f 3776/4564/2736 3780/4561/2736 3778/4560/2736 3779/4563/2736
f 3739/4517/2737 3725/4493/2737 3731/4496/2737 3742/4518/2737
f 3742/4524/2738 3731/4502/2738 3727/4501/2738 3740/4521/2738
f 3726/4497/2739 3732/4505/2739 3738/4508/2739 3730/4498/2739
f 3730/4504/2740 3738/4514/2740 3734/4513/2740 3727/4501/2740
f 3733/4509/2741 3746/4527/2741 3752/4530/2741 3737/4510/2741
f 3737/4516/2742 3752/4536/2742 3748/4535/2742 3734/4513/2742
f 3747/4531/2743 3741/4525/2743 3744/4522/2743 3751/4532/2743
f 3751/4532/2744 3744/4522/2744 3740/4521/2744 3748/4535/2744
f 3767/4551/2745 3739/4517/2745 3745/4520/2745 3770/4552/2745
f 3770/4552/2746 3745/4526/2746 3741/4525/2746 3768/4555/2746
f 3746/4527/2747 3774/4558/2747 3780/4561/2747 3749/4528/2747
f 3749/4534/2748 3780/4561/2748 3776/4564/2748 3747/4531/2748
f 3775/4562/2749 3769/4557/2749 3772/4556/2749 3779/4563/2749
f 3779/4563/2750 3772/4556/2750 3768/4555/2750 3776/4564/2750
f 3753/4537/2751 3767/4551/2751 3773/4554/2751 3756/4538/2751
f 3756/4538/2752 3773/4554/2752 3769/4557/2752 3754/4541/2752
f 3774/4558/2753 3760/4544/2753 3766/4547/2753 3777/4559/2753
f 3777/4559/2754 3766/4547/2754 3762/4550/2754 3775/4562/2754
f 3761/4548/2755 3755/4543/2755 3758/4542/2755 3765/4549/2755
f 3765/4549/2756 3758/4542/2756 3754/4541/2756 3762/4550/2756
f 3725/4493/2757 3753/4537/2757 3759/4540/2757 3728/4494/2757
f 3728/4500/2758 3759/4540/2758 3755/4543/2758 3726/4497/2758
f 3760/4544/2759 3733/4509/2759 3735/4512/2759 3763/4545/2759
f 3763/4545/2760 3735/4506/2760 3732/4505/2760 3761/4548/2760
f 3739/4517/2761 3767/4551/2761 3753/4537/2761 3725/4493/2761
f 3727/4501/2762 3734/4513/2762 3748/4535/2762 3740/4521/2762
f 3755/4543/2763 3761/4548/2763 3732/4505/2763 3726/4497/2763
f 3774/4558/2764 3746/4527/2764 3733/4509/2764 3760/4544/2764
f 3741/4525/2765 3747/4531/2765 3776/4564/2765 3768/4555/2765
f 3769/4557/2766 3775/4562/2766 3762/4550/2766 3754/4541/2766
o DL_Fate_Ring_Node_3
v -12.327416 6.600000 -4.701160
v -12.314016 6.640000 -4.738849
v -12.289727 6.640000 -4.687761
v -12.317942 6.611716 -4.727810
v -12.297920 6.616906 -4.715184
v -12.291291 6.640000 -4.718335
v -12.300766 6.611716 -4.691685
v -12.314016 7.120000 -4.738849
v -12.327416 7.160000 -4.701160
v -12.289727 7.120000 -4.687761
v -12.317942 7.148284 -4.727810
v -12.297920 7.143094 -4.715184
v -12.300766 7.148284 -4.691685
v -12.291291 7.120000 -4.718335
v -12.528409 6.600000 -4.135827
v -12.490721 6.640000 -4.122427
v -12.541809 6.640000 -4.098138
v -12.501760 6.611716 -4.126352
v -12.514386 6.616906 -4.106331
v -12.511234 6.640000 -4.099702
v -12.537884 6.611716 -4.109177
v -12.528409 7.160000 -4.135827
v -12.541809 7.120000 -4.098138
v -12.490721 7.120000 -4.122427
v -12.537884 7.148284 -4.109177
v -12.514386 7.143094 -4.106331
v -12.511234 7.120000 -4.099702
v -12.501760 7.148284 -4.126352
v -14.607594 6.600000 -5.511832
v -14.645283 6.640000 -5.525231
v -14.594194 6.640000 -5.549520
v -14.634244 6.611716 -5.521307
v -14.621617 6.616906 -5.541327
v -14.624769 6.640000 -5.547956
v -14.598120 6.611716 -5.538482
v -14.607594 7.160000 -5.511832
v -14.594194 7.120000 -5.549520
v -14.645283 7.120000 -5.525231
v -14.598120 7.148284 -5.538482
v -14.621617 7.143094 -5.541327
v -14.624769 7.120000 -5.547956
v -14.634244 7.148284 -5.521307
v -14.808587 6.600000 -4.946498
v -14.821987 6.640000 -4.908809
v -14.846276 6.640000 -4.959898
v -14.818062 6.611716 -4.919848
v -14.838083 6.616906 -4.932475
v -14.844712 6.640000 -4.929323
v -14.835238 6.611716 -4.955973
v -14.808587 7.160000 -4.946498
v -14.846276 7.120000 -4.959898
v -14.821987 7.120000 -4.908809
v -14.835238 7.148284 -4.955973
v -14.838083 7.143094 -4.932475
v -14.844712 7.120000 -4.929323
v -14.818062 7.148284 -4.919848
vn 0.4152 -0.8881 -0.1974
vn 0.6038 -0.3251 -0.7279
vn 0.9457 -0.3251 -0.0088
vn 0.6038 0.3251 -0.7279
vn 0.4152 0.8881 -0.1974
vn 0.9457 0.3251 -0.0088
vn 0.1974 -0.8881 0.4152
vn 0.7279 -0.3251 0.6038
vn 0.0088 -0.3251 0.9457
vn 0.1974 0.8881 0.4152
vn 0.0088 0.3251 0.9457
vn 0.7279 0.3251 0.6038
vn -0.1974 -0.8881 -0.4152
vn -0.7279 -0.3251 -0.6038
vn -0.0088 -0.3251 -0.9457
vn -0.1974 0.8881 -0.4152
vn -0.0088 0.3251 -0.9457
vn -0.7279 0.3251 -0.6038
vn -0.4152 -0.8881 0.1974
vn -0.6038 -0.3251 0.7279
vn -0.9457 -0.3251 0.0088
vn -0.4152 0.8881 0.1974
vn -0.9457 0.3251 0.0088
vn -0.6038 0.3251 0.7279
vn 0.3606 -0.9239 0.1282
vn 0.8705 -0.3827 0.3095
vn 0.6701 -0.0000 -0.7423
vn 0.9987 -0.0000 -0.0511
vn 0.3606 0.9239 0.1282
vn 0.8705 0.3827 0.3095
vn 0.0511 -0.0000 0.9987
vn 0.7423 -0.0000 0.6701
vn -0.1282 -0.9239 0.3606
vn -0.3095 -0.3827 0.8705
vn -0.1282 0.9239 0.3606
vn -0.3095 0.3827 0.8705
vn -0.9987 -0.0000 0.0511
vn -0.6701 -0.0000 0.7423
vn -0.3606 -0.9239 -0.1282
vn -0.8705 -0.3827 -0.3095
vn -0.3606 0.9239 -0.1282
vn -0.8705 0.3827 -0.3095
vn -0.0511 -0.0000 -0.9987
vn -0.7423 -0.0000 -0.6701
vn 0.1282 -0.9239 -0.3606
vn 0.3095 -0.3827 -0.8705
vn 0.1282 0.9239 -0.3606
vn 0.3095 0.3827 -0.8705
vn -0.0000 -1.0000 -0.0000
vn 0.9422 -0.0000 0.3350
vn 0.3350 -0.0000 -0.9422
vn -0.0000 1.0000 -0.0000
vn -0.3350 -0.0000 0.9422
vn -0.9422 -0.0000 -0.3350
vt 0.129000 0.735294
vt 0.129000 0.750000
vt 0.126691 0.750000
vt 0.125000 0.735294
vt 0.392857 0.996000
vt 0.392857 1.000000
vt 0.382547 1.000000
vt 0.375000 0.996000
vt 0.392857 0.014706
vt 0.375000 0.014706
vt 0.375000 0.006215
vt 0.392857 0.000000
vt 0.607143 0.996000
vt 0.625000 0.996000
vt 0.625000 0.998309
vt 0.607143 1.000000
vt 0.871000 0.735294
vt 0.875000 0.735294
vt 0.875000 0.743785
vt 0.871000 0.750000
vt 0.607143 0.014706
vt 0.607143 0.000000
vt 0.617453 0.000000
vt 0.625000 0.014706
vt 0.129000 0.514706
vt 0.125000 0.514706
vt 0.125000 0.506215
vt 0.129000 0.500000
vt 0.392857 0.235294
vt 0.392857 0.250000
vt 0.378774 0.250845
vt 0.375000 0.235294
vt 0.392857 0.254000
vt 0.375000 0.254000
vt 0.871000 0.514706
vt 0.871000 0.500000
vt 0.873309 0.500000
vt 0.875000 0.514706
vt 0.607143 0.254000
vt 0.607143 0.250000
vt 0.621226 0.246892
vt 0.625000 0.254000
vt 0.607143 0.235294
vt 0.625000 0.235294
vt 0.371000 0.735294
vt 0.375000 0.735294
vt 0.377516 0.748492
vt 0.373000 0.752000
vt 0.392857 0.735294
vt 0.392857 0.750000
vt 0.392857 0.754000
vt 0.629000 0.735294
vt 0.627000 0.752000
vt 0.623048 0.747928
vt 0.625000 0.735294
vt 0.607143 0.754000
vt 0.607143 0.750000
vt 0.607143 0.735294
vt 0.371000 0.514706
vt 0.373000 0.498000
vt 0.376952 0.502072
vt 0.375000 0.514706
vt 0.392857 0.496000
vt 0.392857 0.500000
vt 0.392857 0.514706
vt 0.629000 0.514706
vt 0.625000 0.514706
vt 0.622484 0.501508
vt 0.627000 0.498000
vt 0.607143 0.514706
vt 0.607143 0.500000
vt 0.607143 0.496000
s 0
usemtl DL2_Armor_Indigo
f 3781/4565/2767 3784/4566/2767 3785/4567/2767 3787/4568/2767
f 3782/4569/2768 3786/4570/2768 3785/4571/2768 3784/4572/2768
f 3783/4573/2769 3787/4574/2769 3785/4575/2769 3786/4576/2769
f 3788/4577/2770 3791/4578/2770 3792/4579/2770 3794/4580/2770
f 3789/4581/2771 3793/4582/2771 3792/4583/2771 3791/4584/2771
f 3790/4585/2772 3794/4586/2772 3792/4587/2772 3793/4588/2772
f 3795/4589/2773 3798/4590/2773 3799/4591/2773 3801/4592/2773
f 3796/4593/2774 3800/4594/2774 3799/4595/2774 3798/4596/2774
f 3797/4597/2775 3801/4598/2775 3799/4595/2775 3800/4594/2775
f 3802/4599/2776 3805/4600/2776 3806/4601/2776 3808/4602/2776
f 3803/4603/2777 3807/4604/2777 3806/4605/2777 3805/4606/2777
f 3804/4607/2778 3808/4608/2778 3806/4605/2778 3807/4604/2778
f 3809/4609/2779 3812/4610/2779 3813/4611/2779 3815/4612/2779
f 3810/4613/2780 3814/4614/2780 3813/4611/2780 3812/4610/2780
f 3811/4615/2781 3815/4612/2781 3813/4611/2781 3814/4614/2781
f 3816/4616/2782 3819/4617/2782 3820/4618/2782 3822/4619/2782
f 3817/4620/2783 3821/4621/2783 3820/4618/2783 3819/4617/2783
f 3818/4622/2784 3822/4619/2784 3820/4618/2784 3821/4621/2784
f 3823/4623/2785 3826/4624/2785 3827/4625/2785 3829/4626/2785
f 3824/4627/2786 3828/4628/2786 3827/4625/2786 3826/4624/2786
f 3825/4629/2787 3829/4626/2787 3827/4625/2787 3828/4628/2787
f 3830/4630/2788 3833/4631/2788 3834/4632/2788 3836/4633/2788
f 3831/4634/2789 3835/4635/2789 3834/4632/2789 3833/4631/2789
f 3832/4636/2790 3836/4633/2790 3834/4632/2790 3835/4635/2790
f 3795/4589/2791 3781/4565/2791 3787/4568/2791 3798/4590/2791
f 3798/4596/2792 3787/4574/2792 3783/4573/2792 3796/4593/2792
f 3782/4569/2793 3788/4577/2793 3794/4580/2793 3786/4570/2793
f 3786/4576/2794 3794/4586/2794 3790/4585/2794 3783/4573/2794
f 3789/4581/2795 3802/4599/2795 3808/4602/2795 3793/4582/2795
f 3793/4588/2796 3808/4608/2796 3804/4607/2796 3790/4585/2796
f 3803/4603/2797 3797/4597/2797 3800/4594/2797 3807/4604/2797
f 3807/4604/2798 3800/4594/2798 3796/4593/2798 3804/4607/2798
f 3823/4623/2799 3795/4589/2799 3801/4592/2799 3826/4624/2799
f 3826/4624/2800 3801/4598/2800 3797/4597/2800 3824/4627/2800
f 3802/4599/2801 3830/4630/2801 3836/4633/2801 3805/4600/2801
f 3805/4606/2802 3836/4633/2802 3832/4636/2802 3803/4603/2802
f 3831/4634/2803 3825/4629/2803 3828/4628/2803 3835/4635/2803
f 3835/4635/2804 3828/4628/2804 3824/4627/2804 3832/4636/2804
f 3809/4609/2805 3823/4623/2805 3829/4626/2805 3812/4610/2805
f 3812/4610/2806 3829/4626/2806 3825/4629/2806 3810/4613/2806
f 3830/4630/2807 3816/4616/2807 3822/4619/2807 3833/4631/2807
f 3833/4631/2808 3822/4619/2808 3818/4622/2808 3831/4634/2808
f 3817/4620/2809 3811/4615/2809 3814/4614/2809 3821/4621/2809
f 3821/4621/2810 3814/4614/2810 3810/4613/2810 3818/4622/2810
f 3781/4565/2811 3809/4609/2811 3815/4612/2811 3784/4566/2811
f 3784/4572/2812 3815/4612/2812 3811/4615/2812 3782/4569/2812
f 3816/4616/2813 3789/4581/2813 3791/4584/2813 3819/4617/2813
f 3819/4617/2814 3791/4578/2814 3788/4577/2814 3817/4620/2814
f 3795/4589/2815 3823/4623/2815 3809/4609/2815 3781/4565/2815
f 3783/4573/2816 3790/4585/2816 3804/4607/2816 3796/4593/2816
f 3811/4615/2817 3817/4620/2817 3788/4577/2817 3782/4569/2817
f 3830/4630/2818 3802/4599/2818 3789/4581/2818 3816/4616/2818
f 3797/4597/2819 3803/4603/2819 3832/4636/2819 3824/4627/2819
f 3825/4629/2820 3831/4634/2820 3818/4622/2820 3810/4613/2820
o DL_Fate_Ring_Node_4
v -12.224326 6.600000 4.963058
v -12.240212 6.640000 4.926348
v -12.187616 6.640000 4.947172
v -12.235559 6.611716 4.937100
v -12.212303 6.616906 4.932692
v -12.209601 6.640000 4.925867
v -12.198368 6.611716 4.951825
v -12.240212 7.120000 4.926348
v -12.224326 7.160000 4.963058
v -12.187616 7.120000 4.947172
v -12.235559 7.148284 4.937100
v -12.212303 7.143094 4.932692
v -12.198368 7.148284 4.951825
v -12.209601 7.120000 4.925867
v -11.986037 6.600000 5.513710
v -11.949327 6.640000 5.497825
v -11.970152 6.640000 5.550421
v -11.960079 6.611716 5.502478
v -11.955671 6.616906 5.525733
v -11.948847 6.640000 5.528436
v -11.974804 6.611716 5.539669
v -11.986037 7.160000 5.513710
v -11.970152 7.120000 5.550421
v -11.949327 7.120000 5.497825
v -11.974804 7.148284 5.539669
v -11.955671 7.143094 5.525733
v -11.948847 7.120000 5.528436
v -11.960079 7.148284 5.502478
v -14.445292 6.600000 5.924157
v -14.482002 6.640000 5.940042
v -14.461178 6.640000 5.887446
v -14.471251 6.611716 5.935390
v -14.475658 6.616906 5.912134
v -14.482483 6.640000 5.909431
v -14.456526 6.611716 5.898199
v -14.445292 7.160000 5.924157
v -14.461178 7.120000 5.887446
v -14.482002 7.120000 5.940042
v -14.456526 7.148284 5.898199
v -14.475658 7.143094 5.912134
v -14.482483 7.120000 5.909431
v -14.471251 7.148284 5.935390
v -14.207004 6.600000 6.474809
v -14.191117 6.640000 6.511519
v -14.243713 6.640000 6.490695
v -14.195770 6.611716 6.500767
v -14.219027 6.616906 6.505176
v -14.221728 6.640000 6.512000
v -14.232962 6.611716 6.486042
v -14.207004 7.160000 6.474809
v -14.243713 7.120000 6.490695
v -14.191117 7.120000 6.511519
v -14.232962 7.148284 6.486042
v -14.219027 7.143094 6.505176
v -14.221728 7.120000 6.512000
v -14.195770 7.148284 6.500767
vn 0.1692 -0.8881 -0.4274
vn -0.0544 -0.3251 -0.9441
vn 0.6859 -0.3251 -0.6510
vn -0.0544 0.3251 -0.9441
vn 0.1692 0.8881 -0.4274
vn 0.6859 0.3251 -0.6510
vn 0.4274 -0.8881 0.1692
vn 0.9441 -0.3251 -0.0544
vn 0.6510 -0.3251 0.6859
vn 0.4274 0.8881 0.1692
vn 0.6510 0.3251 0.6859
vn 0.9441 0.3251 -0.0544
vn -0.4274 -0.8881 -0.1692
vn -0.9441 -0.3251 0.0544
vn -0.6510 -0.3251 -0.6859
vn -0.4274 0.8881 -0.1692
vn -0.6510 0.3251 -0.6859
vn -0.9441 0.3251 0.0544
vn -0.1692 -0.8881 0.4274
vn 0.0544 -0.3251 0.9441
vn -0.6859 -0.3251 0.6510
vn -0.1692 0.8881 0.4274
vn -0.6859 0.3251 0.6510
vn 0.0544 0.3251 0.9441
vn 0.3512 -0.9239 -0.1520
vn 0.8479 -0.3827 -0.3669
vn -0.0157 -0.0000 -0.9999
vn 0.6959 -0.0000 -0.7181
vn 0.3512 0.9239 -0.1520
vn 0.8479 0.3827 -0.3669
vn 0.7181 -0.0000 0.6959
vn 0.9999 -0.0000 -0.0157
vn 0.1520 -0.9239 0.3512
vn 0.3669 -0.3827 0.8479
vn 0.1520 0.9239 0.3512
vn 0.3669 0.3827 0.8479
vn -0.6959 -0.0000 0.7181
vn 0.0157 -0.0000 0.9999
vn -0.3512 -0.9239 0.1520
vn -0.8479 -0.3827 0.3669
vn -0.3512 0.9239 0.1520
vn -0.8479 0.3827 0.3669
vn -0.7181 -0.0000 -0.6959
vn -0.9999 -0.0000 0.0157
vn -0.1520 -0.9239 -0.3512
vn -0.3669 -0.3827 -0.8479
vn -0.1520 0.9239 -0.3512
vn -0.3669 0.3827 -0.8479
vn -0.0000 -1.0000 -0.0000
vn 0.9178 -0.0000 -0.3971
vn -0.3971 -0.0000 -0.9178
vn -0.0000 1.0000 -0.0000
vn 0.3971 -0.0000 0.9178
vn -0.9178 -0.0000 0.3971
vt 0.129000 0.735294
vt 0.129000 0.750000
vt 0.126691 0.750000
vt 0.125000 0.735294
vt 0.392857 0.996000
vt 0.392857 1.000000
vt 0.382547 1.000000
vt 0.375000 0.996000
vt 0.392857 0.014706
vt 0.375000 0.014706
vt 0.375000 0.006215
vt 0.392857 0.000000
vt 0.607143 0.996000
vt 0.625000 0.996000
vt 0.625000 0.998309
vt 0.607143 1.000000
vt 0.871000 0.735294
vt 0.875000 0.735294
vt 0.875000 0.743785
vt 0.871000 0.750000
vt 0.607143 0.014706
vt 0.607143 0.000000
vt 0.617453 0.000000
vt 0.625000 0.014706
vt 0.129000 0.514706
vt 0.125000 0.514706
vt 0.125000 0.506215
vt 0.129000 0.500000
vt 0.392857 0.235294
vt 0.392857 0.250000
vt 0.378774 0.250845
vt 0.375000 0.235294
vt 0.392857 0.254000
vt 0.375000 0.254000
vt 0.871000 0.514706
vt 0.871000 0.500000
vt 0.873309 0.500000
vt 0.875000 0.514706
vt 0.607143 0.254000
vt 0.607143 0.250000
vt 0.621226 0.246892
vt 0.625000 0.254000
vt 0.607143 0.235294
vt 0.625000 0.235294
vt 0.371000 0.735294
vt 0.375000 0.735294
vt 0.377516 0.748492
vt 0.373000 0.752000
vt 0.392857 0.735294
vt 0.392857 0.750000
vt 0.392857 0.754000
vt 0.629000 0.735294
vt 0.627000 0.752000
vt 0.623048 0.747928
vt 0.625000 0.735294
vt 0.607143 0.754000
vt 0.607143 0.750000
vt 0.607143 0.735294
vt 0.371000 0.514706
vt 0.373000 0.498000
vt 0.376952 0.502072
vt 0.375000 0.514706
vt 0.392857 0.496000
vt 0.392857 0.500000
vt 0.392857 0.514706
vt 0.629000 0.514706
vt 0.625000 0.514706
vt 0.622484 0.501508
vt 0.627000 0.498000
vt 0.607143 0.514706
vt 0.607143 0.500000
vt 0.607143 0.496000
s 0
usemtl DL2_Hull_Silver
f 3837/4637/2821 3840/4638/2821 3841/4639/2821 3843/4640/2821
f 3838/4641/2822 3842/4642/2822 3841/4643/2822 3840/4644/2822
f 3839/4645/2823 3843/4646/2823 3841/4647/2823 3842/4648/2823
f 3844/4649/2824 3847/4650/2824 3848/4651/2824 3850/4652/2824
f 3845/4653/2825 3849/4654/2825 3848/4655/2825 3847/4656/2825
f 3846/4657/2826 3850/4658/2826 3848/4659/2826 3849/4660/2826
f 3851/4661/2827 3854/4662/2827 3855/4663/2827 3857/4664/2827
f 3852/4665/2828 3856/4666/2828 3855/4667/2828 3854/4668/2828
f 3853/4669/2829 3857/4670/2829 3855/4667/2829 3856/4666/2829
f 3858/4671/2830 3861/4672/2830 3862/4673/2830 3864/4674/2830
f 3859/4675/2831 3863/4676/2831 3862/4677/2831 3861/4678/2831
f 3860/4679/2832 3864/4680/2832 3862/4677/2832 3863/4676/2832
f 3865/4681/2833 3868/4682/2833 3869/4683/2833 3871/4684/2833
f 3866/4685/2834 3870/4686/2834 3869/4683/2834 3868/4682/2834
f 3867/4687/2835 3871/4684/2835 3869/4683/2835 3870/4686/2835
f 3872/4688/2836 3875/4689/2836 3876/4690/2836 3878/4691/2836
f 3873/4692/2837 3877/4693/2837 3876/4690/2837 3875/4689/2837
f 3874/4694/2838 3878/4691/2838 3876/4690/2838 3877/4693/2838
f 3879/4695/2839 3882/4696/2839 3883/4697/2839 3885/4698/2839
f 3880/4699/2840 3884/4700/2840 3883/4697/2840 3882/4696/2840
f 3881/4701/2841 3885/4698/2841 3883/4697/2841 3884/4700/2841
f 3886/4702/2842 3889/4703/2842 3890/4704/2842 3892/4705/2842
f 3887/4706/2843 3891/4707/2843 3890/4704/2843 3889/4703/2843
f 3888/4708/2844 3892/4705/2844 3890/4704/2844 3891/4707/2844
f 3851/4661/2845 3837/4637/2845 3843/4640/2845 3854/4662/2845
f 3854/4668/2846 3843/4646/2846 3839/4645/2846 3852/4665/2846
f 3838/4641/2847 3844/4649/2847 3850/4652/2847 3842/4642/2847
f 3842/4648/2848 3850/4658/2848 3846/4657/2848 3839/4645/2848
f 3845/4653/2849 3858/4671/2849 3864/4674/2849 3849/4654/2849
f 3849/4660/2850 3864/4680/2850 3860/4679/2850 3846/4657/2850
f 3859/4675/2851 3853/4669/2851 3856/4666/2851 3863/4676/2851
f 3863/4676/2852 3856/4666/2852 3852/4665/2852 3860/4679/2852
f 3879/4695/2853 3851/4661/2853 3857/4664/2853 3882/4696/2853
f 3882/4696/2854 3857/4670/2854 3853/4669/2854 3880/4699/2854
f 3858/4671/2855 3886/4702/2855 3892/4705/2855 3861/4672/2855
f 3861/4678/2856 3892/4705/2856 3888/4708/2856 3859/4675/2856
f 3887/4706/2857 3881/4701/2857 3884/4700/2857 3891/4707/2857
f 3891/4707/2858 3884/4700/2858 3880/4699/2858 3888/4708/2858
f 3865/4681/2859 3879/4695/2859 3885/4698/2859 3868/4682/2859
f 3868/4682/2860 3885/4698/2860 3881/4701/2860 3866/4685/2860
f 3886/4702/2861 3872/4688/2861 3878/4691/2861 3889/4703/2861
f 3889/4703/2862 3878/4691/2862 3874/4694/2862 3887/4706/2862
f 3873/4692/2863 3867/4687/2863 3870/4686/2863 3877/4693/2863
f 3877/4693/2864 3870/4686/2864 3866/4685/2864 3874/4694/2864
f 3837/4637/2865 3865/4681/2865 3871/4684/2865 3840/4638/2865
f 3840/4644/2866 3871/4684/2866 3867/4687/2866 3838/4641/2866
f 3872/4688/2867 3845/4653/2867 3847/4656/2867 3875/4689/2867
f 3875/4689/2868 3847/4650/2868 3844/4649/2868 3873/4692/2868
f 3851/4661/2869 3879/4695/2869 3865/4681/2869 3837/4637/2869
f 3839/4645/2870 3846/4657/2870 3860/4679/2870 3852/4665/2870
f 3867/4687/2871 3873/4692/2871 3844/4649/2871 3838/4641/2871
f 3886/4702/2872 3858/4671/2872 3845/4653/2872 3872/4688/2872
f 3853/4669/2873 3859/4675/2873 3888/4708/2873 3880/4699/2873
f 3881/4701/2874 3887/4706/2874 3874/4694/2874 3866/4685/2874
o DL_Fate_Ring_Node_5
v -4.956490 6.600000 12.226991
v -4.993892 6.640000 12.212811
v -4.942310 6.640000 12.189589
v -4.982937 6.611716 12.216964
v -4.969897 6.616906 12.197209
v -4.972910 6.640000 12.190516
v -4.946463 6.611716 12.200543
v -4.993892 7.120000 12.212811
v -4.956490 7.160000 12.226991
v -4.942310 7.120000 12.189589
v -4.982937 7.148284 12.216964
v -4.969897 7.143094 12.197209
v -4.946463 7.148284 12.200543
v -4.972910 7.120000 12.190516
v -4.395459 6.600000 12.439696
v -4.381278 6.640000 12.402294
v -4.358057 6.640000 12.453876
v -4.385431 6.611716 12.413249
v -4.365677 6.616906 12.426289
v -4.358984 6.640000 12.423276
v -4.369011 6.611716 12.449723
v -4.395459 7.160000 12.439696
v -4.358057 7.120000 12.453876
v -4.381278 7.120000 12.402294
v -4.369011 7.148284 12.449723
v -4.365677 7.143094 12.426289
v -4.358984 7.120000 12.423276
v -4.385431 7.148284 12.413249
v -5.814402 6.600000 14.489818
v -5.828583 6.640000 14.527220
v -5.851804 6.640000 14.475637
v -5.824430 6.611716 14.516265
v -5.844183 6.616906 14.503225
v -5.850876 6.640000 14.506238
v -5.840849 6.611716 14.479791
v -5.814402 7.160000 14.489818
v -5.851804 7.120000 14.475637
v -5.828583 7.120000 14.527220
v -5.840849 7.148284 14.479791
v -5.844183 7.143094 14.503225
v -5.850876 7.120000 14.506238
v -5.824430 7.148284 14.516265
v -5.253371 6.600000 14.702523
v -5.215969 6.640000 14.716703
v -5.267551 6.640000 14.739925
v -5.226923 6.611716 14.712550
v -5.239964 6.616906 14.732305
v -5.236950 6.640000 14.738997
v -5.263398 6.611716 14.728971
v -5.253371 7.160000 14.702523
v -5.267551 7.120000 14.739925
v -5.215969 7.120000 14.716703
v -5.263398 7.148284 14.728971
v -5.239964 7.143094 14.732305
v -5.236950 7.120000 14.738997
v -5.226923 7.148284 14.712550
vn -0.1887 -0.8881 -0.4192
vn -0.7152 -0.3251 -0.6188
vn 0.0109 -0.3251 -0.9456
vn -0.7152 0.3251 -0.6188
vn -0.1887 0.8881 -0.4192
vn 0.0109 0.3251 -0.9456
vn 0.4192 -0.8881 -0.1887
vn 0.6188 -0.3251 -0.7152
vn 0.9456 -0.3251 0.0109
vn 0.4192 0.8881 -0.1887
vn 0.9456 0.3251 0.0109
vn 0.6188 0.3251 -0.7152
vn -0.4192 -0.8881 0.1887
vn -0.6188 -0.3251 0.7152
vn -0.9456 -0.3251 -0.0109
vn -0.4192 0.8881 0.1887
vn -0.9456 0.3251 -0.0109
vn -0.6188 0.3251 0.7152
vn 0.1887 -0.8881 0.4192
vn 0.7152 -0.3251 0.6188
vn -0.0109 -0.3251 0.9456
vn 0.1887 0.8881 0.4192
vn -0.0109 0.3251 0.9456
vn 0.7152 0.3251 0.6188
vn 0.1357 -0.9239 -0.3578
vn 0.3275 -0.3827 -0.8639
vn -0.7282 -0.0000 -0.6854
vn -0.0303 -0.0000 -0.9995
vn 0.1357 0.9239 -0.3578
vn 0.3275 0.3827 -0.8639
vn 0.9995 -0.0000 -0.0303
vn 0.6854 -0.0000 -0.7282
vn 0.3578 -0.9239 0.1357
vn 0.8639 -0.3827 0.3275
vn 0.3578 0.9239 0.1357
vn 0.8639 0.3827 0.3275
vn 0.0303 -0.0000 0.9995
vn 0.7282 -0.0000 0.6854
vn -0.1357 -0.9239 0.3578
vn -0.3275 -0.3827 0.8639
vn -0.1357 0.9239 0.3578
vn -0.3275 0.3827 0.8639
vn -0.9995 -0.0000 0.0303
vn -0.6854 -0.0000 0.7282
vn -0.3578 -0.9239 -0.1357
vn -0.8639 -0.3827 -0.3275
vn -0.3578 0.9239 -0.1357
vn -0.8639 0.3827 -0.3275
vn -0.0000 -1.0000 -0.0000
vn 0.3545 -0.0000 -0.9351
vn -0.9351 -0.0000 -0.3545
vn -0.0000 1.0000 -0.0000
vn 0.9351 -0.0000 0.3545
vn -0.3545 -0.0000 0.9351
vt 0.129000 0.735294
vt 0.129000 0.750000
vt 0.126691 0.750000
vt 0.125000 0.735294
vt 0.392857 0.996000
vt 0.392857 1.000000
vt 0.382547 1.000000
vt 0.375000 0.996000
vt 0.392857 0.014706
vt 0.375000 0.014706
vt 0.375000 0.006215
vt 0.392857 0.000000
vt 0.607143 0.996000
vt 0.625000 0.996000
vt 0.625000 0.998309
vt 0.607143 1.000000
vt 0.871000 0.735294
vt 0.875000 0.735294
vt 0.875000 0.743785
vt 0.871000 0.750000
vt 0.607143 0.014706
vt 0.607143 0.000000
vt 0.617453 0.000000
vt 0.625000 0.014706
vt 0.129000 0.514706
vt 0.125000 0.514706
vt 0.125000 0.506215
vt 0.129000 0.500000
vt 0.392857 0.235294
vt 0.392857 0.250000
vt 0.378774 0.250845
vt 0.375000 0.235294
vt 0.392857 0.254000
vt 0.375000 0.254000
vt 0.871000 0.514706
vt 0.871000 0.500000
vt 0.873309 0.500000
vt 0.875000 0.514706
vt 0.607143 0.254000
vt 0.607143 0.250000
vt 0.621226 0.246892
vt 0.625000 0.254000
vt 0.607143 0.235294
vt 0.625000 0.235294
vt 0.371000 0.735294
vt 0.375000 0.735294
vt 0.377516 0.748492
vt 0.373000 0.752000
vt 0.392857 0.735294
vt 0.392857 0.750000
vt 0.392857 0.754000
vt 0.629000 0.735294
vt 0.627000 0.752000
vt 0.623048 0.747928
vt 0.625000 0.735294
vt 0.607143 0.754000
vt 0.607143 0.750000
vt 0.607143 0.735294
vt 0.371000 0.514706
vt 0.373000 0.498000
vt 0.376952 0.502072
vt 0.375000 0.514706
vt 0.392857 0.496000
vt 0.392857 0.500000
vt 0.392857 0.514706
vt 0.629000 0.514706
vt 0.625000 0.514706
vt 0.622484 0.501508
vt 0.627000 0.498000
vt 0.607143 0.514706
vt 0.607143 0.500000
vt 0.607143 0.496000
s 0
usemtl DL2_Armor_Indigo
f 3893/4709/2875 3896/4710/2875 3897/4711/2875 3899/4712/2875
f 3894/4713/2876 3898/4714/2876 3897/4715/2876 3896/4716/2876
f 3895/4717/2877 3899/4718/2877 3897/4719/2877 3898/4720/2877
f 3900/4721/2878 3903/4722/2878 3904/4723/2878 3906/4724/2878
f 3901/4725/2879 3905/4726/2879 3904/4727/2879 3903/4728/2879
f 3902/4729/2880 3906/4730/2880 3904/4731/2880 3905/4732/2880
f 3907/4733/2881 3910/4734/2881 3911/4735/2881 3913/4736/2881
f 3908/4737/2882 3912/4738/2882 3911/4739/2882 3910/4740/2882
f 3909/4741/2883 3913/4742/2883 3911/4739/2883 3912/4738/2883
f 3914/4743/2884 3917/4744/2884 3918/4745/2884 3920/4746/2884
f 3915/4747/2885 3919/4748/2885 3918/4749/2885 3917/4750/2885
f 3916/4751/2886 3920/4752/2886 3918/4749/2886 3919/4748/2886
f 3921/4753/2887 3924/4754/2887 3925/4755/2887 3927/4756/2887
f 3922/4757/2888 3926/4758/2888 3925/4755/2888 3924/4754/2888
f 3923/4759/2889 3927/4756/2889 3925/4755/2889 3926/4758/2889
f 3928/4760/2890 3931/4761/2890 3932/4762/2890 3934/4763/2890
f 3929/4764/2891 3933/4765/2891 3932/4762/2891 3931/4761/2891
f 3930/4766/2892 3934/4763/2892 3932/4762/2892 3933/4765/2892
f 3935/4767/2893 3938/4768/2893 3939/4769/2893 3941/4770/2893
f 3936/4771/2894 3940/4772/2894 3939/4769/2894 3938/4768/2894
f 3937/4773/2895 3941/4770/2895 3939/4769/2895 3940/4772/2895
f 3942/4774/2896 3945/4775/2896 3946/4776/2896 3948/4777/2896
f 3943/4778/2897 3947/4779/2897 3946/4776/2897 3945/4775/2897
f 3944/4780/2898 3948/4777/2898 3946/4776/2898 3947/4779/2898
f 3907/4733/2899 3893/4709/2899 3899/4712/2899 3910/4734/2899
f 3910/4740/2900 3899/4718/2900 3895/4717/2900 3908/4737/2900
f 3894/4713/2901 3900/4721/2901 3906/4724/2901 3898/4714/2901
f 3898/4720/2902 3906/4730/2902 3902/4729/2902 3895/4717/2902
f 3901/4725/2903 3914/4743/2903 3920/4746/2903 3905/4726/2903
f 3905/4732/2904 3920/4752/2904 3916/4751/2904 3902/4729/2904
f 3915/4747/2905 3909/4741/2905 3912/4738/2905 3919/4748/2905
f 3919/4748/2906 3912/4738/2906 3908/4737/2906 3916/4751/2906
f 3935/4767/2907 3907/4733/2907 3913/4736/2907 3938/4768/2907
f 3938/4768/2908 3913/4742/2908 3909/4741/2908 3936/4771/2908
f 3914/4743/2909 3942/4774/2909 3948/4777/2909 3917/4744/2909
f 3917/4750/2910 3948/4777/2910 3944/4780/2910 3915/4747/2910
f 3943/4778/2911 3937/4773/2911 3940/4772/2911 3947/4779/2911
f 3947/4779/2912 3940/4772/2912 3936/4771/2912 3944/4780/2912
f 3921/4753/2913 3935/4767/2913 3941/4770/2913 3924/4754/2913
f 3924/4754/2914 3941/4770/2914 3937/4773/2914 3922/4757/2914
f 3942/4774/2915 3928/4760/2915 3934/4763/2915 3945/4775/2915
f 3945/4775/2916 3934/4763/2916 3930/4766/2916 3943/4778/2916
f 3929/4764/2917 3923/4759/2917 3926/4758/2917 3933/4765/2917
f 3933/4765/2918 3926/4758/2918 3922/4757/2918 3930/4766/2918
f 3893/4709/2919 3921/4753/2919 3927/4756/2919 3896/4710/2919
f 3896/4716/2920 3927/4756/2920 3923/4759/2920 3894/4713/2920
f 3928/4760/2921 3901/4725/2921 3903/4728/2921 3931/4761/2921
f 3931/4761/2922 3903/4722/2922 3900/4721/2922 3929/4764/2922
f 3907/4733/2923 3935/4767/2923 3921/4753/2923 3893/4709/2923
f 3895/4717/2924 3902/4729/2924 3916/4751/2924 3908/4737/2924
f 3923/4759/2925 3929/4764/2925 3900/4721/2925 3894/4713/2925
f 3942/4774/2926 3914/4743/2926 3901/4725/2926 3928/4760/2926
f 3909/4741/2927 3915/4747/2927 3944/4780/2927 3936/4771/2927
f 3937/4773/2928 3943/4778/2928 3930/4766/2928 3922/4757/2928
o DL_Fate_Ring_Node_6
v 4.085910 6.600000 12.544777
v 4.048168 6.640000 12.558027
v 4.072661 6.640000 12.507035
v 4.059223 6.611716 12.554146
v 4.056470 6.616906 12.530637
v 4.049854 6.640000 12.527458
v 4.076542 6.611716 12.518090
v 4.048168 7.120000 12.558027
v 4.085910 7.160000 12.544777
v 4.072661 7.120000 12.507035
v 4.059223 7.148284 12.554146
v 4.056470 7.143094 12.530637
v 4.076542 7.148284 12.518090
v 4.049854 7.120000 12.527458
v 4.652040 6.600000 12.346037
v 4.638790 6.640000 12.308295
v 4.689782 6.640000 12.332788
v 4.642671 6.611716 12.319349
v 4.666181 6.616906 12.316597
v 4.669358 6.640000 12.309980
v 4.678727 6.611716 12.336668
v 4.652040 7.160000 12.346037
v 4.689782 7.120000 12.332788
v 4.638790 7.120000 12.308295
v 4.678727 7.148284 12.336668
v 4.666181 7.143094 12.316597
v 4.669358 7.120000 12.309980
v 4.642671 7.148284 12.319349
v 4.887497 6.600000 14.828165
v 4.900746 6.640000 14.865907
v 4.849755 6.640000 14.841414
v 4.896866 6.611716 14.854853
v 4.873356 6.616906 14.857605
v 4.870178 6.640000 14.864222
v 4.860809 6.611716 14.837534
v 4.887497 7.160000 14.828165
v 4.849755 7.120000 14.841414
v 4.900746 7.120000 14.865907
v 4.860809 7.148284 14.837534
v 4.873356 7.143094 14.857605
v 4.870178 7.120000 14.864222
v 4.896866 7.148284 14.854853
v 5.453626 6.600000 14.629425
v 5.491368 6.640000 14.616175
v 5.466876 6.640000 14.667167
v 5.480314 6.611716 14.620056
v 5.483066 6.616906 14.643565
v 5.489682 6.640000 14.646744
v 5.462995 6.611716 14.656112
v 5.453626 7.160000 14.629425
v 5.466876 7.120000 14.667167
v 5.491368 7.120000 14.616175
v 5.462995 7.148284 14.656112
v 5.483066 7.143094 14.643565
v 5.489682 7.120000 14.646744
v 5.480314 7.148284 14.620056
vn -0.4144 -0.8881 -0.1990
vn -0.9456 -0.3251 -0.0125
vn -0.6009 -0.3251 -0.7303
vn -0.9456 0.3251 -0.0125
vn -0.4144 0.8881 -0.1990
vn -0.6009 0.3251 -0.7303
vn 0.1990 -0.8881 -0.4144
vn 0.0125 -0.3251 -0.9456
vn 0.7303 -0.3251 -0.6009
vn 0.1990 0.8881 -0.4144
vn 0.7303 0.3251 -0.6009
vn 0.0125 0.3251 -0.9456
vn -0.1990 -0.8881 0.4144
vn -0.0125 -0.3251 0.9456
vn -0.7303 -0.3251 0.6009
vn -0.1990 0.8881 0.4144
vn -0.7303 0.3251 0.6009
vn -0.0125 0.3251 0.9456
vn 0.4144 -0.8881 0.1990
vn 0.9456 -0.3251 0.0125
vn 0.6009 -0.3251 0.7303
vn 0.4144 0.8881 0.1990
vn 0.6009 0.3251 0.7303
vn 0.9456 0.3251 0.0125
vn -0.1268 -0.9239 -0.3611
vn -0.3060 -0.3827 -0.8717
vn -0.9985 -0.0000 -0.0551
vn -0.6671 -0.0000 -0.7450
vn -0.1268 0.9239 -0.3611
vn -0.3060 0.3827 -0.8717
vn 0.7450 -0.0000 -0.6671
vn 0.0551 -0.0000 -0.9985
vn 0.3611 -0.9239 -0.1268
vn 0.8717 -0.3827 -0.3060
vn 0.3611 0.9239 -0.1268
vn 0.8717 0.3827 -0.3060
vn 0.6671 -0.0000 0.7450
vn 0.9985 -0.0000 0.0551
vn 0.1268 -0.9239 0.3611
vn 0.3060 -0.3827 0.8717
vn 0.1268 0.9239 0.3611
vn 0.3060 0.3827 0.8717
vn -0.7450 -0.0000 0.6671
vn -0.0551 -0.0000 0.9985
vn -0.3611 -0.9239 0.1268
vn -0.8717 -0.3827 0.3060
vn -0.3611 0.9239 0.1268
vn -0.8717 0.3827 0.3060
vn -0.0000 -1.0000 -0.0000
vn -0.3312 -0.0000 -0.9435
vn -0.9435 -0.0000 0.3312
vn -0.0000 1.0000 -0.0000
vn 0.9435 -0.0000 -0.3312
vn 0.3312 -0.0000 0.9435
vt 0.129000 0.735294
vt 0.129000 0.750000
vt 0.126691 0.750000
vt 0.125000 0.735294
vt 0.392857 0.996000
vt 0.392857 1.000000
vt 0.382547 1.000000
vt 0.375000 0.996000
vt 0.392857 0.014706
vt 0.375000 0.014706
vt 0.375000 0.006215
vt 0.392857 0.000000
vt 0.607143 0.996000
vt 0.625000 0.996000
vt 0.625000 0.998309
vt 0.607143 1.000000
vt 0.871000 0.735294
vt 0.875000 0.735294
vt 0.875000 0.743785
vt 0.871000 0.750000
vt 0.607143 0.014706
vt 0.607143 0.000000
vt 0.617453 0.000000
vt 0.625000 0.014706
vt 0.129000 0.514706
vt 0.125000 0.514706
vt 0.125000 0.506215
vt 0.129000 0.500000
vt 0.392857 0.235294
vt 0.392857 0.250000
vt 0.378774 0.250845
vt 0.375000 0.235294
vt 0.392857 0.254000
vt 0.375000 0.254000
vt 0.871000 0.514706
vt 0.871000 0.500000
vt 0.873309 0.500000
vt 0.875000 0.514706
vt 0.607143 0.254000
vt 0.607143 0.250000
vt 0.621226 0.246892
vt 0.625000 0.254000
vt 0.607143 0.235294
vt 0.625000 0.235294
vt 0.371000 0.735294
vt 0.375000 0.735294
vt 0.377516 0.748492
vt 0.373000 0.752000
vt 0.392857 0.735294
vt 0.392857 0.750000
vt 0.392857 0.754000
vt 0.629000 0.735294
vt 0.627000 0.752000
vt 0.623048 0.747928
vt 0.625000 0.735294
vt 0.607143 0.754000
vt 0.607143 0.750000
vt 0.607143 0.735294
vt 0.371000 0.514706
vt 0.373000 0.498000
vt 0.376952 0.502072
vt 0.375000 0.514706
vt 0.392857 0.496000
vt 0.392857 0.500000
vt 0.392857 0.514706
vt 0.629000 0.514706
vt 0.625000 0.514706
vt 0.622484 0.501508
vt 0.627000 0.498000
vt 0.607143 0.514706
vt 0.607143 0.500000
vt 0.607143 0.496000
s 0
usemtl DL2_Hull_Silver
f 3949/4781/2929 3952/4782/2929 3953/4783/2929 3955/4784/2929
f 3950/4785/2930 3954/4786/2930 3953/4787/2930 3952/4788/2930
f 3951/4789/2931 3955/4790/2931 3953/4791/2931 3954/4792/2931
f 3956/4793/2932 3959/4794/2932 3960/4795/2932 3962/4796/2932
f 3957/4797/2933 3961/4798/2933 3960/4799/2933 3959/4800/2933
f 3958/4801/2934 3962/4802/2934 3960/4803/2934 3961/4804/2934
f 3963/4805/2935 3966/4806/2935 3967/4807/2935 3969/4808/2935
f 3964/4809/2936 3968/4810/2936 3967/4811/2936 3966/4812/2936
f 3965/4813/2937 3969/4814/2937 3967/4811/2937 3968/4810/2937
f 3970/4815/2938 3973/4816/2938 3974/4817/2938 3976/4818/2938
f 3971/4819/2939 3975/4820/2939 3974/4821/2939 3973/4822/2939
f 3972/4823/2940 3976/4824/2940 3974/4821/2940 3975/4820/2940
f 3977/4825/2941 3980/4826/2941 3981/4827/2941 3983/4828/2941
f 3978/4829/2942 3982/4830/2942 3981/4827/2942 3980/4826/2942
f 3979/4831/2943 3983/4828/2943 3981/4827/2943 3982/4830/2943
f 3984/4832/2944 3987/4833/2944 3988/4834/2944 3990/4835/2944
f 3985/4836/2945 3989/4837/2945 3988/4834/2945 3987/4833/2945
f 3986/4838/2946 3990/4835/2946 3988/4834/2946 3989/4837/2946
f 3991/4839/2947 3994/4840/2947 3995/4841/2947 3997/4842/2947
f 3992/4843/2948 3996/4844/2948 3995/4841/2948 3994/4840/2948
f 3993/4845/2949 3997/4842/2949 3995/4841/2949 3996/4844/2949
f 3998/4846/2950 4001/4847/2950 4002/4848/2950 4004/4849/2950
f 3999/4850/2951 4003/4851/2951 4002/4848/2951 4001/4847/2951
f 4000/4852/2952 4004/4849/2952 4002/4848/2952 4003/4851/2952
f 3963/4805/2953 3949/4781/2953 3955/4784/2953 3966/4806/2953
f 3966/4812/2954 3955/4790/2954 3951/4789/2954 3964/4809/2954
f 3950/4785/2955 3956/4793/2955 3962/4796/2955 3954/4786/2955
f 3954/4792/2956 3962/4802/2956 3958/4801/2956 3951/4789/2956
f 3957/4797/2957 3970/4815/2957 3976/4818/2957 3961/4798/2957
f 3961/4804/2958 3976/4824/2958 3972/4823/2958 3958/4801/2958
f 3971/4819/2959 3965/4813/2959 3968/4810/2959 3975/4820/2959
f 3975/4820/2960 3968/4810/2960 3964/4809/2960 3972/4823/2960
f 3991/4839/2961 3963/4805/2961 3969/4808/2961 3994/4840/2961
f 3994/4840/2962 3969/4814/2962 3965/4813/2962 3992/4843/2962
f 3970/4815/2963 3998/4846/2963 4004/4849/2963 3973/4816/2963
f 3973/4822/2964 4004/4849/2964 4000/4852/2964 3971/4819/2964
f 3999/4850/2965 3993/4845/2965 3996/4844/2965 4003/4851/2965
f 4003/4851/2966 3996/4844/2966 3992/4843/2966 4000/4852/2966
f 3977/4825/2967 3991/4839/2967 3997/4842/2967 3980/4826/2967
f 3980/4826/2968 3997/4842/2968 3993/4845/2968 3978/4829/2968
f 3998/4846/2969 3984/4832/2969 3990/4835/2969 4001/4847/2969
f 4001/4847/2970 3990/4835/2970 3986/4838/2970 3999/4850/2970
f 3985/4836/2971 3979/4831/2971 3982/4830/2971 3989/4837/2971
f 3989/4837/2972 3982/4830/2972 3978/4829/2972 3986/4838/2972
f 3949/4781/2973 3977/4825/2973 3983/4828/2973 3952/4782/2973
f 3952/4788/2974 3983/4828/2974 3979/4831/2974 3950/4785/2974
f 3984/4832/2975 3957/4797/2975 3959/4800/2975 3987/4833/2975
f 3987/4833/2976 3959/4794/2976 3956/4793/2976 3985/4836/2976
f 3963/4805/2977 3991/4839/2977 3977/4825/2977 3949/4781/2977
f 3951/4789/2978 3958/4801/2978 3972/4823/2978 3964/4809/2978
f 3979/4831/2979 3985/4836/2979 3956/4793/2979 3950/4785/2979
f 3998/4846/2980 3970/4815/2980 3957/4797/2980 3984/4832/2980
f 3965/4813/2981 3971/4819/2981 4000/4852/2981 3992/4843/2981
f 3993/4845/2982 3999/4850/2982 3986/4838/2982 3978/4829/2982
o DL_Bridge_Collar_Aft
v -10.140000 8.110001 3.140000
v -10.140000 8.170000 3.200000
v -10.200001 8.170000 3.140000
v -10.140000 8.127574 3.182427
v -10.174641 8.135360 3.174641
v -10.182426 8.170000 3.182427
v -10.182426 8.127574 3.140000
v -10.140000 8.530001 3.200000
v -10.140000 8.590000 3.140000
v -10.200001 8.530001 3.140000
v -10.140000 8.572427 3.182427
v -10.174641 8.564641 3.174641
v -10.182426 8.572427 3.140000
v -10.182426 8.530001 3.182427
v -10.140000 8.110001 -3.140000
v -10.200001 8.170000 -3.140000
v -10.140000 8.170000 -3.200000
v -10.182426 8.127574 -3.140000
v -10.174641 8.135360 -3.174641
v -10.182426 8.170000 -3.182427
v -10.140000 8.127574 -3.182427
v -10.140000 8.590000 -3.140000
v -10.140000 8.530001 -3.200000
v -10.200001 8.530001 -3.140000
v -10.140000 8.572427 -3.182427
v -10.174641 8.564641 -3.174641
v -10.182426 8.530001 -3.182427
v -10.182426 8.572427 -3.140000
v -0.660000 8.110001 3.140000
v -0.600000 8.170000 3.140000
v -0.660000 8.170000 3.200000
v -0.617573 8.127574 3.140000
v -0.625359 8.135360 3.174641
v -0.617573 8.170000 3.182427
v -0.660000 8.127574 3.182427
v -0.660000 8.590000 3.140000
v -0.660000 8.530001 3.200000
v -0.600000 8.530001 3.140000
v -0.660000 8.572427 3.182427
v -0.625359 8.564641 3.174641
v -0.617573 8.530001 3.182427
v -0.617573 8.572427 3.140000
v -0.660000 8.110001 -3.140000
v -0.660000 8.170000 -3.200000
v -0.600000 8.170000 -3.140000
v -0.660000 8.127574 -3.182427
v -0.625359 8.135360 -3.174641
v -0.617573 8.170000 -3.182427
v -0.617573 8.127574 -3.140000
v -0.660000 8.590000 -3.140000
v -0.600000 8.530001 -3.140000
v -0.660000 8.530001 -3.200000
v -0.617573 8.572427 -3.140000
v -0.625359 8.564641 -3.174641
v -0.617573 8.530001 -3.182427
v -0.660000 8.572427 -3.182427
vn -0.3251 -0.8881 0.3251
vn -0.3251 -0.3251 0.8881
vn -0.8881 -0.3251 0.3251
vn -0.3251 0.3251 0.8881
vn -0.3251 0.8881 0.3251
vn -0.8881 0.3251 0.3251
vn -0.3251 -0.8881 -0.3251
vn -0.8881 -0.3251 -0.3251
vn -0.3251 -0.3251 -0.8881
vn -0.3251 0.8881 -0.3251
vn -0.3251 0.3251 -0.8881
vn -0.8881 0.3251 -0.3251
vn 0.3251 -0.8881 0.3251
vn 0.8881 -0.3251 0.3251
vn 0.3251 -0.3251 0.8881
vn 0.3251 0.8881 0.3251
vn 0.3251 0.3251 0.8881
vn 0.8881 0.3251 0.3251
vn 0.3251 -0.8881 -0.3251
vn 0.3251 -0.3251 -0.8881
vn 0.8881 -0.3251 -0.3251
vn 0.3251 0.8881 -0.3251
vn 0.8881 0.3251 -0.3251
vn 0.3251 0.3251 -0.8881
vn -0.3827 -0.9239 -0.0000
vn -0.9239 -0.3827 -0.0000
vn -0.3827 -0.0000 0.9239
vn -0.9239 -0.0000 0.3827
vn -0.3827 0.9239 -0.0000
vn -0.9239 0.3827 -0.0000
vn -0.3827 -0.0000 -0.9239
vn -0.9239 -0.0000 -0.3827
vn -0.0000 -0.9239 -0.3827
vn -0.0000 -0.3827 -0.9239
vn -0.0000 0.9239 -0.3827
vn -0.0000 0.3827 -0.9239
vn 0.9239 -0.0000 -0.3827
vn 0.3827 -0.0000 -0.9239
vn 0.3827 -0.9239 -0.0000
vn 0.9239 -0.3827 -0.0000
vn 0.3827 0.9239 -0.0000
vn 0.9239 0.3827 -0.0000
vn 0.3827 -0.0000 0.9239
vn 0.9239 -0.0000 0.3827
vn -0.0000 -0.9239 0.3827
vn -0.0000 -0.3827 0.9239
vn -0.0000 0.9239 0.3827
vn -0.0000 0.3827 0.9239
vn -0.0000 -1.0000 -0.0000
vn -1.0000 -0.0000 -0.0000
vn -0.0000 -0.0000 1.0000
vn -0.0000 1.0000 -0.0000
vn -0.0000 -0.0000 -1.0000
vn 1.0000 -0.0000 -0.0000
vt 0.126563 0.747656
vt 0.126562 0.750000
vt 0.125660 0.750000
vt 0.125000 0.747656
vt 0.406250 0.998437
vt 0.406250 1.000000
vt 0.388208 1.000000
vt 0.375000 0.998437
vt 0.406250 0.002344
vt 0.375000 0.002344
vt 0.375000 0.000991
vt 0.406250 0.000000
vt 0.593750 0.998437
vt 0.625000 0.998438
vt 0.625000 0.999340
vt 0.593750 1.000000
vt 0.873438 0.747656
vt 0.875000 0.747656
vt 0.875000 0.749009
vt 0.873437 0.750000
vt 0.593750 0.002344
vt 0.593750 0.000000
vt 0.611792 0.000000
vt 0.625000 0.002344
vt 0.126563 0.502344
vt 0.125000 0.502344
vt 0.125000 0.500991
vt 0.126562 0.500000
vt 0.406250 0.247656
vt 0.406250 0.250000
vt 0.381604 0.250330
vt 0.375000 0.247656
vt 0.406250 0.251562
vt 0.375000 0.251562
vt 0.873438 0.502344
vt 0.873438 0.500000
vt 0.874340 0.500000
vt 0.875000 0.502344
vt 0.593750 0.251562
vt 0.593750 0.250000
vt 0.618396 0.249505
vt 0.625000 0.251563
vt 0.593750 0.247656
vt 0.625000 0.247656
vt 0.373438 0.747656
vt 0.375000 0.747656
vt 0.379403 0.749890
vt 0.374219 0.750781
vt 0.406250 0.747656
vt 0.406250 0.750000
vt 0.406250 0.751562
vt 0.626562 0.747656
vt 0.625781 0.750781
vt 0.620818 0.749670
vt 0.625000 0.747656
vt 0.593750 0.751562
vt 0.593750 0.750000
vt 0.593750 0.747656
vt 0.373438 0.502344
vt 0.374219 0.499219
vt 0.379183 0.500330
vt 0.375000 0.502344
vt 0.406250 0.498437
vt 0.406250 0.500000
vt 0.406250 0.502344
vt 0.626562 0.502344
vt 0.625000 0.502344
vt 0.620597 0.500110
vt 0.625781 0.499219
vt 0.593750 0.502344
vt 0.593750 0.500000
vt 0.593750 0.498437
s 0
usemtl DL2_Armor_Indigo
f 4005/4853/2983 4008/4854/2983 4009/4855/2983 4011/4856/2983
f 4006/4857/2984 4010/4858/2984 4009/4859/2984 4008/4860/2984
f 4007/4861/2985 4011/4862/2985 4009/4863/2985 4010/4864/2985
f 4012/4865/2986 4015/4866/2986 4016/4867/2986 4018/4868/2986
f 4013/4869/2987 4017/4870/2987 4016/4871/2987 4015/4872/2987
f 4014/4873/2988 4018/4874/2988 4016/4875/2988 4017/4876/2988
f 4019/4877/2989 4022/4878/2989 4023/4879/2989 4025/4880/2989
f 4020/4881/2990 4024/4882/2990 4023/4883/2990 4022/4884/2990
f 4021/4885/2991 4025/4886/2991 4023/4883/2991 4024/4882/2991
f 4026/4887/2992 4029/4888/2992 4030/4889/2992 4032/4890/2992
f 4027/4891/2993 4031/4892/2993 4030/4893/2993 4029/4894/2993
f 4028/4895/2994 4032/4896/2994 4030/4893/2994 4031/4892/2994
f 4033/4897/2995 4036/4898/2995 4037/4899/2995 4039/4900/2995
f 4034/4901/2996 4038/4902/2996 4037/4899/2996 4036/4898/2996
f 4035/4903/2997 4039/4900/2997 4037/4899/2997 4038/4902/2997
f 4040/4904/2998 4043/4905/2998 4044/4906/2998 4046/4907/2998
f 4041/4908/2999 4045/4909/2999 4044/4906/2999 4043/4905/2999
f 4042/4910/3000 4046/4907/3000 4044/4906/3000 4045/4909/3000
f 4047/4911/3001 4050/4912/3001 4051/4913/3001 4053/4914/3001
f 4048/4915/3002 4052/4916/3002 4051/4913/3002 4050/4912/3002
f 4049/4917/3003 4053/4914/3003 4051/4913/3003 4052/4916/3003
f 4054/4918/3004 4057/4919/3004 4058/4920/3004 4060/4921/3004
f 4055/4922/3005 4059/4923/3005 4058/4920/3005 4057/4919/3005
f 4056/4924/3006 4060/4921/3006 4058/4920/3006 4059/4923/3006
f 4019/4877/3007 4005/4853/3007 4011/4856/3007 4022/4878/3007
f 4022/4884/3008 4011/4862/3008 4007/4861/3008 4020/4881/3008
f 4006/4857/3009 4012/4865/3009 4018/4868/3009 4010/4858/3009
f 4010/4864/3010 4018/4874/3010 4014/4873/3010 4007/4861/3010
f 4013/4869/3011 4026/4887/3011 4032/4890/3011 4017/4870/3011
f 4017/4876/3012 4032/4896/3012 4028/4895/3012 4014/4873/3012
f 4027/4891/3013 4021/4885/3013 4024/4882/3013 4031/4892/3013
f 4031/4892/3014 4024/4882/3014 4020/4881/3014 4028/4895/3014
f 4047/4911/3015 4019/4877/3015 4025/4880/3015 4050/4912/3015
f 4050/4912/3016 4025/4886/3016 4021/4885/3016 4048/4915/3016
f 4026/4887/3017 4054/4918/3017 4060/4921/3017 4029/4888/3017
f 4029/4894/3018 4060/4921/3018 4056/4924/3018 4027/4891/3018
f 4055/4922/3019 4049/4917/3019 4052/4916/3019 4059/4923/3019
f 4059/4923/3020 4052/4916/3020 4048/4915/3020 4056/4924/3020
f 4033/4897/3021 4047/4911/3021 4053/4914/3021 4036/4898/3021
f 4036/4898/3022 4053/4914/3022 4049/4917/3022 4034/4901/3022
f 4054/4918/3023 4040/4904/3023 4046/4907/3023 4057/4919/3023
f 4057/4919/3024 4046/4907/3024 4042/4910/3024 4055/4922/3024
f 4041/4908/3025 4035/4903/3025 4038/4902/3025 4045/4909/3025
f 4045/4909/3026 4038/4902/3026 4034/4901/3026 4042/4910/3026
f 4005/4853/3027 4033/4897/3027 4039/4900/3027 4008/4854/3027
f 4008/4860/3028 4039/4900/3028 4035/4903/3028 4006/4857/3028
f 4040/4904/3029 4013/4869/3029 4015/4872/3029 4043/4905/3029
f 4043/4905/3030 4015/4866/3030 4012/4865/3030 4041/4908/3030
f 4019/4877/3031 4047/4911/3031 4033/4897/3031 4005/4853/3031
f 4007/4861/3032 4014/4873/3032 4028/4895/3032 4020/4881/3032
f 4035/4903/3033 4041/4908/3033 4012/4865/3033 4006/4857/3033
f 4054/4918/3034 4026/4887/3034 4013/4869/3034 4040/4904/3034
f 4021/4885/3035 4027/4891/3035 4056/4924/3035 4048/4915/3035
f 4049/4917/3036 4055/4922/3036 4042/4910/3036 4034/4901/3036
o DL_Bridge_Collar_Fwd
v -4.550000 8.480000 2.350000
v -4.550000 8.530000 2.400000
v -4.600000 8.530000 2.350000
v -4.550000 8.494644 2.385355
v -4.578868 8.501132 2.378868
v -4.585356 8.530000 2.385355
v -4.585356 8.494644 2.350000
v -4.550000 8.870000 2.400000
v -4.550000 8.920000 2.350000
v -4.600000 8.870000 2.350000
v -4.550000 8.905355 2.385355
v -4.578868 8.898868 2.378868
v -4.585356 8.905355 2.350000
v -4.585356 8.870000 2.385355
v -4.550000 8.480000 -2.350000
v -4.600000 8.530000 -2.350000
v -4.550000 8.530000 -2.400000
v -4.585356 8.494644 -2.350000
v -4.578868 8.501132 -2.378868
v -4.585356 8.530000 -2.385355
v -4.550000 8.494644 -2.385355
v -4.550000 8.920000 -2.350000
v -4.550000 8.870000 -2.400000
v -4.600000 8.870000 -2.350000
v -4.550000 8.905355 -2.385355
v -4.578868 8.898868 -2.378868
v -4.585356 8.870000 -2.385355
v -4.585356 8.905355 -2.350000
v 2.150000 8.480000 2.350000
v 2.200000 8.530000 2.350000
v 2.150000 8.530000 2.400000
v 2.185355 8.494644 2.350000
v 2.178868 8.501132 2.378868
v 2.185355 8.530000 2.385355
v 2.150000 8.494644 2.385355
v 2.150000 8.920000 2.350000
v 2.150000 8.870000 2.400000
v 2.200000 8.870000 2.350000
v 2.150000 8.905355 2.385355
v 2.178868 8.898868 2.378868
v 2.185355 8.870000 2.385355
v 2.185355 8.905355 2.350000
v 2.150000 8.480000 -2.350000
v 2.150000 8.530000 -2.400000
v 2.200000 8.530000 -2.350000
v 2.150000 8.494644 -2.385355
v 2.178868 8.501132 -2.378868
v 2.185355 8.530000 -2.385355
v 2.185355 8.494644 -2.350000
v 2.150000 8.920000 -2.350000
v 2.200000 8.870000 -2.350000
v 2.150000 8.870000 -2.400000
v 2.185355 8.905355 -2.350000
v 2.178868 8.898868 -2.378868
v 2.185355 8.870000 -2.385355
v 2.150000 8.905355 -2.385355
vn -0.3251 -0.8881 0.3251
vn -0.3251 -0.3251 0.8881
vn -0.8881 -0.3251 0.3251
vn -0.3251 0.3251 0.8881
vn -0.3251 0.8881 0.3251
vn -0.8881 0.3251 0.3251
vn -0.3251 -0.8881 -0.3251
vn -0.8881 -0.3251 -0.3251
vn -0.3251 -0.3251 -0.8881
vn -0.3251 0.8881 -0.3251
vn -0.3251 0.3251 -0.8881
vn -0.8881 0.3251 -0.3251
vn 0.3251 -0.8881 0.3251
vn 0.8881 -0.3251 0.3251
vn 0.3251 -0.3251 0.8881
vn 0.3251 0.8881 0.3251
vn 0.3251 0.3251 0.8881
vn 0.8881 0.3251 0.3251
vn 0.3251 -0.8881 -0.3251
vn 0.3251 -0.3251 -0.8881
vn 0.8881 -0.3251 -0.3251
vn 0.3251 0.8881 -0.3251
vn 0.8881 0.3251 -0.3251
vn 0.3251 0.3251 -0.8881
vn -0.3827 -0.9239 -0.0000
vn -0.9239 -0.3827 -0.0000
vn -0.3827 -0.0000 0.9239
vn -0.9239 -0.0000 0.3827
vn -0.3827 0.9239 -0.0000
vn -0.9239 0.3827 -0.0000
vn -0.3827 -0.0000 -0.9239
vn -0.9239 -0.0000 -0.3827
vn -0.0000 -0.9239 -0.3827
vn -0.0000 -0.3827 -0.9239
vn -0.0000 0.9239 -0.3827
vn -0.0000 0.3827 -0.9239
vn 0.9239 -0.0000 -0.3827
vn 0.3827 -0.0000 -0.9239
vn 0.3827 -0.9239 -0.0000
vn 0.9239 -0.3827 -0.0000
vn 0.3827 0.9239 -0.0000
vn 0.9239 0.3827 -0.0000
vn 0.3827 -0.0000 0.9239
vn 0.9239 -0.0000 0.3827
vn -0.0000 -0.9239 0.3827
vn -0.0000 -0.3827 0.9239
vn -0.0000 0.9239 0.3827
vn -0.0000 0.3827 0.9239
vn -0.0000 -1.0000 -0.0000
vn -1.0000 -0.0000 -0.0000
vn -0.0000 -0.0000 1.0000
vn -0.0000 1.0000 -0.0000
vn -0.0000 -0.0000 -1.0000
vn 1.0000 -0.0000 -0.0000
vt 0.126838 0.747396
vt 0.126838 0.750000
vt 0.125777 0.750000
vt 0.125000 0.747396
vt 0.403409 0.998162
vt 0.403409 1.000000
vt 0.387007 1.000000
vt 0.375000 0.998162
vt 0.403409 0.002604
vt 0.375000 0.002604
vt 0.375000 0.001101
vt 0.403409 0.000000
vt 0.596591 0.998162
vt 0.625000 0.998162
vt 0.625000 0.999223
vt 0.596591 1.000000
vt 0.873162 0.747396
vt 0.875000 0.747396
vt 0.875000 0.748899
vt 0.873162 0.750000
vt 0.596591 0.002604
vt 0.596591 0.000000
vt 0.612993 0.000000
vt 0.625000 0.002604
vt 0.126838 0.502604
vt 0.125000 0.502604
vt 0.125000 0.501101
vt 0.126838 0.500000
vt 0.403409 0.247396
vt 0.403409 0.250000
vt 0.381004 0.250388
vt 0.375000 0.247396
vt 0.403409 0.251838
vt 0.375000 0.251838
vt 0.873162 0.502604
vt 0.873162 0.500000
vt 0.874223 0.500000
vt 0.875000 0.502604
vt 0.596591 0.251838
vt 0.596591 0.250000
vt 0.618997 0.249450
vt 0.625000 0.251838
vt 0.596591 0.247396
vt 0.625000 0.247396
vt 0.373162 0.747396
vt 0.375000 0.747396
vt 0.379002 0.749892
vt 0.374081 0.750919
vt 0.403409 0.747396
vt 0.403409 0.750000
vt 0.403409 0.751838
vt 0.626838 0.747396
vt 0.625919 0.750919
vt 0.621257 0.749633
vt 0.625000 0.747396
vt 0.596591 0.751838
vt 0.596591 0.750000
vt 0.596591 0.747396
vt 0.373162 0.502604
vt 0.374081 0.499081
vt 0.378743 0.500367
vt 0.375000 0.502604
vt 0.403409 0.498162
vt 0.403409 0.500000
vt 0.403409 0.502604
vt 0.626838 0.502604
vt 0.625000 0.502604
vt 0.620998 0.500108
vt 0.625919 0.499081
vt 0.596591 0.502604
vt 0.596591 0.500000
vt 0.596591 0.498162
s 0
usemtl DL2_Hull_Silver
f 4061/4925/3037 4064/4926/3037 4065/4927/3037 4067/4928/3037
f 4062/4929/3038 4066/4930/3038 4065/4931/3038 4064/4932/3038
f 4063/4933/3039 4067/4934/3039 4065/4935/3039 4066/4936/3039
f 4068/4937/3040 4071/4938/3040 4072/4939/3040 4074/4940/3040
f 4069/4941/3041 4073/4942/3041 4072/4943/3041 4071/4944/3041
f 4070/4945/3042 4074/4946/3042 4072/4947/3042 4073/4948/3042
f 4075/4949/3043 4078/4950/3043 4079/4951/3043 4081/4952/3043
f 4076/4953/3044 4080/4954/3044 4079/4955/3044 4078/4956/3044
f 4077/4957/3045 4081/4958/3045 4079/4955/3045 4080/4954/3045
f 4082/4959/3046 4085/4960/3046 4086/4961/3046 4088/4962/3046
f 4083/4963/3047 4087/4964/3047 4086/4965/3047 4085/4966/3047
f 4084/4967/3048 4088/4968/3048 4086/4965/3048 4087/4964/3048
f 4089/4969/3049 4092/4970/3049 4093/4971/3049 4095/4972/3049
f 4090/4973/3050 4094/4974/3050 4093/4971/3050 4092/4970/3050
f 4091/4975/3051 4095/4972/3051 4093/4971/3051 4094/4974/3051
f 4096/4976/3052 4099/4977/3052 4100/4978/3052 4102/4979/3052
f 4097/4980/3053 4101/4981/3053 4100/4978/3053 4099/4977/3053
f 4098/4982/3054 4102/4979/3054 4100/4978/3054 4101/4981/3054
f 4103/4983/3055 4106/4984/3055 4107/4985/3055 4109/4986/3055
f 4104/4987/3056 4108/4988/3056 4107/4985/3056 4106/4984/3056
f 4105/4989/3057 4109/4986/3057 4107/4985/3057 4108/4988/3057
f 4110/4990/3058 4113/4991/3058 4114/4992/3058 4116/4993/3058
f 4111/4994/3059 4115/4995/3059 4114/4992/3059 4113/4991/3059
f 4112/4996/3060 4116/4993/3060 4114/4992/3060 4115/4995/3060
f 4075/4949/3061 4061/4925/3061 4067/4928/3061 4078/4950/3061
f 4078/4956/3062 4067/4934/3062 4063/4933/3062 4076/4953/3062
f 4062/4929/3063 4068/4937/3063 4074/4940/3063 4066/4930/3063
f 4066/4936/3064 4074/4946/3064 4070/4945/3064 4063/4933/3064
f 4069/4941/3065 4082/4959/3065 4088/4962/3065 4073/4942/3065
f 4073/4948/3066 4088/4968/3066 4084/4967/3066 4070/4945/3066
f 4083/4963/3067 4077/4957/3067 4080/4954/3067 4087/4964/3067
f 4087/4964/3068 4080/4954/3068 4076/4953/3068 4084/4967/3068
f 4103/4983/3069 4075/4949/3069 4081/4952/3069 4106/4984/3069
f 4106/4984/3070 4081/4958/3070 4077/4957/3070 4104/4987/3070
f 4082/4959/3071 4110/4990/3071 4116/4993/3071 4085/4960/3071
f 4085/4966/3072 4116/4993/3072 4112/4996/3072 4083/4963/3072
f 4111/4994/3073 4105/4989/3073 4108/4988/3073 4115/4995/3073
f 4115/4995/3074 4108/4988/3074 4104/4987/3074 4112/4996/3074
f 4089/4969/3075 4103/4983/3075 4109/4986/3075 4092/4970/3075
f 4092/4970/3076 4109/4986/3076 4105/4989/3076 4090/4973/3076
f 4110/4990/3077 4096/4976/3077 4102/4979/3077 4113/4991/3077
f 4113/4991/3078 4102/4979/3078 4098/4982/3078 4111/4994/3078
f 4097/4980/3079 4091/4975/3079 4094/4974/3079 4101/4981/3079
f 4101/4981/3080 4094/4974/3080 4090/4973/3080 4098/4982/3080
f 4061/4925/3081 4089/4969/3081 4095/4972/3081 4064/4926/3081
f 4064/4932/3082 4095/4972/3082 4091/4975/3082 4062/4929/3082
f 4096/4976/3083 4069/4941/3083 4071/4944/3083 4099/4977/3083
f 4099/4977/3084 4071/4938/3084 4068/4937/3084 4097/4980/3084
f 4075/4949/3085 4103/4983/3085 4089/4969/3085 4061/4925/3085
f 4063/4933/3086 4070/4945/3086 4084/4967/3086 4076/4953/3086
f 4091/4975/3087 4097/4980/3087 4068/4937/3087 4062/4929/3087
f 4110/4990/3088 4082/4959/3088 4069/4941/3088 4096/4976/3088
f 4077/4957/3089 4083/4963/3089 4112/4996/3089 4104/4987/3089
f 4105/4989/3090 4111/4994/3090 4098/4982/3090 4090/4973/3090
o DL_Bridge_Judgement_Mark
v -4.680000 9.000000 0.080000
v -4.680000 9.020000 0.100000
v -4.700000 9.020000 0.080000
v -4.680000 9.005858 0.094142
v -4.691547 9.008453 0.091547
v -4.694142 9.020000 0.094142
v -4.694142 9.005858 0.080000
v -4.680000 9.080000 0.100000
v -4.680000 9.100000 0.080000
v -4.700000 9.080000 0.080000
v -4.680000 9.094142 0.094142
v -4.691547 9.091547 0.091547
v -4.694142 9.094142 0.080000
v -4.694142 9.080000 0.094142
v -4.680000 9.000000 -0.080000
v -4.700000 9.020000 -0.080000
v -4.680000 9.020000 -0.100000
v -4.694142 9.005858 -0.080000
v -4.691547 9.008453 -0.091547
v -4.694142 9.020000 -0.094142
v -4.680000 9.005858 -0.094142
v -4.680000 9.100000 -0.080000
v -4.680000 9.080000 -0.100000
v -4.700000 9.080000 -0.080000
v -4.680000 9.094142 -0.094142
v -4.691547 9.091547 -0.091547
v -4.694142 9.080000 -0.094142
v -4.694142 9.094142 -0.080000
v -1.320000 9.000000 0.080000
v -1.300000 9.020000 0.080000
v -1.320000 9.020000 0.100000
v -1.305858 9.005858 0.080000
v -1.308453 9.008453 0.091547
v -1.305858 9.020000 0.094142
v -1.320000 9.005858 0.094142
v -1.320000 9.100000 0.080000
v -1.320000 9.080000 0.100000
v -1.300000 9.080000 0.080000
v -1.320000 9.094142 0.094142
v -1.308453 9.091547 0.091547
v -1.305858 9.080000 0.094142
v -1.305858 9.094142 0.080000
v -1.320000 9.000000 -0.080000
v -1.320000 9.020000 -0.100000
v -1.300000 9.020000 -0.080000
v -1.320000 9.005858 -0.094142
v -1.308453 9.008453 -0.091547
v -1.305858 9.020000 -0.094142
v -1.305858 9.005858 -0.080000
v -1.320000 9.100000 -0.080000
v -1.300000 9.080000 -0.080000
v -1.320000 9.080000 -0.100000
v -1.305858 9.094142 -0.080000
v -1.308453 9.091547 -0.091547
v -1.305858 9.080000 -0.094142
v -1.320000 9.094142 -0.094142
vn -0.3251 -0.8881 0.3251
vn -0.3251 -0.3251 0.8881
vn -0.8881 -0.3251 0.3251
vn -0.3251 0.3251 0.8881
vn -0.3251 0.8881 0.3251
vn -0.8881 0.3251 0.3251
vn -0.3251 -0.8881 -0.3251
vn -0.8881 -0.3251 -0.3251
vn -0.3251 -0.3251 -0.8881
vn -0.3251 0.8881 -0.3251
vn -0.3251 0.3251 -0.8881
vn -0.8881 0.3251 -0.3251
vn 0.3251 -0.8881 0.3251
vn 0.8881 -0.3251 0.3251
vn 0.3251 -0.3251 0.8881
vn 0.3251 0.8881 0.3251
vn 0.3251 0.3251 0.8881
vn 0.8881 0.3251 0.3251
vn 0.3251 -0.8881 -0.3251
vn 0.3251 -0.3251 -0.8881
vn 0.8881 -0.3251 -0.3251
vn 0.3251 0.8881 -0.3251
vn 0.8881 0.3251 -0.3251
vn 0.3251 0.3251 -0.8881
vn -0.3827 -0.9239 -0.0000
vn -0.9239 -0.3827 -0.0000
vn -0.3827 -0.0000 0.9239
vn -0.9239 -0.0000 0.3827
vn -0.3827 0.9239 -0.0000
vn -0.9239 0.3827 -0.0000
vn -0.3827 -0.0000 -0.9239
vn -0.9239 -0.0000 -0.3827
vn -0.0000 -0.9239 -0.3827
vn -0.0000 -0.3827 -0.9239
vn -0.0000 0.9239 -0.3827
vn -0.0000 0.3827 -0.9239
vn 0.9239 -0.0000 -0.3827
vn 0.3827 -0.0000 -0.9239
vn 0.3827 -0.9239 -0.0000
vn 0.9239 -0.3827 -0.0000
vn 0.3827 0.9239 -0.0000
vn 0.9239 0.3827 -0.0000
vn 0.3827 -0.0000 0.9239
vn 0.9239 -0.0000 0.3827
vn -0.0000 -0.9239 0.3827
vn -0.0000 -0.3827 0.9239
vn -0.0000 0.9239 0.3827
vn -0.0000 0.3827 0.9239
vn -0.0000 -1.0000 -0.0000
vn -1.0000 -0.0000 -0.0000
vn -0.0000 -0.0000 1.0000
vn -0.0000 1.0000 -0.0000
vn -0.0000 -0.0000 -1.0000
vn 1.0000 -0.0000 -0.0000
vt 0.126471 0.725000
vt 0.126471 0.750000
vt 0.125622 0.750000
vt 0.125000 0.725000
vt 0.425000 0.998529
vt 0.425000 1.000000
vt 0.396132 1.000000
vt 0.375000 0.998529
vt 0.425000 0.025000
vt 0.375000 0.025000
vt 0.375000 0.010566
vt 0.425000 0.000000
vt 0.575000 0.998529
vt 0.625000 0.998529
vt 0.625000 0.999378
vt 0.575000 1.000000
vt 0.873529 0.725000
vt 0.875000 0.725000
vt 0.875000 0.739434
vt 0.873529 0.750000
vt 0.575000 0.025000
vt 0.575000 0.000000
vt 0.603868 0.000000
vt 0.625000 0.025000
vt 0.126471 0.525000
vt 0.125000 0.525000
vt 0.125000 0.510566
vt 0.126471 0.500000
vt 0.425000 0.225000
vt 0.425000 0.250000
vt 0.385566 0.250311
vt 0.375000 0.225000
vt 0.425000 0.251471
vt 0.375000 0.251471
vt 0.873529 0.525000
vt 0.873529 0.500000
vt 0.874378 0.500000
vt 0.875000 0.525000
vt 0.575000 0.251471
vt 0.575000 0.250000
vt 0.614434 0.244717
vt 0.625000 0.251471
vt 0.575000 0.225000
vt 0.625000 0.225000
vt 0.373529 0.725000
vt 0.375000 0.725000
vt 0.382044 0.746685
vt 0.374265 0.750735
vt 0.425000 0.725000
vt 0.425000 0.750000
vt 0.425000 0.751471
vt 0.626471 0.725000
vt 0.625735 0.750735
vt 0.618163 0.746478
vt 0.625000 0.725000
vt 0.575000 0.751471
vt 0.575000 0.750000
vt 0.575000 0.725000
vt 0.373529 0.525000
vt 0.374265 0.499265
vt 0.381837 0.503522
vt 0.375000 0.525000
vt 0.425000 0.498529
vt 0.425000 0.500000
vt 0.425000 0.525000
vt 0.626471 0.525000
vt 0.625000 0.525000
vt 0.617956 0.503315
vt 0.625735 0.499265
vt 0.575000 0.525000
vt 0.575000 0.500000
vt 0.575000 0.498529
s 0
usemtl DL2_Judgement_Red
f 4117/4997/3091 4120/4998/3091 4121/4999/3091 4123/5000/3091
f 4118/5001/3092 4122/5002/3092 4121/5003/3092 4120/5004/3092
f 4119/5005/3093 4123/5006/3093 4121/5007/3093 4122/5008/3093
f 4124/5009/3094 4127/5010/3094 4128/5011/3094 4130/5012/3094
f 4125/5013/3095 4129/5014/3095 4128/5015/3095 4127/5016/3095
f 4126/5017/3096 4130/5018/3096 4128/5019/3096 4129/5020/3096
f 4131/5021/3097 4134/5022/3097 4135/5023/3097 4137/5024/3097
f 4132/5025/3098 4136/5026/3098 4135/5027/3098 4134/5028/3098
f 4133/5029/3099 4137/5030/3099 4135/5027/3099 4136/5026/3099
f 4138/5031/3100 4141/5032/3100 4142/5033/3100 4144/5034/3100
f 4139/5035/3101 4143/5036/3101 4142/5037/3101 4141/5038/3101
f 4140/5039/3102 4144/5040/3102 4142/5037/3102 4143/5036/3102
f 4145/5041/3103 4148/5042/3103 4149/5043/3103 4151/5044/3103
f 4146/5045/3104 4150/5046/3104 4149/5043/3104 4148/5042/3104
f 4147/5047/3105 4151/5044/3105 4149/5043/3105 4150/5046/3105
f 4152/5048/3106 4155/5049/3106 4156/5050/3106 4158/5051/3106
f 4153/5052/3107 4157/5053/3107 4156/5050/3107 4155/5049/3107
f 4154/5054/3108 4158/5051/3108 4156/5050/3108 4157/5053/3108
f 4159/5055/3109 4162/5056/3109 4163/5057/3109 4165/5058/3109
f 4160/5059/3110 4164/5060/3110 4163/5057/3110 4162/5056/3110
f 4161/5061/3111 4165/5058/3111 4163/5057/3111 4164/5060/3111
f 4166/5062/3112 4169/5063/3112 4170/5064/3112 4172/5065/3112
f 4167/5066/3113 4171/5067/3113 4170/5064/3113 4169/5063/3113
f 4168/5068/3114 4172/5065/3114 4170/5064/3114 4171/5067/3114
f 4131/5021/3115 4117/4997/3115 4123/5000/3115 4134/5022/3115
f 4134/5028/3116 4123/5006/3116 4119/5005/3116 4132/5025/3116
f 4118/5001/3117 4124/5009/3117 4130/5012/3117 4122/5002/3117
f 4122/5008/3118 4130/5018/3118 4126/5017/3118 4119/5005/3118
f 4125/5013/3119 4138/5031/3119 4144/5034/3119 4129/5014/3119
f 4129/5020/3120 4144/5040/3120 4140/5039/3120 4126/5017/3120
f 4139/5035/3121 4133/5029/3121 4136/5026/3121 4143/5036/3121
f 4143/5036/3122 4136/5026/3122 4132/5025/3122 4140/5039/3122
f 4159/5055/3123 4131/5021/3123 4137/5024/3123 4162/5056/3123
f 4162/5056/3124 4137/5030/3124 4133/5029/3124 4160/5059/3124
f 4138/5031/3125 4166/5062/3125 4172/5065/3125 4141/5032/3125
f 4141/5038/3126 4172/5065/3126 4168/5068/3126 4139/5035/3126
f 4167/5066/3127 4161/5061/3127 4164/5060/3127 4171/5067/3127
f 4171/5067/3128 4164/5060/3128 4160/5059/3128 4168/5068/3128
f 4145/5041/3129 4159/5055/3129 4165/5058/3129 4148/5042/3129
f 4148/5042/3130 4165/5058/3130 4161/5061/3130 4146/5045/3130
f 4166/5062/3131 4152/5048/3131 4158/5051/3131 4169/5063/3131
f 4169/5063/3132 4158/5051/3132 4154/5054/3132 4167/5066/3132
f 4153/5052/3133 4147/5047/3133 4150/5046/3133 4157/5053/3133
f 4157/5053/3134 4150/5046/3134 4146/5045/3134 4154/5054/3134
f 4117/4997/3135 4145/5041/3135 4151/5044/3135 4120/4998/3135
f 4120/5004/3136 4151/5044/3136 4147/5047/3136 4118/5001/3136
f 4152/5048/3137 4125/5013/3137 4127/5016/3137 4155/5049/3137
f 4155/5049/3138 4127/5010/3138 4124/5009/3138 4153/5052/3138
f 4131/5021/3139 4159/5055/3139 4145/5041/3139 4117/4997/3139
f 4119/5005/3140 4126/5017/3140 4140/5039/3140 4132/5025/3140
f 4147/5047/3141 4153/5052/3141 4124/5009/3141 4118/5001/3141
f 4166/5062/3142 4138/5031/3142 4125/5013/3142 4152/5048/3142
f 4133/5029/3143 4139/5035/3143 4168/5068/3143 4160/5059/3143
f 4161/5061/3144 4167/5066/3144 4154/5054/3144 4146/5045/3144
o DL_Observation_Spire_Crown
v -8.010000 13.270000 1.010000
v -8.010000 13.310000 1.050000
v -8.050000 13.310000 1.010000
v -8.010000 13.281716 1.038284
v -8.033094 13.286906 1.033094
v -8.038284 13.310000 1.038284
v -8.038284 13.281716 1.010000
v -8.010000 13.790000 1.050000
v -8.010000 13.830000 1.010000
v -8.050000 13.790000 1.010000
v -8.010000 13.818284 1.038284
v -8.033094 13.813094 1.033094
v -8.038284 13.818284 1.010000
v -8.038284 13.790000 1.038284
v -8.010000 13.270000 -1.010000
v -8.050000 13.310000 -1.010000
v -8.010000 13.310000 -1.050000
v -8.038284 13.281716 -1.010000
v -8.033094 13.286906 -1.033094
v -8.038284 13.310000 -1.038284
v -8.010000 13.281716 -1.038284
v -8.010000 13.830000 -1.010000
v -8.010000 13.790000 -1.050000
v -8.050000 13.790000 -1.010000
v -8.010000 13.818284 -1.038284
v -8.033094 13.813094 -1.033094
v -8.038284 13.790000 -1.038284
v -8.038284 13.818284 -1.010000
v -5.990000 13.270000 1.010000
v -5.950000 13.310000 1.010000
v -5.990000 13.310000 1.050000
v -5.961716 13.281716 1.010000
v -5.966906 13.286906 1.033094
v -5.961716 13.310000 1.038284
v -5.990000 13.281716 1.038284
v -5.990000 13.830000 1.010000
v -5.990000 13.790000 1.050000
v -5.950000 13.790000 1.010000
v -5.990000 13.818284 1.038284
v -5.966906 13.813094 1.033094
v -5.961716 13.790000 1.038284
v -5.961716 13.818284 1.010000
v -5.990000 13.270000 -1.010000
v -5.990000 13.310000 -1.050000
v -5.950000 13.310000 -1.010000
v -5.990000 13.281716 -1.038284
v -5.966906 13.286906 -1.033094
v -5.961716 13.310000 -1.038284
v -5.961716 13.281716 -1.010000
v -5.990000 13.830000 -1.010000
v -5.950000 13.790000 -1.010000
v -5.990000 13.790000 -1.050000
v -5.961716 13.818284 -1.010000
v -5.966906 13.813094 -1.033094
v -5.961716 13.790000 -1.038284
v -5.990000 13.818284 -1.038284
vn -0.3251 -0.8881 0.3251
vn -0.3251 -0.3251 0.8881
vn -0.8881 -0.3251 0.3251
vn -0.3251 0.3251 0.8881
vn -0.3251 0.8881 0.3251
vn -0.8881 0.3251 0.3251
vn -0.3251 -0.8881 -0.3251
vn -0.8881 -0.3251 -0.3251
vn -0.3251 -0.3251 -0.8881
vn -0.3251 0.8881 -0.3251
vn -0.3251 0.3251 -0.8881
vn -0.8881 0.3251 -0.3251
vn 0.3251 -0.8881 0.3251
vn 0.8881 -0.3251 0.3251
vn 0.3251 -0.3251 0.8881
vn 0.3251 0.8881 0.3251
vn 0.3251 0.3251 0.8881
vn 0.8881 0.3251 0.3251
vn 0.3251 -0.8881 -0.3251
vn 0.3251 -0.3251 -0.8881
vn 0.8881 -0.3251 -0.3251
vn 0.3251 0.8881 -0.3251
vn 0.8881 0.3251 -0.3251
vn 0.3251 0.3251 -0.8881
vn -0.3827 -0.9239 -0.0000
vn -0.9239 -0.3827 -0.0000
vn -0.3827 -0.0000 0.9239
vn -0.9239 -0.0000 0.3827
vn -0.3827 0.9239 -0.0000
vn -0.9239 0.3827 -0.0000
vn -0.3827 -0.0000 -0.9239
vn -0.9239 -0.0000 -0.3827
vn -0.0000 -0.9239 -0.3827
vn -0.0000 -0.3827 -0.9239
vn -0.0000 0.9239 -0.3827
vn -0.0000 0.3827 -0.9239
vn 0.9239 -0.0000 -0.3827
vn 0.3827 -0.0000 -0.9239
vn 0.3827 -0.9239 -0.0000
vn 0.9239 -0.3827 -0.0000
vn 0.3827 0.9239 -0.0000
vn 0.9239 0.3827 -0.0000
vn 0.3827 -0.0000 0.9239
vn 0.9239 -0.0000 0.3827
vn -0.0000 -0.9239 0.3827
vn -0.0000 -0.3827 0.9239
vn -0.0000 0.9239 0.3827
vn -0.0000 0.3827 0.9239
vn -0.0000 -1.0000 -0.0000
vn -1.0000 -0.0000 -0.0000
vn -0.0000 -0.0000 1.0000
vn -0.0000 1.0000 -0.0000
vn -0.0000 -0.0000 -1.0000
vn 1.0000 -0.0000 -0.0000
vt 0.129762 0.745238
vt 0.129762 0.750000
vt 0.127013 0.750000
vt 0.125000 0.745238
vt 0.392857 0.995238
vt 0.392857 1.000000
vt 0.382547 1.000000
vt 0.375000 0.995238
vt 0.392857 0.004762
vt 0.375000 0.004762
vt 0.375000 0.002013
vt 0.392857 0.000000
vt 0.607143 0.995238
vt 0.625000 0.995238
vt 0.625000 0.997987
vt 0.607143 1.000000
vt 0.870238 0.745238
vt 0.875000 0.745238
vt 0.875000 0.747987
vt 0.870238 0.750000
vt 0.607143 0.004762
vt 0.607143 0.000000
vt 0.617453 0.000000
vt 0.625000 0.004762
vt 0.129762 0.504762
vt 0.125000 0.504762
vt 0.125000 0.502013
vt 0.129762 0.500000
vt 0.392857 0.245238
vt 0.392857 0.250000
vt 0.378774 0.251006
vt 0.375000 0.245238
vt 0.392857 0.254762
vt 0.375000 0.254762
vt 0.870238 0.504762
vt 0.870238 0.500000
vt 0.872987 0.500000
vt 0.875000 0.504762
vt 0.607143 0.254762
vt 0.607143 0.250000
vt 0.621226 0.248994
vt 0.625000 0.254762
vt 0.607143 0.245238
vt 0.625000 0.245238
vt 0.370238 0.745238
vt 0.375000 0.745238
vt 0.377516 0.750000
vt 0.372619 0.752381
vt 0.392857 0.745238
vt 0.392857 0.750000
vt 0.392857 0.754762
vt 0.629762 0.745238
vt 0.627381 0.752381
vt 0.623155 0.749329
vt 0.625000 0.745238
vt 0.607143 0.754762
vt 0.607143 0.750000
vt 0.607143 0.745238
vt 0.370238 0.504762
vt 0.372619 0.497619
vt 0.376845 0.500671
vt 0.375000 0.504762
vt 0.392857 0.495238
vt 0.392857 0.500000
vt 0.392857 0.504762
vt 0.629762 0.504762
vt 0.625000 0.504762
vt 0.622484 0.500000
vt 0.627381 0.497619
vt 0.607143 0.504762
vt 0.607143 0.500000
vt 0.607143 0.495238
s 0
usemtl DL2_IceBlue
f 4173/5069/3145 4176/5070/3145 4177/5071/3145 4179/5072/3145
f 4174/5073/3146 4178/5074/3146 4177/5075/3146 4176/5076/3146
f 4175/5077/3147 4179/5078/3147 4177/5079/3147 4178/5080/3147
f 4180/5081/3148 4183/5082/3148 4184/5083/3148 4186/5084/3148
f 4181/5085/3149 4185/5086/3149 4184/5087/3149 4183/5088/3149
f 4182/5089/3150 4186/5090/3150 4184/5091/3150 4185/5092/3150
f 4187/5093/3151 4190/5094/3151 4191/5095/3151 4193/5096/3151
f 4188/5097/3152 4192/5098/3152 4191/5099/3152 4190/5100/3152
f 4189/5101/3153 4193/5102/3153 4191/5099/3153 4192/5098/3153
f 4194/5103/3154 4197/5104/3154 4198/5105/3154 4200/5106/3154
f 4195/5107/3155 4199/5108/3155 4198/5109/3155 4197/5110/3155
f 4196/5111/3156 4200/5112/3156 4198/5109/3156 4199/5108/3156
f 4201/5113/3157 4204/5114/3157 4205/5115/3157 4207/5116/3157
f 4202/5117/3158 4206/5118/3158 4205/5115/3158 4204/5114/3158
f 4203/5119/3159 4207/5116/3159 4205/5115/3159 4206/5118/3159
f 4208/5120/3160 4211/5121/3160 4212/5122/3160 4214/5123/3160
f 4209/5124/3161 4213/5125/3161 4212/5122/3161 4211/5121/3161
f 4210/5126/3162 4214/5123/3162 4212/5122/3162 4213/5125/3162
f 4215/5127/3163 4218/5128/3163 4219/5129/3163 4221/5130/3163
f 4216/5131/3164 4220/5132/3164 4219/5129/3164 4218/5128/3164
f 4217/5133/3165 4221/5130/3165 4219/5129/3165 4220/5132/3165
f 4222/5134/3166 4225/5135/3166 4226/5136/3166 4228/5137/3166
f 4223/5138/3167 4227/5139/3167 4226/5136/3167 4225/5135/3167
f 4224/5140/3168 4228/5137/3168 4226/5136/3168 4227/5139/3168
f 4187/5093/3169 4173/5069/3169 4179/5072/3169 4190/5094/3169
f 4190/5100/3170 4179/5078/3170 4175/5077/3170 4188/5097/3170
f 4174/5073/3171 4180/5081/3171 4186/5084/3171 4178/5074/3171
f 4178/5080/3172 4186/5090/3172 4182/5089/3172 4175/5077/3172
f 4181/5085/3173 4194/5103/3173 4200/5106/3173 4185/5086/3173
f 4185/5092/3174 4200/5112/3174 4196/5111/3174 4182/5089/3174
f 4195/5107/3175 4189/5101/3175 4192/5098/3175 4199/5108/3175
f 4199/5108/3176 4192/5098/3176 4188/5097/3176 4196/5111/3176
f 4215/5127/3177 4187/5093/3177 4193/5096/3177 4218/5128/3177
f 4218/5128/3178 4193/5102/3178 4189/5101/3178 4216/5131/3178
f 4194/5103/3179 4222/5134/3179 4228/5137/3179 4197/5104/3179
f 4197/5110/3180 4228/5137/3180 4224/5140/3180 4195/5107/3180
f 4223/5138/3181 4217/5133/3181 4220/5132/3181 4227/5139/3181
f 4227/5139/3182 4220/5132/3182 4216/5131/3182 4224/5140/3182
f 4201/5113/3183 4215/5127/3183 4221/5130/3183 4204/5114/3183
f 4204/5114/3184 4221/5130/3184 4217/5133/3184 4202/5117/3184
f 4222/5134/3185 4208/5120/3185 4214/5123/3185 4225/5135/3185
f 4225/5135/3186 4214/5123/3186 4210/5126/3186 4223/5138/3186
f 4209/5124/3187 4203/5119/3187 4206/5118/3187 4213/5125/3187
f 4213/5125/3188 4206/5118/3188 4202/5117/3188 4210/5126/3188
f 4173/5069/3189 4201/5113/3189 4207/5116/3189 4176/5070/3189
f 4176/5076/3190 4207/5116/3190 4203/5119/3190 4174/5073/3190
f 4208/5120/3191 4181/5085/3191 4183/5088/3191 4211/5121/3191
f 4211/5121/3192 4183/5082/3192 4180/5081/3192 4209/5124/3192
f 4187/5093/3193 4215/5127/3193 4201/5113/3193 4173/5069/3193
f 4175/5077/3194 4182/5089/3194 4196/5111/3194 4188/5097/3194
f 4203/5119/3195 4209/5124/3195 4180/5081/3195 4174/5073/3195
f 4222/5134/3196 4194/5103/3196 4181/5085/3196 4208/5120/3196
f 4189/5101/3197 4195/5107/3197 4224/5140/3197 4216/5131/3197
f 4217/5133/3198 4223/5138/3198 4210/5126/3198 4202/5117/3198
o DL_Fate_Ring_Vertical_Fore
v 5.960000 8.200000 0.000000
v 5.913137 8.200000 0.113137
v 5.800000 8.200000 0.160000
v 5.686863 8.200000 0.113137
v 5.640000 8.200000 0.000000
v 5.686863 8.200000 -0.113137
v 5.800000 8.200000 -0.160000
v 5.913137 8.200000 -0.113137
v 5.947239 8.589803 -0.000000
v 5.900477 8.586739 0.113137
v 5.787582 8.579339 0.160000
v 5.674687 8.571939 0.113137
v 5.627925 8.568874 -0.000000
v 5.674687 8.571939 -0.113137
v 5.787582 8.579339 -0.160000
v 5.900477 8.586739 -0.113137
v 5.909011 8.977936 -0.000000
v 5.862550 8.971819 0.113137
v 5.750381 8.957051 0.160000
v 5.638211 8.942285 0.113137
v 5.591750 8.936168 -0.000000
v 5.638211 8.942285 -0.113137
v 5.750381 8.957051 -0.160000
v 5.862550 8.971819 -0.113137
v 5.845480 9.362739 -0.000000
v 5.799518 9.353596 0.113137
v 5.688555 9.331524 0.160000
v 5.577591 9.309452 0.113137
v 5.531629 9.300310 -0.000000
v 5.577591 9.309452 -0.113137
v 5.688555 9.331524 -0.160000
v 5.799518 9.353596 -0.113137
v 5.756918 9.742561 -0.000000
v 5.711652 9.730433 0.113137
v 5.602370 9.701150 0.160000
v 5.493088 9.671867 0.113137
v 5.447822 9.659739 -0.000000
v 5.493088 9.671867 -0.113137
v 5.602370 9.701150 -0.160000
v 5.711652 9.730433 -0.113137
v 5.643703 10.115779 -0.000000
v 5.599328 10.100716 0.113137
v 5.492195 10.064349 0.160000
v 5.385062 10.027983 0.113137
v 5.340686 10.012918 -0.000000
v 5.385062 10.027983 -0.113137
v 5.492195 10.064349 -0.160000
v 5.599328 10.100716 -0.113137
v 5.506322 10.480793 -0.000000
v 5.463027 10.462859 0.113137
v 5.358501 10.419563 0.160000
v 5.253976 10.376267 0.113137
v 5.210681 10.358334 -0.000000
v 5.253976 10.376267 -0.113137
v 5.358501 10.419563 -0.160000
v 5.463027 10.462859 -0.113137
v 5.345362 10.836040 -0.000000
v 5.303332 10.815313 0.113137
v 5.201862 10.765274 0.160000
v 5.100392 10.715235 0.113137
v 5.058362 10.694509 -0.000000
v 5.100392 10.715235 -0.113137
v 5.201862 10.765274 -0.160000
v 5.303332 10.815313 -0.113137
v 5.161511 11.180000 -0.000000
v 5.120927 11.156569 0.113137
v 5.022947 11.100000 0.160000
v 4.924967 11.043432 0.113137
v 4.884383 11.020000 -0.000000
v 4.924967 11.043432 -0.113137
v 5.022947 11.100000 -0.160000
v 5.120927 11.156569 -0.113137
v 4.955559 11.511198 -0.000000
v 4.916594 11.485163 0.113137
v 4.822524 11.422307 0.160000
v 4.728454 11.359451 0.113137
v 4.689489 11.333416 -0.000000
v 4.728454 11.359451 -0.113137
v 4.822524 11.422307 -0.160000
v 4.916594 11.485163 -0.113137
v 4.728386 11.828218 -0.000000
v 4.691208 11.799689 0.113137
v 4.601450 11.730816 0.160000
v 4.511692 11.661942 0.113137
v 4.474514 11.633413 -0.000000
v 4.511692 11.661942 -0.113137
v 4.601450 11.730816 -0.160000
v 4.691208 11.799689 -0.113137
v 4.480965 12.129701 -0.000000
v 4.445732 12.098803 0.113137
v 4.360671 12.024206 0.160000
v 4.275610 11.949609 0.113137
v 4.240377 11.918711 -0.000000
v 4.275610 11.949609 -0.113137
v 4.360671 12.024206 -0.160000
v 4.445732 12.098803 -0.113137
v 4.214356 12.414356 -0.000000
v 4.181219 12.381220 0.113137
v 4.101219 12.301220 0.160000
v 4.021219 12.221220 0.113137
v 3.988082 12.188083 -0.000000
v 4.021219 12.221220 -0.113137
v 4.101219 12.301220 -0.160000
v 4.181219 12.381220 -0.113137
v 3.929701 12.680965 -0.000000
v 3.898803 12.645731 0.113137
v 3.824206 12.560671 0.160000
v 3.749609 12.475609 0.113137
v 3.718711 12.440376 -0.000000
v 3.749609 12.475609 -0.113137
v 3.824206 12.560671 -0.160000
v 3.898803 12.645731 -0.113137
v 3.628219 12.928385 -0.000000
v 3.599691 12.891207 0.113137
v 3.530817 12.801449 0.160000
v 3.461943 12.711691 0.113137
v 3.433415 12.674512 -0.000000
v 3.461943 12.711691 -0.113137
v 3.530817 12.801449 -0.160000
v 3.599691 12.891207 -0.113137
v 3.311198 13.155560 -0.000000
v 3.285162 13.116594 0.113137
v 3.222307 13.022524 0.160000
v 3.159451 12.928453 0.113137
v 3.133416 12.889489 -0.000000
v 3.159451 12.928453 -0.113137
v 3.222307 13.022524 -0.160000
v 3.285162 13.116594 -0.113137
v 2.980000 13.361511 -0.000000
v 2.956568 13.320927 0.113137
v 2.900000 13.222948 0.160000
v 2.843431 13.124968 0.113137
v 2.820000 13.084383 -0.000000
v 2.843431 13.124968 -0.113137
v 2.900000 13.222948 -0.160000
v 2.956568 13.320927 -0.113137
v 2.636041 13.545361 -0.000000
v 2.615314 13.503331 0.113137
v 2.565275 13.401861 0.160000
v 2.515236 13.300392 0.113137
v 2.494509 13.258362 -0.000000
v 2.515236 13.300392 -0.113137
v 2.565275 13.401861 -0.160000
v 2.615314 13.503331 -0.113137
v 2.280795 13.706322 -0.000000
v 2.262861 13.663026 0.113137
v 2.219565 13.558500 0.160000
v 2.176270 13.453976 0.113137
v 2.158336 13.410681 -0.000000
v 2.176270 13.453976 -0.113137
v 2.219565 13.558500 -0.160000
v 2.262861 13.663026 -0.113137
v 1.915779 13.843704 -0.000000
v 1.900715 13.799328 0.113137
v 1.864348 13.692195 0.160000
v 1.827982 13.585062 0.113137
v 1.812918 13.540686 -0.000000
v 1.827982 13.585062 -0.113137
v 1.864348 13.692195 -0.160000
v 1.900715 13.799328 -0.113138
v 1.542562 13.956918 -0.000000
v 1.530433 13.911652 0.113137
v 1.501151 13.802370 0.160000
v 1.471869 13.693088 0.113137
v 1.459740 13.647821 -0.000000
v 1.471869 13.693088 -0.113137
v 1.501151 13.802370 -0.160000
v 1.530433 13.911652 -0.113138
v 1.162739 14.045480 -0.000000
v 1.153597 13.999517 0.113137
v 1.131525 13.888555 0.160000
v 1.109453 13.777592 0.113137
v 1.100310 13.731628 -0.000000
v 1.109453 13.777592 -0.113138
v 1.131525 13.888555 -0.160000
v 1.153597 13.999517 -0.113138
v 0.777935 14.109011 -0.000000
v 0.771818 14.062550 0.113137
v 0.757051 13.950380 0.160000
v 0.742284 13.838211 0.113137
v 0.736167 13.791750 -0.000000
v 0.742284 13.838211 -0.113138
v 0.757051 13.950380 -0.160000
v 0.771818 14.062550 -0.113138
v 0.389802 14.147240 -0.000000
v 0.386737 14.100477 0.113137
v 0.379338 13.987581 0.160000
v 0.371938 13.874687 0.113137
v 0.368873 13.827925 -0.000000
v 0.371938 13.874687 -0.113138
v 0.379338 13.987581 -0.160000
v 0.386737 14.100477 -0.113138
v 0.000000 14.160000 -0.000000
v 0.000000 14.113137 0.113137
v 0.000000 14.000000 0.160000
v 0.000000 13.886863 0.113137
v 0.000000 13.840000 -0.000000
v 0.000000 13.886863 -0.113138
v 0.000000 14.000000 -0.160000
v 0.000000 14.113137 -0.113138
v -0.389801 14.147240 -0.000000
v -0.386736 14.100477 0.113137
v -0.379337 13.987581 0.160000
v -0.371937 13.874687 0.113137
v -0.368873 13.827925 -0.000000
v -0.371937 13.874687 -0.113138
v -0.379337 13.987581 -0.160000
v -0.386736 14.100477 -0.113138
v -0.777937 14.109011 -0.000000
v -0.771820 14.062550 0.113137
v -0.757053 13.950380 0.160000
v -0.742285 13.838211 0.113137
v -0.736169 13.791749 -0.000000
v -0.742285 13.838211 -0.113138
v -0.757053 13.950380 -0.160000
v -0.771820 14.062550 -0.113138
v -1.162738 14.045480 -0.000000
v -1.153596 13.999517 0.113137
v -1.131524 13.888555 0.160000
v -1.109452 13.777592 0.113137
v -1.100309 13.731628 -0.000000
v -1.109452 13.777592 -0.113138
v -1.131524 13.888555 -0.160000
v -1.153596 13.999517 -0.113138
v -1.542561 13.956919 -0.000000
v -1.530432 13.911652 0.113137
v -1.501150 13.802370 0.160000
v -1.471868 13.693089 0.113137
v -1.459739 13.647821 -0.000000
v -1.471868 13.693089 -0.113137
v -1.501150 13.802370 -0.160000
v -1.530432 13.911652 -0.113138
v -1.915781 13.843702 -0.000000
v -1.900717 13.799328 0.113137
v -1.864350 13.692194 0.160000
v -1.827983 13.585061 0.113137
v -1.812920 13.540686 -0.000000
v -1.827983 13.585061 -0.113137
v -1.864350 13.692194 -0.160000
v -1.900717 13.799328 -0.113138
v -2.280794 13.706322 -0.000000
v -2.262860 13.663027 0.113137
v -2.219564 13.558501 0.160000
v -2.176269 13.453976 0.113137
v -2.158335 13.410681 -0.000000
v -2.176269 13.453976 -0.113137
v -2.219564 13.558501 -0.160000
v -2.262860 13.663027 -0.113137
v -2.636040 13.545362 -0.000000
v -2.615314 13.503332 0.113137
v -2.565274 13.401862 0.160000
v -2.515235 13.300392 0.113137
v -2.494508 13.258362 -0.000000
v -2.515235 13.300392 -0.113137
v -2.565274 13.401862 -0.160000
v -2.615314 13.503332 -0.113137
v -2.979999 13.361511 -0.000000
v -2.956568 13.320928 0.113137
v -2.899999 13.222948 0.160000
v -2.843431 13.124968 0.113137
v -2.819999 13.084384 -0.000000
v -2.843431 13.124968 -0.113137
v -2.899999 13.222948 -0.160000
v -2.956568 13.320928 -0.113137
v -3.311197 13.155560 -0.000000
v -3.285161 13.116594 0.113137
v -3.222306 13.022525 0.160000
v -3.159450 12.928454 0.113137
v -3.133415 12.889490 -0.000000
v -3.159450 12.928454 -0.113137
v -3.222306 13.022525 -0.160000
v -3.285161 13.116594 -0.113137
v -3.628218 12.928386 -0.000000
v -3.599690 12.891207 0.113137
v -3.530816 12.801449 0.160000
v -3.461943 12.711691 0.113137
v -3.433415 12.674513 -0.000000
v -3.461943 12.711691 -0.113137
v -3.530816 12.801449 -0.160000
v -3.599690 12.891207 -0.113137
v -3.929701 12.680965 -0.000000
v -3.898802 12.645733 0.113137
v -3.824205 12.560671 0.160000
v -3.749609 12.475611 0.113137
v -3.718710 12.440376 -0.000000
v -3.749609 12.475611 -0.113137
v -3.824205 12.560671 -0.160000
v -3.898802 12.645733 -0.113137
v -4.214357 12.414355 -0.000000
v -4.181221 12.381218 0.113137
v -4.101221 12.301218 0.160000
v -4.021220 12.221218 0.113137
v -3.988083 12.188082 -0.000000
v -4.021220 12.221218 -0.113137
v -4.101221 12.301218 -0.160000
v -4.181221 12.381218 -0.113137
v -4.480966 12.129701 -0.000000
v -4.445733 12.098802 0.113137
v -4.360672 12.024205 0.160000
v -4.275610 11.949609 0.113137
v -4.240377 11.918710 -0.000000
v -4.275610 11.949609 -0.113137
v -4.360672 12.024205 -0.160000
v -4.445733 12.098802 -0.113137
v -4.728386 11.828218 -0.000000
v -4.691207 11.799690 0.113137
v -4.601449 11.730816 0.160000
v -4.511692 11.661942 0.113137
v -4.474513 11.633414 -0.000000
v -4.511692 11.661942 -0.113137
v -4.601449 11.730816 -0.160000
v -4.691207 11.799690 -0.113137
v -4.955558 11.511199 -0.000000
v -4.916594 11.485164 0.113137
v -4.822524 11.422308 0.160000
v -4.728453 11.359452 0.113137
v -4.689488 11.333417 -0.000000
v -4.728453 11.359452 -0.113137
v -4.822524 11.422308 -0.160000
v -4.916594 11.485164 -0.113137
v -5.161510 11.180001 -0.000000
v -5.120926 11.156570 0.113137
v -5.022947 11.100001 0.160000
v -4.924967 11.043432 0.113137
v -4.884383 11.020001 -0.000000
v -4.924967 11.043432 -0.113137
v -5.022947 11.100001 -0.160000
v -5.120926 11.156570 -0.113137
v -5.345362 10.836040 -0.000000
v -5.303332 10.815313 0.113137
v -5.201862 10.765274 0.160000
v -5.100392 10.715235 0.113137
v -5.058362 10.694508 -0.000000
v -5.100392 10.715235 -0.113137
v -5.201862 10.765274 -0.160000
v -5.303332 10.815313 -0.113137
v -5.506322 10.480793 -0.000000
v -5.463027 10.462860 0.113137
v -5.358501 10.419564 0.160000
v -5.253976 10.376268 0.113137
v -5.210680 10.358335 -0.000000
v -5.253976 10.376268 -0.113137
v -5.358501 10.419564 -0.160000
v -5.463027 10.462860 -0.113137
v -5.643704 10.115778 -0.000000
v -5.599329 10.100714 0.113137
v -5.492196 10.064347 0.160000
v -5.385062 10.027981 0.113137
v -5.340687 10.012917 -0.000000
v -5.385062 10.027981 -0.113137
v -5.492196 10.064347 -0.160000
v -5.599329 10.100714 -0.113137
v -5.756918 9.742560 -0.000000
v -5.711652 9.730432 0.113137
v -5.602370 9.701150 0.160000
v -5.493088 9.671867 0.113137
v -5.447822 9.659739 -0.000000
v -5.493088 9.671867 -0.113137
v -5.602370 9.701150 -0.160000
v -5.711652 9.730432 -0.113137
v -5.845480 9.362738 -0.000000
v -5.799518 9.353596 0.113137
v -5.688555 9.331524 0.160000
v -5.577591 9.309452 0.113137
v -5.531630 9.300309 -0.000000
v -5.577591 9.309452 -0.113137
v -5.688555 9.331524 -0.160000
v -5.799518 9.353596 -0.113137
v -5.909011 8.977937 -0.000000
v -5.862549 8.971820 0.113137
v -5.750380 8.957052 0.160000
v -5.638211 8.942286 0.113137
v -5.591749 8.936169 -0.000000
v -5.638211 8.942286 -0.113137
v -5.750380 8.957052 -0.160000
v -5.862549 8.971820 -0.113137
v -5.947239 8.589804 -0.000000
v -5.900477 8.586739 0.113137
v -5.787582 8.579339 0.160000
v -5.674687 8.571939 0.113137
v -5.627924 8.568875 -0.000000
v -5.674687 8.571939 -0.113137
v -5.787582 8.579339 -0.160000
v -5.900477 8.586739 -0.113137
v -5.960000 8.200001 -0.000000
v -5.913137 8.200001 0.113137
v -5.800000 8.200001 0.160000
v -5.686863 8.200001 0.113137
v -5.640000 8.200001 -0.000000
v -5.686863 8.200001 -0.113137
v -5.800000 8.200001 -0.160000
v -5.913137 8.200001 -0.113137
v -5.947239 7.810198 0.000000
v -5.900477 7.813263 0.113137
v -5.787582 7.820663 0.160000
v -5.674687 7.828063 0.113137
v -5.627925 7.831127 0.000000
v -5.674687 7.828063 -0.113137
v -5.787582 7.820663 -0.160000
v -5.900477 7.813263 -0.113137
v -5.909011 7.422063 0.000000
v -5.862549 7.428180 0.113137
v -5.750380 7.442947 0.160000
v -5.638211 7.457715 0.113137
v -5.591749 7.463831 0.000000
v -5.638211 7.457715 -0.113137
v -5.750380 7.442947 -0.160000
v -5.862549 7.428180 -0.113137
v -5.845480 7.037261 0.000000
v -5.799518 7.046404 0.113137
v -5.688555 7.068476 0.160000
v -5.577591 7.090548 0.113137
v -5.531630 7.099690 0.000000
v -5.577591 7.090548 -0.113137
v -5.688555 7.068476 -0.160000
v -5.799518 7.046404 -0.113137
v -5.756918 6.657439 0.000000
v -5.711652 6.669568 0.113137
v -5.602370 6.698850 0.160000
v -5.493088 6.728132 0.113137
v -5.447822 6.740261 0.000000
v -5.493088 6.728132 -0.113137
v -5.602370 6.698850 -0.160000
v -5.711652 6.669568 -0.113137
v -5.643704 6.284222 0.000000
v -5.599329 6.299286 0.113137
v -5.492196 6.335652 0.160000
v -5.385062 6.372019 0.113137
v -5.340687 6.387083 0.000000
v -5.385062 6.372019 -0.113137
v -5.492196 6.335652 -0.160000
v -5.599329 6.299286 -0.113137
v -5.506323 5.919209 0.000000
v -5.463027 5.937142 0.113137
v -5.358502 5.980438 0.160000
v -5.253977 6.023734 0.113137
v -5.210682 6.041667 0.000000
v -5.253977 6.023734 -0.113137
v -5.358502 5.980438 -0.160000
v -5.463027 5.937142 -0.113137
v -5.345362 5.563960 0.000000
v -5.303332 5.584686 0.113137
v -5.201862 5.634726 0.160000
v -5.100392 5.684765 0.113137
v -5.058362 5.705492 0.000000
v -5.100392 5.684765 -0.113137
v -5.201862 5.634726 -0.160000
v -5.303332 5.584686 -0.113137
v -5.161512 5.220001 0.000000
v -5.120928 5.243432 0.113137
v -5.022948 5.300001 0.160000
v -4.924968 5.356569 0.113137
v -4.884384 5.380001 0.000000
v -4.924968 5.356569 -0.113137
v -5.022948 5.300001 -0.160000
v -5.120928 5.243432 -0.113137
v -4.955558 4.888801 0.000000
v -4.916594 4.914836 0.113137
v -4.822524 4.977692 0.160000
v -4.728453 5.040547 0.113137
v -4.689488 5.066583 0.000000
v -4.728453 5.040547 -0.113137
v -4.822524 4.977692 -0.160000
v -4.916594 4.914836 -0.113137
v -4.728386 4.571782 0.000000
v -4.691207 4.600310 0.113137
v -4.601449 4.669184 0.160000
v -4.511692 4.738057 0.113137
v -4.474513 4.766585 0.000000
v -4.511692 4.738057 -0.113137
v -4.601449 4.669184 -0.160000
v -4.691207 4.600310 -0.113137
v -4.480966 4.270299 0.000000
v -4.445733 4.301198 0.113137
v -4.360672 4.375794 0.160000
v -4.275610 4.450391 0.113137
v -4.240377 4.481290 0.000000
v -4.275610 4.450391 -0.113137
v -4.360672 4.375794 -0.160000
v -4.445733 4.301198 -0.113137
v -4.214357 3.985644 0.000000
v -4.181221 4.018781 0.113137
v -4.101221 4.098782 0.160000
v -4.021220 4.178782 0.113137
v -3.988083 4.211918 0.000000
v -4.021220 4.178782 -0.113137
v -4.101221 4.098782 -0.160000
v -4.181221 4.018781 -0.113137
v -3.929703 3.719036 0.000000
v -3.898804 3.754269 0.113137
v -3.824208 3.839330 0.160000
v -3.749611 3.924391 0.113137
v -3.718712 3.959624 0.000000
v -3.749611 3.924391 -0.113137
v -3.824208 3.839330 -0.160000
v -3.898804 3.754269 -0.113137
v -3.628221 3.471616 0.000000
v -3.599693 3.508794 0.113137
v -3.530819 3.598552 0.160000
v -3.461945 3.688310 0.113137
v -3.433417 3.725489 0.000000
v -3.461945 3.688310 -0.113137
v -3.530819 3.598552 -0.160000
v -3.599693 3.508794 -0.113137
v -3.311202 3.244443 0.000000
v -3.285167 3.283408 0.113137
v -3.222311 3.377478 0.160000
v -3.159455 3.471548 0.113137
v -3.133420 3.510513 0.000000
v -3.159455 3.471548 -0.113137
v -3.222311 3.377478 -0.160000
v -3.285167 3.283408 -0.113137
v -2.979999 3.038488 0.000000
v -2.956568 3.079072 0.113137
v -2.899999 3.177052 0.160000
v -2.843431 3.275032 0.113137
v -2.819999 3.315616 0.000000
v -2.843431 3.275032 -0.113137
v -2.899999 3.177052 -0.160000
v -2.956568 3.079072 -0.113137
v -2.636040 2.854638 0.000000
v -2.615314 2.896668 0.113137
v -2.565274 2.998137 0.160000
v -2.515235 3.099607 0.113137
v -2.494508 3.141637 0.000000
v -2.515235 3.099607 -0.113137
v -2.565274 2.998137 -0.160000
v -2.615314 2.896668 -0.113137
v -2.280794 2.693678 0.000000
v -2.262860 2.736973 0.113137
v -2.219564 2.841498 0.160000
v -2.176269 2.946023 0.113137
v -2.158335 2.989319 0.000000
v -2.176269 2.946023 -0.113137
v -2.219564 2.841498 -0.160000
v -2.262860 2.736973 -0.113137
v -1.915781 2.556297 0.000000
v -1.900717 2.600672 0.113138
v -1.864350 2.707805 0.160000
v -1.827983 2.814939 0.113137
v -1.812920 2.859314 0.000000
v -1.827983 2.814939 -0.113137
v -1.864350 2.707805 -0.160000
v -1.900717 2.600672 -0.113137
v -1.542563 2.443082 0.000000
v -1.530434 2.488348 0.113138
v -1.501152 2.597630 0.160000
v -1.471870 2.706913 0.113137
v -1.459741 2.752178 0.000000
v -1.471870 2.706913 -0.113137
v -1.501152 2.597630 -0.160000
v -1.530434 2.488348 -0.113137
v -1.162741 2.354520 0.000000
v -1.153599 2.400482 0.113138
v -1.131527 2.511446 0.160000
v -1.109455 2.622409 0.113138
v -1.100312 2.668371 0.000000
v -1.109455 2.622409 -0.113137
v -1.131527 2.511446 -0.160000
v -1.153599 2.400482 -0.113137
v -0.777940 2.290989 0.000000
v -0.771823 2.337451 0.113138
v -0.757055 2.449620 0.160000
v -0.742288 2.561790 0.113138
v -0.736171 2.608251 0.000000
v -0.742288 2.561790 -0.113137
v -0.757055 2.449620 -0.160000
v -0.771823 2.337451 -0.113137
v -0.389801 2.252760 0.000000
v -0.386736 2.299523 0.113138
v -0.379337 2.412418 0.160000
v -0.371937 2.525313 0.113138
v -0.368873 2.572075 0.000000
v -0.371937 2.525313 -0.113137
v -0.379337 2.412418 -0.160000
v -0.386736 2.299523 -0.113137
v 0.000000 2.240000 0.000000
v 0.000000 2.286862 0.113138
v 0.000000 2.400000 0.160000
v 0.000000 2.513137 0.113138
v 0.000000 2.559999 0.000000
v 0.000000 2.513137 -0.113137
v 0.000000 2.400000 -0.160000
v 0.000000 2.286862 -0.113137
v 0.389802 2.252760 0.000000
v 0.386737 2.299523 0.113138
v 0.379338 2.412418 0.160000
v 0.371938 2.525313 0.113138
v 0.368873 2.572075 0.000000
v 0.371938 2.525313 -0.113137
v 0.379338 2.412418 -0.160000
v 0.386737 2.299523 -0.113137
v 0.777935 2.290988 0.000000
v 0.771818 2.337450 0.113138
v 0.757051 2.449619 0.160000
v 0.742284 2.561789 0.113138
v 0.736167 2.608250 0.000000
v 0.742284 2.561789 -0.113137
v 0.757051 2.449619 -0.160000
v 0.771818 2.337450 -0.113137
v 1.162736 2.354519 0.000000
v 1.153594 2.400481 0.113138
v 1.131522 2.511445 0.160000
v 1.109450 2.622408 0.113138
v 1.100308 2.668370 0.000000
v 1.109450 2.622408 -0.113137
v 1.131522 2.511445 -0.160000
v 1.153594 2.400481 -0.113137
v 1.542559 2.443081 0.000000
v 1.530430 2.488347 0.113138
v 1.501148 2.597629 0.160000
v 1.471866 2.706912 0.113137
v 1.459737 2.752177 0.000000
v 1.471866 2.706912 -0.113137
v 1.501148 2.597629 -0.160000
v 1.530430 2.488347 -0.113137
v 1.915776 2.556295 0.000000
v 1.900712 2.600671 0.113138
v 1.864346 2.707804 0.160000
v 1.827979 2.814937 0.113137
v 1.812916 2.859313 0.000000
v 1.827979 2.814937 -0.113137
v 1.864346 2.707804 -0.160000
v 1.900712 2.600671 -0.113137
v 2.280795 2.693678 0.000000
v 2.262861 2.736974 0.113137
v 2.219565 2.841499 0.160000
v 2.176270 2.946024 0.113137
v 2.158336 2.989319 0.000000
v 2.176270 2.946024 -0.113137
v 2.219565 2.841499 -0.160000
v 2.262861 2.736974 -0.113137
v 2.636041 2.854639 0.000000
v 2.615314 2.896668 0.113137
v 2.565275 2.998138 0.160000
v 2.515236 3.099607 0.113137
v 2.494509 3.141637 0.000000
v 2.515236 3.099607 -0.113137
v 2.565275 2.998138 -0.160000
v 2.615314 2.896668 -0.113137
v 2.980000 3.038488 0.000000
v 2.956568 3.079072 0.113137
v 2.900000 3.177052 0.160000
v 2.843431 3.275032 0.113137
v 2.820000 3.315616 0.000000
v 2.843431 3.275032 -0.113137
v 2.900000 3.177052 -0.160000
v 2.956568 3.079072 -0.113137
v 3.311198 3.244440 0.000000
v 3.285162 3.283405 0.113137
v 3.222307 3.377475 0.160000
v 3.159451 3.471546 0.113137
v 3.133416 3.510510 0.000000
v 3.159451 3.471546 -0.113137
v 3.222307 3.377475 -0.160000
v 3.285162 3.283405 -0.113137
v 3.628217 3.471613 0.000000
v 3.599689 3.508791 0.113137
v 3.530815 3.598549 0.160000
v 3.461941 3.688307 0.113137
v 3.433413 3.725486 0.000000
v 3.461941 3.688307 -0.113137
v 3.530815 3.598549 -0.160000
v 3.599689 3.508791 -0.113137
v 3.929699 3.719033 0.000000
v 3.898801 3.754266 0.113137
v 3.824204 3.839327 0.160000
v 3.749608 3.924388 0.113137
v 3.718709 3.959621 0.000000
v 3.749608 3.924388 -0.113137
v 3.824204 3.839327 -0.160000
v 3.898801 3.754266 -0.113137
v 4.214354 3.985641 0.000000
v 4.181217 4.018778 0.113137
v 4.101217 4.098778 0.160000
v 4.021217 4.178778 0.113137
v 3.988081 4.211915 0.000000
v 4.021217 4.178778 -0.113137
v 4.101217 4.098778 -0.160000
v 4.181217 4.018778 -0.113137
v 4.480967 4.270300 0.000000
v 4.445733 4.301198 0.113137
v 4.360672 4.375795 0.160000
v 4.275611 4.450392 0.113137
v 4.240378 4.481290 0.000000
v 4.275611 4.450392 -0.113137
v 4.360672 4.375795 -0.160000
v 4.445733 4.301198 -0.113137
v 4.728386 4.571782 0.000000
v 4.691208 4.600310 0.113137
v 4.601450 4.669184 0.160000
v 4.511692 4.738058 0.113137
v 4.474514 4.766586 0.000000
v 4.511692 4.738058 -0.113137
v 4.601450 4.669184 -0.160000
v 4.691208 4.600310 -0.113137
v 4.955559 4.888801 0.000000
v 4.916594 4.914837 0.113137
v 4.822524 4.977693 0.160000
v 4.728454 5.040548 0.113137
v 4.689489 5.066584 0.000000
v 4.728454 5.040548 -0.113137
v 4.822524 4.977693 -0.160000
v 4.916594 4.914837 -0.113137
v 5.161511 5.219999 0.000000
v 5.120927 5.243430 0.113137
v 5.022947 5.299999 0.160000
v 4.924967 5.356567 0.113137
v 4.884383 5.379999 0.000000
v 4.924967 5.356567 -0.113137
v 5.022947 5.299999 -0.160000
v 5.120927 5.243430 -0.113137
v 5.345361 5.563958 0.000000
v 5.303331 5.584684 0.113137
v 5.201861 5.634724 0.160000
v 5.100392 5.684763 0.113137
v 5.058362 5.705490 0.000000
v 5.100392 5.684763 -0.113137
v 5.201861 5.634724 -0.160000
v 5.303331 5.584684 -0.113137
v 5.506321 5.919204 0.000000
v 5.463026 5.937138 0.113137
v 5.358500 5.980433 0.160000
v 5.253975 6.023729 0.113137
v 5.210680 6.041663 0.000000
v 5.253975 6.023729 -0.113137
v 5.358500 5.980433 -0.160000
v 5.463026 5.937138 -0.113137
v 5.643703 6.284217 0.000000
v 5.599327 6.299281 0.113137
v 5.492194 6.335648 0.160000
v 5.385061 6.372015 0.113137
v 5.340685 6.387078 0.000000
v 5.385061 6.372015 -0.113137
v 5.492194 6.335648 -0.160000
v 5.599327 6.299281 -0.113137
v 5.756918 6.657440 0.000000
v 5.711652 6.669569 0.113137
v 5.602370 6.698851 0.160000
v 5.493088 6.728133 0.113137
v 5.447822 6.740262 0.000000
v 5.493088 6.728133 -0.113137
v 5.602370 6.698851 -0.160000
v 5.711652 6.669569 -0.113137
v 5.845480 7.037262 0.000000
v 5.799518 7.046405 0.113137
v 5.688555 7.068477 0.160000
v 5.577591 7.090549 0.113137
v 5.531630 7.099691 0.000000
v 5.577591 7.090549 -0.113137
v 5.688555 7.068477 -0.160000
v 5.799518 7.046405 -0.113137
v 5.909011 7.422064 0.000000
v 5.862550 7.428181 0.113137
v 5.750381 7.442948 0.160000
v 5.638211 7.457716 0.113137
v 5.591750 7.463832 0.000000
v 5.638211 7.457716 -0.113137
v 5.750381 7.442948 -0.160000
v 5.862550 7.428181 -0.113137
v 5.947239 7.810196 0.000000
v 5.900477 7.813262 0.113137
v 5.787582 7.820661 0.160000
v 5.674687 7.828061 0.113137
v 5.627925 7.831126 0.000000
v 5.674687 7.828061 -0.113137
v 5.787582 7.820661 -0.160000
v 5.900477 7.813262 -0.113137
vn 0.9235 0.0302 0.3825
vn 0.3827 0.0125 0.9238
vn -0.3827 -0.0125 0.9238
vn -0.9235 -0.0302 0.3825
vn -0.9235 -0.0302 -0.3825
vn -0.3827 -0.0125 -0.9238
vn 0.3827 0.0125 -0.9238
vn 0.9235 0.0302 -0.3825
vn 0.9195 0.0906 0.3825
vn 0.3810 0.0375 0.9238
vn -0.3810 -0.0375 0.9238
vn -0.9195 -0.0906 0.3825
vn -0.9195 -0.0906 -0.3825
vn -0.3810 -0.0375 -0.9238
vn 0.3810 0.0375 -0.9238
vn 0.9195 0.0906 -0.3825
vn 0.9116 0.1505 0.3825
vn 0.3777 0.0624 0.9238
vn -0.3777 -0.0624 0.9238
vn -0.9116 -0.1505 0.3825
vn -0.9116 -0.1505 -0.3825
vn -0.3777 -0.0624 -0.9238
vn 0.3777 0.0624 -0.9238
vn 0.9116 0.1505 -0.3825
vn 0.8998 0.2098 0.3825
vn 0.3729 0.0869 0.9238
vn -0.3729 -0.0869 0.9238
vn -0.8998 -0.2098 0.3825
vn -0.8998 -0.2098 -0.3825
vn -0.3729 -0.0869 -0.9238
vn 0.3729 0.0869 -0.9238
vn 0.8998 0.2098 -0.3825
vn 0.8842 0.2682 0.3825
vn 0.3664 0.1111 0.9238
vn -0.3664 -0.1111 0.9238
vn -0.8842 -0.2682 0.3825
vn -0.8842 -0.2682 -0.3825
vn -0.3664 -0.1111 -0.9238
vn 0.3664 0.1111 -0.9238
vn 0.8842 0.2682 -0.3825
vn 0.8647 0.3255 0.3825
vn 0.3583 0.1349 0.9238
vn -0.3583 -0.1349 0.9238
vn -0.8647 -0.3255 0.3825
vn -0.8647 -0.3255 -0.3825
vn -0.3583 -0.1349 -0.9238
vn 0.3583 0.1349 -0.9238
vn 0.8647 0.3255 -0.3825
vn 0.8416 0.3813 0.3825
vn 0.3487 0.1580 0.9238
vn -0.3487 -0.1580 0.9238
vn -0.8416 -0.3813 0.3825
vn -0.8416 -0.3813 -0.3825
vn -0.3487 -0.1580 -0.9238
vn 0.3487 0.1580 -0.9238
vn 0.8416 0.3813 -0.3825
vn 0.8149 0.4355 0.3825
vn 0.3377 0.1805 0.9238
vn -0.3376 -0.1805 0.9238
vn -0.8149 -0.4355 0.3825
vn -0.8149 -0.4355 -0.3825
vn -0.3376 -0.1805 -0.9238
vn 0.3377 0.1805 -0.9238
vn 0.8149 0.4355 -0.3825
vn 0.7846 0.4879 0.3825
vn 0.3251 0.2022 0.9238
vn -0.3251 -0.2022 0.9238
vn -0.7846 -0.4879 0.3825
vn -0.7846 -0.4879 -0.3825
vn -0.3251 -0.2022 -0.9238
vn 0.3251 0.2022 -0.9238
vn 0.7846 0.4879 -0.3825
vn 0.7510 0.5382 0.3825
vn 0.3112 0.2230 0.9238
vn -0.3112 -0.2230 0.9238
vn -0.7510 -0.5382 0.3825
vn -0.7510 -0.5382 -0.3825
vn -0.3112 -0.2230 -0.9238
vn 0.3112 0.2230 -0.9238
vn 0.7510 0.5382 -0.3825
vn 0.7142 0.5861 0.3825
vn 0.2960 0.2429 0.9238
vn -0.2960 -0.2429 0.9238
vn -0.7142 -0.5861 0.3825
vn -0.7142 -0.5861 -0.3825
vn -0.2960 -0.2429 -0.9238
vn 0.2960 0.2429 -0.9238
vn 0.7142 0.5861 -0.3825
vn 0.6744 0.6316 0.3825
vn 0.2794 0.2617 0.9238
vn -0.2794 -0.2617 0.9238
vn -0.6744 -0.6316 0.3825
vn -0.6744 -0.6316 -0.3825
vn -0.2794 -0.2617 -0.9238
vn 0.2794 0.2617 -0.9238
vn 0.6744 0.6316 -0.3825
vn 0.6316 0.6744 0.3825
vn 0.2617 0.2794 0.9238
vn -0.2617 -0.2794 0.9238
vn -0.6316 -0.6744 0.3825
vn -0.6316 -0.6744 -0.3825
vn -0.2617 -0.2794 -0.9238
vn 0.2617 0.2794 -0.9238
vn 0.6316 0.6744 -0.3825
vn 0.5861 0.7142 0.3825
vn 0.2429 0.2960 0.9238
vn -0.2429 -0.2960 0.9238
vn -0.5862 -0.7142 0.3825
vn -0.5862 -0.7142 -0.3825
vn -0.2429 -0.2960 -0.9238
vn 0.2429 0.2960 -0.9238
vn 0.5861 0.7142 -0.3825
vn 0.5382 0.7510 0.3825
vn 0.2230 0.3112 0.9238
vn -0.2230 -0.3112 0.9238
vn -0.5382 -0.7510 0.3825
vn -0.5382 -0.7510 -0.3825
vn -0.2230 -0.3112 -0.9238
vn 0.2230 0.3112 -0.9238
vn 0.5382 0.7510 -0.3825
vn 0.4879 0.7846 0.3825
vn 0.2022 0.3251 0.9238
vn -0.2022 -0.3251 0.9238
vn -0.4879 -0.7846 0.3825
vn -0.4879 -0.7846 -0.3825
vn -0.2022 -0.3251 -0.9238
vn 0.2022 0.3251 -0.9238
vn 0.4879 0.7846 -0.3825
vn 0.4355 0.8149 0.3825
vn 0.1805 0.3377 0.9238
vn -0.1805 -0.3377 0.9238
vn -0.4355 -0.8149 0.3825
vn -0.4355 -0.8149 -0.3825
vn -0.1805 -0.3377 -0.9238
vn 0.1805 0.3377 -0.9238
vn 0.4355 0.8149 -0.3825
vn 0.3813 0.8416 0.3825
vn 0.1580 0.3487 0.9238
vn -0.1580 -0.3487 0.9238
vn -0.3813 -0.8416 0.3825
vn -0.3813 -0.8416 -0.3825
vn -0.1580 -0.3487 -0.9238
vn 0.1580 0.3487 -0.9238
vn 0.3813 0.8416 -0.3825
vn 0.3255 0.8647 0.3825
vn 0.1349 0.3583 0.9238
vn -0.1349 -0.3583 0.9238
vn -0.3255 -0.8647 0.3825
vn -0.3255 -0.8647 -0.3825
vn -0.1349 -0.3583 -0.9238
vn 0.1349 0.3583 -0.9238
vn 0.3255 0.8647 -0.3825
vn 0.2682 0.8842 0.3825
vn 0.1111 0.3664 0.9238
vn -0.1111 -0.3664 0.9238
vn -0.2682 -0.8842 0.3825
vn -0.2682 -0.8842 -0.3825
vn -0.1111 -0.3664 -0.9238
vn 0.1111 0.3664 -0.9238
vn 0.2682 0.8842 -0.3825
vn 0.2098 0.8998 0.3825
vn 0.0869 0.3729 0.9238
vn -0.0869 -0.3729 0.9238
vn -0.2098 -0.8998 0.3825
vn -0.2098 -0.8998 -0.3825
vn -0.0869 -0.3729 -0.9238
vn 0.0869 0.3729 -0.9238
vn 0.2098 0.8998 -0.3825
vn 0.1505 0.9116 0.3825
vn 0.0624 0.3777 0.9238
vn -0.0624 -0.3777 0.9238
vn -0.1505 -0.9116 0.3825
vn -0.1505 -0.9116 -0.3825
vn -0.0624 -0.3777 -0.9238
vn 0.0624 0.3777 -0.9238
vn 0.1505 0.9116 -0.3825
vn 0.0906 0.9195 0.3825
vn 0.0375 0.3810 0.9238
vn -0.0375 -0.3810 0.9238
vn -0.0906 -0.9195 0.3825
vn -0.0906 -0.9195 -0.3825
vn -0.0375 -0.3810 -0.9238
vn 0.0375 0.3810 -0.9238
vn 0.0906 0.9195 -0.3825
vn 0.0302 0.9235 0.3825
vn 0.0125 0.3827 0.9238
vn -0.0125 -0.3827 0.9238
vn -0.0302 -0.9235 0.3825
vn -0.0302 -0.9235 -0.3825
vn -0.0125 -0.3827 -0.9238
vn 0.0125 0.3827 -0.9238
vn 0.0302 0.9235 -0.3825
vn -0.0302 0.9235 0.3825
vn -0.0125 0.3827 0.9238
vn 0.0125 -0.3827 0.9238
vn 0.0302 -0.9235 0.3825
vn 0.0302 -0.9235 -0.3825
vn 0.0125 -0.3827 -0.9238
vn -0.0125 0.3827 -0.9238
vn -0.0302 0.9235 -0.3825
vn -0.0906 0.9195 0.3825
vn -0.0375 0.3810 0.9238
vn 0.0375 -0.3810 0.9238
vn 0.0906 -0.9195 0.3825
vn 0.0906 -0.9195 -0.3825
vn 0.0375 -0.3810 -0.9238
vn -0.0375 0.3810 -0.9238
vn -0.0906 0.9195 -0.3825
vn -0.1505 0.9116 0.3825
vn -0.0624 0.3777 0.9238
vn 0.0624 -0.3777 0.9238
vn 0.1505 -0.9116 0.3825
vn 0.1505 -0.9116 -0.3825
vn 0.0624 -0.3777 -0.9238
vn -0.0624 0.3777 -0.9238
vn -0.1505 0.9116 -0.3825
vn -0.2098 0.8998 0.3825
vn -0.0869 0.3729 0.9238
vn 0.0869 -0.3729 0.9238
vn 0.2098 -0.8998 0.3825
vn 0.2098 -0.8998 -0.3825
vn 0.0869 -0.3729 -0.9238
vn -0.0869 0.3729 -0.9238
vn -0.2098 0.8998 -0.3825
vn -0.2682 0.8842 0.3825
vn -0.1111 0.3664 0.9238
vn 0.1111 -0.3664 0.9238
vn 0.2682 -0.8842 0.3825
vn 0.2682 -0.8842 -0.3825
vn 0.1111 -0.3664 -0.9238
vn -0.1111 0.3664 -0.9238
vn -0.2682 0.8842 -0.3825
vn -0.3255 0.8647 0.3825
vn -0.1349 0.3583 0.9238
vn 0.1349 -0.3583 0.9238
vn 0.3255 -0.8647 0.3825
vn 0.3255 -0.8647 -0.3825
vn 0.1349 -0.3583 -0.9238
vn -0.1349 0.3583 -0.9238
vn -0.3255 0.8647 -0.3825
vn -0.3813 0.8416 0.3825
vn -0.1580 0.3487 0.9238
vn 0.1580 -0.3487 0.9238
vn 0.3813 -0.8416 0.3825
vn 0.3813 -0.8416 -0.3825
vn 0.1580 -0.3487 -0.9238
vn -0.1580 0.3487 -0.9238
vn -0.3813 0.8416 -0.3825
vn -0.4355 0.8149 0.3825
vn -0.1805 0.3377 0.9238
vn 0.1805 -0.3376 0.9238
vn 0.4355 -0.8149 0.3825
vn 0.4355 -0.8149 -0.3825
vn 0.1805 -0.3376 -0.9238
vn -0.1805 0.3377 -0.9238
vn -0.4355 0.8149 -0.3825
vn -0.4879 0.7846 0.3825
vn -0.2022 0.3251 0.9238
vn 0.2022 -0.3251 0.9238
vn 0.4879 -0.7846 0.3825
vn 0.4879 -0.7846 -0.3825
vn 0.2022 -0.3251 -0.9238
vn -0.2022 0.3251 -0.9238
vn -0.4879 0.7846 -0.3825
vn -0.5382 0.7510 0.3825
vn -0.2230 0.3112 0.9238
vn 0.2230 -0.3112 0.9238
vn 0.5382 -0.7510 0.3825
vn 0.5382 -0.7510 -0.3825
vn 0.2230 -0.3112 -0.9238
vn -0.2230 0.3112 -0.9238
vn -0.5382 0.7510 -0.3825
vn -0.5861 0.7142 0.3825
vn -0.2429 0.2960 0.9238
vn 0.2429 -0.2960 0.9238
vn 0.5861 -0.7142 0.3825
vn 0.5861 -0.7142 -0.3825
vn 0.2429 -0.2960 -0.9238
vn -0.2429 0.2960 -0.9238
vn -0.5861 0.7142 -0.3825
vn -0.6316 0.6744 0.3825
vn -0.2617 0.2794 0.9238
vn 0.2617 -0.2794 0.9238
vn 0.6316 -0.6744 0.3825
vn 0.6316 -0.6744 -0.3825
vn 0.2617 -0.2794 -0.9238
vn -0.2617 0.2794 -0.9238
vn -0.6316 0.6744 -0.3825
vn -0.6744 0.6316 0.3825
vn -0.2794 0.2617 0.9238
vn 0.2794 -0.2617 0.9238
vn 0.6744 -0.6316 0.3825
vn 0.6744 -0.6316 -0.3825
vn 0.2794 -0.2617 -0.9238
vn -0.2794 0.2617 -0.9238
vn -0.6744 0.6316 -0.3825
vn -0.7142 0.5861 0.3825
vn -0.2960 0.2429 0.9238
vn 0.2960 -0.2429 0.9238
vn 0.7142 -0.5861 0.3825
vn 0.7142 -0.5861 -0.3825
vn 0.2960 -0.2429 -0.9238
vn -0.2960 0.2429 -0.9238
vn -0.7142 0.5861 -0.3825
vn -0.7510 0.5382 0.3825
vn -0.3112 0.2230 0.9238
vn 0.3112 -0.2230 0.9238
vn 0.7510 -0.5382 0.3825
vn 0.7510 -0.5382 -0.3825
vn 0.3112 -0.2230 -0.9238
vn -0.3112 0.2230 -0.9238
vn -0.7510 0.5382 -0.3825
vn -0.7846 0.4879 0.3825
vn -0.3251 0.2022 0.9238
vn 0.3251 -0.2022 0.9238
vn 0.7846 -0.4879 0.3825
vn 0.7846 -0.4879 -0.3825
vn 0.3251 -0.2022 -0.9238
vn -0.3251 0.2022 -0.9238
vn -0.7846 0.4879 -0.3825
vn -0.8149 0.4355 0.3825
vn -0.3377 0.1805 0.9238
vn 0.3377 -0.1805 0.9238
vn 0.8149 -0.4355 0.3825
vn 0.8149 -0.4355 -0.3825
vn 0.3377 -0.1805 -0.9238
vn -0.3377 0.1805 -0.9238
vn -0.8149 0.4355 -0.3825
vn -0.8416 0.3813 0.3825
vn -0.3487 0.1580 0.9238
vn 0.3487 -0.1580 0.9238
vn 0.8416 -0.3813 0.3825
vn 0.8416 -0.3813 -0.3825
vn 0.3487 -0.1580 -0.9238
vn -0.3487 0.1580 -0.9238
vn -0.8416 0.3813 -0.3825
vn -0.8647 0.3255 0.3825
vn -0.3583 0.1349 0.9238
vn 0.3583 -0.1349 0.9238
vn 0.8647 -0.3255 0.3825
vn 0.8647 -0.3255 -0.3825
vn 0.3583 -0.1349 -0.9238
vn -0.3583 0.1349 -0.9238
vn -0.8647 0.3255 -0.3825
vn -0.8842 0.2682 0.3825
vn -0.3664 0.1111 0.9238
vn 0.3664 -0.1111 0.9238
vn 0.8842 -0.2682 0.3825
vn 0.8842 -0.2682 -0.3825
vn 0.3664 -0.1111 -0.9238
vn -0.3664 0.1111 -0.9238
vn -0.8842 0.2682 -0.3825
vn -0.8998 0.2098 0.3825
vn -0.3729 0.0869 0.9238
vn 0.3729 -0.0869 0.9238
vn 0.8998 -0.2098 0.3825
vn 0.8998 -0.2098 -0.3825
vn 0.3729 -0.0869 -0.9238
vn -0.3729 0.0869 -0.9238
vn -0.8998 0.2098 -0.3825
vn -0.9116 0.1505 0.3825
vn -0.3777 0.0624 0.9238
vn 0.3777 -0.0624 0.9238
vn 0.9116 -0.1505 0.3825
vn 0.9116 -0.1505 -0.3825
vn 0.3777 -0.0624 -0.9238
vn -0.3777 0.0624 -0.9238
vn -0.9116 0.1505 -0.3825
vn -0.9195 0.0906 0.3825
vn -0.3810 0.0375 0.9238
vn 0.3810 -0.0375 0.9238
vn 0.9195 -0.0906 0.3825
vn 0.9195 -0.0906 -0.3825
vn 0.3810 -0.0375 -0.9238
vn -0.3810 0.0375 -0.9238
vn -0.9195 0.0906 -0.3825
vn -0.9235 0.0302 0.3825
vn -0.3827 0.0125 0.9238
vn 0.3827 -0.0125 0.9238
vn 0.9235 -0.0302 0.3825
vn 0.9235 -0.0302 -0.3825
vn 0.3827 -0.0125 -0.9238
vn -0.3827 0.0125 -0.9238
vn -0.9235 0.0302 -0.3825
vn -0.3377 -0.1805 0.9238
vn -0.3377 -0.1805 -0.9238
vn -0.5861 -0.7142 0.3825
vn -0.5861 -0.7142 -0.3825
vn 0.1805 0.3376 0.9238
vn 0.1805 0.3376 -0.9238
vn 0.1805 -0.3377 0.9238
vn 0.1805 -0.3377 -0.9238
vn 0.3376 -0.1805 0.9238
vn 0.3376 -0.1805 -0.9238
vt 0.500000 0.500000
vt 0.510417 0.500000
vt 0.510417 0.625000
vt 0.500000 0.625000
vt 0.510417 0.750000
vt 0.500000 0.750000
vt 0.510417 0.875000
vt 0.500000 0.875000
vt 0.510417 1.000000
vt 0.500000 1.000000
vt 0.500000 0.000000
vt 0.510417 0.000000
vt 0.510417 0.125000
vt 0.500000 0.125000
vt 0.510417 0.250000
vt 0.500000 0.250000
vt 0.510417 0.375000
vt 0.500000 0.375000
vt 0.520833 0.500000
vt 0.520833 0.625000
vt 0.520833 0.750000
vt 0.520833 0.875000
vt 0.520833 1.000000
vt 0.520833 0.000000
vt 0.520833 0.125000
vt 0.520833 0.250000
vt 0.520833 0.375000
vt 0.531250 0.500000
vt 0.531250 0.625000
vt 0.531250 0.750000
vt 0.531250 0.875000
vt 0.531250 1.000000
vt 0.531250 0.000000
vt 0.531250 0.125000
vt 0.531250 0.250000
vt 0.531250 0.375000
vt 0.541667 0.500000
vt 0.541667 0.625000
vt 0.541667 0.750000
vt 0.541667 0.875000
vt 0.541667 1.000000
vt 0.541667 0.000000
vt 0.541667 0.125000
vt 0.541667 0.250000
vt 0.541667 0.375000
vt 0.552083 0.500000
vt 0.552083 0.625000
vt 0.552083 0.750000
vt 0.552083 0.875000
vt 0.552083 1.000000
vt 0.552083 0.000000
vt 0.552083 0.125000
vt 0.552083 0.250000
vt 0.552083 0.375000
vt 0.562500 0.500000
vt 0.562500 0.625000
vt 0.562500 0.750000
vt 0.562500 0.875000
vt 0.562500 1.000000
vt 0.562500 0.000000
vt 0.562500 0.125000
vt 0.562500 0.250000
vt 0.562500 0.375000
vt 0.572917 0.500000
vt 0.572917 0.625000
vt 0.572917 0.750000
vt 0.572917 0.875000
vt 0.572917 1.000000
vt 0.572917 0.000000
vt 0.572917 0.125000
vt 0.572917 0.250000
vt 0.572917 0.375000
vt 0.583333 0.500000
vt 0.583333 0.625000
vt 0.583333 0.750000
vt 0.583333 0.875000
vt 0.583333 1.000000
vt 0.583333 0.000000
vt 0.583333 0.125000
vt 0.583333 0.250000
vt 0.583333 0.375000
vt 0.593750 0.500000
vt 0.593750 0.625000
vt 0.593750 0.750000
vt 0.593750 0.875000
vt 0.593750 1.000000
vt 0.593750 0.000000
vt 0.593750 0.125000
vt 0.593750 0.250000
vt 0.593750 0.375000
vt 0.604167 0.500000
vt 0.604167 0.625000
vt 0.604167 0.750000
vt 0.604167 0.875000
vt 0.604167 1.000000
vt 0.604167 0.000000
vt 0.604167 0.125000
vt 0.604167 0.250000
vt 0.604167 0.375000
vt 0.614583 0.500000
vt 0.614583 0.625000
vt 0.614583 0.750000
vt 0.614583 0.875000
vt 0.614583 1.000000
vt 0.614583 0.000000
vt 0.614583 0.125000
vt 0.614583 0.250000
vt 0.614583 0.375000
vt 0.625000 0.500000
vt 0.625000 0.625000
vt 0.625000 0.750000
vt 0.625000 0.875000
vt 0.625000 1.000000
vt 0.625000 0.000000
vt 0.625000 0.125000
vt 0.625000 0.250000
vt 0.625000 0.375000
vt 0.635417 0.500000
vt 0.635417 0.625000
vt 0.635417 0.750000
vt 0.635417 0.875000
vt 0.635417 1.000000
vt 0.635417 0.000000
vt 0.635417 0.125000
vt 0.635417 0.250000
vt 0.635417 0.375000
vt 0.645833 0.500000
vt 0.645833 0.625000
vt 0.645833 0.750000
vt 0.645833 0.875000
vt 0.645833 1.000000
vt 0.645833 0.000000
vt 0.645833 0.125000
vt 0.645833 0.250000
vt 0.645833 0.375000
vt 0.656250 0.500000
vt 0.656250 0.625000
vt 0.656250 0.750000
vt 0.656250 0.875000
vt 0.656250 1.000000
vt 0.656250 0.000000
vt 0.656250 0.125000
vt 0.656250 0.250000
vt 0.656250 0.375000
vt 0.666667 0.500000
vt 0.666667 0.625000
vt 0.666667 0.750000
vt 0.666667 0.875000
vt 0.666667 1.000000
vt 0.666667 0.000000
vt 0.666667 0.125000
vt 0.666667 0.250000
vt 0.666667 0.375000
vt 0.677083 0.500000
vt 0.677083 0.625000
vt 0.677083 0.750000
vt 0.677083 0.875000
vt 0.677083 1.000000
vt 0.677083 0.000000
vt 0.677083 0.125000
vt 0.677083 0.250000
vt 0.677083 0.375000
vt 0.687500 0.500000
vt 0.687500 0.625000
vt 0.687500 0.750000
vt 0.687500 0.875000
vt 0.687500 1.000000
vt 0.687500 0.000000
vt 0.687500 0.125000
vt 0.687500 0.250000
vt 0.687500 0.375000
vt 0.697917 0.500000
vt 0.697917 0.625000
vt 0.697917 0.750000
vt 0.697917 0.875000
vt 0.697917 1.000000
vt 0.697917 0.000000
vt 0.697917 0.125000
vt 0.697917 0.250000
vt 0.697917 0.375000
vt 0.708333 0.500000
vt 0.708333 0.625000
vt 0.708333 0.750000
vt 0.708333 0.875000
vt 0.708333 1.000000
vt 0.708333 0.000000
vt 0.708333 0.125000
vt 0.708333 0.250000
vt 0.708333 0.375000
vt 0.718750 0.500000
vt 0.718750 0.625000
vt 0.718750 0.750000
vt 0.718750 0.875000
vt 0.718750 1.000000
vt 0.718750 0.000000
vt 0.718750 0.125000
vt 0.718750 0.250000
vt 0.718750 0.375000
vt 0.729167 0.500000
vt 0.729167 0.625000
vt 0.729167 0.750000
vt 0.729167 0.875000
vt 0.729167 1.000000
vt 0.729167 0.000000
vt 0.729167 0.125000
vt 0.729167 0.250000
vt 0.729167 0.375000
vt 0.739583 0.500000
vt 0.739583 0.625000
vt 0.739583 0.750000
vt 0.739583 0.875000
vt 0.739583 1.000000
vt 0.739583 0.000000
vt 0.739583 0.125000
vt 0.739583 0.250000
vt 0.739583 0.375000
vt 0.750000 0.500000
vt 0.750000 0.625000
vt 0.750000 0.750000
vt 0.750000 0.875000
vt 0.750000 1.000000
vt 0.750000 0.000000
vt 0.750000 0.125000
vt 0.750000 0.250000
vt 0.750000 0.375000
vt 0.760417 0.500000
vt 0.760417 0.625000
vt 0.760417 0.750000
vt 0.760417 0.875000
vt 0.760417 1.000000
vt 0.760417 0.000000
vt 0.760417 0.125000
vt 0.760417 0.250000
vt 0.760417 0.375000
vt 0.770833 0.500000
vt 0.770833 0.625000
vt 0.770833 0.750000
vt 0.770833 0.875000
vt 0.770833 1.000000
vt 0.770833 0.000000
vt 0.770833 0.125000
vt 0.770833 0.250000
vt 0.770833 0.375000
vt 0.781250 0.500000
vt 0.781250 0.625000
vt 0.781250 0.750000
vt 0.781250 0.875000
vt 0.781250 1.000000
vt 0.781250 0.000000
vt 0.781250 0.125000
vt 0.781250 0.250000
vt 0.781250 0.375000
vt 0.791667 0.500000
vt 0.791667 0.625000
vt 0.791667 0.750000
vt 0.791667 0.875000
vt 0.791667 1.000000
vt 0.791667 0.000000
vt 0.791667 0.125000
vt 0.791667 0.250000
vt 0.791667 0.375000
vt 0.802083 0.500000
vt 0.802083 0.625000
vt 0.802083 0.750000
vt 0.802083 0.875000
vt 0.802083 1.000000
vt 0.802083 0.000000
vt 0.802083 0.125000
vt 0.802083 0.250000
vt 0.802083 0.375000
vt 0.812500 0.500000
vt 0.812500 0.625000
vt 0.812500 0.750000
vt 0.812500 0.875000
vt 0.812500 1.000000
vt 0.812500 0.000000
vt 0.812500 0.125000
vt 0.812500 0.250000
vt 0.812500 0.375000
vt 0.822917 0.500000
vt 0.822917 0.625000
vt 0.822917 0.750000
vt 0.822917 0.875000
vt 0.822917 1.000000
vt 0.822917 0.000000
vt 0.822917 0.125000
vt 0.822917 0.250000
vt 0.822917 0.375000
vt 0.833333 0.500000
vt 0.833333 0.625000
vt 0.833333 0.750000
vt 0.833333 0.875000
vt 0.833333 1.000000
vt 0.833333 0.000000
vt 0.833333 0.125000
vt 0.833333 0.250000
vt 0.833333 0.375000
vt 0.843750 0.500000
vt 0.843750 0.625000
vt 0.843750 0.750000
vt 0.843750 0.875000
vt 0.843750 1.000000
vt 0.843750 0.000000
vt 0.843750 0.125000
vt 0.843750 0.250000
vt 0.843750 0.375000
vt 0.854167 0.500000
vt 0.854167 0.625000
vt 0.854167 0.750000
vt 0.854167 0.875000
vt 0.854167 1.000000
vt 0.854167 0.000000
vt 0.854167 0.125000
vt 0.854167 0.250000
vt 0.854167 0.375000
vt 0.864583 0.500000
vt 0.864583 0.625000
vt 0.864583 0.750000
vt 0.864583 0.875000
vt 0.864583 1.000000
vt 0.864583 0.000000
vt 0.864583 0.125000
vt 0.864583 0.250000
vt 0.864583 0.375000
vt 0.875000 0.500000
vt 0.875000 0.625000
vt 0.875000 0.750000
vt 0.875000 0.875000
vt 0.875000 1.000000
vt 0.875000 0.000000
vt 0.875000 0.125000
vt 0.875000 0.250000
vt 0.875000 0.375000
vt 0.885417 0.500000
vt 0.885417 0.625000
vt 0.885417 0.750000
vt 0.885417 0.875000
vt 0.885417 1.000000
vt 0.885417 0.000000
vt 0.885417 0.125000
vt 0.885417 0.250000
vt 0.885417 0.375000
vt 0.895833 0.500000
vt 0.895833 0.625000
vt 0.895833 0.750000
vt 0.895833 0.875000
vt 0.895833 1.000000
vt 0.895833 0.000000
vt 0.895833 0.125000
vt 0.895833 0.250000
vt 0.895833 0.375000
vt 0.906250 0.500000
vt 0.906250 0.625000
vt 0.906250 0.750000
vt 0.906250 0.875000
vt 0.906250 1.000000
vt 0.906250 0.000000
vt 0.906250 0.125000
vt 0.906250 0.250000
vt 0.906250 0.375000
vt 0.916667 0.500000
vt 0.916667 0.625000
vt 0.916667 0.750000
vt 0.916667 0.875000
vt 0.916667 1.000000
vt 0.916667 0.000000
vt 0.916667 0.125000
vt 0.916667 0.250000
vt 0.916667 0.375000
vt 0.927083 0.500000
vt 0.927083 0.625000
vt 0.927083 0.750000
vt 0.927083 0.875000
vt 0.927083 1.000000
vt 0.927083 0.000000
vt 0.927083 0.125000
vt 0.927083 0.250000
vt 0.927083 0.375000
vt 0.937500 0.500000
vt 0.937500 0.625000
vt 0.937500 0.750000
vt 0.937500 0.875000
vt 0.937500 1.000000
vt 0.937500 0.000000
vt 0.937500 0.125000
vt 0.937500 0.250000
vt 0.937500 0.375000
vt 0.947917 0.500000
vt 0.947917 0.625000
vt 0.947917 0.750000
vt 0.947917 0.875000
vt 0.947917 1.000000
vt 0.947917 0.000000
vt 0.947917 0.125000
vt 0.947917 0.250000
vt 0.947917 0.375000
vt 0.958333 0.500000
vt 0.958333 0.625000
vt 0.958333 0.750000
vt 0.958333 0.875000
vt 0.958333 1.000000
vt 0.958333 0.000000
vt 0.958333 0.125000
vt 0.958333 0.250000
vt 0.958333 0.375000
vt 0.968750 0.500000
vt 0.968750 0.625000
vt 0.968750 0.750000
vt 0.968750 0.875000
vt 0.968750 1.000000
vt 0.968750 0.000000
vt 0.968750 0.125000
vt 0.968750 0.250000
vt 0.968750 0.375000
vt 0.979167 0.500000
vt 0.979167 0.625000
vt 0.979167 0.750000
vt 0.979167 0.875000
vt 0.979167 1.000000
vt 0.979167 0.000000
vt 0.979167 0.125000
vt 0.979167 0.250000
vt 0.979167 0.375000
vt 0.989583 0.500000
vt 0.989583 0.625000
vt 0.989583 0.750000
vt 0.989583 0.875000
vt 0.989583 1.000000
vt 0.989583 0.000000
vt 0.989583 0.125000
vt 0.989583 0.250000
vt 0.989583 0.375000
vt 1.000000 0.500000
vt 1.000000 0.625000
vt 1.000000 0.750000
vt 1.000000 0.875000
vt 1.000000 1.000000
vt 1.000000 0.000000
vt 1.000000 0.125000
vt 1.000000 0.250000
vt 1.000000 0.375000
vt -0.000000 0.500000
vt 0.010417 0.500000
vt 0.010417 0.625000
vt -0.000000 0.625000
vt 0.010417 0.750000
vt -0.000000 0.750000
vt 0.010417 0.875000
vt -0.000000 0.875000
vt 0.010417 1.000000
vt -0.000000 1.000000
vt -0.000000 0.000000
vt 0.010417 0.000000
vt 0.010417 0.125000
vt -0.000000 0.125000
vt 0.010417 0.250000
vt -0.000000 0.250000
vt 0.010417 0.375000
vt -0.000000 0.375000
vt 0.020833 0.500000
vt 0.020833 0.625000
vt 0.020833 0.750000
vt 0.020833 0.875000
vt 0.020833 1.000000
vt 0.020833 0.000000
vt 0.020833 0.125000
vt 0.020833 0.250000
vt 0.020833 0.375000
vt 0.031250 0.500000
vt 0.031250 0.625000
vt 0.031250 0.750000
vt 0.031250 0.875000
vt 0.031250 1.000000
vt 0.031250 0.000000
vt 0.031250 0.125000
vt 0.031250 0.250000
vt 0.031250 0.375000
vt 0.041667 0.500000
vt 0.041667 0.625000
vt 0.041667 0.750000
vt 0.041667 0.875000
vt 0.041667 1.000000
vt 0.041667 0.000000
vt 0.041667 0.125000
vt 0.041667 0.250000
vt 0.041667 0.375000
vt 0.052083 0.500000
vt 0.052083 0.625000
vt 0.052083 0.750000
vt 0.052083 0.875000
vt 0.052083 1.000000
vt 0.052083 0.000000
vt 0.052083 0.125000
vt 0.052083 0.250000
vt 0.052083 0.375000
vt 0.062500 0.500000
vt 0.062500 0.625000
vt 0.062500 0.750000
vt 0.062500 0.875000
vt 0.062500 1.000000
vt 0.062500 0.000000
vt 0.062500 0.125000
vt 0.062500 0.250000
vt 0.062500 0.375000
vt 0.072917 0.500000
vt 0.072917 0.625000
vt 0.072917 0.750000
vt 0.072917 0.875000
vt 0.072917 1.000000
vt 0.072917 0.000000
vt 0.072917 0.125000
vt 0.072917 0.250000
vt 0.072917 0.375000
vt 0.083333 0.500000
vt 0.083333 0.625000
vt 0.083333 0.750000
vt 0.083333 0.875000
vt 0.083333 1.000000
vt 0.083333 0.000000
vt 0.083333 0.125000
vt 0.083333 0.250000
vt 0.083333 0.375000
vt 0.093750 0.500000
vt 0.093750 0.625000
vt 0.093750 0.750000
vt 0.093750 0.875000
vt 0.093750 1.000000
vt 0.093750 0.000000
vt 0.093750 0.125000
vt 0.093750 0.250000
vt 0.093750 0.375000
vt 0.104167 0.500000
vt 0.104167 0.625000
vt 0.104167 0.750000
vt 0.104167 0.875000
vt 0.104167 1.000000
vt 0.104167 0.000000
vt 0.104167 0.125000
vt 0.104167 0.250000
vt 0.104167 0.375000
vt 0.114583 0.500000
vt 0.114583 0.625000
vt 0.114583 0.750000
vt 0.114583 0.875000
vt 0.114583 1.000000
vt 0.114583 0.000000
vt 0.114583 0.125000
vt 0.114583 0.250000
vt 0.114583 0.375000
vt 0.125000 0.500000
vt 0.125000 0.625000
vt 0.125000 0.750000
vt 0.125000 0.875000
vt 0.125000 1.000000
vt 0.125000 0.000000
vt 0.125000 0.125000
vt 0.125000 0.250000
vt 0.125000 0.375000
vt 0.135417 0.500000
vt 0.135417 0.625000
vt 0.135417 0.750000
vt 0.135417 0.875000
vt 0.135417 1.000000
vt 0.135417 0.000000
vt 0.135417 0.125000
vt 0.135417 0.250000
vt 0.135417 0.375000
vt 0.145833 0.500000
vt 0.145833 0.625000
vt 0.145833 0.750000
vt 0.145833 0.875000
vt 0.145833 1.000000
vt 0.145833 0.000000
vt 0.145833 0.125000
vt 0.145833 0.250000
vt 0.145833 0.375000
vt 0.156250 0.500000
vt 0.156250 0.625000
vt 0.156250 0.750000
vt 0.156250 0.875000
vt 0.156250 1.000000
vt 0.156250 0.000000
vt 0.156250 0.125000
vt 0.156250 0.250000
vt 0.156250 0.375000
vt 0.166667 0.500000
vt 0.166667 0.625000
vt 0.166667 0.750000
vt 0.166667 0.875000
vt 0.166667 1.000000
vt 0.166667 0.000000
vt 0.166667 0.125000
vt 0.166667 0.250000
vt 0.166667 0.375000
vt 0.177083 0.500000
vt 0.177083 0.625000
vt 0.177083 0.750000
vt 0.177083 0.875000
vt 0.177083 1.000000
vt 0.177083 0.000000
vt 0.177083 0.125000
vt 0.177083 0.250000
vt 0.177083 0.375000
vt 0.187500 0.500000
vt 0.187500 0.625000
vt 0.187500 0.750000
vt 0.187500 0.875000
vt 0.187500 1.000000
vt 0.187500 0.000000
vt 0.187500 0.125000
vt 0.187500 0.250000
vt 0.187500 0.375000
vt 0.197917 0.500000
vt 0.197917 0.625000
vt 0.197917 0.750000
vt 0.197917 0.875000
vt 0.197917 1.000000
vt 0.197917 0.000000
vt 0.197917 0.125000
vt 0.197917 0.250000
vt 0.197917 0.375000
vt 0.208333 0.500000
vt 0.208333 0.625000
vt 0.208333 0.750000
vt 0.208333 0.875000
vt 0.208333 1.000000
vt 0.208333 0.000000
vt 0.208333 0.125000
vt 0.208333 0.250000
vt 0.208333 0.375000
vt 0.218750 0.500000
vt 0.218750 0.625000
vt 0.218750 0.750000
vt 0.218750 0.875000
vt 0.218750 1.000000
vt 0.218750 0.000000
vt 0.218750 0.125000
vt 0.218750 0.250000
vt 0.218750 0.375000
vt 0.229167 0.500000
vt 0.229167 0.625000
vt 0.229167 0.750000
vt 0.229167 0.875000
vt 0.229167 1.000000
vt 0.229167 0.000000
vt 0.229167 0.125000
vt 0.229167 0.250000
vt 0.229167 0.375000
vt 0.239583 0.500000
vt 0.239583 0.625000
vt 0.239583 0.750000
vt 0.239583 0.875000
vt 0.239583 1.000000
vt 0.239583 0.000000
vt 0.239583 0.125000
vt 0.239583 0.250000
vt 0.239583 0.375000
vt 0.250000 0.500000
vt 0.250000 0.625000
vt 0.250000 0.750000
vt 0.250000 0.875000
vt 0.250000 1.000000
vt 0.250000 0.000000
vt 0.250000 0.125000
vt 0.250000 0.250000
vt 0.250000 0.375000
vt 0.260417 0.500000
vt 0.260417 0.625000
vt 0.260417 0.750000
vt 0.260417 0.875000
vt 0.260417 1.000000
vt 0.260417 0.000000
vt 0.260417 0.125000
vt 0.260417 0.250000
vt 0.260417 0.375000
vt 0.270833 0.500000
vt 0.270833 0.625000
vt 0.270833 0.750000
vt 0.270833 0.875000
vt 0.270833 1.000000
vt 0.270833 0.000000
vt 0.270833 0.125000
vt 0.270833 0.250000
vt 0.270833 0.375000
vt 0.281250 0.500000
vt 0.281250 0.625000
vt 0.281250 0.750000
vt 0.281250 0.875000
vt 0.281250 1.000000
vt 0.281250 0.000000
vt 0.281250 0.125000
vt 0.281250 0.250000
vt 0.281250 0.375000
vt 0.291667 0.500000
vt 0.291667 0.625000
vt 0.291667 0.750000
vt 0.291667 0.875000
vt 0.291667 1.000000
vt 0.291667 0.000000
vt 0.291667 0.125000
vt 0.291667 0.250000
vt 0.291667 0.375000
vt 0.302083 0.500000
vt 0.302083 0.625000
vt 0.302083 0.750000
vt 0.302083 0.875000
vt 0.302083 1.000000
vt 0.302083 0.000000
vt 0.302083 0.125000
vt 0.302083 0.250000
vt 0.302083 0.375000
vt 0.312500 0.500000
vt 0.312500 0.625000
vt 0.312500 0.750000
vt 0.312500 0.875000
vt 0.312500 1.000000
vt 0.312500 0.000000
vt 0.312500 0.125000
vt 0.312500 0.250000
vt 0.312500 0.375000
vt 0.322917 0.500000
vt 0.322917 0.625000
vt 0.322917 0.750000
vt 0.322917 0.875000
vt 0.322917 1.000000
vt 0.322917 0.000000
vt 0.322917 0.125000
vt 0.322917 0.250000
vt 0.322917 0.375000
vt 0.333333 0.500000
vt 0.333333 0.625000
vt 0.333333 0.750000
vt 0.333333 0.875000
vt 0.333333 1.000000
vt 0.333333 0.000000
vt 0.333333 0.125000
vt 0.333333 0.250000
vt 0.333333 0.375000
vt 0.343750 0.500000
vt 0.343750 0.625000
vt 0.343750 0.750000
vt 0.343750 0.875000
vt 0.343750 1.000000
vt 0.343750 0.000000
vt 0.343750 0.125000
vt 0.343750 0.250000
vt 0.343750 0.375000
vt 0.354167 0.500000
vt 0.354167 0.625000
vt 0.354167 0.750000
vt 0.354167 0.875000
vt 0.354167 1.000000
vt 0.354167 0.000000
vt 0.354167 0.125000
vt 0.354167 0.250000
vt 0.354167 0.375000
vt 0.364583 0.500000
vt 0.364583 0.625000
vt 0.364583 0.750000
vt 0.364583 0.875000
vt 0.364583 1.000000
vt 0.364583 0.000000
vt 0.364583 0.125000
vt 0.364583 0.250000
vt 0.364583 0.375000
vt 0.375000 0.500000
vt 0.375000 0.625000
vt 0.375000 0.750000
vt 0.375000 0.875000
vt 0.375000 1.000000
vt 0.375000 0.000000
vt 0.375000 0.125000
vt 0.375000 0.250000
vt 0.375000 0.375000
vt 0.385417 0.500000
vt 0.385417 0.625000
vt 0.385417 0.750000
vt 0.385417 0.875000
vt 0.385417 1.000000
vt 0.385417 0.000000
vt 0.385417 0.125000
vt 0.385417 0.250000
vt 0.385417 0.375000
vt 0.395833 0.500000
vt 0.395833 0.625000
vt 0.395833 0.750000
vt 0.395833 0.875000
vt 0.395833 1.000000
vt 0.395833 0.000000
vt 0.395833 0.125000
vt 0.395833 0.250000
vt 0.395833 0.375000
vt 0.406250 0.500000
vt 0.406250 0.625000
vt 0.406250 0.750000
vt 0.406250 0.875000
vt 0.406250 1.000000
vt 0.406250 0.000000
vt 0.406250 0.125000
vt 0.406250 0.250000
vt 0.406250 0.375000
vt 0.416667 0.500000
vt 0.416667 0.625000
vt 0.416667 0.750000
vt 0.416667 0.875000
vt 0.416667 1.000000
vt 0.416667 0.000000
vt 0.416667 0.125000
vt 0.416667 0.250000
vt 0.416667 0.375000
vt 0.427083 0.500000
vt 0.427083 0.625000
vt 0.427083 0.750000
vt 0.427083 0.875000
vt 0.427083 1.000000
vt 0.427083 0.000000
vt 0.427083 0.125000
vt 0.427083 0.250000
vt 0.427083 0.375000
vt 0.437500 0.500000
vt 0.437500 0.625000
vt 0.437500 0.750000
vt 0.437500 0.875000
vt 0.437500 1.000000
vt 0.437500 0.000000
vt 0.437500 0.125000
vt 0.437500 0.250000
vt 0.437500 0.375000
vt 0.447917 0.500000
vt 0.447917 0.625000
vt 0.447917 0.750000
vt 0.447917 0.875000
vt 0.447917 1.000000
vt 0.447917 0.000000
vt 0.447917 0.125000
vt 0.447917 0.250000
vt 0.447917 0.375000
vt 0.458333 0.500000
vt 0.458333 0.625000
vt 0.458333 0.750000
vt 0.458333 0.875000
vt 0.458333 1.000000
vt 0.458333 0.000000
vt 0.458333 0.125000
vt 0.458333 0.250000
vt 0.458333 0.375000
vt 0.468750 0.500000
vt 0.468750 0.625000
vt 0.468750 0.750000
vt 0.468750 0.875000
vt 0.468750 1.000000
vt 0.468750 0.000000
vt 0.468750 0.125000
vt 0.468750 0.250000
vt 0.468750 0.375000
vt 0.479167 0.500000
vt 0.479167 0.625000
vt 0.479167 0.750000
vt 0.479167 0.875000
vt 0.479167 1.000000
vt 0.479167 0.000000
vt 0.479167 0.125000
vt 0.479167 0.250000
vt 0.479167 0.375000
vt 0.489583 0.500000
vt 0.489583 0.625000
vt 0.489583 0.750000
vt 0.489583 0.875000
vt 0.489583 1.000000
vt 0.489583 0.000000
vt 0.489583 0.125000
vt 0.489583 0.250000
vt 0.489583 0.375000
s 0
usemtl DL2_IceBlue
f 4229/5141/3199 4237/5142/3199 4238/5143/3199 4230/5144/3199
f 4230/5144/3200 4238/5143/3200 4239/5145/3200 4231/5146/3200
f 4231/5146/3201 4239/5145/3201 4240/5147/3201 4232/5148/3201
f 4232/5148/3202 4240/5147/3202 4241/5149/3202 4233/5150/3202
f 4233/5151/3203 4241/5152/3203 4242/5153/3203 4234/5154/3203
f 4234/5154/3204 4242/5153/3204 4243/5155/3204 4235/5156/3204
f 4235/5156/3205 4243/5155/3205 4244/5157/3205 4236/5158/3205
f 4236/5158/3206 4244/5157/3206 4237/5142/3206 4229/5141/3206
f 4237/5142/3207 4245/5159/3207 4246/5160/3207 4238/5143/3207
f 4238/5143/3208 4246/5160/3208 4247/5161/3208 4239/5145/3208
f 4239/5145/3209 4247/5161/3209 4248/5162/3209 4240/5147/3209
f 4240/5147/3210 4248/5162/3210 4249/5163/3210 4241/5149/3210
f 4241/5152/3211 4249/5164/3211 4250/5165/3211 4242/5153/3211
f 4242/5153/3212 4250/5165/3212 4251/5166/3212 4243/5155/3212
f 4243/5155/3213 4251/5166/3213 4252/5167/3213 4244/5157/3213
f 4244/5157/3214 4252/5167/3214 4245/5159/3214 4237/5142/3214
f 4245/5159/3215 4253/5168/3215 4254/5169/3215 4246/5160/3215
f 4246/5160/3216 4254/5169/3216 4255/5170/3216 4247/5161/3216
f 4247/5161/3217 4255/5170/3217 4256/5171/3217 4248/5162/3217
f 4248/5162/3218 4256/5171/3218 4257/5172/3218 4249/5163/3218
f 4249/5164/3219 4257/5173/3219 4258/5174/3219 4250/5165/3219
f 4250/5165/3220 4258/5174/3220 4259/5175/3220 4251/5166/3220
f 4251/5166/3221 4259/5175/3221 4260/5176/3221 4252/5167/3221
f 4252/5167/3222 4260/5176/3222 4253/5168/3222 4245/5159/3222
f 4253/5168/3223 4261/5177/3223 4262/5178/3223 4254/5169/3223
f 4254/5169/3224 4262/5178/3224 4263/5179/3224 4255/5170/3224
f 4255/5170/3225 4263/5179/3225 4264/5180/3225 4256/5171/3225
f 4256/5171/3226 4264/5180/3226 4265/5181/3226 4257/5172/3226
f 4257/5173/3227 4265/5182/3227 4266/5183/3227 4258/5174/3227
f 4258/5174/3228 4266/5183/3228 4267/5184/3228 4259/5175/3228
f 4259/5175/3229 4267/5184/3229 4268/5185/3229 4260/5176/3229
f 4260/5176/3230 4268/5185/3230 4261/5177/3230 4253/5168/3230
f 4261/5177/3231 4269/5186/3231 4270/5187/3231 4262/5178/3231
f 4262/5178/3232 4270/5187/3232 4271/5188/3232 4263/5179/3232
f 4263/5179/3233 4271/5188/3233 4272/5189/3233 4264/5180/3233
f 4264/5180/3234 4272/5189/3234 4273/5190/3234 4265/5181/3234
f 4265/5182/3235 4273/5191/3235 4274/5192/3235 4266/5183/3235
f 4266/5183/3236 4274/5192/3236 4275/5193/3236 4267/5184/3236
f 4267/5184/3237 4275/5193/3237 4276/5194/3237 4268/5185/3237
f 4268/5185/3238 4276/5194/3238 4269/5186/3238 4261/5177/3238
f 4269/5186/3239 4277/5195/3239 4278/5196/3239 4270/5187/3239
f 4270/5187/3240 4278/5196/3240 4279/5197/3240 4271/5188/3240
f 4271/5188/3241 4279/5197/3241 4280/5198/3241 4272/5189/3241
f 4272/5189/3242 4280/5198/3242 4281/5199/3242 4273/5190/3242
f 4273/5191/3243 4281/5200/3243 4282/5201/3243 4274/5192/3243
f 4274/5192/3244 4282/5201/3244 4283/5202/3244 4275/5193/3244
f 4275/5193/3245 4283/5202/3245 4284/5203/3245 4276/5194/3245
f 4276/5194/3246 4284/5203/3246 4277/5195/3246 4269/5186/3246
f 4277/5195/3247 4285/5204/3247 4286/5205/3247 4278/5196/3247
f 4278/5196/3248 4286/5205/3248 4287/5206/3248 4279/5197/3248
f 4279/5197/3249 4287/5206/3249 4288/5207/3249 4280/5198/3249
f 4280/5198/3250 4288/5207/3250 4289/5208/3250 4281/5199/3250
f 4281/5200/3251 4289/5209/3251 4290/5210/3251 4282/5201/3251
f 4282/5201/3252 4290/5210/3252 4291/5211/3252 4283/5202/3252
f 4283/5202/3253 4291/5211/3253 4292/5212/3253 4284/5203/3253
f 4284/5203/3254 4292/5212/3254 4285/5204/3254 4277/5195/3254
f 4285/5204/3255 4293/5213/3255 4294/5214/3255 4286/5205/3255
f 4286/5205/3256 4294/5214/3256 4295/5215/3256 4287/5206/3256
f 4287/5206/3257 4295/5215/3257 4296/5216/3257 4288/5207/3257
f 4288/5207/3258 4296/5216/3258 4297/5217/3258 4289/5208/3258
f 4289/5209/3259 4297/5218/3259 4298/5219/3259 4290/5210/3259
f 4290/5210/3260 4298/5219/3260 4299/5220/3260 4291/5211/3260
f 4291/5211/3261 4299/5220/3261 4300/5221/3261 4292/5212/3261
f 4292/5212/3262 4300/5221/3262 4293/5213/3262 4285/5204/3262
f 4293/5213/3263 4301/5222/3263 4302/5223/3263 4294/5214/3263
f 4294/5214/3264 4302/5223/3264 4303/5224/3264 4295/5215/3264
f 4295/5215/3265 4303/5224/3265 4304/5225/3265 4296/5216/3265
f 4296/5216/3266 4304/5225/3266 4305/5226/3266 4297/5217/3266
f 4297/5218/3267 4305/5227/3267 4306/5228/3267 4298/5219/3267
f 4298/5219/3268 4306/5228/3268 4307/5229/3268 4299/5220/3268
f 4299/5220/3269 4307/5229/3269 4308/5230/3269 4300/5221/3269
f 4300/5221/3270 4308/5230/3270 4301/5222/3270 4293/5213/3270
f 4301/5222/3271 4309/5231/3271 4310/5232/3271 4302/5223/3271
f 4302/5223/3272 4310/5232/3272 4311/5233/3272 4303/5224/3272
f 4303/5224/3273 4311/5233/3273 4312/5234/3273 4304/5225/3273
f 4304/5225/3274 4312/5234/3274 4313/5235/3274 4305/5226/3274
f 4305/5227/3275 4313/5236/3275 4314/5237/3275 4306/5228/3275
f 4306/5228/3276 4314/5237/3276 4315/5238/3276 4307/5229/3276
f 4307/5229/3277 4315/5238/3277 4316/5239/3277 4308/5230/3277
f 4308/5230/3278 4316/5239/3278 4309/5231/3278 4301/5222/3278
f 4309/5231/3279 4317/5240/3279 4318/5241/3279 4310/5232/3279
f 4310/5232/3280 4318/5241/3280 4319/5242/3280 4311/5233/3280
f 4311/5233/3281 4319/5242/3281 4320/5243/3281 4312/5234/3281
f 4312/5234/3282 4320/5243/3282 4321/5244/3282 4313/5235/3282
f 4313/5236/3283 4321/5245/3283 4322/5246/3283 4314/5237/3283
f 4314/5237/3284 4322/5246/3284 4323/5247/3284 4315/5238/3284
f 4315/5238/3285 4323/5247/3285 4324/5248/3285 4316/5239/3285
f 4316/5239/3286 4324/5248/3286 4317/5240/3286 4309/5231/3286
f 4317/5240/3287 4325/5249/3287 4326/5250/3287 4318/5241/3287
f 4318/5241/3288 4326/5250/3288 4327/5251/3288 4319/5242/3288
f 4319/5242/3289 4327/5251/3289 4328/5252/3289 4320/5243/3289
f 4320/5243/3290 4328/5252/3290 4329/5253/3290 4321/5244/3290
f 4321/5245/3291 4329/5254/3291 4330/5255/3291 4322/5246/3291
f 4322/5246/3292 4330/5255/3292 4331/5256/3292 4323/5247/3292
f 4323/5247/3293 4331/5256/3293 4332/5257/3293 4324/5248/3293
f 4324/5248/3294 4332/5257/3294 4325/5249/3294 4317/5240/3294
f 4325/5249/3295 4333/5258/3295 4334/5259/3295 4326/5250/3295
f 4326/5250/3296 4334/5259/3296 4335/5260/3296 4327/5251/3296
f 4327/5251/3297 4335/5260/3297 4336/5261/3297 4328/5252/3297
f 4328/5252/3298 4336/5261/3298 4337/5262/3298 4329/5253/3298
f 4329/5254/3299 4337/5263/3299 4338/5264/3299 4330/5255/3299
f 4330/5255/3300 4338/5264/3300 4339/5265/3300 4331/5256/3300
f 4331/5256/3301 4339/5265/3301 4340/5266/3301 4332/5257/3301
f 4332/5257/3302 4340/5266/3302 4333/5258/3302 4325/5249/3302
f 4333/5258/3303 4341/5267/3303 4342/5268/3303 4334/5259/3303
f 4334/5259/3304 4342/5268/3304 4343/5269/3304 4335/5260/3304
f 4335/5260/3305 4343/5269/3305 4344/5270/3305 4336/5261/3305
f 4336/5261/3306 4344/5270/3306 4345/5271/3306 4337/5262/3306
f 4337/5263/3307 4345/5272/3307 4346/5273/3307 4338/5264/3307
f 4338/5264/3308 4346/5273/3308 4347/5274/3308 4339/5265/3308
f 4339/5265/3309 4347/5274/3309 4348/5275/3309 4340/5266/3309
f 4340/5266/3310 4348/5275/3310 4341/5267/3310 4333/5258/3310
f 4341/5267/3311 4349/5276/3311 4350/5277/3311 4342/5268/3311
f 4342/5268/3312 4350/5277/3312 4351/5278/3312 4343/5269/3312
f 4343/5269/3313 4351/5278/3313 4352/5279/3313 4344/5270/3313
f 4344/5270/3314 4352/5279/3314 4353/5280/3314 4345/5271/3314
f 4345/5272/3315 4353/5281/3315 4354/5282/3315 4346/5273/3315
f 4346/5273/3316 4354/5282/3316 4355/5283/3316 4347/5274/3316
f 4347/5274/3317 4355/5283/3317 4356/5284/3317 4348/5275/3317
f 4348/5275/3318 4356/5284/3318 4349/5276/3318 4341/5267/3318
f 4349/5276/3319 4357/5285/3319 4358/5286/3319 4350/5277/3319
f 4350/5277/3320 4358/5286/3320 4359/5287/3320 4351/5278/3320
f 4351/5278/3321 4359/5287/3321 4360/5288/3321 4352/5279/3321
f 4352/5279/3322 4360/5288/3322 4361/5289/3322 4353/5280/3322
f 4353/5281/3323 4361/5290/3323 4362/5291/3323 4354/5282/3323
f 4354/5282/3324 4362/5291/3324 4363/5292/3324 4355/5283/3324
f 4355/5283/3325 4363/5292/3325 4364/5293/3325 4356/5284/3325
f 4356/5284/3326 4364/5293/3326 4357/5285/3326 4349/5276/3326
f 4357/5285/3327 4365/5294/3327 4366/5295/3327 4358/5286/3327
f 4358/5286/3328 4366/5295/3328 4367/5296/3328 4359/5287/3328
f 4359/5287/3329 4367/5296/3329 4368/5297/3329 4360/5288/3329
f 4360/5288/3330 4368/5297/3330 4369/5298/3330 4361/5289/3330
f 4361/5290/3331 4369/5299/3331 4370/5300/3331 4362/5291/3331
f 4362/5291/3332 4370/5300/3332 4371/5301/3332 4363/5292/3332
f 4363/5292/3333 4371/5301/3333 4372/5302/3333 4364/5293/3333
f 4364/5293/3334 4372/5302/3334 4365/5294/3334 4357/5285/3334
f 4365/5294/3335 4373/5303/3335 4374/5304/3335 4366/5295/3335
f 4366/5295/3336 4374/5304/3336 4375/5305/3336 4367/5296/3336
f 4367/5296/3337 4375/5305/3337 4376/5306/3337 4368/5297/3337
f 4368/5297/3338 4376/5306/3338 4377/5307/3338 4369/5298/3338
f 4369/5299/3339 4377/5308/3339 4378/5309/3339 4370/5300/3339
f 4370/5300/3340 4378/5309/3340 4379/5310/3340 4371/5301/3340
f 4371/5301/3341 4379/5310/3341 4380/5311/3341 4372/5302/3341
f 4372/5302/3342 4380/5311/3342 4373/5303/3342 4365/5294/3342
f 4373/5303/3343 4381/5312/3343 4382/5313/3343 4374/5304/3343
f 4374/5304/3344 4382/5313/3344 4383/5314/3344 4375/5305/3344
f 4375/5305/3345 4383/5314/3345 4384/5315/3345 4376/5306/3345
f 4376/5306/3346 4384/5315/3346 4385/5316/3346 4377/5307/3346
f 4377/5308/3347 4385/5317/3347 4386/5318/3347 4378/5309/3347
f 4378/5309/3348 4386/5318/3348 4387/5319/3348 4379/5310/3348
f 4379/5310/3349 4387/5319/3349 4388/5320/3349 4380/5311/3349
f 4380/5311/3350 4388/5320/3350 4381/5312/3350 4373/5303/3350
f 4381/5312/3351 4389/5321/3351 4390/5322/3351 4382/5313/3351
f 4382/5313/3352 4390/5322/3352 4391/5323/3352 4383/5314/3352
f 4383/5314/3353 4391/5323/3353 4392/5324/3353 4384/5315/3353
f 4384/5315/3354 4392/5324/3354 4393/5325/3354 4385/5316/3354
f 4385/5317/3355 4393/5326/3355 4394/5327/3355 4386/5318/3355
f 4386/5318/3356 4394/5327/3356 4395/5328/3356 4387/5319/3356
f 4387/5319/3357 4395/5328/3357 4396/5329/3357 4388/5320/3357
f 4388/5320/3358 4396/5329/3358 4389/5321/3358 4381/5312/3358
f 4389/5321/3359 4397/5330/3359 4398/5331/3359 4390/5322/3359
f 4390/5322/3360 4398/5331/3360 4399/5332/3360 4391/5323/3360
f 4391/5323/3361 4399/5332/3361 4400/5333/3361 4392/5324/3361
f 4392/5324/3362 4400/5333/3362 4401/5334/3362 4393/5325/3362
f 4393/5326/3363 4401/5335/3363 4402/5336/3363 4394/5327/3363
f 4394/5327/3364 4402/5336/3364 4403/5337/3364 4395/5328/3364
f 4395/5328/3365 4403/5337/3365 4404/5338/3365 4396/5329/3365
f 4396/5329/3366 4404/5338/3366 4397/5330/3366 4389/5321/3366
f 4397/5330/3367 4405/5339/3367 4406/5340/3367 4398/5331/3367
f 4398/5331/3368 4406/5340/3368 4407/5341/3368 4399/5332/3368
f 4399/5332/3369 4407/5341/3369 4408/5342/3369 4400/5333/3369
f 4400/5333/3370 4408/5342/3370 4409/5343/3370 4401/5334/3370
f 4401/5335/3371 4409/5344/3371 4410/5345/3371 4402/5336/3371
f 4402/5336/3372 4410/5345/3372 4411/5346/3372 4403/5337/3372
f 4403/5337/3373 4411/5346/3373 4412/5347/3373 4404/5338/3373
f 4404/5338/3374 4412/5347/3374 4405/5339/3374 4397/5330/3374
f 4405/5339/3375 4413/5348/3375 4414/5349/3375 4406/5340/3375
f 4406/5340/3376 4414/5349/3376 4415/5350/3376 4407/5341/3376
f 4407/5341/3377 4415/5350/3377 4416/5351/3377 4408/5342/3377
f 4408/5342/3378 4416/5351/3378 4417/5352/3378 4409/5343/3378
f 4409/5344/3379 4417/5353/3379 4418/5354/3379 4410/5345/3379
f 4410/5345/3380 4418/5354/3380 4419/5355/3380 4411/5346/3380
f 4411/5346/3381 4419/5355/3381 4420/5356/3381 4412/5347/3381
f 4412/5347/3382 4420/5356/3382 4413/5348/3382 4405/5339/3382
f 4413/5348/3383 4421/5357/3383 4422/5358/3383 4414/5349/3383
f 4414/5349/3384 4422/5358/3384 4423/5359/3384 4415/5350/3384
f 4415/5350/3385 4423/5359/3385 4424/5360/3385 4416/5351/3385
f 4416/5351/3386 4424/5360/3386 4425/5361/3386 4417/5352/3386
f 4417/5353/3387 4425/5362/3387 4426/5363/3387 4418/5354/3387
f 4418/5354/3388 4426/5363/3388 4427/5364/3388 4419/5355/3388
f 4419/5355/3389 4427/5364/3389 4428/5365/3389 4420/5356/3389
f 4420/5356/3390 4428/5365/3390 4421/5357/3390 4413/5348/3390
f 4421/5357/3391 4429/5366/3391 4430/5367/3391 4422/5358/3391
f 4422/5358/3392 4430/5367/3392 4431/5368/3392 4423/5359/3392
f 4423/5359/3393 4431/5368/3393 4432/5369/3393 4424/5360/3393
f 4424/5360/3394 4432/5369/3394 4433/5370/3394 4425/5361/3394
f 4425/5362/3395 4433/5371/3395 4434/5372/3395 4426/5363/3395
f 4426/5363/3396 4434/5372/3396 4435/5373/3396 4427/5364/3396
f 4427/5364/3397 4435/5373/3397 4436/5374/3397 4428/5365/3397
f 4428/5365/3398 4436/5374/3398 4429/5366/3398 4421/5357/3398
f 4429/5366/3399 4437/5375/3399 4438/5376/3399 4430/5367/3399
f 4430/5367/3400 4438/5376/3400 4439/5377/3400 4431/5368/3400
f 4431/5368/3401 4439/5377/3401 4440/5378/3401 4432/5369/3401
f 4432/5369/3402 4440/5378/3402 4441/5379/3402 4433/5370/3402
f 4433/5371/3403 4441/5380/3403 4442/5381/3403 4434/5372/3403
f 4434/5372/3404 4442/5381/3404 4443/5382/3404 4435/5373/3404
f 4435/5373/3405 4443/5382/3405 4444/5383/3405 4436/5374/3405
f 4436/5374/3406 4444/5383/3406 4437/5375/3406 4429/5366/3406
f 4437/5375/3407 4445/5384/3407 4446/5385/3407 4438/5376/3407
f 4438/5376/3408 4446/5385/3408 4447/5386/3408 4439/5377/3408
f 4439/5377/3409 4447/5386/3409 4448/5387/3409 4440/5378/3409
f 4440/5378/3410 4448/5387/3410 4449/5388/3410 4441/5379/3410
f 4441/5380/3411 4449/5389/3411 4450/5390/3411 4442/5381/3411
f 4442/5381/3412 4450/5390/3412 4451/5391/3412 4443/5382/3412
f 4443/5382/3413 4451/5391/3413 4452/5392/3413 4444/5383/3413
f 4444/5383/3414 4452/5392/3414 4445/5384/3414 4437/5375/3414
f 4445/5384/3415 4453/5393/3415 4454/5394/3415 4446/5385/3415
f 4446/5385/3416 4454/5394/3416 4455/5395/3416 4447/5386/3416
f 4447/5386/3417 4455/5395/3417 4456/5396/3417 4448/5387/3417
f 4448/5387/3418 4456/5396/3418 4457/5397/3418 4449/5388/3418
f 4449/5389/3419 4457/5398/3419 4458/5399/3419 4450/5390/3419
f 4450/5390/3420 4458/5399/3420 4459/5400/3420 4451/5391/3420
f 4451/5391/3421 4459/5400/3421 4460/5401/3421 4452/5392/3421
f 4452/5392/3422 4460/5401/3422 4453/5393/3422 4445/5384/3422
f 4453/5393/3423 4461/5402/3423 4462/5403/3423 4454/5394/3423
f 4454/5394/3424 4462/5403/3424 4463/5404/3424 4455/5395/3424
f 4455/5395/3425 4463/5404/3425 4464/5405/3425 4456/5396/3425
f 4456/5396/3426 4464/5405/3426 4465/5406/3426 4457/5397/3426
f 4457/5398/3427 4465/5407/3427 4466/5408/3427 4458/5399/3427
f 4458/5399/3428 4466/5408/3428 4467/5409/3428 4459/5400/3428
f 4459/5400/3429 4467/5409/3429 4468/5410/3429 4460/5401/3429
f 4460/5401/3430 4468/5410/3430 4461/5402/3430 4453/5393/3430
f 4461/5402/3431 4469/5411/3431 4470/5412/3431 4462/5403/3431
f 4462/5403/3432 4470/5412/3432 4471/5413/3432 4463/5404/3432
f 4463/5404/3433 4471/5413/3433 4472/5414/3433 4464/5405/3433
f 4464/5405/3434 4472/5414/3434 4473/5415/3434 4465/5406/3434
f 4465/5407/3435 4473/5416/3435 4474/5417/3435 4466/5408/3435
f 4466/5408/3436 4474/5417/3436 4475/5418/3436 4467/5409/3436
f 4467/5409/3437 4475/5418/3437 4476/5419/3437 4468/5410/3437
f 4468/5410/3438 4476/5419/3438 4469/5411/3438 4461/5402/3438
f 4469/5411/3439 4477/5420/3439 4478/5421/3439 4470/5412/3439
f 4470/5412/3440 4478/5421/3440 4479/5422/3440 4471/5413/3440
f 4471/5413/3441 4479/5422/3441 4480/5423/3441 4472/5414/3441
f 4472/5414/3442 4480/5423/3442 4481/5424/3442 4473/5415/3442
f 4473/5416/3443 4481/5425/3443 4482/5426/3443 4474/5417/3443
f 4474/5417/3444 4482/5426/3444 4483/5427/3444 4475/5418/3444
f 4475/5418/3445 4483/5427/3445 4484/5428/3445 4476/5419/3445
f 4476/5419/3446 4484/5428/3446 4477/5420/3446 4469/5411/3446
f 4477/5420/3447 4485/5429/3447 4486/5430/3447 4478/5421/3447
f 4478/5421/3448 4486/5430/3448 4487/5431/3448 4479/5422/3448
f 4479/5422/3449 4487/5431/3449 4488/5432/3449 4480/5423/3449
f 4480/5423/3450 4488/5432/3450 4489/5433/3450 4481/5424/3450
f 4481/5425/3451 4489/5434/3451 4490/5435/3451 4482/5426/3451
f 4482/5426/3452 4490/5435/3452 4491/5436/3452 4483/5427/3452
f 4483/5427/3453 4491/5436/3453 4492/5437/3453 4484/5428/3453
f 4484/5428/3454 4492/5437/3454 4485/5429/3454 4477/5420/3454
f 4485/5429/3455 4493/5438/3455 4494/5439/3455 4486/5430/3455
f 4486/5430/3456 4494/5439/3456 4495/5440/3456 4487/5431/3456
f 4487/5431/3457 4495/5440/3457 4496/5441/3457 4488/5432/3457
f 4488/5432/3458 4496/5441/3458 4497/5442/3458 4489/5433/3458
f 4489/5434/3459 4497/5443/3459 4498/5444/3459 4490/5435/3459
f 4490/5435/3460 4498/5444/3460 4499/5445/3460 4491/5436/3460
f 4491/5436/3461 4499/5445/3461 4500/5446/3461 4492/5437/3461
f 4492/5437/3462 4500/5446/3462 4493/5438/3462 4485/5429/3462
f 4493/5438/3463 4501/5447/3463 4502/5448/3463 4494/5439/3463
f 4494/5439/3464 4502/5448/3464 4503/5449/3464 4495/5440/3464
f 4495/5440/3465 4503/5449/3465 4504/5450/3465 4496/5441/3465
f 4496/5441/3466 4504/5450/3466 4505/5451/3466 4497/5442/3466
f 4497/5443/3467 4505/5452/3467 4506/5453/3467 4498/5444/3467
f 4498/5444/3468 4506/5453/3468 4507/5454/3468 4499/5445/3468
f 4499/5445/3469 4507/5454/3469 4508/5455/3469 4500/5446/3469
f 4500/5446/3470 4508/5455/3470 4501/5447/3470 4493/5438/3470
f 4501/5447/3471 4509/5456/3471 4510/5457/3471 4502/5448/3471
f 4502/5448/3472 4510/5457/3472 4511/5458/3472 4503/5449/3472
f 4503/5449/3473 4511/5458/3473 4512/5459/3473 4504/5450/3473
f 4504/5450/3474 4512/5459/3474 4513/5460/3474 4505/5451/3474
f 4505/5452/3475 4513/5461/3475 4514/5462/3475 4506/5453/3475
f 4506/5453/3476 4514/5462/3476 4515/5463/3476 4507/5454/3476
f 4507/5454/3477 4515/5463/3477 4516/5464/3477 4508/5455/3477
f 4508/5455/3478 4516/5464/3478 4509/5456/3478 4501/5447/3478
f 4509/5456/3479 4517/5465/3479 4518/5466/3479 4510/5457/3479
f 4510/5457/3480 4518/5466/3480 4519/5467/3480 4511/5458/3480
f 4511/5458/3481 4519/5467/3481 4520/5468/3481 4512/5459/3481
f 4512/5459/3482 4520/5468/3482 4521/5469/3482 4513/5460/3482
f 4513/5461/3483 4521/5470/3483 4522/5471/3483 4514/5462/3483
f 4514/5462/3484 4522/5471/3484 4523/5472/3484 4515/5463/3484
f 4515/5463/3485 4523/5472/3485 4524/5473/3485 4516/5464/3485
f 4516/5464/3486 4524/5473/3486 4517/5465/3486 4509/5456/3486
f 4517/5465/3487 4525/5474/3487 4526/5475/3487 4518/5466/3487
f 4518/5466/3488 4526/5475/3488 4527/5476/3488 4519/5467/3488
f 4519/5467/3489 4527/5476/3489 4528/5477/3489 4520/5468/3489
f 4520/5468/3490 4528/5477/3490 4529/5478/3490 4521/5469/3490
f 4521/5470/3491 4529/5479/3491 4530/5480/3491 4522/5471/3491
f 4522/5471/3492 4530/5480/3492 4531/5481/3492 4523/5472/3492
f 4523/5472/3493 4531/5481/3493 4532/5482/3493 4524/5473/3493
f 4524/5473/3494 4532/5482/3494 4525/5474/3494 4517/5465/3494
f 4525/5474/3495 4533/5483/3495 4534/5484/3495 4526/5475/3495
f 4526/5475/3496 4534/5484/3496 4535/5485/3496 4527/5476/3496
f 4527/5476/3497 4535/5485/3497 4536/5486/3497 4528/5477/3497
f 4528/5477/3498 4536/5486/3498 4537/5487/3498 4529/5478/3498
f 4529/5479/3499 4537/5488/3499 4538/5489/3499 4530/5480/3499
f 4530/5480/3500 4538/5489/3500 4539/5490/3500 4531/5481/3500
f 4531/5481/3501 4539/5490/3501 4540/5491/3501 4532/5482/3501
f 4532/5482/3502 4540/5491/3502 4533/5483/3502 4525/5474/3502
f 4533/5483/3503 4541/5492/3503 4542/5493/3503 4534/5484/3503
f 4534/5484/3504 4542/5493/3504 4543/5494/3504 4535/5485/3504
f 4535/5485/3505 4543/5494/3505 4544/5495/3505 4536/5486/3505
f 4536/5486/3506 4544/5495/3506 4545/5496/3506 4537/5487/3506
f 4537/5488/3507 4545/5497/3507 4546/5498/3507 4538/5489/3507
f 4538/5489/3508 4546/5498/3508 4547/5499/3508 4539/5490/3508
f 4539/5490/3509 4547/5499/3509 4548/5500/3509 4540/5491/3509
f 4540/5491/3510 4548/5500/3510 4541/5492/3510 4533/5483/3510
f 4541/5492/3511 4549/5501/3511 4550/5502/3511 4542/5493/3511
f 4542/5493/3512 4550/5502/3512 4551/5503/3512 4543/5494/3512
f 4543/5494/3513 4551/5503/3513 4552/5504/3513 4544/5495/3513
f 4544/5495/3514 4552/5504/3514 4553/5505/3514 4545/5496/3514
f 4545/5497/3515 4553/5506/3515 4554/5507/3515 4546/5498/3515
f 4546/5498/3516 4554/5507/3516 4555/5508/3516 4547/5499/3516
f 4547/5499/3517 4555/5508/3517 4556/5509/3517 4548/5500/3517
f 4548/5500/3518 4556/5509/3518 4549/5501/3518 4541/5492/3518
f 4549/5501/3519 4557/5510/3519 4558/5511/3519 4550/5502/3519
f 4550/5502/3520 4558/5511/3520 4559/5512/3520 4551/5503/3520
f 4551/5503/3521 4559/5512/3521 4560/5513/3521 4552/5504/3521
f 4552/5504/3522 4560/5513/3522 4561/5514/3522 4553/5505/3522
f 4553/5506/3523 4561/5515/3523 4562/5516/3523 4554/5507/3523
f 4554/5507/3524 4562/5516/3524 4563/5517/3524 4555/5508/3524
f 4555/5508/3525 4563/5517/3525 4564/5518/3525 4556/5509/3525
f 4556/5509/3526 4564/5518/3526 4557/5510/3526 4549/5501/3526
f 4557/5510/3527 4565/5519/3527 4566/5520/3527 4558/5511/3527
f 4558/5511/3528 4566/5520/3528 4567/5521/3528 4559/5512/3528
f 4559/5512/3529 4567/5521/3529 4568/5522/3529 4560/5513/3529
f 4560/5513/3530 4568/5522/3530 4569/5523/3530 4561/5514/3530
f 4561/5515/3531 4569/5524/3531 4570/5525/3531 4562/5516/3531
f 4562/5516/3532 4570/5525/3532 4571/5526/3532 4563/5517/3532
f 4563/5517/3533 4571/5526/3533 4572/5527/3533 4564/5518/3533
f 4564/5518/3534 4572/5527/3534 4565/5519/3534 4557/5510/3534
f 4565/5519/3535 4573/5528/3535 4574/5529/3535 4566/5520/3535
f 4566/5520/3536 4574/5529/3536 4575/5530/3536 4567/5521/3536
f 4567/5521/3537 4575/5530/3537 4576/5531/3537 4568/5522/3537
f 4568/5522/3538 4576/5531/3538 4577/5532/3538 4569/5523/3538
f 4569/5524/3539 4577/5533/3539 4578/5534/3539 4570/5525/3539
f 4570/5525/3540 4578/5534/3540 4579/5535/3540 4571/5526/3540
f 4571/5526/3541 4579/5535/3541 4580/5536/3541 4572/5527/3541
f 4572/5527/3542 4580/5536/3542 4573/5528/3542 4565/5519/3542
f 4573/5528/3543 4581/5537/3543 4582/5538/3543 4574/5529/3543
f 4574/5529/3544 4582/5538/3544 4583/5539/3544 4575/5530/3544
f 4575/5530/3545 4583/5539/3545 4584/5540/3545 4576/5531/3545
f 4576/5531/3546 4584/5540/3546 4585/5541/3546 4577/5532/3546
f 4577/5533/3547 4585/5542/3547 4586/5543/3547 4578/5534/3547
f 4578/5534/3548 4586/5543/3548 4587/5544/3548 4579/5535/3548
f 4579/5535/3549 4587/5544/3549 4588/5545/3549 4580/5536/3549
f 4580/5536/3550 4588/5545/3550 4581/5537/3550 4573/5528/3550
f 4581/5537/3551 4589/5546/3551 4590/5547/3551 4582/5538/3551
f 4582/5538/3552 4590/5547/3552 4591/5548/3552 4583/5539/3552
f 4583/5539/3553 4591/5548/3553 4592/5549/3553 4584/5540/3553
f 4584/5540/3554 4592/5549/3554 4593/5550/3554 4585/5541/3554
f 4585/5542/3555 4593/5551/3555 4594/5552/3555 4586/5543/3555
f 4586/5543/3556 4594/5552/3556 4595/5553/3556 4587/5544/3556
f 4587/5544/3557 4595/5553/3557 4596/5554/3557 4588/5545/3557
f 4588/5545/3558 4596/5554/3558 4589/5546/3558 4581/5537/3558
f 4589/5546/3559 4597/5555/3559 4598/5556/3559 4590/5547/3559
f 4590/5547/3560 4598/5556/3560 4599/5557/3560 4591/5548/3560
f 4591/5548/3561 4599/5557/3561 4600/5558/3561 4592/5549/3561
f 4592/5549/3562 4600/5558/3562 4601/5559/3562 4593/5550/3562
f 4593/5551/3563 4601/5560/3563 4602/5561/3563 4594/5552/3563
f 4594/5552/3564 4602/5561/3564 4603/5562/3564 4595/5553/3564
f 4595/5553/3565 4603/5562/3565 4604/5563/3565 4596/5554/3565
f 4596/5554/3566 4604/5563/3566 4597/5555/3566 4589/5546/3566
f 4597/5555/3567 4605/5564/3567 4606/5565/3567 4598/5556/3567
f 4598/5556/3568 4606/5565/3568 4607/5566/3568 4599/5557/3568
f 4599/5557/3569 4607/5566/3569 4608/5567/3569 4600/5558/3569
f 4600/5558/3570 4608/5567/3570 4609/5568/3570 4601/5559/3570
f 4601/5560/3571 4609/5569/3571 4610/5570/3571 4602/5561/3571
f 4602/5561/3572 4610/5570/3572 4611/5571/3572 4603/5562/3572
f 4603/5562/3573 4611/5571/3573 4612/5572/3573 4604/5563/3573
f 4604/5563/3574 4612/5572/3574 4605/5564/3574 4597/5555/3574
f 4605/5564/3575 4613/5573/3575 4614/5574/3575 4606/5565/3575
f 4606/5565/3576 4614/5574/3576 4615/5575/3576 4607/5566/3576
f 4607/5566/3577 4615/5575/3577 4616/5576/3577 4608/5567/3577
f 4608/5567/3578 4616/5576/3578 4617/5577/3578 4609/5568/3578
f 4609/5569/3579 4617/5578/3579 4618/5579/3579 4610/5570/3579
f 4610/5570/3580 4618/5579/3580 4619/5580/3580 4611/5571/3580
f 4611/5571/3581 4619/5580/3581 4620/5581/3581 4612/5572/3581
f 4612/5572/3582 4620/5581/3582 4613/5573/3582 4605/5564/3582
f 4613/5582/3202 4621/5583/3202 4622/5584/3202 4614/5585/3202
f 4614/5585/3201 4622/5584/3201 4623/5586/3201 4615/5587/3201
f 4615/5587/3200 4623/5586/3200 4624/5588/3200 4616/5589/3200
f 4616/5589/3199 4624/5588/3199 4625/5590/3199 4617/5591/3199
f 4617/5592/3206 4625/5593/3206 4626/5594/3206 4618/5595/3206
f 4618/5595/3205 4626/5594/3205 4627/5596/3205 4619/5597/3205
f 4619/5597/3204 4627/5596/3204 4628/5598/3204 4620/5599/3204
f 4620/5599/3203 4628/5598/3203 4621/5583/3203 4613/5582/3203
f 4621/5583/3210 4629/5600/3210 4630/5601/3210 4622/5584/3210
f 4622/5584/3209 4630/5601/3209 4631/5602/3209 4623/5586/3209
f 4623/5586/3208 4631/5602/3208 4632/5603/3208 4624/5588/3208
f 4624/5588/3207 4632/5603/3207 4633/5604/3207 4625/5590/3207
f 4625/5593/3214 4633/5605/3214 4634/5606/3214 4626/5594/3214
f 4626/5594/3213 4634/5606/3213 4635/5607/3213 4627/5596/3213
f 4627/5596/3212 4635/5607/3212 4636/5608/3212 4628/5598/3212
f 4628/5598/3211 4636/5608/3211 4629/5600/3211 4621/5583/3211
f 4629/5600/3218 4637/5609/3218 4638/5610/3218 4630/5601/3218
f 4630/5601/3217 4638/5610/3217 4639/5611/3217 4631/5602/3217
f 4631/5602/3216 4639/5611/3216 4640/5612/3216 4632/5603/3216
f 4632/5603/3215 4640/5612/3215 4641/5613/3215 4633/5604/3215
f 4633/5605/3222 4641/5614/3222 4642/5615/3222 4634/5606/3222
f 4634/5606/3221 4642/5615/3221 4643/5616/3221 4635/5607/3221
f 4635/5607/3220 4643/5616/3220 4644/5617/3220 4636/5608/3220
f 4636/5608/3219 4644/5617/3219 4637/5609/3219 4629/5600/3219
f 4637/5609/3226 4645/5618/3226 4646/5619/3226 4638/5610/3226
f 4638/5610/3225 4646/5619/3225 4647/5620/3225 4639/5611/3225
f 4639/5611/3224 4647/5620/3224 4648/5621/3224 4640/5612/3224
f 4640/5612/3223 4648/5621/3223 4649/5622/3223 4641/5613/3223
f 4641/5614/3230 4649/5623/3230 4650/5624/3230 4642/5615/3230
f 4642/5615/3229 4650/5624/3229 4651/5625/3229 4643/5616/3229
f 4643/5616/3228 4651/5625/3228 4652/5626/3228 4644/5617/3228
f 4644/5617/3227 4652/5626/3227 4645/5618/3227 4637/5609/3227
f 4645/5618/3234 4653/5627/3234 4654/5628/3234 4646/5619/3234
f 4646/5619/3233 4654/5628/3233 4655/5629/3233 4647/5620/3233
f 4647/5620/3232 4655/5629/3232 4656/5630/3232 4648/5621/3232
f 4648/5621/3231 4656/5630/3231 4657/5631/3231 4649/5622/3231
f 4649/5623/3238 4657/5632/3238 4658/5633/3238 4650/5624/3238
f 4650/5624/3237 4658/5633/3237 4659/5634/3237 4651/5625/3237
f 4651/5625/3236 4659/5634/3236 4660/5635/3236 4652/5626/3236
f 4652/5626/3235 4660/5635/3235 4653/5627/3235 4645/5618/3235
f 4653/5627/3242 4661/5636/3242 4662/5637/3242 4654/5628/3242
f 4654/5628/3241 4662/5637/3241 4663/5638/3241 4655/5629/3241
f 4655/5629/3240 4663/5638/3240 4664/5639/3240 4656/5630/3240
f 4656/5630/3239 4664/5639/3239 4665/5640/3239 4657/5631/3239
f 4657/5632/3246 4665/5641/3246 4666/5642/3246 4658/5633/3246
f 4658/5633/3245 4666/5642/3245 4667/5643/3245 4659/5634/3245
f 4659/5634/3244 4667/5643/3244 4668/5644/3244 4660/5635/3244
f 4660/5635/3243 4668/5644/3243 4661/5636/3243 4653/5627/3243
f 4661/5636/3250 4669/5645/3250 4670/5646/3250 4662/5637/3250
f 4662/5637/3249 4670/5646/3249 4671/5647/3249 4663/5638/3249
f 4663/5638/3248 4671/5647/3248 4672/5648/3248 4664/5639/3248
f 4664/5639/3247 4672/5648/3247 4673/5649/3247 4665/5640/3247
f 4665/5641/3254 4673/5650/3254 4674/5651/3254 4666/5642/3254
f 4666/5642/3253 4674/5651/3253 4675/5652/3253 4667/5643/3253
f 4667/5643/3252 4675/5652/3252 4676/5653/3252 4668/5644/3252
f 4668/5644/3251 4676/5653/3251 4669/5645/3251 4661/5636/3251
f 4669/5645/3258 4677/5654/3258 4678/5655/3258 4670/5646/3258
f 4670/5646/3583 4678/5655/3583 4679/5656/3583 4671/5647/3583
f 4671/5647/3256 4679/5656/3256 4680/5657/3256 4672/5648/3256
f 4672/5648/3255 4680/5657/3255 4681/5658/3255 4673/5649/3255
f 4673/5650/3262 4681/5659/3262 4682/5660/3262 4674/5651/3262
f 4674/5651/3261 4682/5660/3261 4683/5661/3261 4675/5652/3261
f 4675/5652/3584 4683/5661/3584 4684/5662/3584 4676/5653/3584
f 4676/5653/3259 4684/5662/3259 4677/5654/3259 4669/5645/3259
f 4677/5654/3266 4685/5663/3266 4686/5664/3266 4678/5655/3266
f 4678/5655/3265 4686/5664/3265 4687/5665/3265 4679/5656/3265
f 4679/5656/3264 4687/5665/3264 4688/5666/3264 4680/5657/3264
f 4680/5657/3263 4688/5666/3263 4689/5667/3263 4681/5658/3263
f 4681/5659/3270 4689/5668/3270 4690/5669/3270 4682/5660/3270
f 4682/5660/3269 4690/5669/3269 4691/5670/3269 4683/5661/3269
f 4683/5661/3268 4691/5670/3268 4692/5671/3268 4684/5662/3268
f 4684/5662/3267 4692/5671/3267 4685/5663/3267 4677/5654/3267
f 4685/5663/3274 4693/5672/3274 4694/5673/3274 4686/5664/3274
f 4686/5664/3273 4694/5673/3273 4695/5674/3273 4687/5665/3273
f 4687/5665/3272 4695/5674/3272 4696/5675/3272 4688/5666/3272
f 4688/5666/3271 4696/5675/3271 4697/5676/3271 4689/5667/3271
f 4689/5668/3278 4697/5677/3278 4698/5678/3278 4690/5669/3278
f 4690/5669/3277 4698/5678/3277 4699/5679/3277 4691/5670/3277
f 4691/5670/3276 4699/5679/3276 4700/5680/3276 4692/5671/3276
f 4692/5671/3275 4700/5680/3275 4693/5672/3275 4685/5663/3275
f 4693/5672/3282 4701/5681/3282 4702/5682/3282 4694/5673/3282
f 4694/5673/3281 4702/5682/3281 4703/5683/3281 4695/5674/3281
f 4695/5674/3280 4703/5683/3280 4704/5684/3280 4696/5675/3280
f 4696/5675/3279 4704/5684/3279 4705/5685/3279 4697/5676/3279
f 4697/5677/3286 4705/5686/3286 4706/5687/3286 4698/5678/3286
f 4698/5678/3285 4706/5687/3285 4707/5688/3285 4699/5679/3285
f 4699/5679/3284 4707/5688/3284 4708/5689/3284 4700/5680/3284
f 4700/5680/3283 4708/5689/3283 4701/5681/3283 4693/5672/3283
f 4701/5681/3290 4709/5690/3290 4710/5691/3290 4702/5682/3290
f 4702/5682/3289 4710/5691/3289 4711/5692/3289 4703/5683/3289
f 4703/5683/3288 4711/5692/3288 4712/5693/3288 4704/5684/3288
f 4704/5684/3287 4712/5693/3287 4713/5694/3287 4705/5685/3287
f 4705/5686/3294 4713/5695/3294 4714/5696/3294 4706/5687/3294
f 4706/5687/3293 4714/5696/3293 4715/5697/3293 4707/5688/3293
f 4707/5688/3292 4715/5697/3292 4716/5698/3292 4708/5689/3292
f 4708/5689/3291 4716/5698/3291 4709/5690/3291 4701/5681/3291
f 4709/5690/3298 4717/5699/3298 4718/5700/3298 4710/5691/3298
f 4710/5691/3297 4718/5700/3297 4719/5701/3297 4711/5692/3297
f 4711/5692/3296 4719/5701/3296 4720/5702/3296 4712/5693/3296
f 4712/5693/3295 4720/5702/3295 4721/5703/3295 4713/5694/3295
f 4713/5695/3302 4721/5704/3302 4722/5705/3302 4714/5696/3302
f 4714/5696/3301 4722/5705/3301 4723/5706/3301 4715/5697/3301
f 4715/5697/3300 4723/5706/3300 4724/5707/3300 4716/5698/3300
f 4716/5698/3299 4724/5707/3299 4717/5699/3299 4709/5690/3299
f 4717/5699/3585 4725/5708/3585 4726/5709/3585 4718/5700/3585
f 4718/5700/3305 4726/5709/3305 4727/5710/3305 4719/5701/3305
f 4719/5701/3304 4727/5710/3304 4728/5711/3304 4720/5702/3304
f 4720/5702/3303 4728/5711/3303 4729/5712/3303 4721/5703/3303
f 4721/5704/3310 4729/5713/3310 4730/5714/3310 4722/5705/3310
f 4722/5705/3309 4730/5714/3309 4731/5715/3309 4723/5706/3309
f 4723/5706/3308 4731/5715/3308 4732/5716/3308 4724/5707/3308
f 4724/5707/3586 4732/5716/3586 4725/5708/3586 4717/5699/3586
f 4725/5708/3314 4733/5717/3314 4734/5718/3314 4726/5709/3314
f 4726/5709/3313 4734/5718/3313 4735/5719/3313 4727/5710/3313
f 4727/5710/3312 4735/5719/3312 4736/5720/3312 4728/5711/3312
f 4728/5711/3311 4736/5720/3311 4737/5721/3311 4729/5712/3311
f 4729/5713/3318 4737/5722/3318 4738/5723/3318 4730/5714/3318
f 4730/5714/3317 4738/5723/3317 4739/5724/3317 4731/5715/3317
f 4731/5715/3316 4739/5724/3316 4740/5725/3316 4732/5716/3316
f 4732/5716/3315 4740/5725/3315 4733/5717/3315 4725/5708/3315
f 4733/5717/3322 4741/5726/3322 4742/5727/3322 4734/5718/3322
f 4734/5718/3321 4742/5727/3321 4743/5728/3321 4735/5719/3321
f 4735/5719/3320 4743/5728/3320 4744/5729/3320 4736/5720/3320
f 4736/5720/3319 4744/5729/3319 4745/5730/3319 4737/5721/3319
f 4737/5722/3326 4745/5731/3326 4746/5732/3326 4738/5723/3326
f 4738/5723/3325 4746/5732/3325 4747/5733/3325 4739/5724/3325
f 4739/5724/3324 4747/5733/3324 4748/5734/3324 4740/5725/3324
f 4740/5725/3323 4748/5734/3323 4741/5726/3323 4733/5717/3323
f 4741/5726/3330 4749/5735/3330 4750/5736/3330 4742/5727/3330
f 4742/5727/3329 4750/5736/3329 4751/5737/3329 4743/5728/3329
f 4743/5728/3587 4751/5737/3587 4752/5738/3587 4744/5729/3587
f 4744/5729/3327 4752/5738/3327 4753/5739/3327 4745/5730/3327
f 4745/5731/3334 4753/5740/3334 4754/5741/3334 4746/5732/3334
f 4746/5732/3588 4754/5741/3588 4755/5742/3588 4747/5733/3588
f 4747/5733/3332 4755/5742/3332 4756/5743/3332 4748/5734/3332
f 4748/5734/3331 4756/5743/3331 4749/5735/3331 4741/5726/3331
f 4749/5735/3338 4757/5744/3338 4758/5745/3338 4750/5736/3338
f 4750/5736/3337 4758/5745/3337 4759/5746/3337 4751/5737/3337
f 4751/5737/3336 4759/5746/3336 4760/5747/3336 4752/5738/3336
f 4752/5738/3335 4760/5747/3335 4761/5748/3335 4753/5739/3335
f 4753/5740/3342 4761/5749/3342 4762/5750/3342 4754/5741/3342
f 4754/5741/3341 4762/5750/3341 4763/5751/3341 4755/5742/3341
f 4755/5742/3340 4763/5751/3340 4764/5752/3340 4756/5743/3340
f 4756/5743/3339 4764/5752/3339 4757/5744/3339 4749/5735/3339
f 4757/5744/3346 4765/5753/3346 4766/5754/3346 4758/5745/3346
f 4758/5745/3345 4766/5754/3345 4767/5755/3345 4759/5746/3345
f 4759/5746/3344 4767/5755/3344 4768/5756/3344 4760/5747/3344
f 4760/5747/3343 4768/5756/3343 4769/5757/3343 4761/5748/3343
f 4761/5749/3350 4769/5758/3350 4770/5759/3350 4762/5750/3350
f 4762/5750/3349 4770/5759/3349 4771/5760/3349 4763/5751/3349
f 4763/5751/3348 4771/5760/3348 4772/5761/3348 4764/5752/3348
f 4764/5752/3347 4772/5761/3347 4765/5753/3347 4757/5744/3347
f 4765/5753/3354 4773/5762/3354 4774/5763/3354 4766/5754/3354
f 4766/5754/3353 4774/5763/3353 4775/5764/3353 4767/5755/3353
f 4767/5755/3352 4775/5764/3352 4776/5765/3352 4768/5756/3352
f 4768/5756/3351 4776/5765/3351 4777/5766/3351 4769/5757/3351
f 4769/5758/3358 4777/5767/3358 4778/5768/3358 4770/5759/3358
f 4770/5759/3357 4778/5768/3357 4779/5769/3357 4771/5760/3357
f 4771/5760/3356 4779/5769/3356 4780/5770/3356 4772/5761/3356
f 4772/5761/3355 4780/5770/3355 4773/5762/3355 4765/5753/3355
f 4773/5762/3362 4781/5771/3362 4782/5772/3362 4774/5763/3362
f 4774/5763/3361 4782/5772/3361 4783/5773/3361 4775/5764/3361
f 4775/5764/3360 4783/5773/3360 4784/5774/3360 4776/5765/3360
f 4776/5765/3359 4784/5774/3359 4785/5775/3359 4777/5766/3359
f 4777/5767/3366 4785/5776/3366 4786/5777/3366 4778/5768/3366
f 4778/5768/3365 4786/5777/3365 4787/5778/3365 4779/5769/3365
f 4779/5769/3364 4787/5778/3364 4788/5779/3364 4780/5770/3364
f 4780/5770/3363 4788/5779/3363 4781/5771/3363 4773/5762/3363
f 4781/5771/3370 4789/5780/3370 4790/5781/3370 4782/5772/3370
f 4782/5772/3369 4790/5781/3369 4791/5782/3369 4783/5773/3369
f 4783/5773/3368 4791/5782/3368 4792/5783/3368 4784/5774/3368
f 4784/5774/3367 4792/5783/3367 4793/5784/3367 4785/5775/3367
f 4785/5776/3374 4793/5785/3374 4794/5786/3374 4786/5777/3374
f 4786/5777/3373 4794/5786/3373 4795/5787/3373 4787/5778/3373
f 4787/5778/3372 4795/5787/3372 4796/5788/3372 4788/5779/3372
f 4788/5779/3371 4796/5788/3371 4789/5780/3371 4781/5771/3371
f 4789/5780/3378 4797/5789/3378 4798/5790/3378 4790/5781/3378
f 4790/5781/3377 4798/5790/3377 4799/5791/3377 4791/5782/3377
f 4791/5782/3376 4799/5791/3376 4800/5792/3376 4792/5783/3376
f 4792/5783/3375 4800/5792/3375 4801/5793/3375 4793/5784/3375
f 4793/5785/3382 4801/5794/3382 4802/5795/3382 4794/5786/3382
f 4794/5786/3381 4802/5795/3381 4803/5796/3381 4795/5787/3381
f 4795/5787/3380 4803/5796/3380 4804/5797/3380 4796/5788/3380
f 4796/5788/3379 4804/5797/3379 4797/5789/3379 4789/5780/3379
f 4797/5789/3386 4805/5798/3386 4806/5799/3386 4798/5790/3386
f 4798/5790/3385 4806/5799/3385 4807/5800/3385 4799/5791/3385
f 4799/5791/3384 4807/5800/3384 4808/5801/3384 4800/5792/3384
f 4800/5792/3383 4808/5801/3383 4809/5802/3383 4801/5793/3383
f 4801/5794/3390 4809/5803/3390 4810/5804/3390 4802/5795/3390
f 4802/5795/3389 4810/5804/3389 4811/5805/3389 4803/5796/3389
f 4803/5796/3388 4811/5805/3388 4812/5806/3388 4804/5797/3388
f 4804/5797/3387 4812/5806/3387 4805/5798/3387 4797/5789/3387
f 4805/5798/3394 4813/5807/3394 4814/5808/3394 4806/5799/3394
f 4806/5799/3393 4814/5808/3393 4815/5809/3393 4807/5800/3393
f 4807/5800/3392 4815/5809/3392 4816/5810/3392 4808/5801/3392
f 4808/5801/3391 4816/5810/3391 4817/5811/3391 4809/5802/3391
f 4809/5803/3398 4817/5812/3398 4818/5813/3398 4810/5804/3398
f 4810/5804/3397 4818/5813/3397 4819/5814/3397 4811/5805/3397
f 4811/5805/3396 4819/5814/3396 4820/5815/3396 4812/5806/3396
f 4812/5806/3395 4820/5815/3395 4813/5807/3395 4805/5798/3395
f 4813/5807/3402 4821/5816/3402 4822/5817/3402 4814/5808/3402
f 4814/5808/3401 4822/5817/3401 4823/5818/3401 4815/5809/3401
f 4815/5809/3400 4823/5818/3400 4824/5819/3400 4816/5810/3400
f 4816/5810/3399 4824/5819/3399 4825/5820/3399 4817/5811/3399
f 4817/5812/3406 4825/5821/3406 4826/5822/3406 4818/5813/3406
f 4818/5813/3405 4826/5822/3405 4827/5823/3405 4819/5814/3405
f 4819/5814/3404 4827/5823/3404 4828/5824/3404 4820/5815/3404
f 4820/5815/3403 4828/5824/3403 4821/5816/3403 4813/5807/3403
f 4821/5816/3410 4829/5825/3410 4830/5826/3410 4822/5817/3410
f 4822/5817/3409 4830/5826/3409 4831/5827/3409 4823/5818/3409
f 4823/5818/3408 4831/5827/3408 4832/5828/3408 4824/5819/3408
f 4824/5819/3407 4832/5828/3407 4833/5829/3407 4825/5820/3407
f 4825/5821/3414 4833/5830/3414 4834/5831/3414 4826/5822/3414
f 4826/5822/3413 4834/5831/3413 4835/5832/3413 4827/5823/3413
f 4827/5823/3412 4835/5832/3412 4836/5833/3412 4828/5824/3412
f 4828/5824/3411 4836/5833/3411 4829/5825/3411 4821/5816/3411
f 4829/5825/3418 4837/5834/3418 4838/5835/3418 4830/5826/3418
f 4830/5826/3417 4838/5835/3417 4839/5836/3417 4831/5827/3417
f 4831/5827/3416 4839/5836/3416 4840/5837/3416 4832/5828/3416
f 4832/5828/3415 4840/5837/3415 4841/5838/3415 4833/5829/3415
f 4833/5830/3422 4841/5839/3422 4842/5840/3422 4834/5831/3422
f 4834/5831/3421 4842/5840/3421 4843/5841/3421 4835/5832/3421
f 4835/5832/3420 4843/5841/3420 4844/5842/3420 4836/5833/3420
f 4836/5833/3419 4844/5842/3419 4837/5834/3419 4829/5825/3419
f 4837/5834/3426 4845/5843/3426 4846/5844/3426 4838/5835/3426
f 4838/5835/3425 4846/5844/3425 4847/5845/3425 4839/5836/3425
f 4839/5836/3424 4847/5845/3424 4848/5846/3424 4840/5837/3424
f 4840/5837/3423 4848/5846/3423 4849/5847/3423 4841/5838/3423
f 4841/5839/3430 4849/5848/3430 4850/5849/3430 4842/5840/3430
f 4842/5840/3429 4850/5849/3429 4851/5850/3429 4843/5841/3429
f 4843/5841/3428 4851/5850/3428 4852/5851/3428 4844/5842/3428
f 4844/5842/3427 4852/5851/3427 4845/5843/3427 4837/5834/3427
f 4845/5843/3434 4853/5852/3434 4854/5853/3434 4846/5844/3434
f 4846/5844/3433 4854/5853/3433 4855/5854/3433 4847/5845/3433
f 4847/5845/3432 4855/5854/3432 4856/5855/3432 4848/5846/3432
f 4848/5846/3431 4856/5855/3431 4857/5856/3431 4849/5847/3431
f 4849/5848/3438 4857/5857/3438 4858/5858/3438 4850/5849/3438
f 4850/5849/3437 4858/5858/3437 4859/5859/3437 4851/5850/3437
f 4851/5850/3436 4859/5859/3436 4860/5860/3436 4852/5851/3436
f 4852/5851/3435 4860/5860/3435 4853/5852/3435 4845/5843/3435
f 4853/5852/3442 4861/5861/3442 4862/5862/3442 4854/5853/3442
f 4854/5853/3441 4862/5862/3441 4863/5863/3441 4855/5854/3441
f 4855/5854/3440 4863/5863/3440 4864/5864/3440 4856/5855/3440
f 4856/5855/3439 4864/5864/3439 4865/5865/3439 4857/5856/3439
f 4857/5857/3446 4865/5866/3446 4866/5867/3446 4858/5858/3446
f 4858/5858/3445 4866/5867/3445 4867/5868/3445 4859/5859/3445
f 4859/5859/3444 4867/5868/3444 4868/5869/3444 4860/5860/3444
f 4860/5860/3443 4868/5869/3443 4861/5861/3443 4853/5852/3443
f 4861/5861/3450 4869/5870/3450 4870/5871/3450 4862/5862/3450
f 4862/5862/3589 4870/5871/3589 4871/5872/3589 4863/5863/3589
f 4863/5863/3448 4871/5872/3448 4872/5873/3448 4864/5864/3448
f 4864/5864/3447 4872/5873/3447 4873/5874/3447 4865/5865/3447
f 4865/5866/3454 4873/5875/3454 4874/5876/3454 4866/5867/3454
f 4866/5867/3453 4874/5876/3453 4875/5877/3453 4867/5868/3453
f 4867/5868/3590 4875/5877/3590 4876/5878/3590 4868/5869/3590
f 4868/5869/3451 4876/5878/3451 4869/5870/3451 4861/5861/3451
f 4869/5870/3458 4877/5879/3458 4878/5880/3458 4870/5871/3458
f 4870/5871/3457 4878/5880/3457 4879/5881/3457 4871/5872/3457
f 4871/5872/3456 4879/5881/3456 4880/5882/3456 4872/5873/3456
f 4872/5873/3455 4880/5882/3455 4881/5883/3455 4873/5874/3455
f 4873/5875/3462 4881/5884/3462 4882/5885/3462 4874/5876/3462
f 4874/5876/3461 4882/5885/3461 4883/5886/3461 4875/5877/3461
f 4875/5877/3460 4883/5886/3460 4884/5887/3460 4876/5878/3460
f 4876/5878/3459 4884/5887/3459 4877/5879/3459 4869/5870/3459
f 4877/5879/3466 4885/5888/3466 4886/5889/3466 4878/5880/3466
f 4878/5880/3465 4886/5889/3465 4887/5890/3465 4879/5881/3465
f 4879/5881/3464 4887/5890/3464 4888/5891/3464 4880/5882/3464
f 4880/5882/3463 4888/5891/3463 4889/5892/3463 4881/5883/3463
f 4881/5884/3470 4889/5893/3470 4890/5894/3470 4882/5885/3470
f 4882/5885/3469 4890/5894/3469 4891/5895/3469 4883/5886/3469
f 4883/5886/3468 4891/5895/3468 4892/5896/3468 4884/5887/3468
f 4884/5887/3467 4892/5896/3467 4885/5888/3467 4877/5879/3467
f 4885/5888/3474 4893/5897/3474 4894/5898/3474 4886/5889/3474
f 4886/5889/3473 4894/5898/3473 4895/5899/3473 4887/5890/3473
f 4887/5890/3472 4895/5899/3472 4896/5900/3472 4888/5891/3472
f 4888/5891/3471 4896/5900/3471 4897/5901/3471 4889/5892/3471
f 4889/5893/3478 4897/5902/3478 4898/5903/3478 4890/5894/3478
f 4890/5894/3477 4898/5903/3477 4899/5904/3477 4891/5895/3477
f 4891/5895/3476 4899/5904/3476 4900/5905/3476 4892/5896/3476
f 4892/5896/3475 4900/5905/3475 4893/5897/3475 4885/5888/3475
f 4893/5897/3482 4901/5906/3482 4902/5907/3482 4894/5898/3482
f 4894/5898/3481 4902/5907/3481 4903/5908/3481 4895/5899/3481
f 4895/5899/3480 4903/5908/3480 4904/5909/3480 4896/5900/3480
f 4896/5900/3479 4904/5909/3479 4905/5910/3479 4897/5901/3479
f 4897/5902/3486 4905/5911/3486 4906/5912/3486 4898/5903/3486
f 4898/5903/3485 4906/5912/3485 4907/5913/3485 4899/5904/3485
f 4899/5904/3484 4907/5913/3484 4908/5914/3484 4900/5905/3484
f 4900/5905/3483 4908/5914/3483 4901/5906/3483 4893/5897/3483
f 4901/5906/3490 4909/5915/3490 4910/5916/3490 4902/5907/3490
f 4902/5907/3489 4910/5916/3489 4911/5917/3489 4903/5908/3489
f 4903/5908/3488 4911/5917/3488 4912/5918/3488 4904/5909/3488
f 4904/5909/3487 4912/5918/3487 4913/5919/3487 4905/5910/3487
f 4905/5911/3494 4913/5920/3494 4914/5921/3494 4906/5912/3494
f 4906/5912/3493 4914/5921/3493 4915/5922/3493 4907/5913/3493
f 4907/5913/3492 4915/5922/3492 4916/5923/3492 4908/5914/3492
f 4908/5914/3491 4916/5923/3491 4909/5915/3491 4901/5906/3491
f 4909/5915/3498 4917/5924/3498 4918/5925/3498 4910/5916/3498
f 4910/5916/3497 4918/5925/3497 4919/5926/3497 4911/5917/3497
f 4911/5917/3496 4919/5926/3496 4920/5927/3496 4912/5918/3496
f 4912/5918/3495 4920/5927/3495 4921/5928/3495 4913/5919/3495
f 4913/5920/3502 4921/5929/3502 4922/5930/3502 4914/5921/3502
f 4914/5921/3501 4922/5930/3501 4923/5931/3501 4915/5922/3501
f 4915/5922/3500 4923/5931/3500 4924/5932/3500 4916/5923/3500
f 4916/5923/3499 4924/5932/3499 4917/5924/3499 4909/5915/3499
f 4917/5924/3506 4925/5933/3506 4926/5934/3506 4918/5925/3506
f 4918/5925/3505 4926/5934/3505 4927/5935/3505 4919/5926/3505
f 4919/5926/3504 4927/5935/3504 4928/5936/3504 4920/5927/3504
f 4920/5927/3503 4928/5936/3503 4929/5937/3503 4921/5928/3503
f 4921/5929/3510 4929/5938/3510 4930/5939/3510 4922/5930/3510
f 4922/5930/3509 4930/5939/3509 4931/5940/3509 4923/5931/3509
f 4923/5931/3508 4931/5940/3508 4932/5941/3508 4924/5932/3508
f 4924/5932/3507 4932/5941/3507 4925/5933/3507 4917/5924/3507
f 4925/5933/3514 4933/5942/3514 4934/5943/3514 4926/5934/3514
f 4926/5934/3513 4934/5943/3513 4935/5944/3513 4927/5935/3513
f 4927/5935/3512 4935/5944/3512 4936/5945/3512 4928/5936/3512
f 4928/5936/3511 4936/5945/3511 4937/5946/3511 4929/5937/3511
f 4929/5938/3518 4937/5947/3518 4938/5948/3518 4930/5939/3518
f 4930/5939/3517 4938/5948/3517 4939/5949/3517 4931/5940/3517
f 4931/5940/3516 4939/5949/3516 4940/5950/3516 4932/5941/3516
f 4932/5941/3515 4940/5950/3515 4933/5942/3515 4925/5933/3515
f 4933/5942/3522 4941/5951/3522 4942/5952/3522 4934/5943/3522
f 4934/5943/3591 4942/5952/3591 4943/5953/3591 4935/5944/3591
f 4935/5944/3520 4943/5953/3520 4944/5954/3520 4936/5945/3520
f 4936/5945/3519 4944/5954/3519 4945/5955/3519 4937/5946/3519
f 4937/5947/3526 4945/5956/3526 4946/5957/3526 4938/5948/3526
f 4938/5948/3525 4946/5957/3525 4947/5958/3525 4939/5949/3525
f 4939/5949/3592 4947/5958/3592 4948/5959/3592 4940/5950/3592
f 4940/5950/3523 4948/5959/3523 4941/5951/3523 4933/5942/3523
f 4941/5951/3530 4949/5960/3530 4950/5961/3530 4942/5952/3530
f 4942/5952/3529 4950/5961/3529 4951/5962/3529 4943/5953/3529
f 4943/5953/3528 4951/5962/3528 4952/5963/3528 4944/5954/3528
f 4944/5954/3527 4952/5963/3527 4953/5964/3527 4945/5955/3527
f 4945/5956/3534 4953/5965/3534 4954/5966/3534 4946/5957/3534
f 4946/5957/3533 4954/5966/3533 4955/5967/3533 4947/5958/3533
f 4947/5958/3532 4955/5967/3532 4956/5968/3532 4948/5959/3532
f 4948/5959/3531 4956/5968/3531 4949/5960/3531 4941/5951/3531
f 4949/5960/3538 4957/5969/3538 4958/5970/3538 4950/5961/3538
f 4950/5961/3537 4958/5970/3537 4959/5971/3537 4951/5962/3537
f 4951/5962/3536 4959/5971/3536 4960/5972/3536 4952/5963/3536
f 4952/5963/3535 4960/5972/3535 4961/5973/3535 4953/5964/3535
f 4953/5965/3542 4961/5974/3542 4962/5975/3542 4954/5966/3542
f 4954/5966/3541 4962/5975/3541 4963/5976/3541 4955/5967/3541
f 4955/5967/3540 4963/5976/3540 4964/5977/3540 4956/5968/3540
f 4956/5968/3539 4964/5977/3539 4957/5969/3539 4949/5960/3539
f 4957/5969/3546 4965/5978/3546 4966/5979/3546 4958/5970/3546
f 4958/5970/3545 4966/5979/3545 4967/5980/3545 4959/5971/3545
f 4959/5971/3544 4967/5980/3544 4968/5981/3544 4960/5972/3544
f 4960/5972/3543 4968/5981/3543 4969/5982/3543 4961/5973/3543
f 4961/5974/3550 4969/5983/3550 4970/5984/3550 4962/5975/3550
f 4962/5975/3549 4970/5984/3549 4971/5985/3549 4963/5976/3549
f 4963/5976/3548 4971/5985/3548 4972/5986/3548 4964/5977/3548
f 4964/5977/3547 4972/5986/3547 4965/5978/3547 4957/5969/3547
f 4965/5978/3554 4973/5987/3554 4974/5988/3554 4966/5979/3554
f 4966/5979/3553 4974/5988/3553 4975/5989/3553 4967/5980/3553
f 4967/5980/3552 4975/5989/3552 4976/5990/3552 4968/5981/3552
f 4968/5981/3551 4976/5990/3551 4977/5991/3551 4969/5982/3551
f 4969/5983/3558 4977/5992/3558 4978/5993/3558 4970/5984/3558
f 4970/5984/3557 4978/5993/3557 4979/5994/3557 4971/5985/3557
f 4971/5985/3556 4979/5994/3556 4980/5995/3556 4972/5986/3556
f 4972/5986/3555 4980/5995/3555 4973/5987/3555 4965/5978/3555
f 4973/5987/3562 4981/5996/3562 4982/5997/3562 4974/5988/3562
f 4974/5988/3561 4982/5997/3561 4983/5998/3561 4975/5989/3561
f 4975/5989/3560 4983/5998/3560 4984/5999/3560 4976/5990/3560
f 4976/5990/3559 4984/5999/3559 4985/6000/3559 4977/5991/3559
f 4977/5992/3566 4985/6001/3566 4986/6002/3566 4978/5993/3566
f 4978/5993/3565 4986/6002/3565 4987/6003/3565 4979/5994/3565
f 4979/5994/3564 4987/6003/3564 4988/6004/3564 4980/5995/3564
f 4980/5995/3563 4988/6004/3563 4981/5996/3563 4973/5987/3563
f 4981/5996/3570 4989/6005/3570 4990/6006/3570 4982/5997/3570
f 4982/5997/3569 4990/6006/3569 4991/6007/3569 4983/5998/3569
f 4983/5998/3568 4991/6007/3568 4992/6008/3568 4984/5999/3568
f 4984/5999/3567 4992/6008/3567 4993/6009/3567 4985/6000/3567
f 4985/6001/3574 4993/6010/3574 4994/6011/3574 4986/6002/3574
f 4986/6002/3573 4994/6011/3573 4995/6012/3573 4987/6003/3573
f 4987/6003/3572 4995/6012/3572 4996/6013/3572 4988/6004/3572
f 4988/6004/3571 4996/6013/3571 4989/6005/3571 4981/5996/3571
f 4989/6005/3578 4229/5141/3578 4230/5144/3578 4990/6006/3578
f 4990/6006/3577 4230/5144/3577 4231/5146/3577 4991/6007/3577
f 4991/6007/3576 4231/5146/3576 4232/5148/3576 4992/6008/3576
f 4992/6008/3575 4232/5148/3575 4233/5150/3575 4993/6009/3575
f 4993/6010/3582 4233/5151/3582 4234/5154/3582 4994/6011/3582
f 4994/6011/3581 4234/5154/3581 4235/5156/3581 4995/6012/3581
f 4995/6012/3580 4235/5156/3580 4236/5158/3580 4996/6013/3580
f 4996/6013/3579 4236/5158/3579 4229/5141/3579 4989/6005/3579
o DL_Fate_Ring_Vertical_Athwart
v 0.000000 2.920000 0.000000
v 0.091924 2.958076 0.000000
v 0.130000 3.050000 0.000000
v 0.091924 3.141923 0.000000
v 0.000000 3.180000 0.000000
v -0.091923 3.141923 0.000000
v -0.130000 3.050000 0.000000
v -0.091923 2.958076 0.000000
v 0.000000 2.931304 -0.345329
v 0.091924 2.969299 -0.342839
v 0.130000 3.061026 -0.336827
v 0.091924 3.152753 -0.330815
v 0.000000 3.190748 -0.328324
v -0.091923 3.152753 -0.330815
v -0.130000 3.061026 -0.336827
v -0.091923 2.969299 -0.342839
v 0.000000 2.965170 -0.689178
v 0.091924 3.002921 -0.684208
v 0.130000 3.094059 -0.672210
v 0.091924 3.185196 -0.660211
v 0.000000 3.222947 -0.655241
v -0.091923 3.185196 -0.660211
v -0.130000 3.094059 -0.672210
v -0.091923 3.002921 -0.684208
v 0.000000 3.021453 -1.030077
v 0.091924 3.058798 -1.022649
v 0.130000 3.148956 -1.004716
v 0.091924 3.239113 -0.986782
v 0.000000 3.276458 -0.979354
v -0.091924 3.239113 -0.986782
v -0.130000 3.148956 -1.004716
v -0.091923 3.058798 -1.022649
v 0.000000 3.099911 -1.366564
v 0.091924 3.136690 -1.356709
v 0.130000 3.225482 -1.332918
v 0.091924 3.314273 -1.309126
v 0.000000 3.351052 -1.299271
v -0.091924 3.314273 -1.309126
v -0.130000 3.225482 -1.332918
v -0.091923 3.136690 -1.356709
v 0.000000 3.200209 -1.697201
v 0.091924 3.236264 -1.684961
v 0.130000 3.323309 -1.655414
v 0.091924 3.410355 -1.625866
v 0.000000 3.446411 -1.613626
v -0.091924 3.410355 -1.625866
v -0.130000 3.323309 -1.655414
v -0.091924 3.236264 -1.684961
v 0.000000 3.321916 -2.020568
v 0.091924 3.357093 -2.005997
v 0.130000 3.442020 -1.970819
v 0.091924 3.526947 -1.935642
v 0.000000 3.562124 -1.921070
v -0.091924 3.526947 -1.935642
v -0.130000 3.442020 -1.970819
v -0.091924 3.357093 -2.005997
v 0.000000 3.464511 -2.335284
v 0.091924 3.498661 -2.318444
v 0.130000 3.581105 -2.277787
v 0.091924 3.663549 -2.237130
v 0.000000 3.697699 -2.220289
v -0.091924 3.663549 -2.237130
v -0.130000 3.581105 -2.277787
v -0.091924 3.498661 -2.318444
v 0.000000 3.627386 -2.640001
v 0.091924 3.660361 -2.620963
v 0.130000 3.739969 -2.575001
v 0.091924 3.819578 -2.529039
v 0.000000 3.852553 -2.510001
v -0.091924 3.819578 -2.529039
v -0.130000 3.739969 -2.575001
v -0.091924 3.660361 -2.620963
v 0.000000 3.809840 -2.933411
v 0.091924 3.841499 -2.912257
v 0.130000 3.917931 -2.861187
v 0.091924 3.994363 -2.810117
v 0.000000 4.026022 -2.788963
v -0.091924 3.994363 -2.810117
v -0.130000 3.917931 -2.861187
v -0.091924 3.841499 -2.912257
v 0.000000 4.011094 -3.214260
v 0.091924 4.041302 -3.191080
v 0.130000 4.114230 -3.135121
v 0.091924 4.187158 -3.079161
v 0.000000 4.217365 -3.055982
v -0.091924 4.187158 -3.079161
v -0.130000 4.114230 -3.135121
v -0.091924 4.041302 -3.191080
v 0.000000 4.230286 -3.481346
v 0.091924 4.258913 -3.456240
v 0.130000 4.328025 -3.395631
v 0.091924 4.397137 -3.335021
v 0.000000 4.425764 -3.309916
v -0.091924 4.397137 -3.335021
v -0.130000 4.328025 -3.395631
v -0.091924 4.258913 -3.456240
v 0.000000 4.466476 -3.733524
v 0.091924 4.493401 -3.706600
v 0.130000 4.558400 -3.641600
v 0.091924 4.623400 -3.576600
v 0.000000 4.650324 -3.549676
v -0.091924 4.623400 -3.576600
v -0.130000 4.558400 -3.641600
v -0.091924 4.493401 -3.706600
v 0.000000 4.718654 -3.969714
v 0.091924 4.743759 -3.941087
v 0.130000 4.804368 -3.871975
v 0.091924 4.864978 -3.802863
v 0.000000 4.890083 -3.774235
v -0.091924 4.864978 -3.802863
v -0.130000 4.804368 -3.871975
v -0.091924 4.743759 -3.941087
v 0.000000 4.985739 -4.188905
v 0.091924 5.008918 -4.158697
v 0.130000 5.064878 -4.085769
v 0.091924 5.120837 -4.012841
v 0.000000 5.144017 -3.982633
v -0.091924 5.120837 -4.012841
v -0.130000 5.064878 -4.085769
v -0.091924 5.008918 -4.158697
v 0.000000 5.266589 -4.390160
v 0.091924 5.287744 -4.358501
v 0.130000 5.338814 -4.282069
v 0.091924 5.389884 -4.205637
v 0.000000 5.411037 -4.173978
v -0.091924 5.389884 -4.205637
v -0.130000 5.338814 -4.282069
v -0.091924 5.287744 -4.358501
v 0.000000 5.560000 -4.572615
v 0.091924 5.579038 -4.539639
v 0.130000 5.625000 -4.460031
v 0.091924 5.670962 -4.380423
v 0.000000 5.690000 -4.347448
v -0.091924 5.670962 -4.380423
v -0.130000 5.625000 -4.460031
v -0.091924 5.579038 -4.539639
v 0.000000 5.864715 -4.735488
v 0.091924 5.881556 -4.701338
v 0.130000 5.922213 -4.618895
v 0.091924 5.962870 -4.536450
v 0.000000 5.979710 -4.502301
v -0.091924 5.962870 -4.536450
v -0.130000 5.922213 -4.618895
v -0.091924 5.881556 -4.701338
v 0.000000 6.179430 -4.878084
v 0.091924 6.194001 -4.842906
v 0.130000 6.229179 -4.757979
v 0.091924 6.264357 -4.673053
v 0.000000 6.278928 -4.637875
v -0.091924 6.264357 -4.673053
v -0.130000 6.229179 -4.757979
v -0.091924 6.194001 -4.842906
v 0.000000 6.502800 -4.999792
v 0.091924 6.515039 -4.963736
v 0.130000 6.544587 -4.876690
v 0.091924 6.574135 -4.789645
v 0.000000 6.586374 -4.753590
v -0.091924 6.574135 -4.789645
v -0.130000 6.544587 -4.876690
v -0.091924 6.515039 -4.963736
v 0.000000 6.833435 -5.100089
v 0.091924 6.843290 -5.063310
v 0.130000 6.867082 -4.974518
v 0.091924 6.890873 -4.885726
v 0.000000 6.900728 -4.848948
v -0.091924 6.890873 -4.885726
v -0.130000 6.867082 -4.974518
v -0.091924 6.843290 -5.063310
v 0.000000 7.169922 -5.178546
v 0.091924 7.177351 -5.141201
v 0.130000 7.195284 -5.051044
v 0.091924 7.213217 -4.960886
v 0.000000 7.220646 -4.923542
v -0.091924 7.213217 -4.960886
v -0.130000 7.195284 -5.051044
v -0.091924 7.177351 -5.141201
v 0.000000 7.510822 -5.234829
v 0.091924 7.515792 -5.197079
v 0.130000 7.527791 -5.105941
v 0.091924 7.539789 -5.014804
v 0.000000 7.544759 -4.977053
v -0.091924 7.539789 -5.014804
v -0.130000 7.527791 -5.105941
v -0.091924 7.515792 -5.197079
v 0.000000 7.854671 -5.268695
v 0.091924 7.857162 -5.230700
v 0.130000 7.863174 -5.138974
v 0.091924 7.869186 -5.047247
v 0.000000 7.871676 -5.009252
v -0.091924 7.869186 -5.047247
v -0.130000 7.863174 -5.138974
v -0.091924 7.857162 -5.230700
v 0.000000 8.200000 -5.280000
v 0.091924 8.200000 -5.241924
v 0.130000 8.200000 -5.150000
v 0.091924 8.200000 -5.058076
v 0.000000 8.200000 -5.020000
v -0.091924 8.200000 -5.058076
v -0.130000 8.200000 -5.150000
v -0.091924 8.200000 -5.241924
v -0.000000 8.545327 -5.268695
v 0.091924 8.542837 -5.230700
v 0.130000 8.536825 -5.138974
v 0.091924 8.530813 -5.047247
v -0.000000 8.528322 -5.009252
v -0.091924 8.530813 -5.047247
v -0.130000 8.536825 -5.138974
v -0.091924 8.542837 -5.230700
v -0.000000 8.889179 -5.234829
v 0.091924 8.884209 -5.197078
v 0.130000 8.872211 -5.105941
v 0.091924 8.860212 -5.014804
v -0.000000 8.855242 -4.977053
v -0.091924 8.860212 -5.014804
v -0.130000 8.872211 -5.105941
v -0.091924 8.884209 -5.197078
v -0.000000 9.230077 -5.178546
v 0.091924 9.222649 -5.141201
v 0.130000 9.204715 -5.051044
v 0.091924 9.186782 -4.960886
v -0.000000 9.179354 -4.923542
v -0.091924 9.186782 -4.960886
v -0.130000 9.204715 -5.051044
v -0.091924 9.222649 -5.141201
v -0.000000 9.566564 -5.100089
v 0.091924 9.556709 -5.063310
v 0.130000 9.532917 -4.974518
v 0.091924 9.509126 -4.885727
v -0.000000 9.499270 -4.848948
v -0.091924 9.509126 -4.885727
v -0.130000 9.532917 -4.974518
v -0.091924 9.556709 -5.063310
v -0.000000 9.897202 -4.999791
v 0.091924 9.884962 -4.963735
v 0.130000 9.855414 -4.876690
v 0.091924 9.825867 -4.789645
v -0.000000 9.813627 -4.753589
v -0.091924 9.825867 -4.789645
v -0.130000 9.855414 -4.876690
v -0.091924 9.884962 -4.963735
v -0.000000 10.220569 -4.878084
v 0.091924 10.205997 -4.842906
v 0.130000 10.170820 -4.757979
v 0.091924 10.135642 -4.673053
v -0.000000 10.121071 -4.637875
v -0.091924 10.135642 -4.673053
v -0.130000 10.170820 -4.757979
v -0.091924 10.205997 -4.842906
v -0.000000 10.535284 -4.735488
v 0.091924 10.518443 -4.701339
v 0.130000 10.477786 -4.618895
v 0.091924 10.437130 -4.536451
v -0.000000 10.420289 -4.502301
v -0.091924 10.437130 -4.536451
v -0.130000 10.477786 -4.618895
v -0.091924 10.518443 -4.701339
v -0.000000 10.839999 -4.572615
v 0.091924 10.820961 -4.539640
v 0.130000 10.775000 -4.460032
v 0.091924 10.729037 -4.380423
v -0.000000 10.709999 -4.347448
v -0.091924 10.729037 -4.380423
v -0.130000 10.775000 -4.460032
v -0.091924 10.820961 -4.539640
v -0.000000 11.133410 -4.390161
v 0.091924 11.112255 -4.358501
v 0.130000 11.061185 -4.282069
v 0.091924 11.010115 -4.205637
v -0.000000 10.988961 -4.173978
v -0.091924 11.010115 -4.205637
v -0.130000 11.061185 -4.282069
v -0.091924 11.112255 -4.358501
v -0.000000 11.414261 -4.188906
v 0.091924 11.391081 -4.158698
v 0.130000 11.335121 -4.085770
v 0.091924 11.279161 -4.012842
v -0.000000 11.255982 -3.982634
v -0.091924 11.279161 -4.012842
v -0.130000 11.335121 -4.085770
v -0.091924 11.391081 -4.158698
v -0.000000 11.681345 -3.969715
v 0.091924 11.656240 -3.941087
v 0.130000 11.595631 -3.871975
v 0.091924 11.535021 -3.802864
v -0.000000 11.509915 -3.774236
v -0.091924 11.535021 -3.802864
v -0.130000 11.595631 -3.871975
v -0.091924 11.656240 -3.941087
v -0.000000 11.933525 -3.733523
v 0.091924 11.906601 -3.706599
v 0.130000 11.841600 -3.641599
v 0.091924 11.776601 -3.576599
v -0.000000 11.749677 -3.549675
v -0.091924 11.776601 -3.576599
v -0.130000 11.841600 -3.641599
v -0.091924 11.906601 -3.706599
v -0.000000 12.169714 -3.481346
v 0.091924 12.141087 -3.456240
v 0.130000 12.071976 -3.395631
v 0.091924 12.002863 -3.335021
v -0.000000 11.974236 -3.309916
v -0.091924 12.002863 -3.335021
v -0.130000 12.071976 -3.395631
v -0.091924 12.141087 -3.456240
v -0.000000 12.388906 -3.214261
v 0.091924 12.358698 -3.191081
v 0.130000 12.285769 -3.135121
v 0.091924 12.212841 -3.079162
v -0.000000 12.182633 -3.055982
v -0.091924 12.212841 -3.079162
v -0.130000 12.285769 -3.135121
v -0.091924 12.358698 -3.191081
v -0.000000 12.590158 -2.933412
v 0.091924 12.558500 -2.912257
v 0.130000 12.482068 -2.861187
v 0.091924 12.405636 -2.810117
v -0.000000 12.373977 -2.788963
v -0.091924 12.405636 -2.810117
v -0.130000 12.482068 -2.861187
v -0.091924 12.558500 -2.912257
v -0.000000 12.772614 -2.640001
v 0.091924 12.739638 -2.620963
v 0.130000 12.660030 -2.575001
v 0.091924 12.580421 -2.529039
v -0.000000 12.547447 -2.510001
v -0.091924 12.580421 -2.529039
v -0.130000 12.660030 -2.575001
v -0.091924 12.739638 -2.620963
v -0.000000 12.935488 -2.335284
v 0.091924 12.901339 -2.318443
v 0.130000 12.818894 -2.277786
v 0.091924 12.736450 -2.237130
v -0.000000 12.702301 -2.220289
v -0.091924 12.736450 -2.237130
v -0.130000 12.818894 -2.277786
v -0.091924 12.901339 -2.318443
v -0.000000 13.078084 -2.020569
v 0.091924 13.042906 -2.005998
v 0.130000 12.957979 -1.970820
v 0.091924 12.873053 -1.935642
v -0.000000 12.837875 -1.921071
v -0.091924 12.873053 -1.935642
v -0.130000 12.957979 -1.970820
v -0.091924 13.042906 -2.005998
v -0.000000 13.199791 -1.697199
v 0.091924 13.163736 -1.684960
v 0.130000 13.076691 -1.655412
v 0.091924 12.989645 -1.625864
v -0.000000 12.953589 -1.613625
v -0.091924 12.989645 -1.625864
v -0.130000 13.076691 -1.655412
v -0.091924 13.163736 -1.684960
v -0.000000 13.300089 -1.366564
v 0.091923 13.263309 -1.356709
v 0.130000 13.174519 -1.332917
v 0.091924 13.085727 -1.309126
v -0.000000 13.048948 -1.299271
v -0.091924 13.085727 -1.309126
v -0.130000 13.174519 -1.332917
v -0.091924 13.263309 -1.356709
v -0.000000 13.378546 -1.030077
v 0.091923 13.341202 -1.022649
v 0.130000 13.251044 -1.004715
v 0.091924 13.160887 -0.986782
v -0.000000 13.123542 -0.979353
v -0.091924 13.160887 -0.986782
v -0.130000 13.251044 -1.004715
v -0.091924 13.341202 -1.022649
v -0.000000 13.434829 -0.689179
v 0.091923 13.397078 -0.684209
v 0.130000 13.305941 -0.672211
v 0.091923 13.214804 -0.660212
v -0.000000 13.177053 -0.655242
v -0.091924 13.214804 -0.660212
v -0.130000 13.305941 -0.672211
v -0.091924 13.397078 -0.684209
v -0.000000 13.468695 -0.345330
v 0.091923 13.430700 -0.342840
v 0.130000 13.338973 -0.336827
v 0.091923 13.247246 -0.330815
v -0.000000 13.209251 -0.328325
v -0.091924 13.247246 -0.330815
v -0.130000 13.338973 -0.336827
v -0.091924 13.430700 -0.342840
v -0.000000 13.480000 -0.000000
v 0.091923 13.441923 -0.000000
v 0.130000 13.350000 -0.000000
v 0.091923 13.258076 -0.000000
v -0.000000 13.219999 -0.000000
v -0.091924 13.258076 -0.000000
v -0.130000 13.350000 -0.000000
v -0.091924 13.441923 -0.000000
v -0.000000 13.468695 0.345327
v 0.091923 13.430700 0.342837
v 0.130000 13.338974 0.336825
v 0.091923 13.247247 0.330813
v -0.000000 13.209251 0.328323
v -0.091924 13.247247 0.330813
v -0.130000 13.338974 0.336825
v -0.091924 13.430700 0.342837
v -0.000000 13.434829 0.689179
v 0.091923 13.397078 0.684209
v 0.130000 13.305941 0.672211
v 0.091923 13.214804 0.660212
v -0.000000 13.177053 0.655242
v -0.091924 13.214804 0.660212
v -0.130000 13.305941 0.672211
v -0.091924 13.397078 0.684209
v -0.000000 13.378546 1.030077
v 0.091923 13.341202 1.022649
v 0.130000 13.251044 1.004715
v 0.091924 13.160887 0.986782
v -0.000000 13.123542 0.979353
v -0.091924 13.160887 0.986782
v -0.130000 13.251044 1.004715
v -0.091924 13.341202 1.022649
v -0.000000 13.300089 1.366564
v 0.091923 13.263309 1.356709
v 0.130000 13.174519 1.332917
v 0.091924 13.085727 1.309126
v -0.000000 13.048948 1.299271
v -0.091924 13.085727 1.309126
v -0.130000 13.174519 1.332917
v -0.091924 13.263309 1.356709
v -0.000000 13.199791 1.697199
v 0.091924 13.163736 1.684960
v 0.130000 13.076691 1.655412
v 0.091924 12.989645 1.625864
v -0.000000 12.953589 1.613625
v -0.091924 12.989645 1.625864
v -0.130000 13.076691 1.655412
v -0.091924 13.163736 1.684960
v -0.000000 13.078085 2.020567
v 0.091924 13.042907 2.005996
v 0.130000 12.957980 1.970818
v 0.091924 12.873055 1.935640
v -0.000000 12.837875 1.921069
v -0.091924 12.873055 1.935640
v -0.130000 12.957980 1.970818
v -0.091924 13.042907 2.005996
v -0.000000 12.935488 2.335284
v 0.091924 12.901339 2.318443
v 0.130000 12.818894 2.277786
v 0.091924 12.736450 2.237130
v -0.000000 12.702301 2.220289
v -0.091924 12.736450 2.237130
v -0.130000 12.818894 2.277786
v -0.091924 12.901339 2.318443
v -0.000000 12.772614 2.639999
v 0.091924 12.739639 2.620961
v 0.130000 12.660031 2.574999
v 0.091924 12.580423 2.529037
v -0.000000 12.547447 2.509999
v -0.091924 12.580423 2.529037
v -0.130000 12.660031 2.574999
v -0.091924 12.739639 2.620961
v -0.000000 12.590158 2.933412
v 0.091924 12.558500 2.912257
v 0.130000 12.482068 2.861187
v 0.091924 12.405636 2.810117
v -0.000000 12.373977 2.788963
v -0.091924 12.405636 2.810117
v -0.130000 12.482068 2.861187
v -0.091924 12.558500 2.912257
v -0.000000 12.388906 3.214261
v 0.091924 12.358698 3.191081
v 0.130000 12.285769 3.135121
v 0.091924 12.212841 3.079162
v -0.000000 12.182633 3.055982
v -0.091924 12.212841 3.079162
v -0.130000 12.285769 3.135121
v -0.091924 12.358698 3.191081
v -0.000000 12.169714 3.481346
v 0.091924 12.141087 3.456240
v 0.130000 12.071976 3.395631
v 0.091924 12.002863 3.335021
v -0.000000 11.974236 3.309916
v -0.091924 12.002863 3.335021
v -0.130000 12.071976 3.395631
v -0.091924 12.141087 3.456240
v -0.000000 11.933525 3.733523
v 0.091924 11.906601 3.706599
v 0.130000 11.841600 3.641599
v 0.091924 11.776601 3.576599
v -0.000000 11.749677 3.549675
v -0.091924 11.776601 3.576599
v -0.130000 11.841600 3.641599
v -0.091924 11.906601 3.706599
v -0.000000 11.681347 3.969713
v 0.091924 11.656242 3.941086
v 0.130000 11.595633 3.871974
v 0.091924 11.535023 3.802862
v -0.000000 11.509917 3.774235
v -0.091924 11.535023 3.802862
v -0.130000 11.595633 3.871974
v -0.091924 11.656242 3.941086
v -0.000000 11.414263 4.188904
v 0.091924 11.391083 4.158696
v 0.130000 11.335123 4.085768
v 0.091924 11.279163 4.012840
v -0.000000 11.255984 3.982632
v -0.091924 11.279163 4.012840
v -0.130000 11.335123 4.085768
v -0.091924 11.391083 4.158696
v -0.000000 11.133413 4.390158
v 0.091924 11.112260 4.358499
v 0.130000 11.061190 4.282067
v 0.091924 11.010119 4.205635
v -0.000000 10.988965 4.173975
v -0.091924 11.010119 4.205635
v -0.130000 11.061190 4.282067
v -0.091924 11.112260 4.358499
v -0.000000 10.839999 4.572615
v 0.091924 10.820961 4.539640
v 0.130000 10.775000 4.460032
v 0.091924 10.729037 4.380423
v -0.000000 10.709999 4.347448
v -0.091924 10.729037 4.380423
v -0.130000 10.775000 4.460032
v -0.091924 10.820961 4.539640
v -0.000000 10.535284 4.735488
v 0.091924 10.518443 4.701339
v 0.130000 10.477786 4.618895
v 0.091924 10.437130 4.536451
v -0.000000 10.420289 4.502301
v -0.091924 10.437130 4.536451
v -0.130000 10.477786 4.618895
v -0.091924 10.518443 4.701339
v -0.000000 10.220569 4.878084
v 0.091924 10.205997 4.842906
v 0.130000 10.170820 4.757979
v 0.091924 10.135642 4.673053
v -0.000000 10.121071 4.637875
v -0.091924 10.135642 4.673053
v -0.130000 10.170820 4.757979
v -0.091924 10.205997 4.842906
v -0.000000 9.897202 4.999791
v 0.091924 9.884962 4.963735
v 0.130000 9.855414 4.876690
v 0.091924 9.825867 4.789645
v -0.000000 9.813627 4.753589
v -0.091924 9.825867 4.789645
v -0.130000 9.855414 4.876690
v -0.091924 9.884962 4.963735
v -0.000000 9.566566 5.100088
v 0.091924 9.556711 5.063309
v 0.130000 9.532920 4.974518
v 0.091924 9.509128 4.885726
v -0.000000 9.499273 4.848947
v -0.091924 9.509128 4.885726
v -0.130000 9.532920 4.974518
v -0.091924 9.556711 5.063309
v -0.000000 9.230080 5.178546
v 0.091924 9.222651 5.141201
v 0.130000 9.204718 5.051044
v 0.091924 9.186784 4.960886
v -0.000000 9.179356 4.923542
v -0.091924 9.186784 4.960886
v -0.130000 9.204718 5.051044
v -0.091924 9.222651 5.141201
v -0.000000 8.889181 5.234828
v 0.091924 8.884212 5.197078
v 0.130000 8.872212 5.105941
v 0.091924 8.860214 5.014803
v -0.000000 8.855245 4.977053
v -0.091924 8.860214 5.014803
v -0.130000 8.872212 5.105941
v -0.091924 8.884212 5.197078
v -0.000000 8.545327 5.268695
v 0.091924 8.542837 5.230700
v 0.130000 8.536825 5.138974
v 0.091924 8.530813 5.047247
v -0.000000 8.528322 5.009252
v -0.091924 8.530813 5.047247
v -0.130000 8.536825 5.138974
v -0.091924 8.542837 5.230700
v 0.000000 8.200000 5.280000
v 0.091924 8.200000 5.241924
v 0.130000 8.200000 5.150000
v 0.091924 8.200000 5.058076
v 0.000000 8.200000 5.020000
v -0.091924 8.200000 5.058076
v -0.130000 8.200000 5.150000
v -0.091924 8.200000 5.241924
v 0.000000 7.854671 5.268695
v 0.091924 7.857162 5.230700
v 0.130000 7.863174 5.138974
v 0.091924 7.869186 5.047247
v 0.000000 7.871676 5.009252
v -0.091924 7.869186 5.047247
v -0.130000 7.863174 5.138974
v -0.091924 7.857162 5.230700
v 0.000000 7.510822 5.234829
v 0.091924 7.515792 5.197079
v 0.130000 7.527791 5.105941
v 0.091924 7.539789 5.014804
v 0.000000 7.544759 4.977053
v -0.091924 7.539789 5.014804
v -0.130000 7.527791 5.105941
v -0.091924 7.515792 5.197079
v 0.000000 7.169925 5.178547
v 0.091924 7.177353 5.141202
v 0.130000 7.195286 5.051045
v 0.091924 7.213220 4.960887
v 0.000000 7.220648 4.923542
v -0.091924 7.213220 4.960887
v -0.130000 7.195286 5.051045
v -0.091924 7.177353 5.141202
v 0.000000 6.833437 5.100089
v 0.091924 6.843292 5.063310
v 0.130000 6.867084 4.974519
v 0.091924 6.890876 4.885727
v 0.000000 6.900731 4.848948
v -0.091924 6.890876 4.885727
v -0.130000 6.867084 4.974519
v -0.091924 6.843292 5.063310
v 0.000000 6.502802 4.999792
v 0.091924 6.515041 4.963737
v 0.130000 6.544590 4.876691
v 0.091924 6.574137 4.789646
v 0.000000 6.586377 4.753590
v -0.091924 6.574137 4.789646
v -0.130000 6.544590 4.876691
v -0.091924 6.515041 4.963737
v 0.000000 6.179430 4.878084
v 0.091924 6.194001 4.842906
v 0.130000 6.229179 4.757979
v 0.091924 6.264357 4.673053
v 0.000000 6.278928 4.637875
v -0.091924 6.264357 4.673053
v -0.130000 6.229179 4.757979
v -0.091924 6.194001 4.842906
v 0.000000 5.864715 4.735488
v 0.091924 5.881556 4.701338
v 0.130000 5.922213 4.618895
v 0.091924 5.962870 4.536450
v 0.000000 5.979710 4.502301
v -0.091924 5.962870 4.536450
v -0.130000 5.922213 4.618895
v -0.091924 5.881556 4.701338
v 0.000000 5.560000 4.572615
v 0.091924 5.579038 4.539639
v 0.130000 5.625000 4.460031
v 0.091924 5.670962 4.380423
v 0.000000 5.690000 4.347448
v -0.091924 5.670962 4.380423
v -0.130000 5.625000 4.460031
v -0.091924 5.579038 4.539639
v 0.000000 5.266589 4.390160
v 0.091924 5.287744 4.358501
v 0.130000 5.338814 4.282069
v 0.091924 5.389884 4.205637
v 0.000000 5.411037 4.173978
v -0.091924 5.389884 4.205637
v -0.130000 5.338814 4.282069
v -0.091924 5.287744 4.358501
v 0.000000 4.985741 4.188907
v 0.091924 5.008920 4.158699
v 0.130000 5.064879 4.085771
v 0.091924 5.120839 4.012843
v 0.000000 5.144019 3.982635
v -0.091924 5.120839 4.012843
v -0.130000 5.064879 4.085771
v -0.091924 5.008920 4.158699
v 0.000000 4.718656 3.969716
v 0.091924 4.743761 3.941089
v 0.130000 4.804370 3.871977
v 0.091924 4.864980 3.802865
v 0.000000 4.890085 3.774237
v -0.091924 4.864980 3.802865
v -0.130000 4.804370 3.871977
v -0.091924 4.743761 3.941089
v 0.000000 4.466478 3.733526
v 0.091924 4.493402 3.706602
v 0.130000 4.558402 3.641602
v 0.091924 4.623402 3.576602
v 0.000000 4.650326 3.549678
v -0.091924 4.623402 3.576602
v -0.130000 4.558402 3.641602
v -0.091924 4.493402 3.706602
v 0.000000 4.230285 3.481345
v 0.091924 4.258912 3.456239
v 0.130000 4.328024 3.395630
v 0.091924 4.397136 3.335021
v 0.000000 4.425763 3.309915
v -0.091924 4.397136 3.335021
v -0.130000 4.328024 3.395630
v -0.091924 4.258912 3.456239
v 0.000000 4.011094 3.214260
v 0.091924 4.041302 3.191080
v 0.130000 4.114230 3.135121
v 0.091924 4.187158 3.079161
v 0.000000 4.217365 3.055982
v -0.091924 4.187158 3.079161
v -0.130000 4.114230 3.135121
v -0.091924 4.041302 3.191080
v 0.000000 3.809840 2.933411
v 0.091924 3.841499 2.912257
v 0.130000 3.917931 2.861187
v 0.091924 3.994363 2.810117
v 0.000000 4.026022 2.788963
v -0.091924 3.994363 2.810117
v -0.130000 3.917931 2.861187
v -0.091924 3.841499 2.912257
v 0.000000 3.627386 2.640001
v 0.091924 3.660361 2.620963
v 0.130000 3.739969 2.575001
v 0.091924 3.819578 2.529039
v 0.000000 3.852553 2.510001
v -0.091924 3.819578 2.529039
v -0.130000 3.739969 2.575001
v -0.091924 3.660361 2.620963
v 0.000000 3.464512 2.335286
v 0.091924 3.498662 2.318445
v 0.130000 3.581106 2.277788
v 0.091924 3.663549 2.237131
v 0.000000 3.697699 2.220290
v -0.091924 3.663549 2.237131
v -0.130000 3.581106 2.277788
v -0.091924 3.498662 2.318445
v 0.000000 3.321917 2.020571
v 0.091924 3.357094 2.005999
v 0.130000 3.442021 1.970822
v 0.091924 3.526947 1.935644
v 0.000000 3.562125 1.921073
v -0.091924 3.526947 1.935644
v -0.130000 3.442021 1.970822
v -0.091924 3.357094 2.005999
v 0.000000 3.200210 1.697203
v 0.091924 3.236265 1.684964
v 0.130000 3.323310 1.655416
v 0.091924 3.410356 1.625868
v 0.000000 3.446412 1.613629
v -0.091924 3.410356 1.625868
v -0.130000 3.323310 1.655416
v -0.091924 3.236265 1.684964
v 0.000000 3.099911 1.366563
v 0.091924 3.136690 1.356708
v 0.130000 3.225482 1.332917
v 0.091924 3.314273 1.309125
v 0.000000 3.351052 1.299270
v -0.091924 3.314273 1.309125
v -0.130000 3.225482 1.332917
v -0.091923 3.136690 1.356708
v 0.000000 3.021453 1.030076
v 0.091924 3.058798 1.022648
v 0.130000 3.148955 1.004714
v 0.091924 3.239113 0.986781
v 0.000000 3.276458 0.979353
v -0.091924 3.239113 0.986781
v -0.130000 3.148955 1.004714
v -0.091923 3.058798 1.022648
v 0.000000 2.965170 0.689178
v 0.091924 3.002921 0.684208
v 0.130000 3.094059 0.672210
v 0.091924 3.185196 0.660211
v 0.000000 3.222947 0.655241
v -0.091923 3.185196 0.660211
v -0.130000 3.094059 0.672210
v -0.091923 3.002921 0.684208
v 0.000000 2.931304 0.345329
v 0.091924 2.969299 0.342839
v 0.130000 3.061026 0.336827
v 0.091924 3.152753 0.330815
v 0.000000 3.190748 0.328324
v -0.091923 3.152753 0.330815
v -0.130000 3.061026 0.336827
v -0.091923 2.969299 0.342839
vn 0.3825 -0.9235 -0.0302
vn 0.9238 -0.3827 -0.0125
vn 0.9238 0.3827 0.0125
vn 0.3825 0.9235 0.0302
vn -0.3825 0.9235 0.0302
vn -0.9238 0.3827 0.0125
vn -0.9238 -0.3827 -0.0125
vn -0.3825 -0.9235 -0.0302
vn 0.3825 -0.9195 -0.0906
vn 0.9238 -0.3810 -0.0375
vn 0.9238 0.3810 0.0375
vn 0.3825 0.9195 0.0906
vn -0.3825 0.9195 0.0906
vn -0.9238 0.3810 0.0375
vn -0.9238 -0.3810 -0.0375
vn -0.3825 -0.9195 -0.0906
vn 0.3825 -0.9116 -0.1505
vn 0.9238 -0.3777 -0.0624
vn 0.9238 0.3777 0.0624
vn 0.3825 0.9116 0.1505
vn -0.3825 0.9116 0.1505
vn -0.9238 0.3777 0.0624
vn -0.9238 -0.3777 -0.0624
vn -0.3825 -0.9116 -0.1505
vn 0.3825 -0.8998 -0.2098
vn 0.9238 -0.3729 -0.0869
vn 0.9238 0.3729 0.0869
vn 0.3825 0.8998 0.2098
vn -0.3825 0.8998 0.2098
vn -0.9238 0.3729 0.0869
vn -0.9238 -0.3729 -0.0869
vn -0.3825 -0.8998 -0.2098
vn 0.3825 -0.8842 -0.2682
vn 0.9238 -0.3664 -0.1111
vn 0.9238 0.3664 0.1111
vn 0.3825 0.8842 0.2682
vn -0.3825 0.8842 0.2682
vn -0.9238 0.3664 0.1111
vn -0.9238 -0.3664 -0.1111
vn -0.3825 -0.8842 -0.2682
vn 0.3825 -0.8647 -0.3255
vn 0.9238 -0.3583 -0.1349
vn 0.9238 0.3583 0.1349
vn 0.3825 0.8647 0.3255
vn -0.3825 0.8647 0.3255
vn -0.9238 0.3583 0.1349
vn -0.9238 -0.3583 -0.1349
vn -0.3825 -0.8647 -0.3255
vn 0.3825 -0.8416 -0.3813
vn 0.9238 -0.3487 -0.1580
vn 0.9238 0.3487 0.1580
vn 0.3825 0.8416 0.3813
vn -0.3825 0.8416 0.3813
vn -0.9238 0.3487 0.1580
vn -0.9238 -0.3487 -0.1580
vn -0.3825 -0.8416 -0.3813
vn 0.3825 -0.8149 -0.4355
vn 0.9238 -0.3377 -0.1805
vn 0.9238 0.3377 0.1805
vn 0.3825 0.8149 0.4355
vn -0.3825 0.8149 0.4355
vn -0.9238 0.3377 0.1805
vn -0.9238 -0.3377 -0.1805
vn -0.3825 -0.8149 -0.4355
vn 0.3825 -0.7846 -0.4879
vn 0.9238 -0.3251 -0.2022
vn 0.9238 0.3251 0.2022
vn 0.3825 0.7846 0.4879
vn -0.3825 0.7846 0.4879
vn -0.9238 0.3251 0.2022
vn -0.9238 -0.3251 -0.2022
vn -0.3825 -0.7846 -0.4879
vn 0.3825 -0.7510 -0.5382
vn 0.9238 -0.3112 -0.2230
vn 0.9238 0.3112 0.2230
vn 0.3825 0.7510 0.5382
vn -0.3825 0.7510 0.5382
vn -0.9238 0.3112 0.2230
vn -0.9238 -0.3112 -0.2230
vn -0.3825 -0.7510 -0.5382
vn 0.3825 -0.7142 -0.5861
vn 0.9238 -0.2960 -0.2429
vn 0.9238 0.2960 0.2429
vn 0.3825 0.7142 0.5861
vn -0.3825 0.7142 0.5861
vn -0.9238 0.2960 0.2429
vn -0.9238 -0.2960 -0.2429
vn -0.3825 -0.7142 -0.5861
vn 0.3825 -0.6744 -0.6316
vn 0.9238 -0.2794 -0.2617
vn 0.9238 0.2794 0.2617
vn 0.3825 0.6744 0.6316
vn -0.3825 0.6744 0.6316
vn -0.9238 0.2794 0.2617
vn -0.9238 -0.2794 -0.2617
vn -0.3825 -0.6744 -0.6316
vn 0.3825 -0.6316 -0.6744
vn 0.9238 -0.2617 -0.2794
vn 0.9238 0.2617 0.2794
vn 0.3825 0.6316 0.6744
vn -0.3825 0.6316 0.6744
vn -0.9238 0.2617 0.2794
vn -0.9238 -0.2617 -0.2794
vn -0.3825 -0.6316 -0.6744
vn 0.3825 -0.5861 -0.7142
vn 0.9238 -0.2429 -0.2960
vn 0.9238 0.2429 0.2960
vn 0.3825 0.5861 0.7142
vn -0.3825 0.5861 0.7142
vn -0.9238 0.2429 0.2960
vn -0.9238 -0.2429 -0.2960
vn -0.3825 -0.5861 -0.7142
vn 0.3825 -0.5382 -0.7510
vn 0.9238 -0.2230 -0.3112
vn 0.9238 0.2230 0.3112
vn 0.3825 0.5382 0.7510
vn -0.3825 0.5382 0.7510
vn -0.9238 0.2230 0.3112
vn -0.9238 -0.2230 -0.3112
vn -0.3825 -0.5382 -0.7510
vn 0.3825 -0.4879 -0.7846
vn 0.9238 -0.2022 -0.3251
vn 0.9238 0.2022 0.3251
vn 0.3825 0.4879 0.7846
vn -0.3825 0.4879 0.7846
vn -0.9238 0.2022 0.3251
vn -0.9238 -0.2022 -0.3251
vn -0.3825 -0.4879 -0.7846
vn 0.3825 -0.4355 -0.8149
vn 0.9238 -0.1805 -0.3377
vn 0.9238 0.1805 0.3377
vn 0.3825 0.4355 0.8149
vn -0.3825 0.4355 0.8149
vn -0.9238 0.1805 0.3377
vn -0.9238 -0.1805 -0.3377
vn -0.3825 -0.4355 -0.8149
vn 0.3825 -0.3813 -0.8416
vn 0.9238 -0.1580 -0.3487
vn 0.9238 0.1580 0.3487
vn 0.3825 0.3813 0.8416
vn -0.3825 0.3813 0.8416
vn -0.9238 0.1580 0.3487
vn -0.9238 -0.1580 -0.3487
vn -0.3825 -0.3813 -0.8416
vn 0.3825 -0.3255 -0.8647
vn 0.9238 -0.1349 -0.3583
vn 0.9238 0.1349 0.3583
vn 0.3825 0.3255 0.8647
vn -0.3825 0.3255 0.8647
vn -0.9238 0.1349 0.3583
vn -0.9238 -0.1349 -0.3583
vn -0.3825 -0.3255 -0.8647
vn 0.3825 -0.2682 -0.8842
vn 0.9238 -0.1111 -0.3664
vn 0.9238 0.1111 0.3664
vn 0.3825 0.2682 0.8842
vn -0.3825 0.2682 0.8842
vn -0.9238 0.1111 0.3664
vn -0.9238 -0.1111 -0.3664
vn -0.3825 -0.2682 -0.8842
vn 0.3825 -0.2098 -0.8998
vn 0.9238 -0.0869 -0.3729
vn 0.9238 0.0869 0.3729
vn 0.3825 0.2098 0.8998
vn -0.3825 0.2098 0.8998
vn -0.9238 0.0869 0.3729
vn -0.9238 -0.0869 -0.3729
vn -0.3825 -0.2098 -0.8998
vn 0.3825 -0.1505 -0.9116
vn 0.9238 -0.0624 -0.3777
vn 0.9238 0.0624 0.3777
vn 0.3825 0.1505 0.9116
vn -0.3825 0.1505 0.9116
vn -0.9238 0.0624 0.3777
vn -0.9238 -0.0624 -0.3777
vn -0.3825 -0.1505 -0.9116
vn 0.3825 -0.0906 -0.9195
vn 0.9238 -0.0375 -0.3810
vn 0.9238 0.0375 0.3810
vn 0.3825 0.0906 0.9195
vn -0.3825 0.0906 0.9195
vn -0.9238 0.0375 0.3810
vn -0.9238 -0.0375 -0.3810
vn -0.3825 -0.0906 -0.9195
vn 0.3825 -0.0302 -0.9235
vn 0.9238 -0.0125 -0.3827
vn 0.9238 0.0125 0.3827
vn 0.3825 0.0302 0.9235
vn -0.3825 0.0302 0.9235
vn -0.9238 0.0125 0.3827
vn -0.9238 -0.0125 -0.3827
vn -0.3825 -0.0302 -0.9235
vn 0.3825 0.0302 -0.9235
vn 0.9238 0.0125 -0.3827
vn 0.9238 -0.0125 0.3827
vn 0.3825 -0.0302 0.9235
vn -0.3825 -0.0302 0.9235
vn -0.9238 -0.0125 0.3827
vn -0.9238 0.0125 -0.3827
vn -0.3825 0.0302 -0.9235
vn 0.3825 0.0906 -0.9195
vn 0.9238 0.0375 -0.3810
vn 0.9238 -0.0375 0.3810
vn 0.3825 -0.0906 0.9195
vn -0.3825 -0.0906 0.9195
vn -0.9238 -0.0375 0.3810
vn -0.9238 0.0375 -0.3810
vn -0.3825 0.0906 -0.9195
vn 0.3825 0.1505 -0.9116
vn 0.9238 0.0624 -0.3777
vn 0.9238 -0.0624 0.3777
vn 0.3825 -0.1505 0.9116
vn -0.3825 -0.1505 0.9116
vn -0.9238 -0.0624 0.3777
vn -0.9238 0.0624 -0.3777
vn -0.3825 0.1505 -0.9116
vn 0.3825 0.2098 -0.8998
vn 0.9238 0.0869 -0.3729
vn 0.9238 -0.0869 0.3729
vn 0.3825 -0.2098 0.8998
vn -0.3825 -0.2098 0.8998
vn -0.9238 -0.0869 0.3729
vn -0.9238 0.0869 -0.3729
vn -0.3825 0.2098 -0.8998
vn 0.3825 0.2682 -0.8842
vn 0.9238 0.1111 -0.3664
vn 0.9238 -0.1111 0.3664
vn 0.3825 -0.2682 0.8842
vn -0.3825 -0.2682 0.8842
vn -0.9238 -0.1111 0.3664
vn -0.9238 0.1111 -0.3664
vn -0.3825 0.2682 -0.8842
vn 0.3825 0.3255 -0.8647
vn 0.9238 0.1349 -0.3583
vn 0.9238 -0.1349 0.3583
vn 0.3825 -0.3255 0.8647
vn -0.3825 -0.3255 0.8647
vn -0.9238 -0.1349 0.3583
vn -0.9238 0.1349 -0.3583
vn -0.3825 0.3255 -0.8647
vn 0.3825 0.3813 -0.8416
vn 0.9238 0.1580 -0.3487
vn 0.9238 -0.1580 0.3487
vn 0.3825 -0.3813 0.8416
vn -0.3825 -0.3813 0.8416
vn -0.9238 -0.1580 0.3487
vn -0.9238 0.1580 -0.3487
vn -0.3825 0.3813 -0.8416
vn 0.3825 0.4355 -0.8149
vn 0.9238 0.1805 -0.3377
vn 0.9238 -0.1805 0.3377
vn 0.3825 -0.4355 0.8149
vn -0.3825 -0.4355 0.8149
vn -0.9238 -0.1805 0.3377
vn -0.9238 0.1805 -0.3377
vn -0.3825 0.4355 -0.8149
vn 0.3825 0.4879 -0.7846
vn 0.9238 0.2022 -0.3251
vn 0.9238 -0.2022 0.3251
vn 0.3825 -0.4879 0.7846
vn -0.3825 -0.4879 0.7846
vn -0.9238 -0.2022 0.3251
vn -0.9238 0.2022 -0.3251
vn -0.3825 0.4879 -0.7846
vn 0.3825 0.5382 -0.7510
vn 0.9238 0.2230 -0.3112
vn 0.9238 -0.2230 0.3112
vn 0.3825 -0.5382 0.7510
vn -0.3825 -0.5382 0.7510
vn -0.9238 -0.2230 0.3112
vn -0.9238 0.2230 -0.3112
vn -0.3825 0.5382 -0.7510
vn 0.3825 0.5861 -0.7142
vn 0.9238 0.2429 -0.2960
vn 0.9238 -0.2429 0.2960
vn 0.3825 -0.5861 0.7142
vn -0.3825 -0.5861 0.7142
vn -0.9238 -0.2429 0.2960
vn -0.9238 0.2429 -0.2960
vn -0.3825 0.5861 -0.7142
vn 0.3825 0.6316 -0.6744
vn 0.9238 0.2617 -0.2794
vn 0.9238 -0.2617 0.2794
vn 0.3825 -0.6316 0.6744
vn -0.3825 -0.6316 0.6744
vn -0.9238 -0.2617 0.2794
vn -0.9238 0.2617 -0.2794
vn -0.3825 0.6316 -0.6744
vn 0.3825 0.6744 -0.6316
vn 0.9238 0.2794 -0.2617
vn 0.9238 -0.2794 0.2617
vn 0.3825 -0.6744 0.6316
vn -0.3825 -0.6744 0.6316
vn -0.9238 -0.2794 0.2617
vn -0.9238 0.2794 -0.2617
vn -0.3825 0.6744 -0.6316
vn 0.3825 0.7142 -0.5861
vn 0.9238 0.2960 -0.2429
vn 0.9238 -0.2960 0.2429
vn 0.3825 -0.7142 0.5861
vn -0.3825 -0.7142 0.5861
vn -0.9238 -0.2960 0.2429
vn -0.9238 0.2960 -0.2429
vn -0.3825 0.7142 -0.5861
vn 0.3825 0.7510 -0.5382
vn 0.9238 0.3112 -0.2230
vn 0.9238 -0.3112 0.2230
vn 0.3825 -0.7510 0.5382
vn -0.3825 -0.7510 0.5382
vn -0.9238 -0.3112 0.2230
vn -0.9238 0.3112 -0.2230
vn -0.3825 0.7510 -0.5382
vn 0.3825 0.7846 -0.4879
vn 0.9238 0.3251 -0.2022
vn 0.9238 -0.3251 0.2022
vn 0.3825 -0.7846 0.4879
vn -0.3825 -0.7846 0.4879
vn -0.9238 -0.3251 0.2022
vn -0.9238 0.3251 -0.2022
vn -0.3825 0.7846 -0.4879
vn 0.3825 0.8149 -0.4355
vn 0.9238 0.3377 -0.1805
vn 0.9238 -0.3377 0.1805
vn 0.3825 -0.8149 0.4355
vn -0.3825 -0.8149 0.4355
vn -0.9238 -0.3377 0.1805
vn -0.9238 0.3377 -0.1805
vn -0.3825 0.8149 -0.4355
vn 0.3825 0.8416 -0.3813
vn 0.9238 0.3487 -0.1580
vn 0.9238 -0.3487 0.1580
vn 0.3825 -0.8416 0.3813
vn -0.3825 -0.8416 0.3813
vn -0.9238 -0.3487 0.1580
vn -0.9238 0.3487 -0.1580
vn -0.3825 0.8416 -0.3813
vn 0.3825 0.8647 -0.3255
vn 0.9238 0.3583 -0.1349
vn 0.9238 -0.3583 0.1349
vn 0.3825 -0.8647 0.3255
vn -0.3825 -0.8647 0.3255
vn -0.9238 -0.3583 0.1349
vn -0.9238 0.3583 -0.1349
vn -0.3825 0.8647 -0.3255
vn 0.3825 0.8842 -0.2682
vn 0.9238 0.3664 -0.1111
vn 0.9238 -0.3664 0.1111
vn 0.3825 -0.8842 0.2682
vn -0.3825 -0.8842 0.2682
vn -0.9238 -0.3664 0.1111
vn -0.9238 0.3664 -0.1111
vn -0.3825 0.8842 -0.2682
vn 0.3825 0.8998 -0.2098
vn 0.9238 0.3729 -0.0869
vn 0.9238 -0.3729 0.0869
vn 0.3825 -0.8998 0.2098
vn -0.3825 -0.8998 0.2098
vn -0.9238 -0.3729 0.0869
vn -0.9238 0.3729 -0.0869
vn -0.3825 0.8998 -0.2098
vn 0.3825 0.9116 -0.1505
vn 0.9238 0.3777 -0.0624
vn 0.9238 -0.3777 0.0624
vn 0.3825 -0.9116 0.1505
vn -0.3825 -0.9116 0.1505
vn -0.9238 -0.3777 0.0624
vn -0.9238 0.3777 -0.0624
vn -0.3825 0.9116 -0.1505
vn 0.3825 0.9195 -0.0906
vn 0.9238 0.3810 -0.0375
vn 0.9238 -0.3810 0.0375
vn 0.3825 -0.9195 0.0906
vn -0.3825 -0.9195 0.0906
vn -0.9238 -0.3810 0.0375
vn -0.9238 0.3810 -0.0375
vn -0.3825 0.9195 -0.0906
vn 0.3825 0.9235 -0.0302
vn 0.9238 0.3827 -0.0125
vn 0.9238 -0.3827 0.0125
vn 0.3825 -0.9235 0.0302
vn -0.3825 -0.9235 0.0302
vn -0.9238 -0.3827 0.0125
vn -0.9238 0.3827 -0.0125
vn -0.3825 0.9235 -0.0302
vt 0.500000 0.500000
vt 0.510417 0.500000
vt 0.510417 0.625000
vt 0.500000 0.625000
vt 0.510417 0.750000
vt 0.500000 0.750000
vt 0.510417 0.875000
vt 0.500000 0.875000
vt 0.510417 1.000000
vt 0.500000 1.000000
vt 0.500000 0.000000
vt 0.510417 0.000000
vt 0.510417 0.125000
vt 0.500000 0.125000
vt 0.510417 0.250000
vt 0.500000 0.250000
vt 0.510417 0.375000
vt 0.500000 0.375000
vt 0.520833 0.500000
vt 0.520833 0.625000
vt 0.520833 0.750000
vt 0.520833 0.875000
vt 0.520833 1.000000
vt 0.520833 0.000000
vt 0.520833 0.125000
vt 0.520833 0.250000
vt 0.520833 0.375000
vt 0.531250 0.500000
vt 0.531250 0.625000
vt 0.531250 0.750000
vt 0.531250 0.875000
vt 0.531250 1.000000
vt 0.531250 0.000000
vt 0.531250 0.125000
vt 0.531250 0.250000
vt 0.531250 0.375000
vt 0.541667 0.500000
vt 0.541667 0.625000
vt 0.541667 0.750000
vt 0.541667 0.875000
vt 0.541667 1.000000
vt 0.541667 0.000000
vt 0.541667 0.125000
vt 0.541667 0.250000
vt 0.541667 0.375000
vt 0.552083 0.500000
vt 0.552083 0.625000
vt 0.552083 0.750000
vt 0.552083 0.875000
vt 0.552083 1.000000
vt 0.552083 0.000000
vt 0.552083 0.125000
vt 0.552083 0.250000
vt 0.552083 0.375000
vt 0.562500 0.500000
vt 0.562500 0.625000
vt 0.562500 0.750000
vt 0.562500 0.875000
vt 0.562500 1.000000
vt 0.562500 0.000000
vt 0.562500 0.125000
vt 0.562500 0.250000
vt 0.562500 0.375000
vt 0.572917 0.500000
vt 0.572917 0.625000
vt 0.572917 0.750000
vt 0.572917 0.875000
vt 0.572917 1.000000
vt 0.572917 0.000000
vt 0.572917 0.125000
vt 0.572917 0.250000
vt 0.572917 0.375000
vt 0.583333 0.500000
vt 0.583333 0.625000
vt 0.583333 0.750000
vt 0.583333 0.875000
vt 0.583333 1.000000
vt 0.583333 0.000000
vt 0.583333 0.125000
vt 0.583333 0.250000
vt 0.583333 0.375000
vt 0.593750 0.500000
vt 0.593750 0.625000
vt 0.593750 0.750000
vt 0.593750 0.875000
vt 0.593750 1.000000
vt 0.593750 0.000000
vt 0.593750 0.125000
vt 0.593750 0.250000
vt 0.593750 0.375000
vt 0.604167 0.500000
vt 0.604167 0.625000
vt 0.604167 0.750000
vt 0.604167 0.875000
vt 0.604167 1.000000
vt 0.604167 0.000000
vt 0.604167 0.125000
vt 0.604167 0.250000
vt 0.604167 0.375000
vt 0.614583 0.500000
vt 0.614583 0.625000
vt 0.614583 0.750000
vt 0.614583 0.875000
vt 0.614583 1.000000
vt 0.614583 0.000000
vt 0.614583 0.125000
vt 0.614583 0.250000
vt 0.614583 0.375000
vt 0.625000 0.500000
vt 0.625000 0.625000
vt 0.625000 0.750000
vt 0.625000 0.875000
vt 0.625000 1.000000
vt 0.625000 0.000000
vt 0.625000 0.125000
vt 0.625000 0.250000
vt 0.625000 0.375000
vt 0.635417 0.500000
vt 0.635417 0.625000
vt 0.635417 0.750000
vt 0.635417 0.875000
vt 0.635417 1.000000
vt 0.635417 0.000000
vt 0.635417 0.125000
vt 0.635417 0.250000
vt 0.635417 0.375000
vt 0.645833 0.500000
vt 0.645833 0.625000
vt 0.645833 0.750000
vt 0.645833 0.875000
vt 0.645833 1.000000
vt 0.645833 0.000000
vt 0.645833 0.125000
vt 0.645833 0.250000
vt 0.645833 0.375000
vt 0.656250 0.500000
vt 0.656250 0.625000
vt 0.656250 0.750000
vt 0.656250 0.875000
vt 0.656250 1.000000
vt 0.656250 0.000000
vt 0.656250 0.125000
vt 0.656250 0.250000
vt 0.656250 0.375000
vt 0.666667 0.500000
vt 0.666667 0.625000
vt 0.666667 0.750000
vt 0.666667 0.875000
vt 0.666667 1.000000
vt 0.666667 0.000000
vt 0.666667 0.125000
vt 0.666667 0.250000
vt 0.666667 0.375000
vt 0.677083 0.500000
vt 0.677083 0.625000
vt 0.677083 0.750000
vt 0.677083 0.875000
vt 0.677083 1.000000
vt 0.677083 0.000000
vt 0.677083 0.125000
vt 0.677083 0.250000
vt 0.677083 0.375000
vt 0.687500 0.500000
vt 0.687500 0.625000
vt 0.687500 0.750000
vt 0.687500 0.875000
vt 0.687500 1.000000
vt 0.687500 0.000000
vt 0.687500 0.125000
vt 0.687500 0.250000
vt 0.687500 0.375000
vt 0.697917 0.500000
vt 0.697917 0.625000
vt 0.697917 0.750000
vt 0.697917 0.875000
vt 0.697917 1.000000
vt 0.697917 0.000000
vt 0.697917 0.125000
vt 0.697917 0.250000
vt 0.697917 0.375000
vt 0.708333 0.500000
vt 0.708333 0.625000
vt 0.708333 0.750000
vt 0.708333 0.875000
vt 0.708333 1.000000
vt 0.708333 0.000000
vt 0.708333 0.125000
vt 0.708333 0.250000
vt 0.708333 0.375000
vt 0.718750 0.500000
vt 0.718750 0.625000
vt 0.718750 0.750000
vt 0.718750 0.875000
vt 0.718750 1.000000
vt 0.718750 0.000000
vt 0.718750 0.125000
vt 0.718750 0.250000
vt 0.718750 0.375000
vt 0.729167 0.500000
vt 0.729167 0.625000
vt 0.729167 0.750000
vt 0.729167 0.875000
vt 0.729167 1.000000
vt 0.729167 0.000000
vt 0.729167 0.125000
vt 0.729167 0.250000
vt 0.729167 0.375000
vt 0.739583 0.500000
vt 0.739583 0.625000
vt 0.739583 0.750000
vt 0.739583 0.875000
vt 0.739583 1.000000
vt 0.739583 0.000000
vt 0.739583 0.125000
vt 0.739583 0.250000
vt 0.739583 0.375000
vt 0.750000 0.500000
vt 0.750000 0.625000
vt 0.750000 0.750000
vt 0.750000 0.875000
vt 0.750000 1.000000
vt 0.750000 0.000000
vt 0.750000 0.125000
vt 0.750000 0.250000
vt 0.750000 0.375000
vt 0.760417 0.500000
vt 0.760417 0.625000
vt 0.760417 0.750000
vt 0.760417 0.875000
vt 0.760417 1.000000
vt 0.760417 0.000000
vt 0.760417 0.125000
vt 0.760417 0.250000
vt 0.760417 0.375000
vt 0.770833 0.500000
vt 0.770833 0.625000
vt 0.770833 0.750000
vt 0.770833 0.875000
vt 0.770833 1.000000
vt 0.770833 0.000000
vt 0.770833 0.125000
vt 0.770833 0.250000
vt 0.770833 0.375000
vt 0.781250 0.500000
vt 0.781250 0.625000
vt 0.781250 0.750000
vt 0.781250 0.875000
vt 0.781250 1.000000
vt 0.781250 0.000000
vt 0.781250 0.125000
vt 0.781250 0.250000
vt 0.781250 0.375000
vt 0.791667 0.500000
vt 0.791667 0.625000
vt 0.791667 0.750000
vt 0.791667 0.875000
vt 0.791667 1.000000
vt 0.791667 0.000000
vt 0.791667 0.125000
vt 0.791667 0.250000
vt 0.791667 0.375000
vt 0.802083 0.500000
vt 0.802083 0.625000
vt 0.802083 0.750000
vt 0.802083 0.875000
vt 0.802083 1.000000
vt 0.802083 0.000000
vt 0.802083 0.125000
vt 0.802083 0.250000
vt 0.802083 0.375000
vt 0.812500 0.500000
vt 0.812500 0.625000
vt 0.812500 0.750000
vt 0.812500 0.875000
vt 0.812500 1.000000
vt 0.812500 0.000000
vt 0.812500 0.125000
vt 0.812500 0.250000
vt 0.812500 0.375000
vt 0.822917 0.500000
vt 0.822917 0.625000
vt 0.822917 0.750000
vt 0.822917 0.875000
vt 0.822917 1.000000
vt 0.822917 0.000000
vt 0.822917 0.125000
vt 0.822917 0.250000
vt 0.822917 0.375000
vt 0.833333 0.500000
vt 0.833333 0.625000
vt 0.833333 0.750000
vt 0.833333 0.875000
vt 0.833333 1.000000
vt 0.833333 0.000000
vt 0.833333 0.125000
vt 0.833333 0.250000
vt 0.833333 0.375000
vt 0.843750 0.500000
vt 0.843750 0.625000
vt 0.843750 0.750000
vt 0.843750 0.875000
vt 0.843750 1.000000
vt 0.843750 0.000000
vt 0.843750 0.125000
vt 0.843750 0.250000
vt 0.843750 0.375000
vt 0.854167 0.500000
vt 0.854167 0.625000
vt 0.854167 0.750000
vt 0.854167 0.875000
vt 0.854167 1.000000
vt 0.854167 0.000000
vt 0.854167 0.125000
vt 0.854167 0.250000
vt 0.854167 0.375000
vt 0.864583 0.500000
vt 0.864583 0.625000
vt 0.864583 0.750000
vt 0.864583 0.875000
vt 0.864583 1.000000
vt 0.864583 0.000000
vt 0.864583 0.125000
vt 0.864583 0.250000
vt 0.864583 0.375000
vt 0.875000 0.500000
vt 0.875000 0.625000
vt 0.875000 0.750000
vt 0.875000 0.875000
vt 0.875000 1.000000
vt 0.875000 0.000000
vt 0.875000 0.125000
vt 0.875000 0.250000
vt 0.875000 0.375000
vt 0.885417 0.500000
vt 0.885417 0.625000
vt 0.885417 0.750000
vt 0.885417 0.875000
vt 0.885417 1.000000
vt 0.885417 0.000000
vt 0.885417 0.125000
vt 0.885417 0.250000
vt 0.885417 0.375000
vt 0.895833 0.500000
vt 0.895833 0.625000
vt 0.895833 0.750000
vt 0.895833 0.875000
vt 0.895833 1.000000
vt 0.895833 0.000000
vt 0.895833 0.125000
vt 0.895833 0.250000
vt 0.895833 0.375000
vt 0.906250 0.500000
vt 0.906250 0.625000
vt 0.906250 0.750000
vt 0.906250 0.875000
vt 0.906250 1.000000
vt 0.906250 0.000000
vt 0.906250 0.125000
vt 0.906250 0.250000
vt 0.906250 0.375000
vt 0.916667 0.500000
vt 0.916667 0.625000
vt 0.916667 0.750000
vt 0.916667 0.875000
vt 0.916667 1.000000
vt 0.916667 0.000000
vt 0.916667 0.125000
vt 0.916667 0.250000
vt 0.916667 0.375000
vt 0.927083 0.500000
vt 0.927083 0.625000
vt 0.927083 0.750000
vt 0.927083 0.875000
vt 0.927083 1.000000
vt 0.927083 0.000000
vt 0.927083 0.125000
vt 0.927083 0.250000
vt 0.927083 0.375000
vt 0.937500 0.500000
vt 0.937500 0.625000
vt 0.937500 0.750000
vt 0.937500 0.875000
vt 0.937500 1.000000
vt 0.937500 0.000000
vt 0.937500 0.125000
vt 0.937500 0.250000
vt 0.937500 0.375000
vt 0.947917 0.500000
vt 0.947917 0.625000
vt 0.947917 0.750000
vt 0.947917 0.875000
vt 0.947917 1.000000
vt 0.947917 0.000000
vt 0.947917 0.125000
vt 0.947917 0.250000
vt 0.947917 0.375000
vt 0.958333 0.500000
vt 0.958333 0.625000
vt 0.958333 0.750000
vt 0.958333 0.875000
vt 0.958333 1.000000
vt 0.958333 0.000000
vt 0.958333 0.125000
vt 0.958333 0.250000
vt 0.958333 0.375000
vt 0.968750 0.500000
vt 0.968750 0.625000
vt 0.968750 0.750000
vt 0.968750 0.875000
vt 0.968750 1.000000
vt 0.968750 0.000000
vt 0.968750 0.125000
vt 0.968750 0.250000
vt 0.968750 0.375000
vt 0.979167 0.500000
vt 0.979167 0.625000
vt 0.979167 0.750000
vt 0.979167 0.875000
vt 0.979167 1.000000
vt 0.979167 0.000000
vt 0.979167 0.125000
vt 0.979167 0.250000
vt 0.979167 0.375000
vt 0.989583 0.500000
vt 0.989583 0.625000
vt 0.989583 0.750000
vt 0.989583 0.875000
vt 0.989583 1.000000
vt 0.989583 0.000000
vt 0.989583 0.125000
vt 0.989583 0.250000
vt 0.989583 0.375000
vt 1.000000 0.500000
vt 1.000000 0.625000
vt 1.000000 0.750000
vt 1.000000 0.875000
vt 1.000000 1.000000
vt 1.000000 0.000000
vt 1.000000 0.125000
vt 1.000000 0.250000
vt 1.000000 0.375000
vt -0.000000 0.500000
vt 0.010417 0.500000
vt 0.010417 0.625000
vt -0.000000 0.625000
vt 0.010417 0.750000
vt -0.000000 0.750000
vt 0.010417 0.875000
vt -0.000000 0.875000
vt 0.010417 1.000000
vt -0.000000 1.000000
vt -0.000000 0.000000
vt 0.010417 0.000000
vt 0.010417 0.125000
vt -0.000000 0.125000
vt 0.010417 0.250000
vt -0.000000 0.250000
vt 0.010417 0.375000
vt -0.000000 0.375000
vt 0.020833 0.500000
vt 0.020833 0.625000
vt 0.020833 0.750000
vt 0.020833 0.875000
vt 0.020833 1.000000
vt 0.020833 0.000000
vt 0.020833 0.125000
vt 0.020833 0.250000
vt 0.020833 0.375000
vt 0.031250 0.500000
vt 0.031250 0.625000
vt 0.031250 0.750000
vt 0.031250 0.875000
vt 0.031250 1.000000
vt 0.031250 0.000000
vt 0.031250 0.125000
vt 0.031250 0.250000
vt 0.031250 0.375000
vt 0.041667 0.500000
vt 0.041667 0.625000
vt 0.041667 0.750000
vt 0.041667 0.875000
vt 0.041667 1.000000
vt 0.041667 0.000000
vt 0.041667 0.125000
vt 0.041667 0.250000
vt 0.041667 0.375000
vt 0.052083 0.500000
vt 0.052083 0.625000
vt 0.052083 0.750000
vt 0.052083 0.875000
vt 0.052083 1.000000
vt 0.052083 0.000000
vt 0.052083 0.125000
vt 0.052083 0.250000
vt 0.052083 0.375000
vt 0.062500 0.500000
vt 0.062500 0.625000
vt 0.062500 0.750000
vt 0.062500 0.875000
vt 0.062500 1.000000
vt 0.062500 0.000000
vt 0.062500 0.125000
vt 0.062500 0.250000
vt 0.062500 0.375000
vt 0.072917 0.500000
vt 0.072917 0.625000
vt 0.072917 0.750000
vt 0.072917 0.875000
vt 0.072917 1.000000
vt 0.072917 0.000000
vt 0.072917 0.125000
vt 0.072917 0.250000
vt 0.072917 0.375000
vt 0.083333 0.500000
vt 0.083333 0.625000
vt 0.083333 0.750000
vt 0.083333 0.875000
vt 0.083333 1.000000
vt 0.083333 0.000000
vt 0.083333 0.125000
vt 0.083333 0.250000
vt 0.083333 0.375000
vt 0.093750 0.500000
vt 0.093750 0.625000
vt 0.093750 0.750000
vt 0.093750 0.875000
vt 0.093750 1.000000
vt 0.093750 0.000000
vt 0.093750 0.125000
vt 0.093750 0.250000
vt 0.093750 0.375000
vt 0.104167 0.500000
vt 0.104167 0.625000
vt 0.104167 0.750000
vt 0.104167 0.875000
vt 0.104167 1.000000
vt 0.104167 0.000000
vt 0.104167 0.125000
vt 0.104167 0.250000
vt 0.104167 0.375000
vt 0.114583 0.500000
vt 0.114583 0.625000
vt 0.114583 0.750000
vt 0.114583 0.875000
vt 0.114583 1.000000
vt 0.114583 0.000000
vt 0.114583 0.125000
vt 0.114583 0.250000
vt 0.114583 0.375000
vt 0.125000 0.500000
vt 0.125000 0.625000
vt 0.125000 0.750000
vt 0.125000 0.875000
vt 0.125000 1.000000
vt 0.125000 0.000000
vt 0.125000 0.125000
vt 0.125000 0.250000
vt 0.125000 0.375000
vt 0.135417 0.500000
vt 0.135417 0.625000
vt 0.135417 0.750000
vt 0.135417 0.875000
vt 0.135417 1.000000
vt 0.135417 0.000000
vt 0.135417 0.125000
vt 0.135417 0.250000
vt 0.135417 0.375000
vt 0.145833 0.500000
vt 0.145833 0.625000
vt 0.145833 0.750000
vt 0.145833 0.875000
vt 0.145833 1.000000
vt 0.145833 0.000000
vt 0.145833 0.125000
vt 0.145833 0.250000
vt 0.145833 0.375000
vt 0.156250 0.500000
vt 0.156250 0.625000
vt 0.156250 0.750000
vt 0.156250 0.875000
vt 0.156250 1.000000
vt 0.156250 0.000000
vt 0.156250 0.125000
vt 0.156250 0.250000
vt 0.156250 0.375000
vt 0.166667 0.500000
vt 0.166667 0.625000
vt 0.166667 0.750000
vt 0.166667 0.875000
vt 0.166667 1.000000
vt 0.166667 0.000000
vt 0.166667 0.125000
vt 0.166667 0.250000
vt 0.166667 0.375000
vt 0.177083 0.500000
vt 0.177083 0.625000
vt 0.177083 0.750000
vt 0.177083 0.875000
vt 0.177083 1.000000
vt 0.177083 0.000000
vt 0.177083 0.125000
vt 0.177083 0.250000
vt 0.177083 0.375000
vt 0.187500 0.500000
vt 0.187500 0.625000
vt 0.187500 0.750000
vt 0.187500 0.875000
vt 0.187500 1.000000
vt 0.187500 0.000000
vt 0.187500 0.125000
vt 0.187500 0.250000
vt 0.187500 0.375000
vt 0.197917 0.500000
vt 0.197917 0.625000
vt 0.197917 0.750000
vt 0.197917 0.875000
vt 0.197917 1.000000
vt 0.197917 0.000000
vt 0.197917 0.125000
vt 0.197917 0.250000
vt 0.197917 0.375000
vt 0.208333 0.500000
vt 0.208333 0.625000
vt 0.208333 0.750000
vt 0.208333 0.875000
vt 0.208333 1.000000
vt 0.208333 0.000000
vt 0.208333 0.125000
vt 0.208333 0.250000
vt 0.208333 0.375000
vt 0.218750 0.500000
vt 0.218750 0.625000
vt 0.218750 0.750000
vt 0.218750 0.875000
vt 0.218750 1.000000
vt 0.218750 0.000000
vt 0.218750 0.125000
vt 0.218750 0.250000
vt 0.218750 0.375000
vt 0.229167 0.500000
vt 0.229167 0.625000
vt 0.229167 0.750000
vt 0.229167 0.875000
vt 0.229167 1.000000
vt 0.229167 0.000000
vt 0.229167 0.125000
vt 0.229167 0.250000
vt 0.229167 0.375000
vt 0.239583 0.500000
vt 0.239583 0.625000
vt 0.239583 0.750000
vt 0.239583 0.875000
vt 0.239583 1.000000
vt 0.239583 0.000000
vt 0.239583 0.125000
vt 0.239583 0.250000
vt 0.239583 0.375000
vt 0.250000 0.500000
vt 0.250000 0.625000
vt 0.250000 0.750000
vt 0.250000 0.875000
vt 0.250000 1.000000
vt 0.250000 0.000000
vt 0.250000 0.125000
vt 0.250000 0.250000
vt 0.250000 0.375000
vt 0.260417 0.500000
vt 0.260417 0.625000
vt 0.260417 0.750000
vt 0.260417 0.875000
vt 0.260417 1.000000
vt 0.260417 0.000000
vt 0.260417 0.125000
vt 0.260417 0.250000
vt 0.260417 0.375000
vt 0.270833 0.500000
vt 0.270833 0.625000
vt 0.270833 0.750000
vt 0.270833 0.875000
vt 0.270833 1.000000
vt 0.270833 0.000000
vt 0.270833 0.125000
vt 0.270833 0.250000
vt 0.270833 0.375000
vt 0.281250 0.500000
vt 0.281250 0.625000
vt 0.281250 0.750000
vt 0.281250 0.875000
vt 0.281250 1.000000
vt 0.281250 0.000000
vt 0.281250 0.125000
vt 0.281250 0.250000
vt 0.281250 0.375000
vt 0.291667 0.500000
vt 0.291667 0.625000
vt 0.291667 0.750000
vt 0.291667 0.875000
vt 0.291667 1.000000
vt 0.291667 0.000000
vt 0.291667 0.125000
vt 0.291667 0.250000
vt 0.291667 0.375000
vt 0.302083 0.500000
vt 0.302083 0.625000
vt 0.302083 0.750000
vt 0.302083 0.875000
vt 0.302083 1.000000
vt 0.302083 0.000000
vt 0.302083 0.125000
vt 0.302083 0.250000
vt 0.302083 0.375000
vt 0.312500 0.500000
vt 0.312500 0.625000
vt 0.312500 0.750000
vt 0.312500 0.875000
vt 0.312500 1.000000
vt 0.312500 0.000000
vt 0.312500 0.125000
vt 0.312500 0.250000
vt 0.312500 0.375000
vt 0.322917 0.500000
vt 0.322917 0.625000
vt 0.322917 0.750000
vt 0.322917 0.875000
vt 0.322917 1.000000
vt 0.322917 0.000000
vt 0.322917 0.125000
vt 0.322917 0.250000
vt 0.322917 0.375000
vt 0.333333 0.500000
vt 0.333333 0.625000
vt 0.333333 0.750000
vt 0.333333 0.875000
vt 0.333333 1.000000
vt 0.333333 0.000000
vt 0.333333 0.125000
vt 0.333333 0.250000
vt 0.333333 0.375000
vt 0.343750 0.500000
vt 0.343750 0.625000
vt 0.343750 0.750000
vt 0.343750 0.875000
vt 0.343750 1.000000
vt 0.343750 0.000000
vt 0.343750 0.125000
vt 0.343750 0.250000
vt 0.343750 0.375000
vt 0.354167 0.500000
vt 0.354167 0.625000
vt 0.354167 0.750000
vt 0.354167 0.875000
vt 0.354167 1.000000
vt 0.354167 0.000000
vt 0.354167 0.125000
vt 0.354167 0.250000
vt 0.354167 0.375000
vt 0.364583 0.500000
vt 0.364583 0.625000
vt 0.364583 0.750000
vt 0.364583 0.875000
vt 0.364583 1.000000
vt 0.364583 0.000000
vt 0.364583 0.125000
vt 0.364583 0.250000
vt 0.364583 0.375000
vt 0.375000 0.500000
vt 0.375000 0.625000
vt 0.375000 0.750000
vt 0.375000 0.875000
vt 0.375000 1.000000
vt 0.375000 0.000000
vt 0.375000 0.125000
vt 0.375000 0.250000
vt 0.375000 0.375000
vt 0.385417 0.500000
vt 0.385417 0.625000
vt 0.385417 0.750000
vt 0.385417 0.875000
vt 0.385417 1.000000
vt 0.385417 0.000000
vt 0.385417 0.125000
vt 0.385417 0.250000
vt 0.385417 0.375000
vt 0.395833 0.500000
vt 0.395833 0.625000
vt 0.395833 0.750000
vt 0.395833 0.875000
vt 0.395833 1.000000
vt 0.395833 0.000000
vt 0.395833 0.125000
vt 0.395833 0.250000
vt 0.395833 0.375000
vt 0.406250 0.500000
vt 0.406250 0.625000
vt 0.406250 0.750000
vt 0.406250 0.875000
vt 0.406250 1.000000
vt 0.406250 0.000000
vt 0.406250 0.125000
vt 0.406250 0.250000
vt 0.406250 0.375000
vt 0.416667 0.500000
vt 0.416667 0.625000
vt 0.416667 0.750000
vt 0.416667 0.875000
vt 0.416667 1.000000
vt 0.416667 0.000000
vt 0.416667 0.125000
vt 0.416667 0.250000
vt 0.416667 0.375000
vt 0.427083 0.500000
vt 0.427083 0.625000
vt 0.427083 0.750000
vt 0.427083 0.875000
vt 0.427083 1.000000
vt 0.427083 0.000000
vt 0.427083 0.125000
vt 0.427083 0.250000
vt 0.427083 0.375000
vt 0.437500 0.500000
vt 0.437500 0.625000
vt 0.437500 0.750000
vt 0.437500 0.875000
vt 0.437500 1.000000
vt 0.437500 0.000000
vt 0.437500 0.125000
vt 0.437500 0.250000
vt 0.437500 0.375000
vt 0.447917 0.500000
vt 0.447917 0.625000
vt 0.447917 0.750000
vt 0.447917 0.875000
vt 0.447917 1.000000
vt 0.447917 0.000000
vt 0.447917 0.125000
vt 0.447917 0.250000
vt 0.447917 0.375000
vt 0.458333 0.500000
vt 0.458333 0.625000
vt 0.458333 0.750000
vt 0.458333 0.875000
vt 0.458333 1.000000
vt 0.458333 0.000000
vt 0.458333 0.125000
vt 0.458333 0.250000
vt 0.458333 0.375000
vt 0.468750 0.500000
vt 0.468750 0.625000
vt 0.468750 0.750000
vt 0.468750 0.875000
vt 0.468750 1.000000
vt 0.468750 0.000000
vt 0.468750 0.125000
vt 0.468750 0.250000
vt 0.468750 0.375000
vt 0.479167 0.500000
vt 0.479167 0.625000
vt 0.479167 0.750000
vt 0.479167 0.875000
vt 0.479167 1.000000
vt 0.479167 0.000000
vt 0.479167 0.125000
vt 0.479167 0.250000
vt 0.479167 0.375000
vt 0.489583 0.500000
vt 0.489583 0.625000
vt 0.489583 0.750000
vt 0.489583 0.875000
vt 0.489583 1.000000
vt 0.489583 0.000000
vt 0.489583 0.125000
vt 0.489583 0.250000
vt 0.489583 0.375000
s 0
usemtl DL2_Armor_Indigo
f 4997/6014/3593 5005/6015/3593 5006/6016/3593 4998/6017/3593
f 4998/6017/3594 5006/6016/3594 5007/6018/3594 4999/6019/3594
f 4999/6019/3595 5007/6018/3595 5008/6020/3595 5000/6021/3595
f 5000/6021/3596 5008/6020/3596 5009/6022/3596 5001/6023/3596
f 5001/6024/3597 5009/6025/3597 5010/6026/3597 5002/6027/3597
f 5002/6027/3598 5010/6026/3598 5011/6028/3598 5003/6029/3598
f 5003/6029/3599 5011/6028/3599 5012/6030/3599 5004/6031/3599
f 5004/6031/3600 5012/6030/3600 5005/6015/3600 4997/6014/3600
f 5005/6015/3601 5013/6032/3601 5014/6033/3601 5006/6016/3601
f 5006/6016/3602 5014/6033/3602 5015/6034/3602 5007/6018/3602
f 5007/6018/3603 5015/6034/3603 5016/6035/3603 5008/6020/3603
f 5008/6020/3604 5016/6035/3604 5017/6036/3604 5009/6022/3604
f 5009/6025/3605 5017/6037/3605 5018/6038/3605 5010/6026/3605
f 5010/6026/3606 5018/6038/3606 5019/6039/3606 5011/6028/3606
f 5011/6028/3607 5019/6039/3607 5020/6040/3607 5012/6030/3607
f 5012/6030/3608 5020/6040/3608 5013/6032/3608 5005/6015/3608
f 5013/6032/3609 5021/6041/3609 5022/6042/3609 5014/6033/3609
f 5014/6033/3610 5022/6042/3610 5023/6043/3610 5015/6034/3610
f 5015/6034/3611 5023/6043/3611 5024/6044/3611 5016/6035/3611
f 5016/6035/3612 5024/6044/3612 5025/6045/3612 5017/6036/3612
f 5017/6037/3613 5025/6046/3613 5026/6047/3613 5018/6038/3613
f 5018/6038/3614 5026/6047/3614 5027/6048/3614 5019/6039/3614
f 5019/6039/3615 5027/6048/3615 5028/6049/3615 5020/6040/3615
f 5020/6040/3616 5028/6049/3616 5021/6041/3616 5013/6032/3616
f 5021/6041/3617 5029/6050/3617 5030/6051/3617 5022/6042/3617
f 5022/6042/3618 5030/6051/3618 5031/6052/3618 5023/6043/3618
f 5023/6043/3619 5031/6052/3619 5032/6053/3619 5024/6044/3619
f 5024/6044/3620 5032/6053/3620 5033/6054/3620 5025/6045/3620
f 5025/6046/3621 5033/6055/3621 5034/6056/3621 5026/6047/3621
f 5026/6047/3622 5034/6056/3622 5035/6057/3622 5027/6048/3622
f 5027/6048/3623 5035/6057/3623 5036/6058/3623 5028/6049/3623
f 5028/6049/3624 5036/6058/3624 5029/6050/3624 5021/6041/3624
f 5029/6050/3625 5037/6059/3625 5038/6060/3625 5030/6051/3625
f 5030/6051/3626 5038/6060/3626 5039/6061/3626 5031/6052/3626
f 5031/6052/3627 5039/6061/3627 5040/6062/3627 5032/6053/3627
f 5032/6053/3628 5040/6062/3628 5041/6063/3628 5033/6054/3628
f 5033/6055/3629 5041/6064/3629 5042/6065/3629 5034/6056/3629
f 5034/6056/3630 5042/6065/3630 5043/6066/3630 5035/6057/3630
f 5035/6057/3631 5043/6066/3631 5044/6067/3631 5036/6058/3631
f 5036/6058/3632 5044/6067/3632 5037/6059/3632 5029/6050/3632
f 5037/6059/3633 5045/6068/3633 5046/6069/3633 5038/6060/3633
f 5038/6060/3634 5046/6069/3634 5047/6070/3634 5039/6061/3634
f 5039/6061/3635 5047/6070/3635 5048/6071/3635 5040/6062/3635
f 5040/6062/3636 5048/6071/3636 5049/6072/3636 5041/6063/3636
f 5041/6064/3637 5049/6073/3637 5050/6074/3637 5042/6065/3637
f 5042/6065/3638 5050/6074/3638 5051/6075/3638 5043/6066/3638
f 5043/6066/3639 5051/6075/3639 5052/6076/3639 5044/6067/3639
f 5044/6067/3640 5052/6076/3640 5045/6068/3640 5037/6059/3640
f 5045/6068/3641 5053/6077/3641 5054/6078/3641 5046/6069/3641
f 5046/6069/3642 5054/6078/3642 5055/6079/3642 5047/6070/3642
f 5047/6070/3643 5055/6079/3643 5056/6080/3643 5048/6071/3643
f 5048/6071/3644 5056/6080/3644 5057/6081/3644 5049/6072/3644
f 5049/6073/3645 5057/6082/3645 5058/6083/3645 5050/6074/3645
f 5050/6074/3646 5058/6083/3646 5059/6084/3646 5051/6075/3646
f 5051/6075/3647 5059/6084/3647 5060/6085/3647 5052/6076/3647
f 5052/6076/3648 5060/6085/3648 5053/6077/3648 5045/6068/3648
f 5053/6077/3649 5061/6086/3649 5062/6087/3649 5054/6078/3649
f 5054/6078/3650 5062/6087/3650 5063/6088/3650 5055/6079/3650
f 5055/6079/3651 5063/6088/3651 5064/6089/3651 5056/6080/3651
f 5056/6080/3652 5064/6089/3652 5065/6090/3652 5057/6081/3652
f 5057/6082/3653 5065/6091/3653 5066/6092/3653 5058/6083/3653
f 5058/6083/3654 5066/6092/3654 5067/6093/3654 5059/6084/3654
f 5059/6084/3655 5067/6093/3655 5068/6094/3655 5060/6085/3655
f 5060/6085/3656 5068/6094/3656 5061/6086/3656 5053/6077/3656
f 5061/6086/3657 5069/6095/3657 5070/6096/3657 5062/6087/3657
f 5062/6087/3658 5070/6096/3658 5071/6097/3658 5063/6088/3658
f 5063/6088/3659 5071/6097/3659 5072/6098/3659 5064/6089/3659
f 5064/6089/3660 5072/6098/3660 5073/6099/3660 5065/6090/3660
f 5065/6091/3661 5073/6100/3661 5074/6101/3661 5066/6092/3661
f 5066/6092/3662 5074/6101/3662 5075/6102/3662 5067/6093/3662
f 5067/6093/3663 5075/6102/3663 5076/6103/3663 5068/6094/3663
f 5068/6094/3664 5076/6103/3664 5069/6095/3664 5061/6086/3664
f 5069/6095/3665 5077/6104/3665 5078/6105/3665 5070/6096/3665
f 5070/6096/3666 5078/6105/3666 5079/6106/3666 5071/6097/3666
f 5071/6097/3667 5079/6106/3667 5080/6107/3667 5072/6098/3667
f 5072/6098/3668 5080/6107/3668 5081/6108/3668 5073/6099/3668
f 5073/6100/3669 5081/6109/3669 5082/6110/3669 5074/6101/3669
f 5074/6101/3670 5082/6110/3670 5083/6111/3670 5075/6102/3670
f 5075/6102/3671 5083/6111/3671 5084/6112/3671 5076/6103/3671
f 5076/6103/3672 5084/6112/3672 5077/6104/3672 5069/6095/3672
f 5077/6104/3673 5085/6113/3673 5086/6114/3673 5078/6105/3673
f 5078/6105/3674 5086/6114/3674 5087/6115/3674 5079/6106/3674
f 5079/6106/3675 5087/6115/3675 5088/6116/3675 5080/6107/3675
f 5080/6107/3676 5088/6116/3676 5089/6117/3676 5081/6108/3676
f 5081/6109/3677 5089/6118/3677 5090/6119/3677 5082/6110/3677
f 5082/6110/3678 5090/6119/3678 5091/6120/3678 5083/6111/3678
f 5083/6111/3679 5091/6120/3679 5092/6121/3679 5084/6112/3679
f 5084/6112/3680 5092/6121/3680 5085/6113/3680 5077/6104/3680
f 5085/6113/3681 5093/6122/3681 5094/6123/3681 5086/6114/3681
f 5086/6114/3682 5094/6123/3682 5095/6124/3682 5087/6115/3682
f 5087/6115/3683 5095/6124/3683 5096/6125/3683 5088/6116/3683
f 5088/6116/3684 5096/6125/3684 5097/6126/3684 5089/6117/3684
f 5089/6118/3685 5097/6127/3685 5098/6128/3685 5090/6119/3685
f 5090/6119/3686 5098/6128/3686 5099/6129/3686 5091/6120/3686
f 5091/6120/3687 5099/6129/3687 5100/6130/3687 5092/6121/3687
f 5092/6121/3688 5100/6130/3688 5093/6122/3688 5085/6113/3688
f 5093/6122/3689 5101/6131/3689 5102/6132/3689 5094/6123/3689
f 5094/6123/3690 5102/6132/3690 5103/6133/3690 5095/6124/3690
f 5095/6124/3691 5103/6133/3691 5104/6134/3691 5096/6125/3691
f 5096/6125/3692 5104/6134/3692 5105/6135/3692 5097/6126/3692
f 5097/6127/3693 5105/6136/3693 5106/6137/3693 5098/6128/3693
f 5098/6128/3694 5106/6137/3694 5107/6138/3694 5099/6129/3694
f 5099/6129/3695 5107/6138/3695 5108/6139/3695 5100/6130/3695
f 5100/6130/3696 5108/6139/3696 5101/6131/3696 5093/6122/3696
f 5101/6131/3697 5109/6140/3697 5110/6141/3697 5102/6132/3697
f 5102/6132/3698 5110/6141/3698 5111/6142/3698 5103/6133/3698
f 5103/6133/3699 5111/6142/3699 5112/6143/3699 5104/6134/3699
f 5104/6134/3700 5112/6143/3700 5113/6144/3700 5105/6135/3700
f 5105/6136/3701 5113/6145/3701 5114/6146/3701 5106/6137/3701
f 5106/6137/3702 5114/6146/3702 5115/6147/3702 5107/6138/3702
f 5107/6138/3703 5115/6147/3703 5116/6148/3703 5108/6139/3703
f 5108/6139/3704 5116/6148/3704 5109/6140/3704 5101/6131/3704
f 5109/6140/3705 5117/6149/3705 5118/6150/3705 5110/6141/3705
f 5110/6141/3706 5118/6150/3706 5119/6151/3706 5111/6142/3706
f 5111/6142/3707 5119/6151/3707 5120/6152/3707 5112/6143/3707
f 5112/6143/3708 5120/6152/3708 5121/6153/3708 5113/6144/3708
f 5113/6145/3709 5121/6154/3709 5122/6155/3709 5114/6146/3709
f 5114/6146/3710 5122/6155/3710 5123/6156/3710 5115/6147/3710
f 5115/6147/3711 5123/6156/3711 5124/6157/3711 5116/6148/3711
f 5116/6148/3712 5124/6157/3712 5117/6149/3712 5109/6140/3712
f 5117/6149/3713 5125/6158/3713 5126/6159/3713 5118/6150/3713
f 5118/6150/3714 5126/6159/3714 5127/6160/3714 5119/6151/3714
f 5119/6151/3715 5127/6160/3715 5128/6161/3715 5120/6152/3715
f 5120/6152/3716 5128/6161/3716 5129/6162/3716 5121/6153/3716
f 5121/6154/3717 5129/6163/3717 5130/6164/3717 5122/6155/3717
f 5122/6155/3718 5130/6164/3718 5131/6165/3718 5123/6156/3718
f 5123/6156/3719 5131/6165/3719 5132/6166/3719 5124/6157/3719
f 5124/6157/3720 5132/6166/3720 5125/6158/3720 5117/6149/3720
f 5125/6158/3721 5133/6167/3721 5134/6168/3721 5126/6159/3721
f 5126/6159/3722 5134/6168/3722 5135/6169/3722 5127/6160/3722
f 5127/6160/3723 5135/6169/3723 5136/6170/3723 5128/6161/3723
f 5128/6161/3724 5136/6170/3724 5137/6171/3724 5129/6162/3724
f 5129/6163/3725 5137/6172/3725 5138/6173/3725 5130/6164/3725
f 5130/6164/3726 5138/6173/3726 5139/6174/3726 5131/6165/3726
f 5131/6165/3727 5139/6174/3727 5140/6175/3727 5132/6166/3727
f 5132/6166/3728 5140/6175/3728 5133/6167/3728 5125/6158/3728
f 5133/6167/3729 5141/6176/3729 5142/6177/3729 5134/6168/3729
f 5134/6168/3730 5142/6177/3730 5143/6178/3730 5135/6169/3730
f 5135/6169/3731 5143/6178/3731 5144/6179/3731 5136/6170/3731
f 5136/6170/3732 5144/6179/3732 5145/6180/3732 5137/6171/3732
f 5137/6172/3733 5145/6181/3733 5146/6182/3733 5138/6173/3733
f 5138/6173/3734 5146/6182/3734 5147/6183/3734 5139/6174/3734
f 5139/6174/3735 5147/6183/3735 5148/6184/3735 5140/6175/3735
f 5140/6175/3736 5148/6184/3736 5141/6176/3736 5133/6167/3736
f 5141/6176/3737 5149/6185/3737 5150/6186/3737 5142/6177/3737
f 5142/6177/3738 5150/6186/3738 5151/6187/3738 5143/6178/3738
f 5143/6178/3739 5151/6187/3739 5152/6188/3739 5144/6179/3739
f 5144/6179/3740 5152/6188/3740 5153/6189/3740 5145/6180/3740
f 5145/6181/3741 5153/6190/3741 5154/6191/3741 5146/6182/3741
f 5146/6182/3742 5154/6191/3742 5155/6192/3742 5147/6183/3742
f 5147/6183/3743 5155/6192/3743 5156/6193/3743 5148/6184/3743
f 5148/6184/3744 5156/6193/3744 5149/6185/3744 5141/6176/3744
f 5149/6185/3745 5157/6194/3745 5158/6195/3745 5150/6186/3745
f 5150/6186/3746 5158/6195/3746 5159/6196/3746 5151/6187/3746
f 5151/6187/3747 5159/6196/3747 5160/6197/3747 5152/6188/3747
f 5152/6188/3748 5160/6197/3748 5161/6198/3748 5153/6189/3748
f 5153/6190/3749 5161/6199/3749 5162/6200/3749 5154/6191/3749
f 5154/6191/3750 5162/6200/3750 5163/6201/3750 5155/6192/3750
f 5155/6192/3751 5163/6201/3751 5164/6202/3751 5156/6193/3751
f 5156/6193/3752 5164/6202/3752 5157/6194/3752 5149/6185/3752
f 5157/6194/3753 5165/6203/3753 5166/6204/3753 5158/6195/3753
f 5158/6195/3754 5166/6204/3754 5167/6205/3754 5159/6196/3754
f 5159/6196/3755 5167/6205/3755 5168/6206/3755 5160/6197/3755
f 5160/6197/3756 5168/6206/3756 5169/6207/3756 5161/6198/3756
f 5161/6199/3757 5169/6208/3757 5170/6209/3757 5162/6200/3757
f 5162/6200/3758 5170/6209/3758 5171/6210/3758 5163/6201/3758
f 5163/6201/3759 5171/6210/3759 5172/6211/3759 5164/6202/3759
f 5164/6202/3760 5172/6211/3760 5165/6203/3760 5157/6194/3760
f 5165/6203/3761 5173/6212/3761 5174/6213/3761 5166/6204/3761
f 5166/6204/3762 5174/6213/3762 5175/6214/3762 5167/6205/3762
f 5167/6205/3763 5175/6214/3763 5176/6215/3763 5168/6206/3763
f 5168/6206/3764 5176/6215/3764 5177/6216/3764 5169/6207/3764
f 5169/6208/3765 5177/6217/3765 5178/6218/3765 5170/6209/3765
f 5170/6209/3766 5178/6218/3766 5179/6219/3766 5171/6210/3766
f 5171/6210/3767 5179/6219/3767 5180/6220/3767 5172/6211/3767
f 5172/6211/3768 5180/6220/3768 5173/6212/3768 5165/6203/3768
f 5173/6212/3769 5181/6221/3769 5182/6222/3769 5174/6213/3769
f 5174/6213/3770 5182/6222/3770 5183/6223/3770 5175/6214/3770
f 5175/6214/3771 5183/6223/3771 5184/6224/3771 5176/6215/3771
f 5176/6215/3772 5184/6224/3772 5185/6225/3772 5177/6216/3772
f 5177/6217/3773 5185/6226/3773 5186/6227/3773 5178/6218/3773
f 5178/6218/3774 5186/6227/3774 5187/6228/3774 5179/6219/3774
f 5179/6219/3775 5187/6228/3775 5188/6229/3775 5180/6220/3775
f 5180/6220/3776 5188/6229/3776 5181/6221/3776 5173/6212/3776
f 5181/6221/3777 5189/6230/3777 5190/6231/3777 5182/6222/3777
f 5182/6222/3778 5190/6231/3778 5191/6232/3778 5183/6223/3778
f 5183/6223/3779 5191/6232/3779 5192/6233/3779 5184/6224/3779
f 5184/6224/3780 5192/6233/3780 5193/6234/3780 5185/6225/3780
f 5185/6226/3781 5193/6235/3781 5194/6236/3781 5186/6227/3781
f 5186/6227/3782 5194/6236/3782 5195/6237/3782 5187/6228/3782
f 5187/6228/3783 5195/6237/3783 5196/6238/3783 5188/6229/3783
f 5188/6229/3784 5196/6238/3784 5189/6230/3784 5181/6221/3784
f 5189/6230/3785 5197/6239/3785 5198/6240/3785 5190/6231/3785
f 5190/6231/3786 5198/6240/3786 5199/6241/3786 5191/6232/3786
f 5191/6232/3787 5199/6241/3787 5200/6242/3787 5192/6233/3787
f 5192/6233/3788 5200/6242/3788 5201/6243/3788 5193/6234/3788
f 5193/6235/3789 5201/6244/3789 5202/6245/3789 5194/6236/3789
f 5194/6236/3790 5202/6245/3790 5203/6246/3790 5195/6237/3790
f 5195/6237/3791 5203/6246/3791 5204/6247/3791 5196/6238/3791
f 5196/6238/3792 5204/6247/3792 5197/6239/3792 5189/6230/3792
f 5197/6239/3793 5205/6248/3793 5206/6249/3793 5198/6240/3793
f 5198/6240/3794 5206/6249/3794 5207/6250/3794 5199/6241/3794
f 5199/6241/3795 5207/6250/3795 5208/6251/3795 5200/6242/3795
f 5200/6242/3796 5208/6251/3796 5209/6252/3796 5201/6243/3796
f 5201/6244/3797 5209/6253/3797 5210/6254/3797 5202/6245/3797
f 5202/6245/3798 5210/6254/3798 5211/6255/3798 5203/6246/3798
f 5203/6246/3799 5211/6255/3799 5212/6256/3799 5204/6247/3799
f 5204/6247/3800 5212/6256/3800 5205/6248/3800 5197/6239/3800
f 5205/6248/3801 5213/6257/3801 5214/6258/3801 5206/6249/3801
f 5206/6249/3802 5214/6258/3802 5215/6259/3802 5207/6250/3802
f 5207/6250/3803 5215/6259/3803 5216/6260/3803 5208/6251/3803
f 5208/6251/3804 5216/6260/3804 5217/6261/3804 5209/6252/3804
f 5209/6253/3805 5217/6262/3805 5218/6263/3805 5210/6254/3805
f 5210/6254/3806 5218/6263/3806 5219/6264/3806 5211/6255/3806
f 5211/6255/3807 5219/6264/3807 5220/6265/3807 5212/6256/3807
f 5212/6256/3808 5220/6265/3808 5213/6257/3808 5205/6248/3808
f 5213/6257/3809 5221/6266/3809 5222/6267/3809 5214/6258/3809
f 5214/6258/3810 5222/6267/3810 5223/6268/3810 5215/6259/3810
f 5215/6259/3811 5223/6268/3811 5224/6269/3811 5216/6260/3811
f 5216/6260/3812 5224/6269/3812 5225/6270/3812 5217/6261/3812
f 5217/6262/3813 5225/6271/3813 5226/6272/3813 5218/6263/3813
f 5218/6263/3814 5226/6272/3814 5227/6273/3814 5219/6264/3814
f 5219/6264/3815 5227/6273/3815 5228/6274/3815 5220/6265/3815
f 5220/6265/3816 5228/6274/3816 5221/6266/3816 5213/6257/3816
f 5221/6266/3817 5229/6275/3817 5230/6276/3817 5222/6267/3817
f 5222/6267/3818 5230/6276/3818 5231/6277/3818 5223/6268/3818
f 5223/6268/3819 5231/6277/3819 5232/6278/3819 5224/6269/3819
f 5224/6269/3820 5232/6278/3820 5233/6279/3820 5225/6270/3820
f 5225/6271/3821 5233/6280/3821 5234/6281/3821 5226/6272/3821
f 5226/6272/3822 5234/6281/3822 5235/6282/3822 5227/6273/3822
f 5227/6273/3823 5235/6282/3823 5236/6283/3823 5228/6274/3823
f 5228/6274/3824 5236/6283/3824 5229/6275/3824 5221/6266/3824
f 5229/6275/3825 5237/6284/3825 5238/6285/3825 5230/6276/3825
f 5230/6276/3826 5238/6285/3826 5239/6286/3826 5231/6277/3826
f 5231/6277/3827 5239/6286/3827 5240/6287/3827 5232/6278/3827
f 5232/6278/3828 5240/6287/3828 5241/6288/3828 5233/6279/3828
f 5233/6280/3829 5241/6289/3829 5242/6290/3829 5234/6281/3829
f 5234/6281/3830 5242/6290/3830 5243/6291/3830 5235/6282/3830
f 5235/6282/3831 5243/6291/3831 5244/6292/3831 5236/6283/3831
f 5236/6283/3832 5244/6292/3832 5237/6284/3832 5229/6275/3832
f 5237/6284/3833 5245/6293/3833 5246/6294/3833 5238/6285/3833
f 5238/6285/3834 5246/6294/3834 5247/6295/3834 5239/6286/3834
f 5239/6286/3835 5247/6295/3835 5248/6296/3835 5240/6287/3835
f 5240/6287/3836 5248/6296/3836 5249/6297/3836 5241/6288/3836
f 5241/6289/3837 5249/6298/3837 5250/6299/3837 5242/6290/3837
f 5242/6290/3838 5250/6299/3838 5251/6300/3838 5243/6291/3838
f 5243/6291/3839 5251/6300/3839 5252/6301/3839 5244/6292/3839
f 5244/6292/3840 5252/6301/3840 5245/6293/3840 5237/6284/3840
f 5245/6293/3841 5253/6302/3841 5254/6303/3841 5246/6294/3841
f 5246/6294/3842 5254/6303/3842 5255/6304/3842 5247/6295/3842
f 5247/6295/3843 5255/6304/3843 5256/6305/3843 5248/6296/3843
f 5248/6296/3844 5256/6305/3844 5257/6306/3844 5249/6297/3844
f 5249/6298/3845 5257/6307/3845 5258/6308/3845 5250/6299/3845
f 5250/6299/3846 5258/6308/3846 5259/6309/3846 5251/6300/3846
f 5251/6300/3847 5259/6309/3847 5260/6310/3847 5252/6301/3847
f 5252/6301/3848 5260/6310/3848 5253/6302/3848 5245/6293/3848
f 5253/6302/3849 5261/6311/3849 5262/6312/3849 5254/6303/3849
f 5254/6303/3850 5262/6312/3850 5263/6313/3850 5255/6304/3850
f 5255/6304/3851 5263/6313/3851 5264/6314/3851 5256/6305/3851
f 5256/6305/3852 5264/6314/3852 5265/6315/3852 5257/6306/3852
f 5257/6307/3853 5265/6316/3853 5266/6317/3853 5258/6308/3853
f 5258/6308/3854 5266/6317/3854 5267/6318/3854 5259/6309/3854
f 5259/6309/3855 5267/6318/3855 5268/6319/3855 5260/6310/3855
f 5260/6310/3856 5268/6319/3856 5261/6311/3856 5253/6302/3856
f 5261/6311/3857 5269/6320/3857 5270/6321/3857 5262/6312/3857
f 5262/6312/3858 5270/6321/3858 5271/6322/3858 5263/6313/3858
f 5263/6313/3859 5271/6322/3859 5272/6323/3859 5264/6314/3859
f 5264/6314/3860 5272/6323/3860 5273/6324/3860 5265/6315/3860
f 5265/6316/3861 5273/6325/3861 5274/6326/3861 5266/6317/3861
f 5266/6317/3862 5274/6326/3862 5275/6327/3862 5267/6318/3862
f 5267/6318/3863 5275/6327/3863 5276/6328/3863 5268/6319/3863
f 5268/6319/3864 5276/6328/3864 5269/6320/3864 5261/6311/3864
f 5269/6320/3865 5277/6329/3865 5278/6330/3865 5270/6321/3865
f 5270/6321/3866 5278/6330/3866 5279/6331/3866 5271/6322/3866
f 5271/6322/3867 5279/6331/3867 5280/6332/3867 5272/6323/3867
f 5272/6323/3868 5280/6332/3868 5281/6333/3868 5273/6324/3868
f 5273/6325/3869 5281/6334/3869 5282/6335/3869 5274/6326/3869
f 5274/6326/3870 5282/6335/3870 5283/6336/3870 5275/6327/3870
f 5275/6327/3871 5283/6336/3871 5284/6337/3871 5276/6328/3871
f 5276/6328/3872 5284/6337/3872 5277/6329/3872 5269/6320/3872
f 5277/6329/3873 5285/6338/3873 5286/6339/3873 5278/6330/3873
f 5278/6330/3874 5286/6339/3874 5287/6340/3874 5279/6331/3874
f 5279/6331/3875 5287/6340/3875 5288/6341/3875 5280/6332/3875
f 5280/6332/3876 5288/6341/3876 5289/6342/3876 5281/6333/3876
f 5281/6334/3877 5289/6343/3877 5290/6344/3877 5282/6335/3877
f 5282/6335/3878 5290/6344/3878 5291/6345/3878 5283/6336/3878
f 5283/6336/3879 5291/6345/3879 5292/6346/3879 5284/6337/3879
f 5284/6337/3880 5292/6346/3880 5285/6338/3880 5277/6329/3880
f 5285/6338/3881 5293/6347/3881 5294/6348/3881 5286/6339/3881
f 5286/6339/3882 5294/6348/3882 5295/6349/3882 5287/6340/3882
f 5287/6340/3883 5295/6349/3883 5296/6350/3883 5288/6341/3883
f 5288/6341/3884 5296/6350/3884 5297/6351/3884 5289/6342/3884
f 5289/6343/3885 5297/6352/3885 5298/6353/3885 5290/6344/3885
f 5290/6344/3886 5298/6353/3886 5299/6354/3886 5291/6345/3886
f 5291/6345/3887 5299/6354/3887 5300/6355/3887 5292/6346/3887
f 5292/6346/3888 5300/6355/3888 5293/6347/3888 5285/6338/3888
f 5293/6347/3889 5301/6356/3889 5302/6357/3889 5294/6348/3889
f 5294/6348/3890 5302/6357/3890 5303/6358/3890 5295/6349/3890
f 5295/6349/3891 5303/6358/3891 5304/6359/3891 5296/6350/3891
f 5296/6350/3892 5304/6359/3892 5305/6360/3892 5297/6351/3892
f 5297/6352/3893 5305/6361/3893 5306/6362/3893 5298/6353/3893
f 5298/6353/3894 5306/6362/3894 5307/6363/3894 5299/6354/3894
f 5299/6354/3895 5307/6363/3895 5308/6364/3895 5300/6355/3895
f 5300/6355/3896 5308/6364/3896 5301/6356/3896 5293/6347/3896
f 5301/6356/3897 5309/6365/3897 5310/6366/3897 5302/6357/3897
f 5302/6357/3898 5310/6366/3898 5311/6367/3898 5303/6358/3898
f 5303/6358/3899 5311/6367/3899 5312/6368/3899 5304/6359/3899
f 5304/6359/3900 5312/6368/3900 5313/6369/3900 5305/6360/3900
f 5305/6361/3901 5313/6370/3901 5314/6371/3901 5306/6362/3901
f 5306/6362/3902 5314/6371/3902 5315/6372/3902 5307/6363/3902
f 5307/6363/3903 5315/6372/3903 5316/6373/3903 5308/6364/3903
f 5308/6364/3904 5316/6373/3904 5309/6365/3904 5301/6356/3904
f 5309/6365/3905 5317/6374/3905 5318/6375/3905 5310/6366/3905
f 5310/6366/3906 5318/6375/3906 5319/6376/3906 5311/6367/3906
f 5311/6367/3907 5319/6376/3907 5320/6377/3907 5312/6368/3907
f 5312/6368/3908 5320/6377/3908 5321/6378/3908 5313/6369/3908
f 5313/6370/3909 5321/6379/3909 5322/6380/3909 5314/6371/3909
f 5314/6371/3910 5322/6380/3910 5323/6381/3910 5315/6372/3910
f 5315/6372/3911 5323/6381/3911 5324/6382/3911 5316/6373/3911
f 5316/6373/3912 5324/6382/3912 5317/6374/3912 5309/6365/3912
f 5317/6374/3913 5325/6383/3913 5326/6384/3913 5318/6375/3913
f 5318/6375/3914 5326/6384/3914 5327/6385/3914 5319/6376/3914
f 5319/6376/3915 5327/6385/3915 5328/6386/3915 5320/6377/3915
f 5320/6377/3916 5328/6386/3916 5329/6387/3916 5321/6378/3916
f 5321/6379/3917 5329/6388/3917 5330/6389/3917 5322/6380/3917
f 5322/6380/3918 5330/6389/3918 5331/6390/3918 5323/6381/3918
f 5323/6381/3919 5331/6390/3919 5332/6391/3919 5324/6382/3919
f 5324/6382/3920 5332/6391/3920 5325/6383/3920 5317/6374/3920
f 5325/6383/3921 5333/6392/3921 5334/6393/3921 5326/6384/3921
f 5326/6384/3922 5334/6393/3922 5335/6394/3922 5327/6385/3922
f 5327/6385/3923 5335/6394/3923 5336/6395/3923 5328/6386/3923
f 5328/6386/3924 5336/6395/3924 5337/6396/3924 5329/6387/3924
f 5329/6388/3925 5337/6397/3925 5338/6398/3925 5330/6389/3925
f 5330/6389/3926 5338/6398/3926 5339/6399/3926 5331/6390/3926
f 5331/6390/3927 5339/6399/3927 5340/6400/3927 5332/6391/3927
f 5332/6391/3928 5340/6400/3928 5333/6392/3928 5325/6383/3928
f 5333/6392/3929 5341/6401/3929 5342/6402/3929 5334/6393/3929
f 5334/6393/3930 5342/6402/3930 5343/6403/3930 5335/6394/3930
f 5335/6394/3931 5343/6403/3931 5344/6404/3931 5336/6395/3931
f 5336/6395/3932 5344/6404/3932 5345/6405/3932 5337/6396/3932
f 5337/6397/3933 5345/6406/3933 5346/6407/3933 5338/6398/3933
f 5338/6398/3934 5346/6407/3934 5347/6408/3934 5339/6399/3934
f 5339/6399/3935 5347/6408/3935 5348/6409/3935 5340/6400/3935
f 5340/6400/3936 5348/6409/3936 5341/6401/3936 5333/6392/3936
f 5341/6401/3937 5349/6410/3937 5350/6411/3937 5342/6402/3937
f 5342/6402/3938 5350/6411/3938 5351/6412/3938 5343/6403/3938
f 5343/6403/3939 5351/6412/3939 5352/6413/3939 5344/6404/3939
f 5344/6404/3940 5352/6413/3940 5353/6414/3940 5345/6405/3940
f 5345/6406/3941 5353/6415/3941 5354/6416/3941 5346/6407/3941
f 5346/6407/3942 5354/6416/3942 5355/6417/3942 5347/6408/3942
f 5347/6408/3943 5355/6417/3943 5356/6418/3943 5348/6409/3943
f 5348/6409/3944 5356/6418/3944 5349/6410/3944 5341/6401/3944
f 5349/6410/3945 5357/6419/3945 5358/6420/3945 5350/6411/3945
f 5350/6411/3946 5358/6420/3946 5359/6421/3946 5351/6412/3946
f 5351/6412/3947 5359/6421/3947 5360/6422/3947 5352/6413/3947
f 5352/6413/3948 5360/6422/3948 5361/6423/3948 5353/6414/3948
f 5353/6415/3949 5361/6424/3949 5362/6425/3949 5354/6416/3949
f 5354/6416/3950 5362/6425/3950 5363/6426/3950 5355/6417/3950
f 5355/6417/3951 5363/6426/3951 5364/6427/3951 5356/6418/3951
f 5356/6418/3952 5364/6427/3952 5357/6419/3952 5349/6410/3952
f 5357/6419/3953 5365/6428/3953 5366/6429/3953 5358/6420/3953
f 5358/6420/3954 5366/6429/3954 5367/6430/3954 5359/6421/3954
f 5359/6421/3955 5367/6430/3955 5368/6431/3955 5360/6422/3955
f 5360/6422/3956 5368/6431/3956 5369/6432/3956 5361/6423/3956
f 5361/6424/3957 5369/6433/3957 5370/6434/3957 5362/6425/3957
f 5362/6425/3958 5370/6434/3958 5371/6435/3958 5363/6426/3958
f 5363/6426/3959 5371/6435/3959 5372/6436/3959 5364/6427/3959
f 5364/6427/3960 5372/6436/3960 5365/6428/3960 5357/6419/3960
f 5365/6428/3961 5373/6437/3961 5374/6438/3961 5366/6429/3961
f 5366/6429/3962 5374/6438/3962 5375/6439/3962 5367/6430/3962
f 5367/6430/3963 5375/6439/3963 5376/6440/3963 5368/6431/3963
f 5368/6431/3964 5376/6440/3964 5377/6441/3964 5369/6432/3964
f 5369/6433/3965 5377/6442/3965 5378/6443/3965 5370/6434/3965
f 5370/6434/3966 5378/6443/3966 5379/6444/3966 5371/6435/3966
f 5371/6435/3967 5379/6444/3967 5380/6445/3967 5372/6436/3967
f 5372/6436/3968 5380/6445/3968 5373/6437/3968 5365/6428/3968
f 5373/6437/3969 5381/6446/3969 5382/6447/3969 5374/6438/3969
f 5374/6438/3970 5382/6447/3970 5383/6448/3970 5375/6439/3970
f 5375/6439/3971 5383/6448/3971 5384/6449/3971 5376/6440/3971
f 5376/6440/3972 5384/6449/3972 5385/6450/3972 5377/6441/3972
f 5377/6442/3973 5385/6451/3973 5386/6452/3973 5378/6443/3973
f 5378/6443/3974 5386/6452/3974 5387/6453/3974 5379/6444/3974
f 5379/6444/3975 5387/6453/3975 5388/6454/3975 5380/6445/3975
f 5380/6445/3976 5388/6454/3976 5381/6446/3976 5373/6437/3976
f 5381/6455/3596 5389/6456/3596 5390/6457/3596 5382/6458/3596
f 5382/6458/3595 5390/6457/3595 5391/6459/3595 5383/6460/3595
f 5383/6460/3594 5391/6459/3594 5392/6461/3594 5384/6462/3594
f 5384/6462/3593 5392/6461/3593 5393/6463/3593 5385/6464/3593
f 5385/6465/3600 5393/6466/3600 5394/6467/3600 5386/6468/3600
f 5386/6468/3599 5394/6467/3599 5395/6469/3599 5387/6470/3599
f 5387/6470/3598 5395/6469/3598 5396/6471/3598 5388/6472/3598
f 5388/6472/3597 5396/6471/3597 5389/6456/3597 5381/6455/3597
f 5389/6456/3604 5397/6473/3604 5398/6474/3604 5390/6457/3604
f 5390/6457/3603 5398/6474/3603 5399/6475/3603 5391/6459/3603
f 5391/6459/3602 5399/6475/3602 5400/6476/3602 5392/6461/3602
f 5392/6461/3601 5400/6476/3601 5401/6477/3601 5393/6463/3601
f 5393/6466/3608 5401/6478/3608 5402/6479/3608 5394/6467/3608
f 5394/6467/3607 5402/6479/3607 5403/6480/3607 5395/6469/3607
f 5395/6469/3606 5403/6480/3606 5404/6481/3606 5396/6471/3606
f 5396/6471/3605 5404/6481/3605 5397/6473/3605 5389/6456/3605
f 5397/6473/3612 5405/6482/3612 5406/6483/3612 5398/6474/3612
f 5398/6474/3611 5406/6483/3611 5407/6484/3611 5399/6475/3611
f 5399/6475/3610 5407/6484/3610 5408/6485/3610 5400/6476/3610
f 5400/6476/3609 5408/6485/3609 5409/6486/3609 5401/6477/3609
f 5401/6478/3616 5409/6487/3616 5410/6488/3616 5402/6479/3616
f 5402/6479/3615 5410/6488/3615 5411/6489/3615 5403/6480/3615
f 5403/6480/3614 5411/6489/3614 5412/6490/3614 5404/6481/3614
f 5404/6481/3613 5412/6490/3613 5405/6482/3613 5397/6473/3613
f 5405/6482/3620 5413/6491/3620 5414/6492/3620 5406/6483/3620
f 5406/6483/3619 5414/6492/3619 5415/6493/3619 5407/6484/3619
f 5407/6484/3618 5415/6493/3618 5416/6494/3618 5408/6485/3618
f 5408/6485/3617 5416/6494/3617 5417/6495/3617 5409/6486/3617
f 5409/6487/3624 5417/6496/3624 5418/6497/3624 5410/6488/3624
f 5410/6488/3623 5418/6497/3623 5419/6498/3623 5411/6489/3623
f 5411/6489/3622 5419/6498/3622 5420/6499/3622 5412/6490/3622
f 5412/6490/3621 5420/6499/3621 5413/6491/3621 5405/6482/3621
f 5413/6491/3628 5421/6500/3628 5422/6501/3628 5414/6492/3628
f 5414/6492/3627 5422/6501/3627 5423/6502/3627 5415/6493/3627
f 5415/6493/3626 5423/6502/3626 5424/6503/3626 5416/6494/3626
f 5416/6494/3625 5424/6503/3625 5425/6504/3625 5417/6495/3625
f 5417/6496/3632 5425/6505/3632 5426/6506/3632 5418/6497/3632
f 5418/6497/3631 5426/6506/3631 5427/6507/3631 5419/6498/3631
f 5419/6498/3630 5427/6507/3630 5428/6508/3630 5420/6499/3630
f 5420/6499/3629 5428/6508/3629 5421/6500/3629 5413/6491/3629
f 5421/6500/3636 5429/6509/3636 5430/6510/3636 5422/6501/3636
f 5422/6501/3635 5430/6510/3635 5431/6511/3635 5423/6502/3635
f 5423/6502/3634 5431/6511/3634 5432/6512/3634 5424/6503/3634
f 5424/6503/3633 5432/6512/3633 5433/6513/3633 5425/6504/3633
f 5425/6505/3640 5433/6514/3640 5434/6515/3640 5426/6506/3640
f 5426/6506/3639 5434/6515/3639 5435/6516/3639 5427/6507/3639
f 5427/6507/3638 5435/6516/3638 5436/6517/3638 5428/6508/3638
f 5428/6508/3637 5436/6517/3637 5429/6509/3637 5421/6500/3637
f 5429/6509/3644 5437/6518/3644 5438/6519/3644 5430/6510/3644
f 5430/6510/3643 5438/6519/3643 5439/6520/3643 5431/6511/3643
f 5431/6511/3642 5439/6520/3642 5440/6521/3642 5432/6512/3642
f 5432/6512/3641 5440/6521/3641 5441/6522/3641 5433/6513/3641
f 5433/6514/3648 5441/6523/3648 5442/6524/3648 5434/6515/3648
f 5434/6515/3647 5442/6524/3647 5443/6525/3647 5435/6516/3647
f 5435/6516/3646 5443/6525/3646 5444/6526/3646 5436/6517/3646
f 5436/6517/3645 5444/6526/3645 5437/6518/3645 5429/6509/3645
f 5437/6518/3652 5445/6527/3652 5446/6528/3652 5438/6519/3652
f 5438/6519/3651 5446/6528/3651 5447/6529/3651 5439/6520/3651
f 5439/6520/3650 5447/6529/3650 5448/6530/3650 5440/6521/3650
f 5440/6521/3649 5448/6530/3649 5449/6531/3649 5441/6522/3649
f 5441/6523/3656 5449/6532/3656 5450/6533/3656 5442/6524/3656
f 5442/6524/3655 5450/6533/3655 5451/6534/3655 5443/6525/3655
f 5443/6525/3654 5451/6534/3654 5452/6535/3654 5444/6526/3654
f 5444/6526/3653 5452/6535/3653 5445/6527/3653 5437/6518/3653
f 5445/6527/3660 5453/6536/3660 5454/6537/3660 5446/6528/3660
f 5446/6528/3659 5454/6537/3659 5455/6538/3659 5447/6529/3659
f 5447/6529/3658 5455/6538/3658 5456/6539/3658 5448/6530/3658
f 5448/6530/3657 5456/6539/3657 5457/6540/3657 5449/6531/3657
f 5449/6532/3664 5457/6541/3664 5458/6542/3664 5450/6533/3664
f 5450/6533/3663 5458/6542/3663 5459/6543/3663 5451/6534/3663
f 5451/6534/3662 5459/6543/3662 5460/6544/3662 5452/6535/3662
f 5452/6535/3661 5460/6544/3661 5453/6536/3661 5445/6527/3661
f 5453/6536/3668 5461/6545/3668 5462/6546/3668 5454/6537/3668
f 5454/6537/3667 5462/6546/3667 5463/6547/3667 5455/6538/3667
f 5455/6538/3666 5463/6547/3666 5464/6548/3666 5456/6539/3666
f 5456/6539/3665 5464/6548/3665 5465/6549/3665 5457/6540/3665
f 5457/6541/3672 5465/6550/3672 5466/6551/3672 5458/6542/3672
f 5458/6542/3671 5466/6551/3671 5467/6552/3671 5459/6543/3671
f 5459/6543/3670 5467/6552/3670 5468/6553/3670 5460/6544/3670
f 5460/6544/3669 5468/6553/3669 5461/6545/3669 5453/6536/3669
f 5461/6545/3676 5469/6554/3676 5470/6555/3676 5462/6546/3676
f 5462/6546/3675 5470/6555/3675 5471/6556/3675 5463/6547/3675
f 5463/6547/3674 5471/6556/3674 5472/6557/3674 5464/6548/3674
f 5464/6548/3673 5472/6557/3673 5473/6558/3673 5465/6549/3673
f 5465/6550/3680 5473/6559/3680 5474/6560/3680 5466/6551/3680
f 5466/6551/3679 5474/6560/3679 5475/6561/3679 5467/6552/3679
f 5467/6552/3678 5475/6561/3678 5476/6562/3678 5468/6553/3678
f 5468/6553/3677 5476/6562/3677 5469/6554/3677 5461/6545/3677
f 5469/6554/3684 5477/6563/3684 5478/6564/3684 5470/6555/3684
f 5470/6555/3683 5478/6564/3683 5479/6565/3683 5471/6556/3683
f 5471/6556/3682 5479/6565/3682 5480/6566/3682 5472/6557/3682
f 5472/6557/3681 5480/6566/3681 5481/6567/3681 5473/6558/3681
f 5473/6559/3688 5481/6568/3688 5482/6569/3688 5474/6560/3688
f 5474/6560/3687 5482/6569/3687 5483/6570/3687 5475/6561/3687
f 5475/6561/3686 5483/6570/3686 5484/6571/3686 5476/6562/3686
f 5476/6562/3685 5484/6571/3685 5477/6563/3685 5469/6554/3685
f 5477/6563/3692 5485/6572/3692 5486/6573/3692 5478/6564/3692
f 5478/6564/3691 5486/6573/3691 5487/6574/3691 5479/6565/3691
f 5479/6565/3690 5487/6574/3690 5488/6575/3690 5480/6566/3690
f 5480/6566/3689 5488/6575/3689 5489/6576/3689 5481/6567/3689
f 5481/6568/3696 5489/6577/3696 5490/6578/3696 5482/6569/3696
f 5482/6569/3695 5490/6578/3695 5491/6579/3695 5483/6570/3695
f 5483/6570/3694 5491/6579/3694 5492/6580/3694 5484/6571/3694
f 5484/6571/3693 5492/6580/3693 5485/6572/3693 5477/6563/3693
f 5485/6572/3700 5493/6581/3700 5494/6582/3700 5486/6573/3700
f 5486/6573/3699 5494/6582/3699 5495/6583/3699 5487/6574/3699
f 5487/6574/3698 5495/6583/3698 5496/6584/3698 5488/6575/3698
f 5488/6575/3697 5496/6584/3697 5497/6585/3697 5489/6576/3697
f 5489/6577/3704 5497/6586/3704 5498/6587/3704 5490/6578/3704
f 5490/6578/3703 5498/6587/3703 5499/6588/3703 5491/6579/3703
f 5491/6579/3702 5499/6588/3702 5500/6589/3702 5492/6580/3702
f 5492/6580/3701 5500/6589/3701 5493/6581/3701 5485/6572/3701
f 5493/6581/3708 5501/6590/3708 5502/6591/3708 5494/6582/3708
f 5494/6582/3707 5502/6591/3707 5503/6592/3707 5495/6583/3707
f 5495/6583/3706 5503/6592/3706 5504/6593/3706 5496/6584/3706
f 5496/6584/3705 5504/6593/3705 5505/6594/3705 5497/6585/3705
f 5497/6586/3712 5505/6595/3712 5506/6596/3712 5498/6587/3712
f 5498/6587/3711 5506/6596/3711 5507/6597/3711 5499/6588/3711
f 5499/6588/3710 5507/6597/3710 5508/6598/3710 5500/6589/3710
f 5500/6589/3709 5508/6598/3709 5501/6590/3709 5493/6581/3709
f 5501/6590/3716 5509/6599/3716 5510/6600/3716 5502/6591/3716
f 5502/6591/3715 5510/6600/3715 5511/6601/3715 5503/6592/3715
f 5503/6592/3714 5511/6601/3714 5512/6602/3714 5504/6593/3714
f 5504/6593/3713 5512/6602/3713 5513/6603/3713 5505/6594/3713
f 5505/6595/3720 5513/6604/3720 5514/6605/3720 5506/6596/3720
f 5506/6596/3719 5514/6605/3719 5515/6606/3719 5507/6597/3719
f 5507/6597/3718 5515/6606/3718 5516/6607/3718 5508/6598/3718
f 5508/6598/3717 5516/6607/3717 5509/6599/3717 5501/6590/3717
f 5509/6599/3724 5517/6608/3724 5518/6609/3724 5510/6600/3724
f 5510/6600/3723 5518/6609/3723 5519/6610/3723 5511/6601/3723
f 5511/6601/3722 5519/6610/3722 5520/6611/3722 5512/6602/3722
f 5512/6602/3721 5520/6611/3721 5521/6612/3721 5513/6603/3721
f 5513/6604/3728 5521/6613/3728 5522/6614/3728 5514/6605/3728
f 5514/6605/3727 5522/6614/3727 5523/6615/3727 5515/6606/3727
f 5515/6606/3726 5523/6615/3726 5524/6616/3726 5516/6607/3726
f 5516/6607/3725 5524/6616/3725 5517/6608/3725 5509/6599/3725
f 5517/6608/3732 5525/6617/3732 5526/6618/3732 5518/6609/3732
f 5518/6609/3731 5526/6618/3731 5527/6619/3731 5519/6610/3731
f 5519/6610/3730 5527/6619/3730 5528/6620/3730 5520/6611/3730
f 5520/6611/3729 5528/6620/3729 5529/6621/3729 5521/6612/3729
f 5521/6613/3736 5529/6622/3736 5530/6623/3736 5522/6614/3736
f 5522/6614/3735 5530/6623/3735 5531/6624/3735 5523/6615/3735
f 5523/6615/3734 5531/6624/3734 5532/6625/3734 5524/6616/3734
f 5524/6616/3733 5532/6625/3733 5525/6617/3733 5517/6608/3733
f 5525/6617/3740 5533/6626/3740 5534/6627/3740 5526/6618/3740
f 5526/6618/3739 5534/6627/3739 5535/6628/3739 5527/6619/3739
f 5527/6619/3738 5535/6628/3738 5536/6629/3738 5528/6620/3738
f 5528/6620/3737 5536/6629/3737 5537/6630/3737 5529/6621/3737
f 5529/6622/3744 5537/6631/3744 5538/6632/3744 5530/6623/3744
f 5530/6623/3743 5538/6632/3743 5539/6633/3743 5531/6624/3743
f 5531/6624/3742 5539/6633/3742 5540/6634/3742 5532/6625/3742
f 5532/6625/3741 5540/6634/3741 5533/6626/3741 5525/6617/3741
f 5533/6626/3748 5541/6635/3748 5542/6636/3748 5534/6627/3748
f 5534/6627/3747 5542/6636/3747 5543/6637/3747 5535/6628/3747
f 5535/6628/3746 5543/6637/3746 5544/6638/3746 5536/6629/3746
f 5536/6629/3745 5544/6638/3745 5545/6639/3745 5537/6630/3745
f 5537/6631/3752 5545/6640/3752 5546/6641/3752 5538/6632/3752
f 5538/6632/3751 5546/6641/3751 5547/6642/3751 5539/6633/3751
f 5539/6633/3750 5547/6642/3750 5548/6643/3750 5540/6634/3750
f 5540/6634/3749 5548/6643/3749 5541/6635/3749 5533/6626/3749
f 5541/6635/3756 5549/6644/3756 5550/6645/3756 5542/6636/3756
f 5542/6636/3755 5550/6645/3755 5551/6646/3755 5543/6637/3755
f 5543/6637/3754 5551/6646/3754 5552/6647/3754 5544/6638/3754
f 5544/6638/3753 5552/6647/3753 5553/6648/3753 5545/6639/3753
f 5545/6640/3760 5553/6649/3760 5554/6650/3760 5546/6641/3760
f 5546/6641/3759 5554/6650/3759 5555/6651/3759 5547/6642/3759
f 5547/6642/3758 5555/6651/3758 5556/6652/3758 5548/6643/3758
f 5548/6643/3757 5556/6652/3757 5549/6644/3757 5541/6635/3757
f 5549/6644/3764 5557/6653/3764 5558/6654/3764 5550/6645/3764
f 5550/6645/3763 5558/6654/3763 5559/6655/3763 5551/6646/3763
f 5551/6646/3762 5559/6655/3762 5560/6656/3762 5552/6647/3762
f 5552/6647/3761 5560/6656/3761 5561/6657/3761 5553/6648/3761
f 5553/6649/3768 5561/6658/3768 5562/6659/3768 5554/6650/3768
f 5554/6650/3767 5562/6659/3767 5563/6660/3767 5555/6651/3767
f 5555/6651/3766 5563/6660/3766 5564/6661/3766 5556/6652/3766
f 5556/6652/3765 5564/6661/3765 5557/6653/3765 5549/6644/3765
f 5557/6653/3772 5565/6662/3772 5566/6663/3772 5558/6654/3772
f 5558/6654/3771 5566/6663/3771 5567/6664/3771 5559/6655/3771
f 5559/6655/3770 5567/6664/3770 5568/6665/3770 5560/6656/3770
f 5560/6656/3769 5568/6665/3769 5569/6666/3769 5561/6657/3769
f 5561/6658/3776 5569/6667/3776 5570/6668/3776 5562/6659/3776
f 5562/6659/3775 5570/6668/3775 5571/6669/3775 5563/6660/3775
f 5563/6660/3774 5571/6669/3774 5572/6670/3774 5564/6661/3774
f 5564/6661/3773 5572/6670/3773 5565/6662/3773 5557/6653/3773
f 5565/6662/3780 5573/6671/3780 5574/6672/3780 5566/6663/3780
f 5566/6663/3779 5574/6672/3779 5575/6673/3779 5567/6664/3779
f 5567/6664/3778 5575/6673/3778 5576/6674/3778 5568/6665/3778
f 5568/6665/3777 5576/6674/3777 5577/6675/3777 5569/6666/3777
f 5569/6667/3784 5577/6676/3784 5578/6677/3784 5570/6668/3784
f 5570/6668/3783 5578/6677/3783 5579/6678/3783 5571/6669/3783
f 5571/6669/3782 5579/6678/3782 5580/6679/3782 5572/6670/3782
f 5572/6670/3781 5580/6679/3781 5573/6671/3781 5565/6662/3781
f 5573/6671/3788 5581/6680/3788 5582/6681/3788 5574/6672/3788
f 5574/6672/3787 5582/6681/3787 5583/6682/3787 5575/6673/3787
f 5575/6673/3786 5583/6682/3786 5584/6683/3786 5576/6674/3786
f 5576/6674/3785 5584/6683/3785 5585/6684/3785 5577/6675/3785
f 5577/6676/3792 5585/6685/3792 5586/6686/3792 5578/6677/3792
f 5578/6677/3791 5586/6686/3791 5587/6687/3791 5579/6678/3791
f 5579/6678/3790 5587/6687/3790 5588/6688/3790 5580/6679/3790
f 5580/6679/3789 5588/6688/3789 5581/6680/3789 5573/6671/3789
f 5581/6680/3796 5589/6689/3796 5590/6690/3796 5582/6681/3796
f 5582/6681/3795 5590/6690/3795 5591/6691/3795 5583/6682/3795
f 5583/6682/3794 5591/6691/3794 5592/6692/3794 5584/6683/3794
f 5584/6683/3793 5592/6692/3793 5593/6693/3793 5585/6684/3793
f 5585/6685/3800 5593/6694/3800 5594/6695/3800 5586/6686/3800
f 5586/6686/3799 5594/6695/3799 5595/6696/3799 5587/6687/3799
f 5587/6687/3798 5595/6696/3798 5596/6697/3798 5588/6688/3798
f 5588/6688/3797 5596/6697/3797 5589/6689/3797 5581/6680/3797
f 5589/6689/3804 5597/6698/3804 5598/6699/3804 5590/6690/3804
f 5590/6690/3803 5598/6699/3803 5599/6700/3803 5591/6691/3803
f 5591/6691/3802 5599/6700/3802 5600/6701/3802 5592/6692/3802
f 5592/6692/3801 5600/6701/3801 5601/6702/3801 5593/6693/3801
f 5593/6694/3808 5601/6703/3808 5602/6704/3808 5594/6695/3808
f 5594/6695/3807 5602/6704/3807 5603/6705/3807 5595/6696/3807
f 5595/6696/3806 5603/6705/3806 5604/6706/3806 5596/6697/3806
f 5596/6697/3805 5604/6706/3805 5597/6698/3805 5589/6689/3805
f 5597/6698/3812 5605/6707/3812 5606/6708/3812 5598/6699/3812
f 5598/6699/3811 5606/6708/3811 5607/6709/3811 5599/6700/3811
f 5599/6700/3810 5607/6709/3810 5608/6710/3810 5600/6701/3810
f 5600/6701/3809 5608/6710/3809 5609/6711/3809 5601/6702/3809
f 5601/6703/3816 5609/6712/3816 5610/6713/3816 5602/6704/3816
f 5602/6704/3815 5610/6713/3815 5611/6714/3815 5603/6705/3815
f 5603/6705/3814 5611/6714/3814 5612/6715/3814 5604/6706/3814
f 5604/6706/3813 5612/6715/3813 5605/6707/3813 5597/6698/3813
f 5605/6707/3820 5613/6716/3820 5614/6717/3820 5606/6708/3820
f 5606/6708/3819 5614/6717/3819 5615/6718/3819 5607/6709/3819
f 5607/6709/3818 5615/6718/3818 5616/6719/3818 5608/6710/3818
f 5608/6710/3817 5616/6719/3817 5617/6720/3817 5609/6711/3817
f 5609/6712/3824 5617/6721/3824 5618/6722/3824 5610/6713/3824
f 5610/6713/3823 5618/6722/3823 5619/6723/3823 5611/6714/3823
f 5611/6714/3822 5619/6723/3822 5620/6724/3822 5612/6715/3822
f 5612/6715/3821 5620/6724/3821 5613/6716/3821 5605/6707/3821
f 5613/6716/3828 5621/6725/3828 5622/6726/3828 5614/6717/3828
f 5614/6717/3827 5622/6726/3827 5623/6727/3827 5615/6718/3827
f 5615/6718/3826 5623/6727/3826 5624/6728/3826 5616/6719/3826
f 5616/6719/3825 5624/6728/3825 5625/6729/3825 5617/6720/3825
f 5617/6721/3832 5625/6730/3832 5626/6731/3832 5618/6722/3832
f 5618/6722/3831 5626/6731/3831 5627/6732/3831 5619/6723/3831
f 5619/6723/3830 5627/6732/3830 5628/6733/3830 5620/6724/3830
f 5620/6724/3829 5628/6733/3829 5621/6725/3829 5613/6716/3829
f 5621/6725/3836 5629/6734/3836 5630/6735/3836 5622/6726/3836
f 5622/6726/3835 5630/6735/3835 5631/6736/3835 5623/6727/3835
f 5623/6727/3834 5631/6736/3834 5632/6737/3834 5624/6728/3834
f 5624/6728/3833 5632/6737/3833 5633/6738/3833 5625/6729/3833
f 5625/6730/3840 5633/6739/3840 5634/6740/3840 5626/6731/3840
f 5626/6731/3839 5634/6740/3839 5635/6741/3839 5627/6732/3839
f 5627/6732/3838 5635/6741/3838 5636/6742/3838 5628/6733/3838
f 5628/6733/3837 5636/6742/3837 5629/6734/3837 5621/6725/3837
f 5629/6734/3844 5637/6743/3844 5638/6744/3844 5630/6735/3844
f 5630/6735/3843 5638/6744/3843 5639/6745/3843 5631/6736/3843
f 5631/6736/3842 5639/6745/3842 5640/6746/3842 5632/6737/3842
f 5632/6737/3841 5640/6746/3841 5641/6747/3841 5633/6738/3841
f 5633/6739/3848 5641/6748/3848 5642/6749/3848 5634/6740/3848
f 5634/6740/3847 5642/6749/3847 5643/6750/3847 5635/6741/3847
f 5635/6741/3846 5643/6750/3846 5644/6751/3846 5636/6742/3846
f 5636/6742/3845 5644/6751/3845 5637/6743/3845 5629/6734/3845
f 5637/6743/3852 5645/6752/3852 5646/6753/3852 5638/6744/3852
f 5638/6744/3851 5646/6753/3851 5647/6754/3851 5639/6745/3851
f 5639/6745/3850 5647/6754/3850 5648/6755/3850 5640/6746/3850
f 5640/6746/3849 5648/6755/3849 5649/6756/3849 5641/6747/3849
f 5641/6748/3856 5649/6757/3856 5650/6758/3856 5642/6749/3856
f 5642/6749/3855 5650/6758/3855 5651/6759/3855 5643/6750/3855
f 5643/6750/3854 5651/6759/3854 5652/6760/3854 5644/6751/3854
f 5644/6751/3853 5652/6760/3853 5645/6752/3853 5637/6743/3853
f 5645/6752/3860 5653/6761/3860 5654/6762/3860 5646/6753/3860
f 5646/6753/3859 5654/6762/3859 5655/6763/3859 5647/6754/3859
f 5647/6754/3858 5655/6763/3858 5656/6764/3858 5648/6755/3858
f 5648/6755/3857 5656/6764/3857 5657/6765/3857 5649/6756/3857
f 5649/6757/3864 5657/6766/3864 5658/6767/3864 5650/6758/3864
f 5650/6758/3863 5658/6767/3863 5659/6768/3863 5651/6759/3863
f 5651/6759/3862 5659/6768/3862 5660/6769/3862 5652/6760/3862
f 5652/6760/3861 5660/6769/3861 5653/6761/3861 5645/6752/3861
f 5653/6761/3868 5661/6770/3868 5662/6771/3868 5654/6762/3868
f 5654/6762/3867 5662/6771/3867 5663/6772/3867 5655/6763/3867
f 5655/6763/3866 5663/6772/3866 5664/6773/3866 5656/6764/3866
f 5656/6764/3865 5664/6773/3865 5665/6774/3865 5657/6765/3865
f 5657/6766/3872 5665/6775/3872 5666/6776/3872 5658/6767/3872
f 5658/6767/3871 5666/6776/3871 5667/6777/3871 5659/6768/3871
f 5659/6768/3870 5667/6777/3870 5668/6778/3870 5660/6769/3870
f 5660/6769/3869 5668/6778/3869 5661/6770/3869 5653/6761/3869
f 5661/6770/3876 5669/6779/3876 5670/6780/3876 5662/6771/3876
f 5662/6771/3875 5670/6780/3875 5671/6781/3875 5663/6772/3875
f 5663/6772/3874 5671/6781/3874 5672/6782/3874 5664/6773/3874
f 5664/6773/3873 5672/6782/3873 5673/6783/3873 5665/6774/3873
f 5665/6775/3880 5673/6784/3880 5674/6785/3880 5666/6776/3880
f 5666/6776/3879 5674/6785/3879 5675/6786/3879 5667/6777/3879
f 5667/6777/3878 5675/6786/3878 5676/6787/3878 5668/6778/3878
f 5668/6778/3877 5676/6787/3877 5669/6779/3877 5661/6770/3877
f 5669/6779/3884 5677/6788/3884 5678/6789/3884 5670/6780/3884
f 5670/6780/3883 5678/6789/3883 5679/6790/3883 5671/6781/3883
f 5671/6781/3882 5679/6790/3882 5680/6791/3882 5672/6782/3882
f 5672/6782/3881 5680/6791/3881 5681/6792/3881 5673/6783/3881
f 5673/6784/3888 5681/6793/3888 5682/6794/3888 5674/6785/3888
f 5674/6785/3887 5682/6794/3887 5683/6795/3887 5675/6786/3887
f 5675/6786/3886 5683/6795/3886 5684/6796/3886 5676/6787/3886
f 5676/6787/3885 5684/6796/3885 5677/6788/3885 5669/6779/3885
f 5677/6788/3892 5685/6797/3892 5686/6798/3892 5678/6789/3892
f 5678/6789/3891 5686/6798/3891 5687/6799/3891 5679/6790/3891
f 5679/6790/3890 5687/6799/3890 5688/6800/3890 5680/6791/3890
f 5680/6791/3889 5688/6800/3889 5689/6801/3889 5681/6792/3889
f 5681/6793/3896 5689/6802/3896 5690/6803/3896 5682/6794/3896
f 5682/6794/3895 5690/6803/3895 5691/6804/3895 5683/6795/3895
f 5683/6795/3894 5691/6804/3894 5692/6805/3894 5684/6796/3894
f 5684/6796/3893 5692/6805/3893 5685/6797/3893 5677/6788/3893
f 5685/6797/3900 5693/6806/3900 5694/6807/3900 5686/6798/3900
f 5686/6798/3899 5694/6807/3899 5695/6808/3899 5687/6799/3899
f 5687/6799/3898 5695/6808/3898 5696/6809/3898 5688/6800/3898
f 5688/6800/3897 5696/6809/3897 5697/6810/3897 5689/6801/3897
f 5689/6802/3904 5697/6811/3904 5698/6812/3904 5690/6803/3904
f 5690/6803/3903 5698/6812/3903 5699/6813/3903 5691/6804/3903
f 5691/6804/3902 5699/6813/3902 5700/6814/3902 5692/6805/3902
f 5692/6805/3901 5700/6814/3901 5693/6806/3901 5685/6797/3901
f 5693/6806/3908 5701/6815/3908 5702/6816/3908 5694/6807/3908
f 5694/6807/3907 5702/6816/3907 5703/6817/3907 5695/6808/3907
f 5695/6808/3906 5703/6817/3906 5704/6818/3906 5696/6809/3906
f 5696/6809/3905 5704/6818/3905 5705/6819/3905 5697/6810/3905
f 5697/6811/3912 5705/6820/3912 5706/6821/3912 5698/6812/3912
f 5698/6812/3911 5706/6821/3911 5707/6822/3911 5699/6813/3911
f 5699/6813/3910 5707/6822/3910 5708/6823/3910 5700/6814/3910
f 5700/6814/3909 5708/6823/3909 5701/6815/3909 5693/6806/3909
f 5701/6815/3916 5709/6824/3916 5710/6825/3916 5702/6816/3916
f 5702/6816/3915 5710/6825/3915 5711/6826/3915 5703/6817/3915
f 5703/6817/3914 5711/6826/3914 5712/6827/3914 5704/6818/3914
f 5704/6818/3913 5712/6827/3913 5713/6828/3913 5705/6819/3913
f 5705/6820/3920 5713/6829/3920 5714/6830/3920 5706/6821/3920
f 5706/6821/3919 5714/6830/3919 5715/6831/3919 5707/6822/3919
f 5707/6822/3918 5715/6831/3918 5716/6832/3918 5708/6823/3918
f 5708/6823/3917 5716/6832/3917 5709/6824/3917 5701/6815/3917
f 5709/6824/3924 5717/6833/3924 5718/6834/3924 5710/6825/3924
f 5710/6825/3923 5718/6834/3923 5719/6835/3923 5711/6826/3923
f 5711/6826/3922 5719/6835/3922 5720/6836/3922 5712/6827/3922
f 5712/6827/3921 5720/6836/3921 5721/6837/3921 5713/6828/3921
f 5713/6829/3928 5721/6838/3928 5722/6839/3928 5714/6830/3928
f 5714/6830/3927 5722/6839/3927 5723/6840/3927 5715/6831/3927
f 5715/6831/3926 5723/6840/3926 5724/6841/3926 5716/6832/3926
f 5716/6832/3925 5724/6841/3925 5717/6833/3925 5709/6824/3925
f 5717/6833/3932 5725/6842/3932 5726/6843/3932 5718/6834/3932
f 5718/6834/3931 5726/6843/3931 5727/6844/3931 5719/6835/3931
f 5719/6835/3930 5727/6844/3930 5728/6845/3930 5720/6836/3930
f 5720/6836/3929 5728/6845/3929 5729/6846/3929 5721/6837/3929
f 5721/6838/3936 5729/6847/3936 5730/6848/3936 5722/6839/3936
f 5722/6839/3935 5730/6848/3935 5731/6849/3935 5723/6840/3935
f 5723/6840/3934 5731/6849/3934 5732/6850/3934 5724/6841/3934
f 5724/6841/3933 5732/6850/3933 5725/6842/3933 5717/6833/3933
f 5725/6842/3940 5733/6851/3940 5734/6852/3940 5726/6843/3940
f 5726/6843/3939 5734/6852/3939 5735/6853/3939 5727/6844/3939
f 5727/6844/3938 5735/6853/3938 5736/6854/3938 5728/6845/3938
f 5728/6845/3937 5736/6854/3937 5737/6855/3937 5729/6846/3937
f 5729/6847/3944 5737/6856/3944 5738/6857/3944 5730/6848/3944
f 5730/6848/3943 5738/6857/3943 5739/6858/3943 5731/6849/3943
f 5731/6849/3942 5739/6858/3942 5740/6859/3942 5732/6850/3942
f 5732/6850/3941 5740/6859/3941 5733/6851/3941 5725/6842/3941
f 5733/6851/3948 5741/6860/3948 5742/6861/3948 5734/6852/3948
f 5734/6852/3947 5742/6861/3947 5743/6862/3947 5735/6853/3947
f 5735/6853/3946 5743/6862/3946 5744/6863/3946 5736/6854/3946
f 5736/6854/3945 5744/6863/3945 5745/6864/3945 5737/6855/3945
f 5737/6856/3952 5745/6865/3952 5746/6866/3952 5738/6857/3952
f 5738/6857/3951 5746/6866/3951 5747/6867/3951 5739/6858/3951
f 5739/6858/3950 5747/6867/3950 5748/6868/3950 5740/6859/3950
f 5740/6859/3949 5748/6868/3949 5741/6860/3949 5733/6851/3949
f 5741/6860/3956 5749/6869/3956 5750/6870/3956 5742/6861/3956
f 5742/6861/3955 5750/6870/3955 5751/6871/3955 5743/6862/3955
f 5743/6862/3954 5751/6871/3954 5752/6872/3954 5744/6863/3954
f 5744/6863/3953 5752/6872/3953 5753/6873/3953 5745/6864/3953
f 5745/6865/3960 5753/6874/3960 5754/6875/3960 5746/6866/3960
f 5746/6866/3959 5754/6875/3959 5755/6876/3959 5747/6867/3959
f 5747/6867/3958 5755/6876/3958 5756/6877/3958 5748/6868/3958
f 5748/6868/3957 5756/6877/3957 5749/6869/3957 5741/6860/3957
f 5749/6869/3964 5757/6878/3964 5758/6879/3964 5750/6870/3964
f 5750/6870/3963 5758/6879/3963 5759/6880/3963 5751/6871/3963
f 5751/6871/3962 5759/6880/3962 5760/6881/3962 5752/6872/3962
f 5752/6872/3961 5760/6881/3961 5761/6882/3961 5753/6873/3961
f 5753/6874/3968 5761/6883/3968 5762/6884/3968 5754/6875/3968
f 5754/6875/3967 5762/6884/3967 5763/6885/3967 5755/6876/3967
f 5755/6876/3966 5763/6885/3966 5764/6886/3966 5756/6877/3966
f 5756/6877/3965 5764/6886/3965 5757/6878/3965 5749/6869/3965
f 5757/6878/3972 4997/6014/3972 4998/6017/3972 5758/6879/3972
f 5758/6879/3971 4998/6017/3971 4999/6019/3971 5759/6880/3971
f 5759/6880/3970 4999/6019/3970 5000/6021/3970 5760/6881/3970
f 5760/6881/3969 5000/6021/3969 5001/6023/3969 5761/6882/3969
f 5761/6883/3976 5001/6024/3976 5002/6027/3976 5762/6884/3976
f 5762/6884/3975 5002/6027/3975 5003/6029/3975 5763/6885/3975
f 5763/6885/3974 5003/6029/3974 5004/6031/3974 5764/6886/3974
f 5764/6886/3973 5004/6031/3973 4997/6014/3973 5757/6878/3973
o DL_Core_Crystal_Prism
v 0.000000 6.250000 -1.150000
v 0.000000 10.049999 -0.200000
v 0.995929 6.250000 -0.575000
v 0.173205 10.049999 -0.100000
v 0.995929 6.250000 0.575000
v 0.173205 10.049999 0.100000
v 0.000000 6.250000 1.150000
v 0.000000 10.049999 0.200000
v -0.995929 6.250000 0.575000
v -0.173205 10.049999 0.100000
v -0.995929 6.250000 -0.575000
v -0.173205 10.049999 -0.100000
vn 0.4887 0.2116 -0.8464
vn 0.9774 0.2116 -0.0000
vn 0.4887 0.2116 0.8464
vn -0.4887 0.2116 0.8464
vn -0.0000 1.0000 -0.0000
vn -0.9774 0.2116 -0.0000
vn -0.4887 0.2116 -0.8464
vn -0.0000 -1.0000 -0.0000
vt 1.000000 0.500000
vt 1.000000 1.000000
vt 0.833333 1.000000
vt 0.833333 0.500000
vt 0.666667 1.000000
vt 0.666667 0.500000
vt 0.500000 1.000000
vt 0.500000 0.500000
vt 0.333333 1.000000
vt 0.333333 0.500000
vt 0.457846 0.370000
vt 0.250000 0.490000
vt 0.042154 0.370000
vt 0.042154 0.130000
vt 0.250000 0.010000
vt 0.457846 0.130000
vt 0.166667 1.000000
vt 0.166667 0.500000
vt -0.000000 1.000000
vt -0.000000 0.500000
vt 0.750000 0.490000
vt 0.957846 0.370000
vt 0.957846 0.130000
vt 0.750000 0.010000
vt 0.542154 0.130000
vt 0.542154 0.370000
s 0
usemtl DL2_IceBlue
f 5765/6887/3977 5766/6888/3977 5768/6889/3977 5767/6890/3977
f 5767/6890/3978 5768/6889/3978 5770/6891/3978 5769/6892/3978
f 5769/6892/3979 5770/6891/3979 5772/6893/3979 5771/6894/3979
f 5771/6894/3980 5772/6893/3980 5774/6895/3980 5773/6896/3980
f 5768/6897/3981 5766/6898/3981 5776/6899/3981 5774/6900/3981 5772/6901/3981 5770/6902/3981
f 5773/6896/3982 5774/6895/3982 5776/6903/3982 5775/6904/3982
f 5775/6904/3983 5776/6903/3983 5766/6905/3983 5765/6906/3983
f 5765/6907/3984 5767/6908/3984 5769/6909/3984 5771/6910/3984 5773/6911/3984 5775/6912/3984
o DL_Core_Crystal_Inverted
v 0.000000 4.800000 -0.200000
v 0.000000 7.400000 -0.950000
v 0.173205 4.800000 -0.100000
v 0.822724 7.400000 -0.475000
v 0.173205 4.800000 0.100000
v 0.822724 7.400000 0.475000
v 0.000000 4.800000 0.200000
v 0.000000 7.400000 0.950000
v -0.173205 4.800000 0.100000
v -0.822724 7.400000 0.475000
v -0.173205 4.800000 -0.100000
v -0.822724 7.400000 -0.475000
vn 0.4851 -0.2424 -0.8402
vn 0.9702 -0.2424 -0.0000
vn 0.4851 -0.2424 0.8402
vn -0.4851 -0.2424 0.8402
vn -0.0000 1.0000 -0.0000
vn -0.9702 -0.2424 -0.0000
vn -0.4851 -0.2424 -0.8402
vn -0.0000 -1.0000 -0.0000
vt 1.000000 0.500000
vt 1.000000 1.000000
vt 0.833333 1.000000
vt 0.833333 0.500000
vt 0.666667 1.000000
vt 0.666667 0.500000
vt 0.500000 1.000000
vt 0.500000 0.500000
vt 0.333333 1.000000
vt 0.333333 0.500000
vt 0.457846 0.370000
vt 0.250000 0.490000
vt 0.042154 0.370000
vt 0.042154 0.130000
vt 0.250000 0.010000
vt 0.457846 0.130000
vt 0.166667 1.000000
vt 0.166667 0.500000
vt -0.000000 1.000000
vt -0.000000 0.500000
vt 0.750000 0.490000
vt 0.957846 0.370000
vt 0.957846 0.130000
vt 0.750000 0.010000
vt 0.542154 0.130000
vt 0.542154 0.370000
s 0
usemtl DL2_IceBlue
f 5777/6913/3985 5778/6914/3985 5780/6915/3985 5779/6916/3985
f 5779/6916/3986 5780/6915/3986 5782/6917/3986 5781/6918/3986
f 5781/6918/3987 5782/6917/3987 5784/6919/3987 5783/6920/3987
f 5783/6920/3988 5784/6919/3988 5786/6921/3988 5785/6922/3988
f 5780/6923/3989 5778/6924/3989 5788/6925/3989 5786/6926/3989 5784/6927/3989 5782/6928/3989
f 5785/6922/3990 5786/6921/3990 5788/6929/3990 5787/6930/3990
f 5787/6930/3991 5788/6929/3991 5778/6931/3991 5777/6932/3991
f 5777/6933/3992 5779/6934/3992 5781/6935/3992 5783/6936/3992 5785/6937/3992 5787/6938/3992
o DL_Fate_Ring_ShortPillar_0
v 5.220000 5.900000 0.240000
v 5.220000 5.940000 0.280000
v 5.180000 5.940000 0.240000
v 5.220000 5.911716 0.268284
v 5.196906 5.916906 0.263094
v 5.191716 5.940000 0.268284
v 5.191716 5.911716 0.240000
v 5.220000 7.960000 0.280000
v 5.220000 8.000000 0.240000
v 5.180000 7.960000 0.240000
v 5.220000 7.988284 0.268284
v 5.196906 7.983094 0.263094
v 5.191716 7.988284 0.240000
v 5.191716 7.960000 0.268284
v 5.220000 5.900000 -0.240000
v 5.180000 5.940000 -0.240000
v 5.220000 5.940000 -0.280000
v 5.191716 5.911716 -0.240000
v 5.196906 5.916906 -0.263094
v 5.191716 5.940000 -0.268284
v 5.220000 5.911716 -0.268284
v 5.220000 8.000000 -0.240000
v 5.220000 7.960000 -0.280000
v 5.180000 7.960000 -0.240000
v 5.220000 7.988284 -0.268284
v 5.196906 7.983094 -0.263094
v 5.191716 7.960000 -0.268284
v 5.191716 7.988284 -0.240000
v 6.380000 5.900000 0.240000
v 6.420000 5.940000 0.240000
v 6.380000 5.940000 0.280000
v 6.408285 5.911716 0.240000
v 6.403094 5.916906 0.263094
v 6.408285 5.940000 0.268284
v 6.380000 5.911716 0.268284
v 6.380000 8.000000 0.240000
v 6.380000 7.960000 0.280000
v 6.420000 7.960000 0.240000
v 6.380000 7.988284 0.268284
v 6.403094 7.983094 0.263094
v 6.408285 7.960000 0.268284
v 6.408285 7.988284 0.240000
v 6.380000 5.900000 -0.240000
v 6.380000 5.940000 -0.280000
v 6.420000 5.940000 -0.240000
v 6.380000 5.911716 -0.268284
v 6.403094 5.916906 -0.263094
v 6.408285 5.940000 -0.268284
v 6.408285 5.911716 -0.240000
v 6.380000 8.000000 -0.240000
v 6.420000 7.960000 -0.240000
v 6.380000 7.960000 -0.280000
v 6.408285 7.988284 -0.240000
v 6.403094 7.983094 -0.263094
v 6.408285 7.960000 -0.268284
v 6.380000 7.988284 -0.268284
vn -0.3251 -0.8881 0.3251
vn -0.3251 -0.3251 0.8881
vn -0.8881 -0.3251 0.3251
vn -0.3251 0.3251 0.8881
vn -0.3251 0.8881 0.3251
vn -0.8881 0.3251 0.3251
vn -0.3251 -0.8881 -0.3251
vn -0.8881 -0.3251 -0.3251
vn -0.3251 -0.3251 -0.8881
vn -0.3251 0.8881 -0.3251
vn -0.3251 0.3251 -0.8881
vn -0.8881 0.3251 -0.3251
vn 0.3251 -0.8881 0.3251
vn 0.8881 -0.3251 0.3251
vn 0.3251 -0.3251 0.8881
vn 0.3251 0.8881 0.3251
vn 0.3251 0.3251 0.8881
vn 0.8881 0.3251 0.3251
vn 0.3251 -0.8881 -0.3251
vn 0.3251 -0.3251 -0.8881
vn 0.8881 -0.3251 -0.3251
vn 0.3251 0.8881 -0.3251
vn 0.8881 0.3251 -0.3251
vn 0.3251 0.3251 -0.8881
vn -0.3827 -0.9239 -0.0000
vn -0.9239 -0.3827 -0.0000
vn -0.3827 -0.0000 0.9239
vn -0.9239 -0.0000 0.3827
vn -0.3827 0.9239 -0.0000
vn -0.9239 0.3827 -0.0000
vn -0.3827 -0.0000 -0.9239
vn -0.9239 -0.0000 -0.3827
vn -0.0000 -0.9239 -0.3827
vn -0.0000 -0.3827 -0.9239
vn -0.0000 0.9239 -0.3827
vn -0.0000 0.3827 -0.9239
vn 0.9239 -0.0000 -0.3827
vn 0.3827 -0.0000 -0.9239
vn 0.3827 -0.9239 -0.0000
vn 0.9239 -0.3827 -0.0000
vn 0.3827 0.9239 -0.0000
vn 0.9239 0.3827 -0.0000
vn 0.3827 -0.0000 0.9239
vn 0.9239 -0.0000 0.3827
vn -0.0000 -0.9239 0.3827
vn -0.0000 -0.3827 0.9239
vn -0.0000 0.9239 0.3827
vn -0.0000 0.3827 0.9239
vn -0.0000 -1.0000 -0.0000
vn -1.0000 -0.0000 -0.0000
vn -0.0000 -0.0000 1.0000
vn -0.0000 1.0000 -0.0000
vn -0.0000 -0.0000 -1.0000
vn 1.0000 -0.0000 -0.0000
vt 0.133065 0.732143
vt 0.133065 0.750000
vt 0.128408 0.750000
vt 0.125000 0.732143
vt 0.379762 0.991935
vt 0.379762 1.000000
vt 0.377013 1.000000
vt 0.375000 0.991935
vt 0.379762 0.017857
vt 0.375000 0.017857
vt 0.375000 0.007547
vt 0.379762 0.000000
vt 0.620238 0.991935
vt 0.625000 0.991935
vt 0.625000 0.996592
vt 0.620238 1.000000
vt 0.866935 0.732143
vt 0.875000 0.732143
vt 0.875000 0.742453
vt 0.866935 0.750000
vt 0.620238 0.017857
vt 0.620238 0.000000
vt 0.622987 0.000000
vt 0.625000 0.017857
vt 0.133065 0.517857
vt 0.125000 0.517857
vt 0.125000 0.507547
vt 0.133065 0.500000
vt 0.379762 0.232143
vt 0.379762 0.250000
vt 0.376006 0.251704
vt 0.375000 0.232143
vt 0.379762 0.258065
vt 0.375000 0.258065
vt 0.866935 0.517857
vt 0.866935 0.500000
vt 0.871592 0.500000
vt 0.875000 0.517857
vt 0.620238 0.258065
vt 0.620238 0.250000
vt 0.623994 0.246226
vt 0.625000 0.258065
vt 0.620238 0.232143
vt 0.625000 0.232143
vt 0.366935 0.732143
vt 0.375000 0.732143
vt 0.375671 0.748620
vt 0.370968 0.754032
vt 0.379762 0.732143
vt 0.379762 0.750000
vt 0.379762 0.758065
vt 0.633064 0.732143
vt 0.629032 0.754032
vt 0.625465 0.747484
vt 0.625000 0.732143
vt 0.620238 0.758065
vt 0.620238 0.750000
vt 0.620238 0.732143
vt 0.366935 0.517857
vt 0.370968 0.495968
vt 0.374535 0.502516
vt 0.375000 0.517857
vt 0.379762 0.491935
vt 0.379762 0.500000
vt 0.379762 0.517857
vt 0.633064 0.517857
vt 0.625000 0.517857
vt 0.624329 0.501380
vt 0.629032 0.495968
vt 0.620238 0.517857
vt 0.620238 0.500000
vt 0.620238 0.491935
s 0
usemtl DL2_Armor_Indigo
f 5789/6939/3993 5792/6940/3993 5793/6941/3993 5795/6942/3993
f 5790/6943/3994 5794/6944/3994 5793/6945/3994 5792/6946/3994
f 5791/6947/3995 5795/6948/3995 5793/6949/3995 5794/6950/3995
f 5796/6951/3996 5799/6952/3996 5800/6953/3996 5802/6954/3996
f 5797/6955/3997 5801/6956/3997 5800/6957/3997 5799/6958/3997
f 5798/6959/3998 5802/6960/3998 5800/6961/3998 5801/6962/3998
f 5803/6963/3999 5806/6964/3999 5807/6965/3999 5809/6966/3999
f 5804/6967/4000 5808/6968/4000 5807/6969/4000 5806/6970/4000
f 5805/6971/4001 5809/6972/4001 5807/6969/4001 5808/6968/4001
f 5810/6973/4002 5813/6974/4002 5814/6975/4002 5816/6976/4002
f 5811/6977/4003 5815/6978/4003 5814/6979/4003 5813/6980/4003
f 5812/6981/4004 5816/6982/4004 5814/6979/4004 5815/6978/4004
f 5817/6983/4005 5820/6984/4005 5821/6985/4005 5823/6986/4005
f 5818/6987/4006 5822/6988/4006 5821/6985/4006 5820/6984/4006
f 5819/6989/4007 5823/6986/4007 5821/6985/4007 5822/6988/4007
f 5824/6990/4008 5827/6991/4008 5828/6992/4008 5830/6993/4008
f 5825/6994/4009 5829/6995/4009 5828/6992/4009 5827/6991/4009
f 5826/6996/4010 5830/6993/4010 5828/6992/4010 5829/6995/4010
f 5831/6997/4011 5834/6998/4011 5835/6999/4011 5837/7000/4011
f 5832/7001/4012 5836/7002/4012 5835/6999/4012 5834/6998/4012
f 5833/7003/4013 5837/7000/4013 5835/6999/4013 5836/7002/4013
f 5838/7004/4014 5841/7005/4014 5842/7006/4014 5844/7007/4014
f 5839/7008/4015 5843/7009/4015 5842/7006/4015 5841/7005/4015
f 5840/7010/4016 5844/7007/4016 5842/7006/4016 5843/7009/4016
f 5803/6963/4017 5789/6939/4017 5795/6942/4017 5806/6964/4017
f 5806/6970/4018 5795/6948/4018 5791/6947/4018 5804/6967/4018
f 5790/6943/4019 5796/6951/4019 5802/6954/4019 5794/6944/4019
f 5794/6950/4020 5802/6960/4020 5798/6959/4020 5791/6947/4020
f 5797/6955/4021 5810/6973/4021 5816/6976/4021 5801/6956/4021
f 5801/6962/4022 5816/6982/4022 5812/6981/4022 5798/6959/4022
f 5811/6977/4023 5805/6971/4023 5808/6968/4023 5815/6978/4023
f 5815/6978/4024 5808/6968/4024 5804/6967/4024 5812/6981/4024
f 5831/6997/4025 5803/6963/4025 5809/6966/4025 5834/6998/4025
f 5834/6998/4026 5809/6972/4026 5805/6971/4026 5832/7001/4026
f 5810/6973/4027 5838/7004/4027 5844/7007/4027 5813/6974/4027
f 5813/6980/4028 5844/7007/4028 5840/7010/4028 5811/6977/4028
f 5839/7008/4029 5833/7003/4029 5836/7002/4029 5843/7009/4029
f 5843/7009/4030 5836/7002/4030 5832/7001/4030 5840/7010/4030
f 5817/6983/4031 5831/6997/4031 5837/7000/4031 5820/6984/4031
f 5820/6984/4032 5837/7000/4032 5833/7003/4032 5818/6987/4032
f 5838/7004/4033 5824/6990/4033 5830/6993/4033 5841/7005/4033
f 5841/7005/4034 5830/6993/4034 5826/6996/4034 5839/7008/4034
f 5825/6994/4035 5819/6989/4035 5822/6988/4035 5829/6995/4035
f 5829/6995/4036 5822/6988/4036 5818/6987/4036 5826/6996/4036
f 5789/6939/4037 5817/6983/4037 5823/6986/4037 5792/6940/4037
f 5792/6946/4038 5823/6986/4038 5819/6989/4038 5790/6943/4038
f 5824/6990/4039 5797/6955/4039 5799/6958/4039 5827/6991/4039
f 5827/6991/4040 5799/6952/4040 5796/6951/4040 5825/6994/4040
f 5803/6963/4041 5831/6997/4041 5817/6983/4041 5789/6939/4041
f 5791/6947/4042 5798/6959/4042 5812/6981/4042 5804/6967/4042
f 5819/6989/4043 5825/6994/4043 5796/6951/4043 5790/6943/4043
f 5838/7004/4044 5810/6973/4044 5797/6955/4044 5824/6990/4044
f 5805/6971/4045 5811/6977/4045 5840/7010/4045 5832/7001/4045
f 5833/7003/4046 5839/7008/4046 5826/6996/4046 5818/6987/4046
o DL_Fate_Ring_ShortPillar_1
v 0.240000 5.900000 -5.220000
v 0.280000 5.940000 -5.220000
v 0.240000 5.940000 -5.180000
v 0.268284 5.911716 -5.220000
v 0.263094 5.916906 -5.196906
v 0.268284 5.940000 -5.191716
v 0.240000 5.911716 -5.191716
v 0.280000 7.960000 -5.220000
v 0.240000 8.000000 -5.220000
v 0.240000 7.960000 -5.180000
v 0.268284 7.988284 -5.220000
v 0.263094 7.983094 -5.196906
v 0.240000 7.988284 -5.191716
v 0.268284 7.960000 -5.191716
v -0.240000 5.900000 -5.220000
v -0.240000 5.940000 -5.180000
v -0.280000 5.940000 -5.220000
v -0.240000 5.911716 -5.191716
v -0.263094 5.916906 -5.196906
v -0.268284 5.940000 -5.191716
v -0.268284 5.911716 -5.220000
v -0.240000 8.000000 -5.220000
v -0.280000 7.960000 -5.220000
v -0.240000 7.960000 -5.180000
v -0.268284 7.988284 -5.220000
v -0.263094 7.983094 -5.196906
v -0.268284 7.960000 -5.191716
v -0.240000 7.988284 -5.191716
v 0.240000 5.900000 -6.380000
v 0.240000 5.940000 -6.420000
v 0.280000 5.940000 -6.380000
v 0.240000 5.911716 -6.408285
v 0.263094 5.916906 -6.403094
v 0.268284 5.940000 -6.408285
v 0.268284 5.911716 -6.380000
v 0.240000 8.000000 -6.380000
v 0.280000 7.960000 -6.380000
v 0.240000 7.960000 -6.420000
v 0.268284 7.988284 -6.380000
v 0.263094 7.983094 -6.403094
v 0.268284 7.960000 -6.408285
v 0.240000 7.988284 -6.408285
v -0.240000 5.900000 -6.380000
v -0.280000 5.940000 -6.380000
v -0.240000 5.940000 -6.420000
v -0.268284 5.911716 -6.380000
v -0.263094 5.916906 -6.403094
v -0.268284 5.940000 -6.408285
v -0.240000 5.911716 -6.408285
v -0.240000 8.000000 -6.380000
v -0.240000 7.960000 -6.420000
v -0.280000 7.960000 -6.380000
v -0.240000 7.988284 -6.408285
v -0.263094 7.983094 -6.403094
v -0.268284 7.960000 -6.408285
v -0.268284 7.988284 -6.380000
vn 0.3251 -0.8881 0.3251
vn 0.8881 -0.3251 0.3251
vn 0.3251 -0.3251 0.8881
vn 0.8881 0.3251 0.3251
vn 0.3251 0.8881 0.3251
vn 0.3251 0.3251 0.8881
vn -0.3251 -0.8881 0.3251
vn -0.3251 -0.3251 0.8881
vn -0.8881 -0.3251 0.3251
vn -0.3251 0.8881 0.3251
vn -0.8881 0.3251 0.3251
vn -0.3251 0.3251 0.8881
vn 0.3251 -0.8881 -0.3251
vn 0.3251 -0.3251 -0.8881
vn 0.8881 -0.3251 -0.3251
vn 0.3251 0.8881 -0.3251
vn 0.8881 0.3251 -0.3251
vn 0.3251 0.3251 -0.8881
vn -0.3251 -0.8881 -0.3251
vn -0.8881 -0.3251 -0.3251
vn -0.3251 -0.3251 -0.8881
vn -0.3251 0.8881 -0.3251
vn -0.3251 0.3251 -0.8881
vn -0.8881 0.3251 -0.3251
vn -0.0000 -0.9239 0.3827
vn -0.0000 -0.3827 0.9239
vn 0.9239 -0.0000 0.3827
vn 0.3827 -0.0000 0.9239
vn -0.0000 0.9239 0.3827
vn -0.0000 0.3827 0.9239
vn -0.9239 -0.0000 0.3827
vn -0.3827 -0.0000 0.9239
vn -0.3827 -0.9239 -0.0000
vn -0.9239 -0.3827 -0.0000
vn -0.3827 0.9239 -0.0000
vn -0.9239 0.3827 -0.0000
vn -0.3827 -0.0000 -0.9239
vn -0.9239 -0.0000 -0.3827
vn -0.0000 -0.9239 -0.3827
vn -0.0000 -0.3827 -0.9239
vn -0.0000 0.9239 -0.3827
vn -0.0000 0.3827 -0.9239
vn 0.9239 -0.0000 -0.3827
vn 0.3827 -0.0000 -0.9239
vn 0.3827 -0.9239 -0.0000
vn 0.9239 -0.3827 -0.0000
vn 0.3827 0.9239 -0.0000
vn 0.9239 0.3827 -0.0000
vn -0.0000 -1.0000 -0.0000
vn -0.0000 -0.0000 1.0000
vn 1.0000 -0.0000 -0.0000
vn -0.0000 1.0000 -0.0000
vn -1.0000 -0.0000 -0.0000
vn -0.0000 -0.0000 -1.0000
vt 0.133065 0.732143
vt 0.133065 0.750000
vt 0.128408 0.750000
vt 0.125000 0.732143
vt 0.379762 0.991935
vt 0.379762 1.000000
vt 0.377013 1.000000
vt 0.375000 0.991935
vt 0.379762 0.017857
vt 0.375000 0.017857
vt 0.375000 0.007547
vt 0.379762 0.000000
vt 0.620238 0.991935
vt 0.625000 0.991935
vt 0.625000 0.996592
vt 0.620238 1.000000
vt 0.866935 0.732143
vt 0.875000 0.732143
vt 0.875000 0.742453
vt 0.866935 0.750000
vt 0.620238 0.017857
vt 0.620238 0.000000
vt 0.622987 0.000000
vt 0.625000 0.017857
vt 0.133065 0.517857
vt 0.125000 0.517857
vt 0.125000 0.507547
vt 0.133065 0.500000
vt 0.379762 0.232143
vt 0.379762 0.250000
vt 0.376006 0.251704
vt 0.375000 0.232143
vt 0.379762 0.258065
vt 0.375000 0.258065
vt 0.866935 0.517857
vt 0.866935 0.500000
vt 0.871592 0.500000
vt 0.875000 0.517857
vt 0.620238 0.258065
vt 0.620238 0.250000
vt 0.623994 0.246226
vt 0.625000 0.258065
vt 0.620238 0.232143
vt 0.625000 0.232143
vt 0.366935 0.732143
vt 0.375000 0.732143
vt 0.375671 0.748620
vt 0.370968 0.754032
vt 0.379762 0.732143
vt 0.379762 0.750000
vt 0.379762 0.758065
vt 0.633064 0.732143
vt 0.629032 0.754032
vt 0.625465 0.747484
vt 0.625000 0.732143
vt 0.620238 0.758065
vt 0.620238 0.750000
vt 0.620238 0.732143
vt 0.366935 0.517857
vt 0.370968 0.495968
vt 0.374535 0.502516
vt 0.375000 0.517857
vt 0.379762 0.491935
vt 0.379762 0.500000
vt 0.379762 0.517857
vt 0.633064 0.517857
vt 0.625000 0.517857
vt 0.624329 0.501380
vt 0.629032 0.495968
vt 0.620238 0.517857
vt 0.620238 0.500000
vt 0.620238 0.491935
s 0
usemtl DL2_Armor_Indigo
f 5845/7011/4047 5848/7012/4047 5849/7013/4047 5851/7014/4047
f 5846/7015/4048 5850/7016/4048 5849/7017/4048 5848/7018/4048
f 5847/7019/4049 5851/7020/4049 5849/7021/4049 5850/7022/4049
f 5852/7023/4050 5855/7024/4050 5856/7025/4050 5858/7026/4050
f 5853/7027/4051 5857/7028/4051 5856/7029/4051 5855/7030/4051
f 5854/7031/4052 5858/7032/4052 5856/7033/4052 5857/7034/4052
f 5859/7035/4053 5862/7036/4053 5863/7037/4053 5865/7038/4053
f 5860/7039/4054 5864/7040/4054 5863/7041/4054 5862/7042/4054
f 5861/7043/4055 5865/7044/4055 5863/7041/4055 5864/7040/4055
f 5866/7045/4056 5869/7046/4056 5870/7047/4056 5872/7048/4056
f 5867/7049/4057 5871/7050/4057 5870/7051/4057 5869/7052/4057
f 5868/7053/4058 5872/7054/4058 5870/7051/4058 5871/7050/4058
f 5873/7055/4059 5876/7056/4059 5877/7057/4059 5879/7058/4059
f 5874/7059/4060 5878/7060/4060 5877/7057/4060 5876/7056/4060
f 5875/7061/4061 5879/7058/4061 5877/7057/4061 5878/7060/4061
f 5880/7062/4062 5883/7063/4062 5884/7064/4062 5886/7065/4062
f 5881/7066/4063 5885/7067/4063 5884/7064/4063 5883/7063/4063
f 5882/7068/4064 5886/7065/4064 5884/7064/4064 5885/7067/4064
f 5887/7069/4065 5890/7070/4065 5891/7071/4065 5893/7072/4065
f 5888/7073/4066 5892/7074/4066 5891/7071/4066 5890/7070/4066
f 5889/7075/4067 5893/7072/4067 5891/7071/4067 5892/7074/4067
f 5894/7076/4068 5897/7077/4068 5898/7078/4068 5900/7079/4068
f 5895/7080/4069 5899/7081/4069 5898/7078/4069 5897/7077/4069
f 5896/7082/4070 5900/7079/4070 5898/7078/4070 5899/7081/4070
f 5859/7035/4071 5845/7011/4071 5851/7014/4071 5862/7036/4071
f 5862/7042/4072 5851/7020/4072 5847/7019/4072 5860/7039/4072
f 5846/7015/4073 5852/7023/4073 5858/7026/4073 5850/7016/4073
f 5850/7022/4074 5858/7032/4074 5854/7031/4074 5847/7019/4074
f 5853/7027/4075 5866/7045/4075 5872/7048/4075 5857/7028/4075
f 5857/7034/4076 5872/7054/4076 5868/7053/4076 5854/7031/4076
f 5867/7049/4077 5861/7043/4077 5864/7040/4077 5871/7050/4077
f 5871/7050/4078 5864/7040/4078 5860/7039/4078 5868/7053/4078
f 5887/7069/4079 5859/7035/4079 5865/7038/4079 5890/7070/4079
f 5890/7070/4080 5865/7044/4080 5861/7043/4080 5888/7073/4080
f 5866/7045/4081 5894/7076/4081 5900/7079/4081 5869/7046/4081
f 5869/7052/4082 5900/7079/4082 5896/7082/4082 5867/7049/4082
f 5895/7080/4083 5889/7075/4083 5892/7074/4083 5899/7081/4083
f 5899/7081/4084 5892/7074/4084 5888/7073/4084 5896/7082/4084
f 5873/7055/4085 5887/7069/4085 5893/7072/4085 5876/7056/4085
f 5876/7056/4086 5893/7072/4086 5889/7075/4086 5874/7059/4086
f 5894/7076/4087 5880/7062/4087 5886/7065/4087 5897/7077/4087
f 5897/7077/4088 5886/7065/4088 5882/7068/4088 5895/7080/4088
f 5881/7066/4089 5875/7061/4089 5878/7060/4089 5885/7067/4089
f 5885/7067/4090 5878/7060/4090 5874/7059/4090 5882/7068/4090
f 5845/7011/4091 5873/7055/4091 5879/7058/4091 5848/7012/4091
f 5848/7018/4092 5879/7058/4092 5875/7061/4092 5846/7015/4092
f 5880/7062/4093 5853/7027/4093 5855/7030/4093 5883/7063/4093
f 5883/7063/4094 5855/7024/4094 5852/7023/4094 5881/7066/4094
f 5859/7035/4095 5887/7069/4095 5873/7055/4095 5845/7011/4095
f 5847/7019/4096 5854/7031/4096 5868/7053/4096 5860/7039/4096
f 5875/7061/4097 5881/7066/4097 5852/7023/4097 5846/7015/4097
f 5894/7076/4098 5866/7045/4098 5853/7027/4098 5880/7062/4098
f 5861/7043/4099 5867/7049/4099 5896/7082/4099 5888/7073/4099
f 5889/7075/4100 5895/7080/4100 5882/7068/4100 5874/7059/4100
o DL_Fate_Ring_ShortPillar_2
v -5.220000 5.900000 -0.240000
v -5.220000 5.940000 -0.280000
v -5.180000 5.940000 -0.240000
v -5.220000 5.911716 -0.268284
v -5.196906 5.916906 -0.263094
v -5.191716 5.940000 -0.268284
v -5.191716 5.911716 -0.240000
v -5.220000 7.960000 -0.280000
v -5.220000 8.000000 -0.240000
v -5.180000 7.960000 -0.240000
v -5.220000 7.988284 -0.268284
v -5.196906 7.983094 -0.263094
v -5.191716 7.988284 -0.240000
v -5.191716 7.960000 -0.268284
v -5.220000 5.900000 0.240000
v -5.180000 5.940000 0.240000
v -5.220000 5.940000 0.280000
v -5.191716 5.911716 0.240000
v -5.196906 5.916906 0.263094
v -5.191716 5.940000 0.268284
v -5.220000 5.911716 0.268284
v -5.220000 8.000000 0.240000
v -5.220000 7.960000 0.280000
v -5.180000 7.960000 0.240000
v -5.220000 7.988284 0.268284
v -5.196906 7.983094 0.263094
v -5.191716 7.960000 0.268284
v -5.191716 7.988284 0.240000
v -6.380000 5.900000 -0.240000
v -6.420000 5.940000 -0.240000
v -6.380000 5.940000 -0.280000
v -6.408285 5.911716 -0.240000
v -6.403094 5.916906 -0.263094
v -6.408285 5.940000 -0.268284
v -6.380000 5.911716 -0.268284
v -6.380000 8.000000 -0.240000
v -6.380000 7.960000 -0.280000
v -6.420000 7.960000 -0.240000
v -6.380000 7.988284 -0.268284
v -6.403094 7.983094 -0.263094
v -6.408285 7.960000 -0.268284
v -6.408285 7.988284 -0.240000
v -6.380000 5.900000 0.240000
v -6.380000 5.940000 0.280000
v -6.420000 5.940000 0.240000
v -6.380000 5.911716 0.268284
v -6.403094 5.916906 0.263094
v -6.408285 5.940000 0.268284
v -6.408285 5.911716 0.240000
v -6.380000 8.000000 0.240000
v -6.420000 7.960000 0.240000
v -6.380000 7.960000 0.280000
v -6.408285 7.988284 0.240000
v -6.403094 7.983094 0.263094
v -6.408285 7.960000 0.268284
v -6.380000 7.988284 0.268284
vn 0.3251 -0.8881 -0.3251
vn 0.3251 -0.3251 -0.8881
vn 0.8881 -0.3251 -0.3251
vn 0.3251 0.3251 -0.8881
vn 0.3251 0.8881 -0.3251
vn 0.8881 0.3251 -0.3251
vn 0.3251 -0.8881 0.3251
vn 0.8881 -0.3251 0.3251
vn 0.3251 -0.3251 0.8881
vn 0.3251 0.8881 0.3251
vn 0.3251 0.3251 0.8881
vn 0.8881 0.3251 0.3251
vn -0.3251 -0.8881 -0.3251
vn -0.8881 -0.3251 -0.3251
vn -0.3251 -0.3251 -0.8881
vn -0.3251 0.8881 -0.3251
vn -0.3251 0.3251 -0.8881
vn -0.8881 0.3251 -0.3251
vn -0.3251 -0.8881 0.3251
vn -0.3251 -0.3251 0.8881
vn -0.8881 -0.3251 0.3251
vn -0.3251 0.8881 0.3251
vn -0.8881 0.3251 0.3251
vn -0.3251 0.3251 0.8881
vn 0.3827 -0.9239 -0.0000
vn 0.9239 -0.3827 -0.0000
vn 0.3827 -0.0000 -0.9239
vn 0.9239 -0.0000 -0.3827
vn 0.3827 0.9239 -0.0000
vn 0.9239 0.3827 -0.0000
vn 0.3827 -0.0000 0.9239
vn 0.9239 -0.0000 0.3827
vn -0.0000 -0.9239 0.3827
vn -0.0000 -0.3827 0.9239
vn -0.0000 0.9239 0.3827
vn -0.0000 0.3827 0.9239
vn -0.9239 -0.0000 0.3827
vn -0.3827 -0.0000 0.9239
vn -0.3827 -0.9239 -0.0000
vn -0.9239 -0.3827 -0.0000
vn -0.3827 0.9239 -0.0000
vn -0.9239 0.3827 -0.0000
vn -0.3827 -0.0000 -0.9239
vn -0.9239 -0.0000 -0.3827
vn -0.0000 -0.9239 -0.3827
vn -0.0000 -0.3827 -0.9239
vn -0.0000 0.9239 -0.3827
vn -0.0000 0.3827 -0.9239
vn -0.0000 -1.0000 -0.0000
vn 1.0000 -0.0000 -0.0000
vn -0.0000 -0.0000 -1.0000
vn -0.0000 1.0000 -0.0000
vn -0.0000 -0.0000 1.0000
vn -1.0000 -0.0000 -0.0000
vt 0.133065 0.732143
vt 0.133065 0.750000
vt 0.128408 0.750000
vt 0.125000 0.732143
vt 0.379762 0.991935
vt 0.379762 1.000000
vt 0.377013 1.000000
vt 0.375000 0.991935
vt 0.379762 0.017857
vt 0.375000 0.017857
vt 0.375000 0.007547
vt 0.379762 0.000000
vt 0.620238 0.991935
vt 0.625000 0.991935
vt 0.625000 0.996592
vt 0.620238 1.000000
vt 0.866935 0.732143
vt 0.875000 0.732143
vt 0.875000 0.742453
vt 0.866935 0.750000
vt 0.620238 0.017857
vt 0.620238 0.000000
vt 0.622987 0.000000
vt 0.625000 0.017857
vt 0.133065 0.517857
vt 0.125000 0.517857
vt 0.125000 0.507547
vt 0.133065 0.500000
vt 0.379762 0.232143
vt 0.379762 0.250000
vt 0.376006 0.251704
vt 0.375000 0.232143
vt 0.379762 0.258065
vt 0.375000 0.258065
vt 0.866935 0.517857
vt 0.866935 0.500000
vt 0.871592 0.500000
vt 0.875000 0.517857
vt 0.620238 0.258065
vt 0.620238 0.250000
vt 0.623994 0.246226
vt 0.625000 0.258065
vt 0.620238 0.232143
vt 0.625000 0.232143
vt 0.366935 0.732143
vt 0.375000 0.732143
vt 0.375671 0.748620
vt 0.370968 0.754032
vt 0.379762 0.732143
vt 0.379762 0.750000
vt 0.379762 0.758065
vt 0.633064 0.732143
vt 0.629032 0.754032
vt 0.625465 0.747484
vt 0.625000 0.732143
vt 0.620238 0.758065
vt 0.620238 0.750000
vt 0.620238 0.732143
vt 0.366935 0.517857
vt 0.370968 0.495968
vt 0.374535 0.502516
vt 0.375000 0.517857
vt 0.379762 0.491935
vt 0.379762 0.500000
vt 0.379762 0.517857
vt 0.633064 0.517857
vt 0.625000 0.517857
vt 0.624329 0.501380
vt 0.629032 0.495968
vt 0.620238 0.517857
vt 0.620238 0.500000
vt 0.620238 0.491935
s 0
usemtl DL2_Armor_Indigo
f 5901/7083/4101 5904/7084/4101 5905/7085/4101 5907/7086/4101
f 5902/7087/4102 5906/7088/4102 5905/7089/4102 5904/7090/4102
f 5903/7091/4103 5907/7092/4103 5905/7093/4103 5906/7094/4103
f 5908/7095/4104 5911/7096/4104 5912/7097/4104 5914/7098/4104
f 5909/7099/4105 5913/7100/4105 5912/7101/4105 5911/7102/4105
f 5910/7103/4106 5914/7104/4106 5912/7105/4106 5913/7106/4106
f 5915/7107/4107 5918/7108/4107 5919/7109/4107 5921/7110/4107
f 5916/7111/4108 5920/7112/4108 5919/7113/4108 5918/7114/4108
f 5917/7115/4109 5921/7116/4109 5919/7113/4109 5920/7112/4109
f 5922/7117/4110 5925/7118/4110 5926/7119/4110 5928/7120/4110
f 5923/7121/4111 5927/7122/4111 5926/7123/4111 5925/7124/4111
f 5924/7125/4112 5928/7126/4112 5926/7123/4112 5927/7122/4112
f 5929/7127/4113 5932/7128/4113 5933/7129/4113 5935/7130/4113
f 5930/7131/4114 5934/7132/4114 5933/7129/4114 5932/7128/4114
f 5931/7133/4115 5935/7130/4115 5933/7129/4115 5934/7132/4115
f 5936/7134/4116 5939/7135/4116 5940/7136/4116 5942/7137/4116
f 5937/7138/4117 5941/7139/4117 5940/7136/4117 5939/7135/4117
f 5938/7140/4118 5942/7137/4118 5940/7136/4118 5941/7139/4118
f 5943/7141/4119 5946/7142/4119 5947/7143/4119 5949/7144/4119
f 5944/7145/4120 5948/7146/4120 5947/7143/4120 5946/7142/4120
f 5945/7147/4121 5949/7144/4121 5947/7143/4121 5948/7146/4121
f 5950/7148/4122 5953/7149/4122 5954/7150/4122 5956/7151/4122
f 5951/7152/4123 5955/7153/4123 5954/7150/4123 5953/7149/4123
f 5952/7154/4124 5956/7151/4124 5954/7150/4124 5955/7153/4124
f 5915/7107/4125 5901/7083/4125 5907/7086/4125 5918/7108/4125
f 5918/7114/4126 5907/7092/4126 5903/7091/4126 5916/7111/4126
f 5902/7087/4127 5908/7095/4127 5914/7098/4127 5906/7088/4127
f 5906/7094/4128 5914/7104/4128 5910/7103/4128 5903/7091/4128
f 5909/7099/4129 5922/7117/4129 5928/7120/4129 5913/7100/4129
f 5913/7106/4130 5928/7126/4130 5924/7125/4130 5910/7103/4130
f 5923/7121/4131 5917/7115/4131 5920/7112/4131 5927/7122/4131
f 5927/7122/4132 5920/7112/4132 5916/7111/4132 5924/7125/4132
f 5943/7141/4133 5915/7107/4133 5921/7110/4133 5946/7142/4133
f 5946/7142/4134 5921/7116/4134 5917/7115/4134 5944/7145/4134
f 5922/7117/4135 5950/7148/4135 5956/7151/4135 5925/7118/4135
f 5925/7124/4136 5956/7151/4136 5952/7154/4136 5923/7121/4136
f 5951/7152/4137 5945/7147/4137 5948/7146/4137 5955/7153/4137
f 5955/7153/4138 5948/7146/4138 5944/7145/4138 5952/7154/4138
f 5929/7127/4139 5943/7141/4139 5949/7144/4139 5932/7128/4139
f 5932/7128/4140 5949/7144/4140 5945/7147/4140 5930/7131/4140
f 5950/7148/4141 5936/7134/4141 5942/7137/4141 5953/7149/4141
f 5953/7149/4142 5942/7137/4142 5938/7140/4142 5951/7152/4142
f 5937/7138/4143 5931/7133/4143 5934/7132/4143 5941/7139/4143
f 5941/7139/4144 5934/7132/4144 5930/7131/4144 5938/7140/4144
f 5901/7083/4145 5929/7127/4145 5935/7130/4145 5904/7084/4145
f 5904/7090/4146 5935/7130/4146 5931/7133/4146 5902/7087/4146
f 5936/7134/4147 5909/7099/4147 5911/7102/4147 5939/7135/4147
f 5939/7135/4148 5911/7096/4148 5908/7095/4148 5937/7138/4148
f 5915/7107/4149 5943/7141/4149 5929/7127/4149 5901/7083/4149
f 5903/7091/4150 5910/7103/4150 5924/7125/4150 5916/7111/4150
f 5931/7133/4151 5937/7138/4151 5908/7095/4151 5902/7087/4151
f 5950/7148/4152 5922/7117/4152 5909/7099/4152 5936/7134/4152
f 5917/7115/4153 5923/7121/4153 5952/7154/4153 5944/7145/4153
f 5945/7147/4154 5951/7152/4154 5938/7140/4154 5930/7131/4154
o DL_Fate_Ring_ShortPillar_3
v -0.240000 5.900000 5.220000
v -0.280000 5.940000 5.220000
v -0.240000 5.940000 5.180000
v -0.268284 5.911716 5.220000
v -0.263094 5.916906 5.196906
v -0.268284 5.940000 5.191716
v -0.240000 5.911716 5.191716
v -0.280000 7.960000 5.220000
v -0.240000 8.000000 5.220000
v -0.240000 7.960000 5.180000
v -0.268284 7.988284 5.220000
v -0.263094 7.983094 5.196906
v -0.240000 7.988284 5.191716
v -0.268284 7.960000 5.191716
v 0.240000 5.900000 5.220000
v 0.240000 5.940000 5.180000
v 0.280000 5.940000 5.220000
v 0.240000 5.911716 5.191716
v 0.263094 5.916906 5.196906
v 0.268284 5.940000 5.191716
v 0.268284 5.911716 5.220000
v 0.240000 8.000000 5.220000
v 0.280000 7.960000 5.220000
v 0.240000 7.960000 5.180000
v 0.268284 7.988284 5.220000
v 0.263094 7.983094 5.196906
v 0.268284 7.960000 5.191716
v 0.240000 7.988284 5.191716
v -0.240000 5.900000 6.380000
v -0.240000 5.940000 6.420000
v -0.280000 5.940000 6.380000
v -0.240000 5.911716 6.408285
v -0.263094 5.916906 6.403094
v -0.268284 5.940000 6.408285
v -0.268284 5.911716 6.380000
v -0.240000 8.000000 6.380000
v -0.280000 7.960000 6.380000
v -0.240000 7.960000 6.420000
v -0.268284 7.988284 6.380000
v -0.263094 7.983094 6.403094
v -0.268284 7.960000 6.408285
v -0.240000 7.988284 6.408285
v 0.240000 5.900000 6.380000
v 0.280000 5.940000 6.380000
v 0.240000 5.940000 6.420000
v 0.268284 5.911716 6.380000
v 0.263094 5.916906 6.403094
v 0.268284 5.940000 6.408285
v 0.240000 5.911716 6.408285
v 0.240000 8.000000 6.380000
v 0.240000 7.960000 6.420000
v 0.280000 7.960000 6.380000
v 0.240000 7.988284 6.408285
v 0.263094 7.983094 6.403094
v 0.268284 7.960000 6.408285
v 0.268284 7.988284 6.380000
vn -0.3251 -0.8881 -0.3251
vn -0.8881 -0.3251 -0.3251
vn -0.3251 -0.3251 -0.8881
vn -0.8881 0.3251 -0.3251
vn -0.3251 0.8881 -0.3251
vn -0.3251 0.3251 -0.8881
vn 0.3251 -0.8881 -0.3251
vn 0.3251 -0.3251 -0.8881
vn 0.8881 -0.3251 -0.3251
vn 0.3251 0.8881 -0.3251
vn 0.8881 0.3251 -0.3251
vn 0.3251 0.3251 -0.8881
vn -0.3251 -0.8881 0.3251
vn -0.3251 -0.3251 0.8881
vn -0.8881 -0.3251 0.3251
vn -0.3251 0.8881 0.3251
vn -0.8881 0.3251 0.3251
vn -0.3251 0.3251 0.8881
vn 0.3251 -0.8881 0.3251
vn 0.8881 -0.3251 0.3251
vn 0.3251 -0.3251 0.8881
vn 0.3251 0.8881 0.3251
vn 0.3251 0.3251 0.8881
vn 0.8881 0.3251 0.3251
vn -0.0000 -0.9239 -0.3827
vn -0.0000 -0.3827 -0.9239
vn -0.9239 -0.0000 -0.3827
vn -0.3827 -0.0000 -0.9239
vn -0.0000 0.9239 -0.3827
vn -0.0000 0.3827 -0.9239
vn 0.9239 -0.0000 -0.3827
vn 0.3827 -0.0000 -0.9239
vn 0.3827 -0.9239 -0.0000
vn 0.9239 -0.3827 -0.0000
vn 0.3827 0.9239 -0.0000
vn 0.9239 0.3827 -0.0000
vn 0.3827 -0.0000 0.9239
vn 0.9239 -0.0000 0.3827
vn -0.0000 -0.9239 0.3827
vn -0.0000 -0.3827 0.9239
vn -0.0000 0.9239 0.3827
vn -0.0000 0.3827 0.9239
vn -0.9239 -0.0000 0.3827
vn -0.3827 -0.0000 0.9239
vn -0.3827 -0.9239 -0.0000
vn -0.9239 -0.3827 -0.0000
vn -0.3827 0.9239 -0.0000
vn -0.9239 0.3827 -0.0000
vn -0.0000 -1.0000 -0.0000
vn -0.0000 -0.0000 -1.0000
vn -1.0000 -0.0000 -0.0000
vn -0.0000 1.0000 -0.0000
vn 1.0000 -0.0000 -0.0000
vn -0.0000 -0.0000 1.0000
vt 0.133065 0.732143
vt 0.133065 0.750000
vt 0.128408 0.750000
vt 0.125000 0.732143
vt 0.379762 0.991935
vt 0.379762 1.000000
vt 0.377013 1.000000
vt 0.375000 0.991935
vt 0.379762 0.017857
vt 0.375000 0.017857
vt 0.375000 0.007547
vt 0.379762 0.000000
vt 0.620238 0.991935
vt 0.625000 0.991935
vt 0.625000 0.996592
vt 0.620238 1.000000
vt 0.866935 0.732143
vt 0.875000 0.732143
vt 0.875000 0.742453
vt 0.866935 0.750000
vt 0.620238 0.017857
vt 0.620238 0.000000
vt 0.622987 0.000000
vt 0.625000 0.017857
vt 0.133065 0.517857
vt 0.125000 0.517857
vt 0.125000 0.507547
vt 0.133065 0.500000
vt 0.379762 0.232143
vt 0.379762 0.250000
vt 0.376006 0.251704
vt 0.375000 0.232143
vt 0.379762 0.258065
vt 0.375000 0.258065
vt 0.866935 0.517857
vt 0.866935 0.500000
vt 0.871592 0.500000
vt 0.875000 0.517857
vt 0.620238 0.258065
vt 0.620238 0.250000
vt 0.623994 0.246226
vt 0.625000 0.258065
vt 0.620238 0.232143
vt 0.625000 0.232143
vt 0.366935 0.732143
vt 0.375000 0.732143
vt 0.375671 0.748620
vt 0.370968 0.754032
vt 0.379762 0.732143
vt 0.379762 0.750000
vt 0.379762 0.758065
vt 0.633064 0.732143
vt 0.629032 0.754032
vt 0.625465 0.747484
vt 0.625000 0.732143
vt 0.620238 0.758065
vt 0.620238 0.750000
vt 0.620238 0.732143
vt 0.366935 0.517857
vt 0.370968 0.495968
vt 0.374535 0.502516
vt 0.375000 0.517857
vt 0.379762 0.491935
vt 0.379762 0.500000
vt 0.379762 0.517857
vt 0.633064 0.517857
vt 0.625000 0.517857
vt 0.624329 0.501380
vt 0.629032 0.495968
vt 0.620238 0.517857
vt 0.620238 0.500000
vt 0.620238 0.491935
s 0
usemtl DL2_Armor_Indigo
f 5957/7155/4155 5960/7156/4155 5961/7157/4155 5963/7158/4155
f 5958/7159/4156 5962/7160/4156 5961/7161/4156 5960/7162/4156
f 5959/7163/4157 5963/7164/4157 5961/7165/4157 5962/7166/4157
f 5964/7167/4158 5967/7168/4158 5968/7169/4158 5970/7170/4158
f 5965/7171/4159 5969/7172/4159 5968/7173/4159 5967/7174/4159
f 5966/7175/4160 5970/7176/4160 5968/7177/4160 5969/7178/4160
f 5971/7179/4161 5974/7180/4161 5975/7181/4161 5977/7182/4161
f 5972/7183/4162 5976/7184/4162 5975/7185/4162 5974/7186/4162
f 5973/7187/4163 5977/7188/4163 5975/7185/4163 5976/7184/4163
f 5978/7189/4164 5981/7190/4164 5982/7191/4164 5984/7192/4164
f 5979/7193/4165 5983/7194/4165 5982/7195/4165 5981/7196/4165
f 5980/7197/4166 5984/7198/4166 5982/7195/4166 5983/7194/4166
f 5985/7199/4167 5988/7200/4167 5989/7201/4167 5991/7202/4167
f 5986/7203/4168 5990/7204/4168 5989/7201/4168 5988/7200/4168
f 5987/7205/4169 5991/7202/4169 5989/7201/4169 5990/7204/4169
f 5992/7206/4170 5995/7207/4170 5996/7208/4170 5998/7209/4170
f 5993/7210/4171 5997/7211/4171 5996/7208/4171 5995/7207/4171
f 5994/7212/4172 5998/7209/4172 5996/7208/4172 5997/7211/4172
f 5999/7213/4173 6002/7214/4173 6003/7215/4173 6005/7216/4173
f 6000/7217/4174 6004/7218/4174 6003/7215/4174 6002/7214/4174
f 6001/7219/4175 6005/7216/4175 6003/7215/4175 6004/7218/4175
f 6006/7220/4176 6009/7221/4176 6010/7222/4176 6012/7223/4176
f 6007/7224/4177 6011/7225/4177 6010/7222/4177 6009/7221/4177
f 6008/7226/4178 6012/7223/4178 6010/7222/4178 6011/7225/4178
f 5971/7179/4179 5957/7155/4179 5963/7158/4179 5974/7180/4179
f 5974/7186/4180 5963/7164/4180 5959/7163/4180 5972/7183/4180
f 5958/7159/4181 5964/7167/4181 5970/7170/4181 5962/7160/4181
f 5962/7166/4182 5970/7176/4182 5966/7175/4182 5959/7163/4182
f 5965/7171/4183 5978/7189/4183 5984/7192/4183 5969/7172/4183
f 5969/7178/4184 5984/7198/4184 5980/7197/4184 5966/7175/4184
f 5979/7193/4185 5973/7187/4185 5976/7184/4185 5983/7194/4185
f 5983/7194/4186 5976/7184/4186 5972/7183/4186 5980/7197/4186
f 5999/7213/4187 5971/7179/4187 5977/7182/4187 6002/7214/4187
f 6002/7214/4188 5977/7188/4188 5973/7187/4188 6000/7217/4188
f 5978/7189/4189 6006/7220/4189 6012/7223/4189 5981/7190/4189
f 5981/7196/4190 6012/7223/4190 6008/7226/4190 5979/7193/4190
f 6007/7224/4191 6001/7219/4191 6004/7218/4191 6011/7225/4191
f 6011/7225/4192 6004/7218/4192 6000/7217/4192 6008/7226/4192
f 5985/7199/4193 5999/7213/4193 6005/7216/4193 5988/7200/4193
f 5988/7200/4194 6005/7216/4194 6001/7219/4194 5986/7203/4194
f 6006/7220/4195 5992/7206/4195 5998/7209/4195 6009/7221/4195
f 6009/7221/4196 5998/7209/4196 5994/7212/4196 6007/7224/4196
f 5993/7210/4197 5987/7205/4197 5990/7204/4197 5997/7211/4197
f 5997/7211/4198 5990/7204/4198 5986/7203/4198 5994/7212/4198
f 5957/7155/4199 5985/7199/4199 5991/7202/4199 5960/7156/4199
f 5960/7162/4200 5991/7202/4200 5987/7205/4200 5958/7159/4200
f 5992/7206/4201 5965/7171/4201 5967/7174/4201 5995/7207/4201
f 5995/7207/4202 5967/7168/4202 5964/7167/4202 5993/7210/4202
f 5971/7179/4203 5999/7213/4203 5985/7199/4203 5957/7155/4203
f 5959/7163/4204 5966/7175/4204 5980/7197/4204 5972/7183/4204
f 5987/7205/4205 5993/7210/4205 5964/7167/4205 5958/7159/4205
f 6006/7220/4206 5978/7189/4206 5965/7171/4206 5992/7206/4206
f 5973/7187/4207 5979/7193/4207 6008/7226/4207 6000/7217/4207
f 6001/7219/4208 6007/7224/4208 5994/7212/4208 5986/7203/4208
o DL_Port_Wing_BlueChannel_0
v -25.695898 2.045000 -19.414400
v -25.694223 2.057000 -19.402517
v -25.707781 2.057000 -19.412725
v -25.694714 2.048515 -19.405998
v -25.701792 2.050072 -19.406572
v -25.703117 2.057000 -19.404814
v -25.704300 2.048515 -19.413216
v -25.694223 2.103000 -19.402517
v -25.695898 2.115000 -19.414400
v -25.707781 2.103000 -19.412725
v -25.694714 2.111485 -19.405998
v -25.701792 2.109928 -19.406572
v -25.704300 2.111485 -19.413216
v -25.703117 2.103000 -19.404814
v -25.731621 2.045000 -19.667894
v -25.743504 2.057000 -19.666220
v -25.733295 2.057000 -19.679777
v -25.740023 2.048515 -19.666712
v -25.739449 2.050072 -19.673788
v -25.741207 2.057000 -19.675114
v -25.732805 2.048515 -19.676298
v -25.731621 2.115000 -19.667894
v -25.733295 2.103000 -19.679777
v -25.743504 2.103000 -19.666220
v -25.732805 2.111485 -19.676298
v -25.739449 2.109928 -19.673788
v -25.741207 2.103000 -19.675114
v -25.740023 2.111485 -19.666712
v -10.668381 2.045000 -21.532106
v -10.656498 2.057000 -21.533781
v -10.666706 2.057000 -21.520224
v -10.659979 2.048515 -21.533289
v -10.660553 2.050072 -21.526213
v -10.658794 2.057000 -21.524887
v -10.667196 2.048515 -21.523703
v -10.668381 2.115000 -21.532106
v -10.666706 2.103000 -21.520224
v -10.656498 2.103000 -21.533781
v -10.667196 2.111485 -21.523703
v -10.660553 2.109928 -21.526213
v -10.658794 2.103000 -21.524887
v -10.659979 2.111485 -21.533289
v -10.704103 2.045000 -21.785601
v -10.705778 2.057000 -21.797483
v -10.692221 2.057000 -21.787275
v -10.705288 2.048515 -21.794003
v -10.698210 2.050072 -21.793428
v -10.696885 2.057000 -21.795187
v -10.695702 2.048515 -21.786785
v -10.704103 2.115000 -21.785601
v -10.692221 2.103000 -21.787275
v -10.705778 2.103000 -21.797483
v -10.695702 2.111485 -21.786785
v -10.698210 2.109928 -21.793428
v -10.696885 2.103000 -21.795187
v -10.705288 2.111485 -21.794003
vn -0.2765 -0.8881 0.3672
vn -0.1980 -0.3251 0.9247
vn -0.8340 -0.3251 0.4458
vn -0.1980 0.3251 0.9247
vn -0.2765 0.8881 0.3672
vn -0.8340 0.3251 0.4458
vn -0.3672 -0.8881 -0.2765
vn -0.9247 -0.3251 -0.1980
vn -0.4458 -0.3251 -0.8340
vn -0.3672 0.8881 -0.2765
vn -0.4458 0.3251 -0.8340
vn -0.9247 0.3251 -0.1980
vn 0.3672 -0.8881 0.2765
vn 0.9247 -0.3251 0.1980
vn 0.4458 -0.3251 0.8340
vn 0.3672 0.8881 0.2765
vn 0.4458 0.3251 0.8340
vn 0.9247 0.3251 0.1980
vn 0.2765 -0.8881 -0.3672
vn 0.1980 -0.3251 -0.9247
vn 0.8340 -0.3251 -0.4458
vn 0.2765 0.8881 -0.3672
vn 0.8340 0.3251 -0.4458
vn 0.1980 0.3251 -0.9247
vn -0.3790 -0.9239 0.0534
vn -0.9148 -0.3827 0.1289
vn -0.2500 -0.0000 0.9682
vn -0.8615 -0.0000 0.5078
vn -0.3790 0.9239 0.0534
vn -0.9148 0.3827 0.1289
vn -0.5078 -0.0000 -0.8615
vn -0.9683 -0.0000 -0.2500
vn -0.0534 -0.9239 -0.3789
vn -0.1289 -0.3827 -0.9148
vn -0.0534 0.9239 -0.3789
vn -0.1289 0.3827 -0.9148
vn 0.8615 -0.0000 -0.5078
vn 0.2500 -0.0000 -0.9682
vn 0.3790 -0.9239 -0.0534
vn 0.9148 -0.3827 -0.1289
vn 0.3790 0.9239 -0.0534
vn 0.9148 0.3827 -0.1289
vn 0.5078 -0.0000 0.8615
vn 0.9683 -0.0000 0.2500
vn 0.0534 -0.9239 0.3789
vn 0.1289 -0.3827 0.9148
vn 0.0534 0.9239 0.3789
vn 0.1289 0.3827 0.9148
vn -0.0000 -1.0000 -0.0000
vn -0.9902 -0.0000 0.1395
vn 0.1395 -0.0000 0.9902
vn -0.0000 1.0000 -0.0000
vn -0.1395 -0.0000 -0.9902
vn 0.9902 -0.0000 -0.1395
vt 0.125197 0.739286
vt 0.125197 0.750000
vt 0.125083 0.750000
vt 0.125000 0.739286
vt 0.417857 0.999803
vt 0.417857 1.000000
vt 0.393114 1.000000
vt 0.375000 0.999803
vt 0.417857 0.010714
vt 0.375000 0.010714
vt 0.375000 0.004528
vt 0.417857 0.000000
vt 0.582143 0.999803
vt 0.625000 0.999803
vt 0.625000 0.999917
vt 0.582143 1.000000
vt 0.874803 0.739286
vt 0.875000 0.739286
vt 0.875000 0.745472
vt 0.874803 0.750000
vt 0.582143 0.010714
vt 0.582143 0.000000
vt 0.606886 0.000000
vt 0.625000 0.010714
vt 0.125197 0.510714
vt 0.125000 0.510714
vt 0.125000 0.504528
vt 0.125197 0.500000
vt 0.417857 0.239286
vt 0.417857 0.250000
vt 0.384057 0.250042
vt 0.375000 0.239286
vt 0.417857 0.250197
vt 0.375000 0.250197
vt 0.874803 0.510714
vt 0.874803 0.500000
vt 0.874917 0.500000
vt 0.875000 0.510714
vt 0.582143 0.250197
vt 0.582143 0.250000
vt 0.615943 0.247736
vt 0.625000 0.250197
vt 0.582143 0.239286
vt 0.625000 0.239286
vt 0.374803 0.739286
vt 0.375000 0.739286
vt 0.381038 0.748518
vt 0.374901 0.750099
vt 0.417857 0.739286
vt 0.417857 0.750000
vt 0.417857 0.750197
vt 0.625197 0.739286
vt 0.625099 0.750099
vt 0.618990 0.748491
vt 0.625000 0.739286
vt 0.582143 0.750197
vt 0.582143 0.750000
vt 0.582143 0.739286
vt 0.374803 0.510714
vt 0.374901 0.499901
vt 0.381010 0.501509
vt 0.375000 0.510714
vt 0.417857 0.499803
vt 0.417857 0.500000
vt 0.417857 0.510714
vt 0.625197 0.510714
vt 0.625000 0.510714
vt 0.618962 0.501482
vt 0.625099 0.499901
vt 0.582143 0.510714
vt 0.582143 0.500000
vt 0.582143 0.499803
s 0
usemtl DL2_IceBlue
f 6013/7227/4209 6016/7228/4209 6017/7229/4209 6019/7230/4209
f 6014/7231/4210 6018/7232/4210 6017/7233/4210 6016/7234/4210
f 6015/7235/4211 6019/7236/4211 6017/7237/4211 6018/7238/4211
f 6020/7239/4212 6023/7240/4212 6024/7241/4212 6026/7242/4212
f 6021/7243/4213 6025/7244/4213 6024/7245/4213 6023/7246/4213
f 6022/7247/4214 6026/7248/4214 6024/7249/4214 6025/7250/4214
f 6027/7251/4215 6030/7252/4215 6031/7253/4215 6033/7254/4215
f 6028/7255/4216 6032/7256/4216 6031/7257/4216 6030/7258/4216
f 6029/7259/4217 6033/7260/4217 6031/7257/4217 6032/7256/4217
f 6034/7261/4218 6037/7262/4218 6038/7263/4218 6040/7264/4218
f 6035/7265/4219 6039/7266/4219 6038/7267/4219 6037/7268/4219
f 6036/7269/4220 6040/7270/4220 6038/7267/4220 6039/7266/4220
f 6041/7271/4221 6044/7272/4221 6045/7273/4221 6047/7274/4221
f 6042/7275/4222 6046/7276/4222 6045/7273/4222 6044/7272/4222
f 6043/7277/4223 6047/7274/4223 6045/7273/4223 6046/7276/4223
f 6048/7278/4224 6051/7279/4224 6052/7280/4224 6054/7281/4224
f 6049/7282/4225 6053/7283/4225 6052/7280/4225 6051/7279/4225
f 6050/7284/4226 6054/7281/4226 6052/7280/4226 6053/7283/4226
f 6055/7285/4227 6058/7286/4227 6059/7287/4227 6061/7288/4227
f 6056/7289/4228 6060/7290/4228 6059/7287/4228 6058/7286/4228
f 6057/7291/4229 6061/7288/4229 6059/7287/4229 6060/7290/4229
f 6062/7292/4230 6065/7293/4230 6066/7294/4230 6068/7295/4230
f 6063/7296/4231 6067/7297/4231 6066/7294/4231 6065/7293/4231
f 6064/7298/4232 6068/7295/4232 6066/7294/4232 6067/7297/4232
f 6027/7251/4233 6013/7227/4233 6019/7230/4233 6030/7252/4233
f 6030/7258/4234 6019/7236/4234 6015/7235/4234 6028/7255/4234
f 6014/7231/4235 6020/7239/4235 6026/7242/4235 6018/7232/4235
f 6018/7238/4236 6026/7248/4236 6022/7247/4236 6015/7235/4236
f 6021/7243/4237 6034/7261/4237 6040/7264/4237 6025/7244/4237
f 6025/7250/4238 6040/7270/4238 6036/7269/4238 6022/7247/4238
f 6035/7265/4239 6029/7259/4239 6032/7256/4239 6039/7266/4239
f 6039/7266/4240 6032/7256/4240 6028/7255/4240 6036/7269/4240
f 6055/7285/4241 6027/7251/4241 6033/7254/4241 6058/7286/4241
f 6058/7286/4242 6033/7260/4242 6029/7259/4242 6056/7289/4242
f 6034/7261/4243 6062/7292/4243 6068/7295/4243 6037/7262/4243
f 6037/7268/4244 6068/7295/4244 6064/7298/4244 6035/7265/4244
f 6063/7296/4245 6057/7291/4245 6060/7290/4245 6067/7297/4245
f 6067/7297/4246 6060/7290/4246 6056/7289/4246 6064/7298/4246
f 6041/7271/4247 6055/7285/4247 6061/7288/4247 6044/7272/4247
f 6044/7272/4248 6061/7288/4248 6057/7291/4248 6042/7275/4248
f 6062/7292/4249 6048/7278/4249 6054/7281/4249 6065/7293/4249
f 6065/7293/4250 6054/7281/4250 6050/7284/4250 6063/7296/4250
f 6049/7282/4251 6043/7277/4251 6046/7276/4251 6053/7283/4251
f 6053/7283/4252 6046/7276/4252 6042/7275/4252 6050/7284/4252
f 6013/7227/4253 6041/7271/4253 6047/7274/4253 6016/7228/4253
f 6016/7234/4254 6047/7274/4254 6043/7277/4254 6014/7231/4254
f 6048/7278/4255 6021/7243/4255 6023/7246/4255 6051/7279/4255
f 6051/7279/4256 6023/7240/4256 6020/7239/4256 6049/7282/4256
f 6027/7251/4257 6055/7285/4257 6041/7271/4257 6013/7227/4257
f 6015/7235/4258 6022/7247/4258 6036/7269/4258 6028/7255/4258
f 6043/7277/4259 6049/7282/4259 6020/7239/4259 6014/7231/4259
f 6062/7292/4260 6034/7261/4260 6021/7243/4260 6048/7278/4260
f 6029/7259/4261 6035/7265/4261 6064/7298/4261 6056/7289/4261
f 6057/7291/4262 6063/7296/4262 6050/7284/4262 6042/7275/4262
o DL_Port_Wing_BlueChannel_1
v 0.623427 2.045000 -15.900816
v 0.626512 2.057000 -15.889219
v 0.611830 2.057000 -15.897731
v 0.625608 2.048515 -15.892615
v 0.618513 2.050072 -15.892340
v 0.617408 2.057000 -15.890434
v 0.615227 2.048515 -15.898634
v 0.626512 2.103000 -15.889219
v 0.623427 2.115000 -15.900816
v 0.611830 2.103000 -15.897731
v 0.625608 2.111485 -15.892615
v 0.618513 2.109928 -15.892340
v 0.615227 2.111485 -15.898634
v 0.617408 2.103000 -15.890434
v 0.562756 2.045000 -16.128883
v 0.551159 2.057000 -16.125799
v 0.559671 2.057000 -16.140480
v 0.554556 2.048515 -16.126701
v 0.554280 2.050072 -16.133799
v 0.552374 2.057000 -16.134903
v 0.560575 2.048515 -16.137083
v 0.562756 2.115000 -16.128883
v 0.559671 2.103000 -16.140480
v 0.551159 2.103000 -16.125799
v 0.560575 2.111485 -16.137083
v 0.554280 2.109928 -16.133799
v 0.552374 2.103000 -16.134903
v 0.554556 2.111485 -16.126701
v 11.037245 2.045000 -18.671116
v 11.048841 2.057000 -18.674200
v 11.040329 2.057000 -18.659519
v 11.045444 2.048515 -18.673298
v 11.045721 2.050072 -18.666201
v 11.047626 2.057000 -18.665096
v 11.039426 2.048515 -18.662916
v 11.037245 2.115000 -18.671116
v 11.040329 2.103000 -18.659519
v 11.048841 2.103000 -18.674200
v 11.039426 2.111485 -18.662916
v 11.045721 2.109928 -18.666201
v 11.047626 2.103000 -18.665096
v 11.045444 2.111485 -18.673298
v 10.976574 2.045000 -18.899183
v 10.973488 2.057000 -18.910780
v 10.988171 2.057000 -18.902267
v 10.974392 2.048515 -18.907383
v 10.981487 2.050072 -18.907660
v 10.982592 2.057000 -18.909565
v 10.984774 2.048515 -18.901365
v 10.976574 2.115000 -18.899183
v 10.988171 2.103000 -18.902267
v 10.973488 2.103000 -18.910780
v 10.984774 2.111485 -18.901365
v 10.981487 2.109928 -18.907660
v 10.982592 2.103000 -18.909565
v 10.974392 2.111485 -18.907383
vn -0.2306 -0.8881 0.3977
vn -0.0858 -0.3251 0.9418
vn -0.7747 -0.3250 0.5424
vn -0.0858 0.3251 0.9418
vn -0.2306 0.8881 0.3977
vn -0.7747 0.3251 0.5424
vn -0.3977 -0.8881 -0.2306
vn -0.9418 -0.3251 -0.0858
vn -0.5424 -0.3251 -0.7746
vn -0.3977 0.8881 -0.2306
vn -0.5424 0.3251 -0.7746
vn -0.9418 0.3250 -0.0858
vn 0.3977 -0.8881 0.2306
vn 0.9418 -0.3251 0.0858
vn 0.5424 -0.3251 0.7746
vn 0.3977 0.8881 0.2306
vn 0.5424 0.3251 0.7746
vn 0.9418 0.3250 0.0858
vn 0.2306 -0.8881 -0.3977
vn 0.0858 -0.3251 -0.9418
vn 0.7747 -0.3250 -0.5424
vn 0.2306 0.8881 -0.3977
vn 0.7747 0.3251 -0.5424
vn 0.0858 0.3251 -0.9418
vn -0.3698 -0.9239 0.0984
vn -0.8928 -0.3827 0.2375
vn -0.1323 -0.0000 0.9912
vn -0.7945 -0.0000 0.6073
vn -0.3698 0.9239 0.0984
vn -0.8928 0.3827 0.2375
vn -0.6073 -0.0000 -0.7945
vn -0.9912 -0.0000 -0.1323
vn -0.0984 -0.9239 -0.3698
vn -0.2375 -0.3827 -0.8928
vn -0.0984 0.9239 -0.3698
vn -0.2375 0.3827 -0.8928
vn 0.7945 -0.0000 -0.6073
vn 0.1323 -0.0000 -0.9912
vn 0.3698 -0.9239 -0.0984
vn 0.8928 -0.3827 -0.2375
vn 0.3698 0.9239 -0.0984
vn 0.8928 0.3827 -0.2375
vn 0.6073 -0.0000 0.7945
vn 0.9912 -0.0000 0.1323
vn 0.0984 -0.9239 0.3698
vn 0.2375 -0.3827 0.8928
vn 0.0984 0.9239 0.3698
vn 0.2375 0.3827 0.8928
vn -0.0000 -1.0000 -0.0000
vn -0.9664 -0.0000 0.2571
vn 0.2571 -0.0000 0.9664
vn -0.0000 1.0000 -0.0000
vn -0.2571 -0.0000 -0.9664
vn 0.9664 -0.0000 -0.2571
vt 0.125278 0.738462
vt 0.125278 0.750000
vt 0.125117 0.750000
vt 0.125000 0.738461
vt 0.417857 0.999722
vt 0.417857 1.000000
vt 0.393114 1.000000
vt 0.375000 0.999722
vt 0.417857 0.011538
vt 0.375000 0.011538
vt 0.375000 0.004877
vt 0.417857 0.000000
vt 0.582143 0.999722
vt 0.625000 0.999722
vt 0.625000 0.999883
vt 0.582143 1.000000
vt 0.874722 0.738462
vt 0.875000 0.738461
vt 0.875000 0.745123
vt 0.874722 0.750000
vt 0.582143 0.011538
vt 0.582143 0.000000
vt 0.606886 0.000000
vt 0.625000 0.011538
vt 0.125278 0.511538
vt 0.125000 0.511538
vt 0.125000 0.504877
vt 0.125278 0.500000
vt 0.417857 0.238462
vt 0.417857 0.250000
vt 0.384057 0.250059
vt 0.375000 0.238462
vt 0.417857 0.250278
vt 0.375000 0.250278
vt 0.874722 0.511538
vt 0.874722 0.500000
vt 0.874883 0.500000
vt 0.875000 0.511538
vt 0.582143 0.250278
vt 0.582143 0.250000
vt 0.615943 0.247562
vt 0.625000 0.250278
vt 0.582143 0.238462
vt 0.625000 0.238462
vt 0.374722 0.738462
vt 0.375000 0.738461
vt 0.381038 0.748414
vt 0.374861 0.750139
vt 0.417857 0.738461
vt 0.417857 0.750000
vt 0.417857 0.750278
vt 0.625278 0.738462
vt 0.625139 0.750139
vt 0.619001 0.748374
vt 0.625000 0.738461
vt 0.582143 0.750278
vt 0.582143 0.750000
vt 0.582143 0.738462
vt 0.374722 0.511538
vt 0.374861 0.499861
vt 0.380999 0.501626
vt 0.375000 0.511538
vt 0.417857 0.499722
vt 0.417857 0.500000
vt 0.417857 0.511538
vt 0.625278 0.511538
vt 0.625000 0.511538
vt 0.618962 0.501586
vt 0.625139 0.499861
vt 0.582143 0.511538
vt 0.582143 0.500000
vt 0.582143 0.499722
s 0
usemtl DL2_IceBlue
f 6069/7299/4263 6072/7300/4263 6073/7301/4263 6075/7302/4263
f 6070/7303/4264 6074/7304/4264 6073/7305/4264 6072/7306/4264
f 6071/7307/4265 6075/7308/4265 6073/7309/4265 6074/7310/4265
f 6076/7311/4266 6079/7312/4266 6080/7313/4266 6082/7314/4266
f 6077/7315/4267 6081/7316/4267 6080/7317/4267 6079/7318/4267
f 6078/7319/4268 6082/7320/4268 6080/7321/4268 6081/7322/4268
f 6083/7323/4269 6086/7324/4269 6087/7325/4269 6089/7326/4269
f 6084/7327/4270 6088/7328/4270 6087/7329/4270 6086/7330/4270
f 6085/7331/4271 6089/7332/4271 6087/7329/4271 6088/7328/4271
f 6090/7333/4272 6093/7334/4272 6094/7335/4272 6096/7336/4272
f 6091/7337/4273 6095/7338/4273 6094/7339/4273 6093/7340/4273
f 6092/7341/4274 6096/7342/4274 6094/7339/4274 6095/7338/4274
f 6097/7343/4275 6100/7344/4275 6101/7345/4275 6103/7346/4275
f 6098/7347/4276 6102/7348/4276 6101/7345/4276 6100/7344/4276
f 6099/7349/4277 6103/7346/4277 6101/7345/4277 6102/7348/4277
f 6104/7350/4278 6107/7351/4278 6108/7352/4278 6110/7353/4278
f 6105/7354/4279 6109/7355/4279 6108/7352/4279 6107/7351/4279
f 6106/7356/4280 6110/7353/4280 6108/7352/4280 6109/7355/4280
f 6111/7357/4281 6114/7358/4281 6115/7359/4281 6117/7360/4281
f 6112/7361/4282 6116/7362/4282 6115/7359/4282 6114/7358/4282
f 6113/7363/4283 6117/7360/4283 6115/7359/4283 6116/7362/4283
f 6118/7364/4284 6121/7365/4284 6122/7366/4284 6124/7367/4284
f 6119/7368/4285 6123/7369/4285 6122/7366/4285 6121/7365/4285
f 6120/7370/4286 6124/7367/4286 6122/7366/4286 6123/7369/4286
f 6083/7323/4287 6069/7299/4287 6075/7302/4287 6086/7324/4287
f 6086/7330/4288 6075/7308/4288 6071/7307/4288 6084/7327/4288
f 6070/7303/4289 6076/7311/4289 6082/7314/4289 6074/7304/4289
f 6074/7310/4290 6082/7320/4290 6078/7319/4290 6071/7307/4290
f 6077/7315/4291 6090/7333/4291 6096/7336/4291 6081/7316/4291
f 6081/7322/4292 6096/7342/4292 6092/7341/4292 6078/7319/4292
f 6091/7337/4293 6085/7331/4293 6088/7328/4293 6095/7338/4293
f 6095/7338/4294 6088/7328/4294 6084/7327/4294 6092/7341/4294
f 6111/7357/4295 6083/7323/4295 6089/7326/4295 6114/7358/4295
f 6114/7358/4296 6089/7332/4296 6085/7331/4296 6112/7361/4296
f 6090/7333/4297 6118/7364/4297 6124/7367/4297 6093/7334/4297
f 6093/7340/4298 6124/7367/4298 6120/7370/4298 6091/7337/4298
f 6119/7368/4299 6113/7363/4299 6116/7362/4299 6123/7369/4299
f 6123/7369/4300 6116/7362/4300 6112/7361/4300 6120/7370/4300
f 6097/7343/4301 6111/7357/4301 6117/7360/4301 6100/7344/4301
f 6100/7344/4302 6117/7360/4302 6113/7363/4302 6098/7347/4302
f 6118/7364/4303 6104/7350/4303 6110/7353/4303 6121/7365/4303
f 6121/7365/4304 6110/7353/4304 6106/7356/4304 6119/7368/4304
f 6105/7354/4305 6099/7349/4305 6102/7348/4305 6109/7355/4305
f 6109/7355/4306 6102/7348/4306 6098/7347/4306 6106/7356/4306
f 6069/7299/4307 6097/7343/4307 6103/7346/4307 6072/7300/4307
f 6072/7306/4308 6103/7346/4308 6099/7349/4308 6070/7303/4308
f 6104/7350/4309 6077/7315/4309 6079/7318/4309 6107/7351/4309
f 6107/7351/4310 6079/7312/4310 6076/7311/4310 6105/7354/4310
f 6083/7323/4311 6111/7357/4311 6097/7343/4311 6069/7299/4311
f 6071/7307/4312 6078/7319/4312 6092/7341/4312 6084/7327/4312
f 6099/7349/4313 6105/7354/4313 6076/7311/4313 6070/7303/4313
f 6118/7364/4314 6090/7333/4314 6077/7315/4314 6104/7350/4314
f 6085/7331/4315 6091/7337/4315 6120/7370/4315 6112/7361/4315
f 6113/7363/4316 6119/7368/4316 6106/7356/4316 6098/7347/4316
o DL_Port_Wing_SweptArmor_0
v -28.705780 1.860000 -26.082045
v -28.710255 1.885000 -26.057447
v -28.730375 1.885000 -26.086519
v -28.708944 1.867322 -26.064651
v -28.722565 1.870566 -26.070427
v -28.726337 1.885000 -26.067818
v -28.723171 1.867322 -26.085209
v -28.710255 1.975000 -26.057447
v -28.705780 2.000000 -26.082045
v -28.730375 1.975000 -26.086519
v -28.708944 1.992678 -26.064651
v -28.722565 1.989434 -26.070427
v -28.723171 1.992678 -26.085209
v -28.726337 1.975000 -26.067818
v -28.592991 1.860000 -26.701866
v -28.617586 1.885000 -26.706341
v -28.588514 1.885000 -26.726461
v -28.610382 1.867322 -26.705030
v -28.604607 1.870566 -26.718651
v -28.607218 1.885000 -26.722424
v -28.589825 1.867322 -26.719257
v -28.592991 2.000000 -26.701866
v -28.588514 1.975000 -26.726461
v -28.617586 1.975000 -26.706341
v -28.589825 1.992678 -26.719257
v -28.604607 1.989434 -26.718651
v -28.607218 1.975000 -26.722424
v -28.610382 1.992678 -26.705030
v -13.407009 1.860000 -23.298134
v -13.382414 1.885000 -23.293659
v -13.411486 1.885000 -23.273539
v -13.389617 1.867322 -23.294970
v -13.395393 1.870566 -23.281349
v -13.392782 1.885000 -23.277576
v -13.410174 1.867322 -23.280743
v -13.407009 2.000000 -23.298134
v -13.411486 1.975000 -23.273539
v -13.382414 1.975000 -23.293659
v -13.410174 1.992678 -23.280743
v -13.395393 1.989434 -23.281349
v -13.392782 1.975000 -23.277576
v -13.389617 1.992678 -23.294970
v -13.294221 1.860000 -23.917955
v -13.289745 1.885000 -23.942553
v -13.269625 1.885000 -23.913481
v -13.291056 1.867322 -23.935349
v -13.277436 1.870566 -23.929573
v -13.273664 1.885000 -23.932182
v -13.276829 1.867322 -23.914791
v -13.294221 2.000000 -23.917955
v -13.269625 1.975000 -23.913481
v -13.289745 1.975000 -23.942553
v -13.276829 1.992678 -23.914791
v -13.277436 1.989434 -23.929573
v -13.273664 1.975000 -23.932182
v -13.291056 1.992678 -23.935349
vn -0.3780 -0.8881 0.2616
vn -0.4788 -0.3251 0.8155
vn -0.9319 -0.3251 0.1608
vn -0.4788 0.3251 0.8155
vn -0.3780 0.8881 0.2616
vn -0.9319 0.3251 0.1608
vn -0.2616 -0.8881 -0.3780
vn -0.8155 -0.3251 -0.4788
vn -0.1608 -0.3251 -0.9319
vn -0.2616 0.8881 -0.3780
vn -0.1608 0.3251 -0.9319
vn -0.8155 0.3251 -0.4788
vn 0.2616 -0.8881 0.3780
vn 0.8155 -0.3251 0.4788
vn 0.1608 -0.3251 0.9319
vn 0.2616 0.8881 0.3780
vn 0.1608 0.3251 0.9319
vn 0.8155 0.3251 0.4788
vn 0.3780 -0.8881 -0.2616
vn 0.4788 -0.3251 -0.8155
vn 0.9319 -0.3251 -0.1608
vn 0.3780 0.8881 -0.2616
vn 0.9319 0.3251 -0.1608
vn 0.4788 0.3251 -0.8155
vn -0.3765 -0.9239 -0.0685
vn -0.9090 -0.3827 -0.1654
vn -0.5419 -0.0000 0.8404
vn -0.9775 -0.0000 0.2111
vn -0.3765 0.9239 -0.0685
vn -0.9090 0.3827 -0.1654
vn -0.2111 -0.0000 -0.9775
vn -0.8404 -0.0000 -0.5419
vn 0.0685 -0.9239 -0.3765
vn 0.1654 -0.3827 -0.9090
vn 0.0685 0.9239 -0.3765
vn 0.1654 0.3827 -0.9090
vn 0.9775 -0.0000 -0.2111
vn 0.5419 -0.0000 -0.8404
vn 0.3765 -0.9239 0.0685
vn 0.9090 -0.3827 0.1654
vn 0.3765 0.9239 0.0685
vn 0.9090 0.3827 0.1654
vn 0.2111 -0.0000 0.9775
vn 0.8404 -0.0000 0.5419
vn -0.0685 -0.9239 0.3765
vn -0.1654 -0.3827 0.9090
vn -0.0685 0.9239 0.3765
vn -0.1654 0.3827 0.9090
vn -0.0000 -1.0000 -0.0000
vn -0.9838 -0.0000 -0.1790
vn -0.1790 -0.0000 0.9838
vn -0.0000 1.0000 -0.0000
vn 0.1790 -0.0000 -0.9838
vn 0.9838 -0.0000 0.1790
vt 0.125401 0.740809
vt 0.125401 0.750000
vt 0.125169 0.750000
vt 0.125000 0.740809
vt 0.419643 0.999599
vt 0.419643 1.000000
vt 0.393868 1.000000
vt 0.375000 0.999599
vt 0.419643 0.009191
vt 0.375000 0.009191
vt 0.375000 0.003885
vt 0.419643 0.000000
vt 0.580357 0.999599
vt 0.625000 0.999599
vt 0.625000 0.999831
vt 0.580357 1.000000
vt 0.874599 0.740809
vt 0.875000 0.740809
vt 0.875000 0.746115
vt 0.874599 0.750000
vt 0.580357 0.009191
vt 0.580357 0.000000
vt 0.606132 0.000000
vt 0.625000 0.009191
vt 0.125401 0.509191
vt 0.125000 0.509191
vt 0.125000 0.503885
vt 0.125401 0.500000
vt 0.419643 0.240809
vt 0.419643 0.250000
vt 0.384434 0.250085
vt 0.375000 0.240809
vt 0.419643 0.250401
vt 0.375000 0.250401
vt 0.874599 0.509191
vt 0.874599 0.500000
vt 0.874831 0.500000
vt 0.875000 0.509191
vt 0.580357 0.250401
vt 0.580357 0.250000
vt 0.615566 0.248058
vt 0.625000 0.250401
vt 0.580357 0.240809
vt 0.625000 0.240809
vt 0.374599 0.740809
vt 0.375000 0.740809
vt 0.381289 0.748762
vt 0.374800 0.750200
vt 0.419643 0.740809
vt 0.419643 0.750000
vt 0.419643 0.750401
vt 0.625401 0.740809
vt 0.625200 0.750200
vt 0.618767 0.748705
vt 0.625000 0.740809
vt 0.580357 0.750401
vt 0.580357 0.750000
vt 0.580357 0.740809
vt 0.374599 0.509191
vt 0.374800 0.499800
vt 0.381233 0.501295
vt 0.375000 0.509191
vt 0.419643 0.499599
vt 0.419643 0.500000
vt 0.419643 0.509191
vt 0.625401 0.509191
vt 0.625000 0.509191
vt 0.618711 0.501238
vt 0.625200 0.499800
vt 0.580357 0.509191
vt 0.580357 0.500000
vt 0.580357 0.499599
s 0
usemtl DL2_Hull_Silver
f 6125/7371/4317 6128/7372/4317 6129/7373/4317 6131/7374/4317
f 6126/7375/4318 6130/7376/4318 6129/7377/4318 6128/7378/4318
f 6127/7379/4319 6131/7380/4319 6129/7381/4319 6130/7382/4319
f 6132/7383/4320 6135/7384/4320 6136/7385/4320 6138/7386/4320
f 6133/7387/4321 6137/7388/4321 6136/7389/4321 6135/7390/4321
f 6134/7391/4322 6138/7392/4322 6136/7393/4322 6137/7394/4322
f 6139/7395/4323 6142/7396/4323 6143/7397/4323 6145/7398/4323
f 6140/7399/4324 6144/7400/4324 6143/7401/4324 6142/7402/4324
f 6141/7403/4325 6145/7404/4325 6143/7401/4325 6144/7400/4325
f 6146/7405/4326 6149/7406/4326 6150/7407/4326 6152/7408/4326
f 6147/7409/4327 6151/7410/4327 6150/7411/4327 6149/7412/4327
f 6148/7413/4328 6152/7414/4328 6150/7411/4328 6151/7410/4328
f 6153/7415/4329 6156/7416/4329 6157/7417/4329 6159/7418/4329
f 6154/7419/4330 6158/7420/4330 6157/7417/4330 6156/7416/4330
f 6155/7421/4331 6159/7418/4331 6157/7417/4331 6158/7420/4331
f 6160/7422/4332 6163/7423/4332 6164/7424/4332 6166/7425/4332
f 6161/7426/4333 6165/7427/4333 6164/7424/4333 6163/7423/4333
f 6162/7428/4334 6166/7425/4334 6164/7424/4334 6165/7427/4334
f 6167/7429/4335 6170/7430/4335 6171/7431/4335 6173/7432/4335
f 6168/7433/4336 6172/7434/4336 6171/7431/4336 6170/7430/4336
f 6169/7435/4337 6173/7432/4337 6171/7431/4337 6172/7434/4337
f 6174/7436/4338 6177/7437/4338 6178/7438/4338 6180/7439/4338
f 6175/7440/4339 6179/7441/4339 6178/7438/4339 6177/7437/4339
f 6176/7442/4340 6180/7439/4340 6178/7438/4340 6179/7441/4340
f 6139/7395/4341 6125/7371/4341 6131/7374/4341 6142/7396/4341
f 6142/7402/4342 6131/7380/4342 6127/7379/4342 6140/7399/4342
f 6126/7375/4343 6132/7383/4343 6138/7386/4343 6130/7376/4343
f 6130/7382/4344 6138/7392/4344 6134/7391/4344 6127/7379/4344
f 6133/7387/4345 6146/7405/4345 6152/7408/4345 6137/7388/4345
f 6137/7394/4346 6152/7414/4346 6148/7413/4346 6134/7391/4346
f 6147/7409/4347 6141/7403/4347 6144/7400/4347 6151/7410/4347
f 6151/7410/4348 6144/7400/4348 6140/7399/4348 6148/7413/4348
f 6167/7429/4349 6139/7395/4349 6145/7398/4349 6170/7430/4349
f 6170/7430/4350 6145/7404/4350 6141/7403/4350 6168/7433/4350
f 6146/7405/4351 6174/7436/4351 6180/7439/4351 6149/7406/4351
f 6149/7412/4352 6180/7439/4352 6176/7442/4352 6147/7409/4352
f 6175/7440/4353 6169/7435/4353 6172/7434/4353 6179/7441/4353
f 6179/7441/4354 6172/7434/4354 6168/7433/4354 6176/7442/4354
f 6153/7415/4355 6167/7429/4355 6173/7432/4355 6156/7416/4355
f 6156/7416/4356 6173/7432/4356 6169/7435/4356 6154/7419/4356
f 6174/7436/4357 6160/7422/4357 6166/7425/4357 6177/7437/4357
f 6177/7437/4358 6166/7425/4358 6162/7428/4358 6175/7440/4358
f 6161/7426/4359 6155/7421/4359 6158/7420/4359 6165/7427/4359
f 6165/7427/4360 6158/7420/4360 6154/7419/4360 6162/7428/4360
f 6125/7371/4361 6153/7415/4361 6159/7418/4361 6128/7372/4361
f 6128/7378/4362 6159/7418/4362 6155/7421/4362 6126/7375/4362
f 6160/7422/4363 6133/7387/4363 6135/7390/4363 6163/7423/4363
f 6163/7423/4364 6135/7384/4364 6132/7383/4364 6161/7426/4364
f 6139/7395/4365 6167/7429/4365 6153/7415/4365 6125/7371/4365
f 6127/7379/4366 6134/7391/4366 6148/7413/4366 6140/7399/4366
f 6155/7421/4367 6161/7426/4367 6132/7383/4367 6126/7375/4367
f 6174/7436/4368 6146/7405/4368 6133/7387/4368 6160/7422/4368
f 6141/7403/4369 6147/7409/4369 6176/7442/4369 6168/7433/4369
f 6169/7435/4370 6175/7440/4370 6162/7428/4370 6154/7419/4370
o DL_Port_Wing_SweptArmor_1
v -3.693290 1.860000 -20.463964
v -3.688323 1.885000 -20.439463
v -3.717792 1.885000 -20.458998
v -3.689778 1.867322 -20.446640
v -3.704569 1.870566 -20.446951
v -3.707104 1.885000 -20.443127
v -3.710616 1.867322 -20.460453
v -3.688323 1.975000 -20.439463
v -3.693290 2.000000 -20.463964
v -3.717792 1.975000 -20.458998
v -3.689778 1.992678 -20.446640
v -3.704569 1.989434 -20.446951
v -3.710616 1.992678 -20.460453
v -3.707104 1.975000 -20.443127
v -3.802558 1.860000 -21.003002
v -3.827060 1.885000 -20.998035
v -3.807525 1.885000 -21.027504
v -3.819884 1.867322 -20.999489
v -3.819572 1.870566 -21.014280
v -3.823396 1.885000 -21.016815
v -3.806070 1.867322 -21.020327
v -3.802558 2.000000 -21.003002
v -3.807525 1.975000 -21.027504
v -3.827060 1.975000 -20.998035
v -3.806070 1.992678 -21.020327
v -3.819572 1.989434 -21.014280
v -3.823396 1.975000 -21.016815
v -3.819884 1.992678 -20.999489
v 8.802559 1.860000 -22.996998
v 8.827061 1.885000 -23.001965
v 8.807526 1.885000 -22.972496
v 8.819883 1.867322 -23.000511
v 8.819572 1.870566 -22.985720
v 8.823396 1.885000 -22.983185
v 8.806070 1.867322 -22.979673
v 8.802559 2.000000 -22.996998
v 8.807526 1.975000 -22.972496
v 8.827061 1.975000 -23.001965
v 8.806070 1.992678 -22.979673
v 8.819572 1.989434 -22.985720
v 8.823396 1.975000 -22.983185
v 8.819883 1.992678 -23.000511
v 8.693291 1.860000 -23.536036
v 8.688324 1.885000 -23.560537
v 8.717793 1.885000 -23.541002
v 8.689778 1.867322 -23.553360
v 8.704569 1.870566 -23.553049
v 8.707104 1.885000 -23.556873
v 8.710615 1.867322 -23.539547
v 8.693291 2.000000 -23.536036
v 8.717793 1.975000 -23.541002
v 8.688324 1.975000 -23.560537
v 8.710615 1.992678 -23.539547
v 8.704569 1.989434 -23.553049
v 8.707104 1.975000 -23.556873
v 8.689778 1.992678 -23.553360
vn -0.2540 -0.8881 0.3832
vn -0.1421 -0.3251 0.9350
vn -0.8058 -0.3251 0.4950
vn -0.1421 0.3250 0.9350
vn -0.2540 0.8881 0.3832
vn -0.8058 0.3251 0.4950
vn -0.3832 -0.8881 -0.2540
vn -0.9350 -0.3251 -0.1421
vn -0.4950 -0.3250 -0.8058
vn -0.3832 0.8881 -0.2540
vn -0.4950 0.3251 -0.8058
vn -0.9350 0.3251 -0.1421
vn 0.3832 -0.8881 0.2540
vn 0.9350 -0.3251 0.1421
vn 0.4950 -0.3250 0.8058
vn 0.3832 0.8881 0.2540
vn 0.4950 0.3251 0.8058
vn 0.9350 0.3251 0.1421
vn 0.2540 -0.8881 -0.3832
vn 0.1421 -0.3251 -0.9350
vn 0.8058 -0.3251 -0.4950
vn 0.2540 0.8881 -0.3832
vn 0.8058 0.3251 -0.4950
vn 0.1421 0.3250 -0.9350
vn -0.3751 -0.9239 0.0760
vn -0.9055 -0.3827 0.1835
vn -0.1915 -0.0000 0.9815
vn -0.8294 -0.0000 0.5586
vn -0.3751 0.9239 0.0760
vn -0.9055 0.3827 0.1835
vn -0.5586 -0.0000 -0.8294
vn -0.9815 -0.0000 -0.1915
vn -0.0760 -0.9239 -0.3751
vn -0.1835 -0.3827 -0.9055
vn -0.0760 0.9239 -0.3751
vn -0.1835 0.3827 -0.9055
vn 0.8294 -0.0000 -0.5586
vn 0.1915 -0.0000 -0.9815
vn 0.3751 -0.9239 -0.0760
vn 0.9055 -0.3827 -0.1835
vn 0.3751 0.9239 -0.0760
vn 0.9055 0.3827 -0.1835
vn 0.5586 -0.0000 0.8294
vn 0.9815 -0.0000 0.1915
vn 0.0760 -0.9239 0.3751
vn 0.1835 -0.3827 0.9055
vn 0.0760 0.9239 0.3751
vn 0.1835 0.3827 0.9055
vn -0.0000 -1.0000 -0.0000
vn -0.9801 -0.0000 0.1987
vn 0.1987 -0.0000 0.9801
vn -0.0000 1.0000 -0.0000
vn -0.1987 -0.0000 -0.9801
vn 0.9801 -0.0000 -0.1987
vt 0.125488 0.739583
vt 0.125488 0.750000
vt 0.125206 0.750000
vt 0.125000 0.739583
vt 0.419643 0.999512
vt 0.419643 1.000000
vt 0.393868 1.000000
vt 0.375000 0.999512
vt 0.419643 0.010417
vt 0.375000 0.010417
vt 0.375000 0.004403
vt 0.419643 0.000000
vt 0.580357 0.999512
vt 0.625000 0.999512
vt 0.625000 0.999794
vt 0.580357 1.000000
vt 0.874512 0.739583
vt 0.875000 0.739583
vt 0.875000 0.745597
vt 0.874512 0.750000
vt 0.580357 0.010417
vt 0.580357 0.000000
vt 0.606132 0.000000
vt 0.625000 0.010417
vt 0.125488 0.510417
vt 0.125000 0.510417
vt 0.125000 0.504403
vt 0.125488 0.500000
vt 0.419643 0.239583
vt 0.419643 0.250000
vt 0.384434 0.250103
vt 0.375000 0.239583
vt 0.419643 0.250488
vt 0.375000 0.250488
vt 0.874512 0.510417
vt 0.874512 0.500000
vt 0.874794 0.500000
vt 0.875000 0.510417
vt 0.580357 0.250488
vt 0.580357 0.250000
vt 0.615566 0.247799
vt 0.625000 0.250488
vt 0.580357 0.239583
vt 0.625000 0.239583
vt 0.374512 0.739583
vt 0.375000 0.739583
vt 0.381289 0.748601
vt 0.374756 0.750244
vt 0.419643 0.739583
vt 0.419643 0.750000
vt 0.419643 0.750488
vt 0.625488 0.739583
vt 0.625244 0.750244
vt 0.618779 0.748532
vt 0.625000 0.739583
vt 0.580357 0.750488
vt 0.580357 0.750000
vt 0.580357 0.739583
vt 0.374512 0.510417
vt 0.374756 0.499756
vt 0.381221 0.501468
vt 0.375000 0.510417
vt 0.419643 0.499512
vt 0.419643 0.500000
vt 0.419643 0.510417
vt 0.625488 0.510417
vt 0.625000 0.510417
vt 0.618711 0.501399
vt 0.625244 0.499756
vt 0.580357 0.510417
vt 0.580357 0.500000
vt 0.580357 0.499512
s 0
usemtl DL2_Hull_Silver
f 6181/7443/4371 6184/7444/4371 6185/7445/4371 6187/7446/4371
f 6182/7447/4372 6186/7448/4372 6185/7449/4372 6184/7450/4372
f 6183/7451/4373 6187/7452/4373 6185/7453/4373 6186/7454/4373
f 6188/7455/4374 6191/7456/4374 6192/7457/4374 6194/7458/4374
f 6189/7459/4375 6193/7460/4375 6192/7461/4375 6191/7462/4375
f 6190/7463/4376 6194/7464/4376 6192/7465/4376 6193/7466/4376
f 6195/7467/4377 6198/7468/4377 6199/7469/4377 6201/7470/4377
f 6196/7471/4378 6200/7472/4378 6199/7473/4378 6198/7474/4378
f 6197/7475/4379 6201/7476/4379 6199/7473/4379 6200/7472/4379
f 6202/7477/4380 6205/7478/4380 6206/7479/4380 6208/7480/4380
f 6203/7481/4381 6207/7482/4381 6206/7483/4381 6205/7484/4381
f 6204/7485/4382 6208/7486/4382 6206/7483/4382 6207/7482/4382
f 6209/7487/4383 6212/7488/4383 6213/7489/4383 6215/7490/4383
f 6210/7491/4384 6214/7492/4384 6213/7489/4384 6212/7488/4384
f 6211/7493/4385 6215/7490/4385 6213/7489/4385 6214/7492/4385
f 6216/7494/4386 6219/7495/4386 6220/7496/4386 6222/7497/4386
f 6217/7498/4387 6221/7499/4387 6220/7496/4387 6219/7495/4387
f 6218/7500/4388 6222/7497/4388 6220/7496/4388 6221/7499/4388
f 6223/7501/4389 6226/7502/4389 6227/7503/4389 6229/7504/4389
f 6224/7505/4390 6228/7506/4390 6227/7503/4390 6226/7502/4390
f 6225/7507/4391 6229/7504/4391 6227/7503/4391 6228/7506/4391
f 6230/7508/4392 6233/7509/4392 6234/7510/4392 6236/7511/4392
f 6231/7512/4393 6235/7513/4393 6234/7510/4393 6233/7509/4393
f 6232/7514/4394 6236/7511/4394 6234/7510/4394 6235/7513/4394
f 6195/7467/4395 6181/7443/4395 6187/7446/4395 6198/7468/4395
f 6198/7474/4396 6187/7452/4396 6183/7451/4396 6196/7471/4396
f 6182/7447/4397 6188/7455/4397 6194/7458/4397 6186/7448/4397
f 6186/7454/4398 6194/7464/4398 6190/7463/4398 6183/7451/4398
f 6189/7459/4399 6202/7477/4399 6208/7480/4399 6193/7460/4399
f 6193/7466/4400 6208/7486/4400 6204/7485/4400 6190/7463/4400
f 6203/7481/4401 6197/7475/4401 6200/7472/4401 6207/7482/4401
f 6207/7482/4402 6200/7472/4402 6196/7471/4402 6204/7485/4402
f 6223/7501/4403 6195/7467/4403 6201/7470/4403 6226/7502/4403
f 6226/7502/4404 6201/7476/4404 6197/7475/4404 6224/7505/4404
f 6202/7477/4405 6230/7508/4405 6236/7511/4405 6205/7478/4405
f 6205/7484/4406 6236/7511/4406 6232/7514/4406 6203/7481/4406
f 6231/7512/4407 6225/7507/4407 6228/7506/4407 6235/7513/4407
f 6235/7513/4408 6228/7506/4408 6224/7505/4408 6232/7514/4408
f 6209/7487/4409 6223/7501/4409 6229/7504/4409 6212/7488/4409
f 6212/7488/4410 6229/7504/4410 6225/7507/4410 6210/7491/4410
f 6230/7508/4411 6216/7494/4411 6222/7497/4411 6233/7509/4411
f 6233/7509/4412 6222/7497/4412 6218/7500/4412 6231/7512/4412
f 6217/7498/4413 6211/7493/4413 6214/7492/4413 6221/7499/4413
f 6221/7499/4414 6214/7492/4414 6210/7491/4414 6218/7500/4414
f 6181/7443/4415 6209/7487/4415 6215/7490/4415 6184/7444/4415
f 6184/7450/4416 6215/7490/4416 6211/7493/4416 6182/7447/4416
f 6216/7494/4417 6189/7459/4417 6191/7462/4417 6219/7495/4417
f 6219/7495/4418 6191/7456/4418 6188/7455/4418 6217/7498/4418
f 6195/7467/4419 6223/7501/4419 6209/7487/4419 6181/7443/4419
f 6183/7451/4420 6190/7463/4420 6204/7485/4420 6196/7471/4420
f 6211/7493/4421 6217/7498/4421 6188/7455/4421 6182/7447/4421
f 6230/7508/4422 6202/7477/4422 6189/7459/4422 6216/7494/4422
f 6197/7475/4423 6203/7481/4423 6232/7514/4423 6224/7505/4423
f 6225/7507/4424 6231/7512/4424 6218/7500/4424 6210/7491/4424
o DL_Starboard_Wing_BlueChannel_0
v -25.731621 2.045000 19.667894
v -25.733295 2.057000 19.679777
v -25.743504 2.057000 19.666220
v -25.732805 2.048515 19.676298
v -25.739449 2.050072 19.673788
v -25.741207 2.057000 19.675114
v -25.740023 2.048515 19.666712
v -25.733295 2.103000 19.679777
v -25.731621 2.115000 19.667894
v -25.743504 2.103000 19.666220
v -25.732805 2.111485 19.676298
v -25.739449 2.109928 19.673788
v -25.740023 2.111485 19.666712
v -25.741207 2.103000 19.675114
v -25.695898 2.045000 19.414400
v -25.707781 2.057000 19.412725
v -25.694223 2.057000 19.402517
v -25.704300 2.048515 19.413216
v -25.701792 2.050072 19.406572
v -25.703117 2.057000 19.404814
v -25.694714 2.048515 19.405998
v -25.695898 2.115000 19.414400
v -25.694223 2.103000 19.402517
v -25.707781 2.103000 19.412725
v -25.694714 2.111485 19.405998
v -25.701792 2.109928 19.406572
v -25.703117 2.103000 19.404814
v -25.704300 2.111485 19.413216
v -10.704103 2.045000 21.785601
v -10.692221 2.057000 21.787275
v -10.705778 2.057000 21.797483
v -10.695702 2.048515 21.786785
v -10.698210 2.050072 21.793428
v -10.696885 2.057000 21.795187
v -10.705288 2.048515 21.794003
v -10.704103 2.115000 21.785601
v -10.705778 2.103000 21.797483
v -10.692221 2.103000 21.787275
v -10.705288 2.111485 21.794003
v -10.698210 2.109928 21.793428
v -10.696885 2.103000 21.795187
v -10.695702 2.111485 21.786785
v -10.668381 2.045000 21.532106
v -10.666706 2.057000 21.520224
v -10.656498 2.057000 21.533781
v -10.667196 2.048515 21.523703
v -10.660553 2.050072 21.526213
v -10.658794 2.057000 21.524887
v -10.659979 2.048515 21.533289
v -10.668381 2.115000 21.532106
v -10.656498 2.103000 21.533781
v -10.666706 2.103000 21.520224
v -10.659979 2.111485 21.533289
v -10.660553 2.109928 21.526213
v -10.658794 2.103000 21.524887
v -10.667196 2.111485 21.523703
vn -0.3672 -0.8881 0.2765
vn -0.4458 -0.3251 0.8340
vn -0.9247 -0.3251 0.1980
vn -0.4458 0.3251 0.8340
vn -0.3672 0.8881 0.2765
vn -0.9247 0.3251 0.1980
vn -0.2765 -0.8881 -0.3672
vn -0.8340 -0.3251 -0.4458
vn -0.1980 -0.3251 -0.9247
vn -0.2765 0.8881 -0.3672
vn -0.1980 0.3251 -0.9247
vn -0.8340 0.3251 -0.4458
vn 0.2765 -0.8881 0.3672
vn 0.8340 -0.3251 0.4458
vn 0.1980 -0.3251 0.9247
vn 0.2765 0.8881 0.3672
vn 0.1980 0.3251 0.9247
vn 0.8340 0.3251 0.4458
vn 0.3672 -0.8881 -0.2765
vn 0.4458 -0.3251 -0.8340
vn 0.9247 -0.3251 -0.1980
vn 0.3672 0.8881 -0.2765
vn 0.9247 0.3251 -0.1980
vn 0.4458 0.3251 -0.8340
vn -0.3790 -0.9239 -0.0534
vn -0.9148 -0.3827 -0.1289
vn -0.5078 -0.0000 0.8615
vn -0.9683 -0.0000 0.2500
vn -0.3790 0.9239 -0.0534
vn -0.9148 0.3827 -0.1289
vn -0.2500 -0.0000 -0.9682
vn -0.8615 -0.0000 -0.5078
vn 0.0534 -0.9239 -0.3789
vn 0.1289 -0.3827 -0.9148
vn 0.0534 0.9239 -0.3789
vn 0.1289 0.3827 -0.9148
vn 0.9683 -0.0000 -0.2500
vn 0.5078 -0.0000 -0.8615
vn 0.3790 -0.9239 0.0534
vn 0.9148 -0.3827 0.1289
vn 0.3790 0.9239 0.0534
vn 0.9148 0.3827 0.1289
vn 0.2500 -0.0000 0.9682
vn 0.8615 -0.0000 0.5078
vn -0.0534 -0.9239 0.3789
vn -0.1289 -0.3827 0.9148
vn -0.0534 0.9239 0.3789
vn -0.1289 0.3827 0.9148
vn -0.0000 -1.0000 -0.0000
vn -0.9902 -0.0000 -0.1395
vn -0.1395 -0.0000 0.9902
vn -0.0000 1.0000 -0.0000
vn 0.1395 -0.0000 -0.9902
vn 0.9902 -0.0000 0.1395
vt 0.125197 0.739286
vt 0.125197 0.750000
vt 0.125083 0.750000
vt 0.125000 0.739286
vt 0.417857 0.999803
vt 0.417857 1.000000
vt 0.393114 1.000000
vt 0.375000 0.999803
vt 0.417857 0.010714
vt 0.375000 0.010714
vt 0.375000 0.004528
vt 0.417857 0.000000
vt 0.582143 0.999803
vt 0.625000 0.999803
vt 0.625000 0.999917
vt 0.582143 1.000000
vt 0.874803 0.739286
vt 0.875000 0.739286
vt 0.875000 0.745472
vt 0.874803 0.750000
vt 0.582143 0.010714
vt 0.582143 0.000000
vt 0.606886 0.000000
vt 0.625000 0.010714
vt 0.125197 0.510714
vt 0.125000 0.510714
vt 0.125000 0.504528
vt 0.125197 0.500000
vt 0.417857 0.239286
vt 0.417857 0.250000
vt 0.384057 0.250042
vt 0.375000 0.239286
vt 0.417857 0.250197
vt 0.375000 0.250197
vt 0.874803 0.510714
vt 0.874803 0.500000
vt 0.874917 0.500000
vt 0.875000 0.510714
vt 0.582143 0.250197
vt 0.582143 0.250000
vt 0.615943 0.247736
vt 0.625000 0.250197
vt 0.582143 0.239286
vt 0.625000 0.239286
vt 0.374803 0.739286
vt 0.375000 0.739286
vt 0.381038 0.748518
vt 0.374901 0.750099
vt 0.417857 0.739286
vt 0.417857 0.750000
vt 0.417857 0.750197
vt 0.625197 0.739286
vt 0.625099 0.750099
vt 0.618990 0.748491
vt 0.625000 0.739286
vt 0.582143 0.750197
vt 0.582143 0.750000
vt 0.582143 0.739286
vt 0.374803 0.510714
vt 0.374901 0.499901
vt 0.381010 0.501509
vt 0.375000 0.510714
vt 0.417857 0.499803
vt 0.417857 0.500000
vt 0.417857 0.510714
vt 0.625197 0.510714
vt 0.625000 0.510714
vt 0.618962 0.501482
vt 0.625099 0.499901
vt 0.582143 0.510714
vt 0.582143 0.500000
vt 0.582143 0.499803
s 0
usemtl DL2_IceBlue
f 6237/7515/4425 6240/7516/4425 6241/7517/4425 6243/7518/4425
f 6238/7519/4426 6242/7520/4426 6241/7521/4426 6240/7522/4426
f 6239/7523/4427 6243/7524/4427 6241/7525/4427 6242/7526/4427
f 6244/7527/4428 6247/7528/4428 6248/7529/4428 6250/7530/4428
f 6245/7531/4429 6249/7532/4429 6248/7533/4429 6247/7534/4429
f 6246/7535/4430 6250/7536/4430 6248/7537/4430 6249/7538/4430
f 6251/7539/4431 6254/7540/4431 6255/7541/4431 6257/7542/4431
f 6252/7543/4432 6256/7544/4432 6255/7545/4432 6254/7546/4432
f 6253/7547/4433 6257/7548/4433 6255/7545/4433 6256/7544/4433
f 6258/7549/4434 6261/7550/4434 6262/7551/4434 6264/7552/4434
f 6259/7553/4435 6263/7554/4435 6262/7555/4435 6261/7556/4435
f 6260/7557/4436 6264/7558/4436 6262/7555/4436 6263/7554/4436
f 6265/7559/4437 6268/7560/4437 6269/7561/4437 6271/7562/4437
f 6266/7563/4438 6270/7564/4438 6269/7561/4438 6268/7560/4438
f 6267/7565/4439 6271/7562/4439 6269/7561/4439 6270/7564/4439
f 6272/7566/4440 6275/7567/4440 6276/7568/4440 6278/7569/4440
f 6273/7570/4441 6277/7571/4441 6276/7568/4441 6275/7567/4441
f 6274/7572/4442 6278/7569/4442 6276/7568/4442 6277/7571/4442
f 6279/7573/4443 6282/7574/4443 6283/7575/4443 6285/7576/4443
f 6280/7577/4444 6284/7578/4444 6283/7575/4444 6282/7574/4444
f 6281/7579/4445 6285/7576/4445 6283/7575/4445 6284/7578/4445
f 6286/7580/4446 6289/7581/4446 6290/7582/4446 6292/7583/4446
f 6287/7584/4447 6291/7585/4447 6290/7582/4447 6289/7581/4447
f 6288/7586/4448 6292/7583/4448 6290/7582/4448 6291/7585/4448
f 6251/7539/4449 6237/7515/4449 6243/7518/4449 6254/7540/4449
f 6254/7546/4450 6243/7524/4450 6239/7523/4450 6252/7543/4450
f 6238/7519/4451 6244/7527/4451 6250/7530/4451 6242/7520/4451
f 6242/7526/4452 6250/7536/4452 6246/7535/4452 6239/7523/4452
f 6245/7531/4453 6258/7549/4453 6264/7552/4453 6249/7532/4453
f 6249/7538/4454 6264/7558/4454 6260/7557/4454 6246/7535/4454
f 6259/7553/4455 6253/7547/4455 6256/7544/4455 6263/7554/4455
f 6263/7554/4456 6256/7544/4456 6252/7543/4456 6260/7557/4456
f 6279/7573/4457 6251/7539/4457 6257/7542/4457 6282/7574/4457
f 6282/7574/4458 6257/7548/4458 6253/7547/4458 6280/7577/4458
f 6258/7549/4459 6286/7580/4459 6292/7583/4459 6261/7550/4459
f 6261/7556/4460 6292/7583/4460 6288/7586/4460 6259/7553/4460
f 6287/7584/4461 6281/7579/4461 6284/7578/4461 6291/7585/4461
f 6291/7585/4462 6284/7578/4462 6280/7577/4462 6288/7586/4462
f 6265/7559/4463 6279/7573/4463 6285/7576/4463 6268/7560/4463
f 6268/7560/4464 6285/7576/4464 6281/7579/4464 6266/7563/4464
f 6286/7580/4465 6272/7566/4465 6278/7569/4465 6289/7581/4465
f 6289/7581/4466 6278/7569/4466 6274/7572/4466 6287/7584/4466
f 6273/7570/4467 6267/7565/4467 6270/7564/4467 6277/7571/4467
f 6277/7571/4468 6270/7564/4468 6266/7563/4468 6274/7572/4468
f 6237/7515/4469 6265/7559/4469 6271/7562/4469 6240/7516/4469
f 6240/7522/4470 6271/7562/4470 6267/7565/4470 6238/7519/4470
f 6272/7566/4471 6245/7531/4471 6247/7534/4471 6275/7567/4471
f 6275/7567/4472 6247/7528/4472 6244/7527/4472 6273/7570/4472
f 6251/7539/4473 6279/7573/4473 6265/7559/4473 6237/7515/4473
f 6239/7523/4474 6246/7535/4474 6260/7557/4474 6252/7543/4474
f 6267/7565/4475 6273/7570/4475 6244/7527/4475 6238/7519/4475
f 6286/7580/4476 6258/7549/4476 6245/7531/4476 6272/7566/4476
f 6253/7547/4477 6259/7553/4477 6288/7586/4477 6280/7577/4477
f 6281/7579/4478 6287/7584/4478 6274/7572/4478 6266/7563/4478
o DL_Starboard_Wing_BlueChannel_1
v 0.562756 2.045000 16.128883
v 0.559671 2.057000 16.140480
v 0.551159 2.057000 16.125799
v 0.560575 2.048515 16.137083
v 0.554280 2.050072 16.133799
v 0.552374 2.057000 16.134903
v 0.554556 2.048515 16.126701
v 0.559671 2.103000 16.140480
v 0.562756 2.115000 16.128883
v 0.551159 2.103000 16.125799
v 0.560575 2.111485 16.137083
v 0.554280 2.109928 16.133799
v 0.554556 2.111485 16.126701
v 0.552374 2.103000 16.134903
v 0.623427 2.045000 15.900816
v 0.611830 2.057000 15.897731
v 0.626512 2.057000 15.889219
v 0.615227 2.048515 15.898634
v 0.618513 2.050072 15.892340
v 0.617408 2.057000 15.890434
v 0.625608 2.048515 15.892615
v 0.623427 2.115000 15.900816
v 0.626512 2.103000 15.889219
v 0.611830 2.103000 15.897731
v 0.625608 2.111485 15.892615
v 0.618513 2.109928 15.892340
v 0.617408 2.103000 15.890434
v 0.615227 2.111485 15.898634
v 10.976574 2.045000 18.899183
v 10.988171 2.057000 18.902267
v 10.973488 2.057000 18.910780
v 10.984774 2.048515 18.901365
v 10.981487 2.050072 18.907660
v 10.982592 2.057000 18.909565
v 10.974392 2.048515 18.907383
v 10.976574 2.115000 18.899183
v 10.973488 2.103000 18.910780
v 10.988171 2.103000 18.902267
v 10.974392 2.111485 18.907383
v 10.981487 2.109928 18.907660
v 10.982592 2.103000 18.909565
v 10.984774 2.111485 18.901365
v 11.037245 2.045000 18.671116
v 11.040329 2.057000 18.659519
v 11.048841 2.057000 18.674200
v 11.039426 2.048515 18.662916
v 11.045721 2.050072 18.666201
v 11.047626 2.057000 18.665096
v 11.045444 2.048515 18.673298
v 11.037245 2.115000 18.671116
v 11.048841 2.103000 18.674200
v 11.040329 2.103000 18.659519
v 11.045444 2.111485 18.673298
v 11.045721 2.109928 18.666201
v 11.047626 2.103000 18.665096
v 11.039426 2.111485 18.662916
vn -0.3977 -0.8881 0.2306
vn -0.5424 -0.3251 0.7746
vn -0.9418 -0.3250 0.0858
vn -0.5424 0.3251 0.7746
vn -0.3977 0.8881 0.2306
vn -0.9418 0.3251 0.0858
vn -0.2306 -0.8881 -0.3977
vn -0.7747 -0.3251 -0.5424
vn -0.0858 -0.3251 -0.9418
vn -0.2306 0.8881 -0.3977
vn -0.0858 0.3251 -0.9418
vn -0.7747 0.3250 -0.5424
vn 0.2306 -0.8881 0.3977
vn 0.7747 -0.3251 0.5424
vn 0.0858 -0.3251 0.9418
vn 0.2306 0.8881 0.3977
vn 0.0858 0.3251 0.9418
vn 0.7747 0.3250 0.5424
vn 0.3977 -0.8881 -0.2306
vn 0.5424 -0.3251 -0.7746
vn 0.9418 -0.3250 -0.0858
vn 0.3977 0.8881 -0.2306
vn 0.9418 0.3251 -0.0858
vn 0.5424 0.3251 -0.7746
vn -0.3698 -0.9239 -0.0984
vn -0.8928 -0.3827 -0.2375
vn -0.6073 -0.0000 0.7945
vn -0.9912 -0.0000 0.1323
vn -0.3698 0.9239 -0.0984
vn -0.8928 0.3827 -0.2375
vn -0.1323 -0.0000 -0.9912
vn -0.7945 -0.0000 -0.6073
vn 0.0984 -0.9239 -0.3698
vn 0.2375 -0.3827 -0.8928
vn 0.0984 0.9239 -0.3698
vn 0.2375 0.3827 -0.8928
vn 0.9912 -0.0000 -0.1323
vn 0.6073 -0.0000 -0.7945
vn 0.3698 -0.9239 0.0984
vn 0.8928 -0.3827 0.2375
vn 0.3698 0.9239 0.0984
vn 0.8928 0.3827 0.2375
vn 0.1323 -0.0000 0.9912
vn 0.7945 -0.0000 0.6073
vn -0.0984 -0.9239 0.3698
vn -0.2375 -0.3827 0.8928
vn -0.0984 0.9239 0.3698
vn -0.2375 0.3827 0.8928
vn -0.0000 -1.0000 -0.0000
vn -0.9664 -0.0000 -0.2571
vn -0.2571 -0.0000 0.9664
vn -0.0000 1.0000 -0.0000
vn 0.2571 -0.0000 -0.9664
vn 0.9664 -0.0000 0.2571
vt 0.125278 0.738462
vt 0.125278 0.750000
vt 0.125117 0.750000
vt 0.125000 0.738461
vt 0.417857 0.999722
vt 0.417857 1.000000
vt 0.393114 1.000000
vt 0.375000 0.999722
vt 0.417857 0.011538
vt 0.375000 0.011538
vt 0.375000 0.004877
vt 0.417857 0.000000
vt 0.582143 0.999722
vt 0.625000 0.999722
vt 0.625000 0.999883
vt 0.582143 1.000000
vt 0.874722 0.738462
vt 0.875000 0.738461
vt 0.875000 0.745123
vt 0.874722 0.750000
vt 0.582143 0.011538
vt 0.582143 0.000000
vt 0.606886 0.000000
vt 0.625000 0.011538
vt 0.125278 0.511538
vt 0.125000 0.511538
vt 0.125000 0.504877
vt 0.125278 0.500000
vt 0.417857 0.238462
vt 0.417857 0.250000
vt 0.384057 0.250059
vt 0.375000 0.238462
vt 0.417857 0.250278
vt 0.375000 0.250278
vt 0.874722 0.511538
vt 0.874722 0.500000
vt 0.874883 0.500000
vt 0.875000 0.511538
vt 0.582143 0.250278
vt 0.582143 0.250000
vt 0.615943 0.247562
vt 0.625000 0.250278
vt 0.582143 0.238462
vt 0.625000 0.238462
vt 0.374722 0.738462
vt 0.375000 0.738461
vt 0.381038 0.748414
vt 0.374861 0.750139
vt 0.417857 0.738461
vt 0.417857 0.750000
vt 0.417857 0.750278
vt 0.625278 0.738462
vt 0.625139 0.750139
vt 0.619001 0.748374
vt 0.625000 0.738461
vt 0.582143 0.750278
vt 0.582143 0.750000
vt 0.582143 0.738462
vt 0.374722 0.511538
vt 0.374861 0.499861
vt 0.380999 0.501626
vt 0.375000 0.511538
vt 0.417857 0.499722
vt 0.417857 0.500000
vt 0.417857 0.511538
vt 0.625278 0.511538
vt 0.625000 0.511538
vt 0.618962 0.501586
vt 0.625139 0.499861
vt 0.582143 0.511538
vt 0.582143 0.500000
vt 0.582143 0.499722
s 0
usemtl DL2_IceBlue
f 6293/7587/4479 6296/7588/4479 6297/7589/4479 6299/7590/4479
f 6294/7591/4480 6298/7592/4480 6297/7593/4480 6296/7594/4480
f 6295/7595/4481 6299/7596/4481 6297/7597/4481 6298/7598/4481
f 6300/7599/4482 6303/7600/4482 6304/7601/4482 6306/7602/4482
f 6301/7603/4483 6305/7604/4483 6304/7605/4483 6303/7606/4483
f 6302/7607/4484 6306/7608/4484 6304/7609/4484 6305/7610/4484
f 6307/7611/4485 6310/7612/4485 6311/7613/4485 6313/7614/4485
f 6308/7615/4486 6312/7616/4486 6311/7617/4486 6310/7618/4486
f 6309/7619/4487 6313/7620/4487 6311/7617/4487 6312/7616/4487
f 6314/7621/4488 6317/7622/4488 6318/7623/4488 6320/7624/4488
f 6315/7625/4489 6319/7626/4489 6318/7627/4489 6317/7628/4489
f 6316/7629/4490 6320/7630/4490 6318/7627/4490 6319/7626/4490
f 6321/7631/4491 6324/7632/4491 6325/7633/4491 6327/7634/4491
f 6322/7635/4492 6326/7636/4492 6325/7633/4492 6324/7632/4492
f 6323/7637/4493 6327/7634/4493 6325/7633/4493 6326/7636/4493
f 6328/7638/4494 6331/7639/4494 6332/7640/4494 6334/7641/4494
f 6329/7642/4495 6333/7643/4495 6332/7640/4495 6331/7639/4495
f 6330/7644/4496 6334/7641/4496 6332/7640/4496 6333/7643/4496
f 6335/7645/4497 6338/7646/4497 6339/7647/4497 6341/7648/4497
f 6336/7649/4498 6340/7650/4498 6339/7647/4498 6338/7646/4498
f 6337/7651/4499 6341/7648/4499 6339/7647/4499 6340/7650/4499
f 6342/7652/4500 6345/7653/4500 6346/7654/4500 6348/7655/4500
f 6343/7656/4501 6347/7657/4501 6346/7654/4501 6345/7653/4501
f 6344/7658/4502 6348/7655/4502 6346/7654/4502 6347/7657/4502
f 6307/7611/4503 6293/7587/4503 6299/7590/4503 6310/7612/4503
f 6310/7618/4504 6299/7596/4504 6295/7595/4504 6308/7615/4504
f 6294/7591/4505 6300/7599/4505 6306/7602/4505 6298/7592/4505
f 6298/7598/4506 6306/7608/4506 6302/7607/4506 6295/7595/4506
f 6301/7603/4507 6314/7621/4507 6320/7624/4507 6305/7604/4507
f 6305/7610/4508 6320/7630/4508 6316/7629/4508 6302/7607/4508
f 6315/7625/4509 6309/7619/4509 6312/7616/4509 6319/7626/4509
f 6319/7626/4510 6312/7616/4510 6308/7615/4510 6316/7629/4510
f 6335/7645/4511 6307/7611/4511 6313/7614/4511 6338/7646/4511
f 6338/7646/4512 6313/7620/4512 6309/7619/4512 6336/7649/4512
f 6314/7621/4513 6342/7652/4513 6348/7655/4513 6317/7622/4513
f 6317/7628/4514 6348/7655/4514 6344/7658/4514 6315/7625/4514
f 6343/7656/4515 6337/7651/4515 6340/7650/4515 6347/7657/4515
f 6347/7657/4516 6340/7650/4516 6336/7649/4516 6344/7658/4516
f 6321/7631/4517 6335/7645/4517 6341/7648/4517 6324/7632/4517
f 6324/7632/4518 6341/7648/4518 6337/7651/4518 6322/7635/4518
f 6342/7652/4519 6328/7638/4519 6334/7641/4519 6345/7653/4519
f 6345/7653/4520 6334/7641/4520 6330/7644/4520 6343/7656/4520
f 6329/7642/4521 6323/7637/4521 6326/7636/4521 6333/7643/4521
f 6333/7643/4522 6326/7636/4522 6322/7635/4522 6330/7644/4522
f 6293/7587/4523 6321/7631/4523 6327/7634/4523 6296/7588/4523
f 6296/7594/4524 6327/7634/4524 6323/7637/4524 6294/7591/4524
f 6328/7638/4525 6301/7603/4525 6303/7606/4525 6331/7639/4525
f 6331/7639/4526 6303/7600/4526 6300/7599/4526 6329/7642/4526
f 6307/7611/4527 6335/7645/4527 6321/7631/4527 6293/7587/4527
f 6295/7595/4528 6302/7607/4528 6316/7629/4528 6308/7615/4528
f 6323/7637/4529 6329/7642/4529 6300/7599/4529 6294/7591/4529
f 6342/7652/4530 6314/7621/4530 6301/7603/4530 6328/7638/4530
f 6309/7619/4531 6315/7625/4531 6344/7658/4531 6336/7649/4531
f 6337/7651/4532 6343/7656/4532 6330/7644/4532 6322/7635/4532
o DL_Starboard_Wing_SweptArmor_0
v -28.592991 1.860000 26.701866
v -28.588514 1.885000 26.726461
v -28.617586 1.885000 26.706341
v -28.589825 1.867322 26.719257
v -28.604607 1.870566 26.718651
v -28.607218 1.885000 26.722424
v -28.610382 1.867322 26.705030
v -28.588514 1.975000 26.726461
v -28.592991 2.000000 26.701866
v -28.617586 1.975000 26.706341
v -28.589825 1.992678 26.719257
v -28.604607 1.989434 26.718651
v -28.610382 1.992678 26.705030
v -28.607218 1.975000 26.722424
v -28.705780 1.860000 26.082045
v -28.730375 1.885000 26.086519
v -28.710255 1.885000 26.057447
v -28.723171 1.867322 26.085209
v -28.722565 1.870566 26.070427
v -28.726337 1.885000 26.067818
v -28.708944 1.867322 26.064651
v -28.705780 2.000000 26.082045
v -28.710255 1.975000 26.057447
v -28.730375 1.975000 26.086519
v -28.708944 1.992678 26.064651
v -28.722565 1.989434 26.070427
v -28.726337 1.975000 26.067818
v -28.723171 1.992678 26.085209
v -13.294221 1.860000 23.917955
v -13.269625 1.885000 23.913481
v -13.289745 1.885000 23.942553
v -13.276829 1.867322 23.914791
v -13.277436 1.870566 23.929573
v -13.273664 1.885000 23.932182
v -13.291056 1.867322 23.935349
v -13.294221 2.000000 23.917955
v -13.289745 1.975000 23.942553
v -13.269625 1.975000 23.913481
v -13.291056 1.992678 23.935349
v -13.277436 1.989434 23.929573
v -13.273664 1.975000 23.932182
v -13.276829 1.992678 23.914791
v -13.407009 1.860000 23.298134
v -13.411486 1.885000 23.273539
v -13.382414 1.885000 23.293659
v -13.410174 1.867322 23.280743
v -13.395393 1.870566 23.281349
v -13.392782 1.885000 23.277576
v -13.389617 1.867322 23.294970
v -13.407009 2.000000 23.298134
v -13.382414 1.975000 23.293659
v -13.411486 1.975000 23.273539
v -13.389617 1.992678 23.294970
v -13.395393 1.989434 23.281349
v -13.392782 1.975000 23.277576
v -13.410174 1.992678 23.280743
vn -0.2616 -0.8881 0.3780
vn -0.1608 -0.3251 0.9319
vn -0.8155 -0.3251 0.4788
vn -0.1608 0.3251 0.9319
vn -0.2616 0.8881 0.3780
vn -0.8155 0.3251 0.4788
vn -0.3780 -0.8881 -0.2616
vn -0.9319 -0.3251 -0.1608
vn -0.4788 -0.3251 -0.8155
vn -0.3780 0.8881 -0.2616
vn -0.4788 0.3251 -0.8155
vn -0.9319 0.3251 -0.1608
vn 0.3780 -0.8881 0.2616
vn 0.9319 -0.3251 0.1608
vn 0.4788 -0.3251 0.8155
vn 0.3780 0.8881 0.2616
vn 0.4788 0.3251 0.8155
vn 0.9319 0.3251 0.1608
vn 0.2616 -0.8881 -0.3780
vn 0.1608 -0.3251 -0.9319
vn 0.8155 -0.3251 -0.4788
vn 0.2616 0.8881 -0.3780
vn 0.8155 0.3251 -0.4788
vn 0.1608 0.3251 -0.9319
vn -0.3765 -0.9239 0.0685
vn -0.9090 -0.3827 0.1654
vn -0.2111 -0.0000 0.9775
vn -0.8404 -0.0000 0.5419
vn -0.3765 0.9239 0.0685
vn -0.9090 0.3827 0.1654
vn -0.5419 -0.0000 -0.8404
vn -0.9775 -0.0000 -0.2111
vn -0.0685 -0.9239 -0.3765
vn -0.1654 -0.3827 -0.9090
vn -0.0685 0.9239 -0.3765
vn -0.1654 0.3827 -0.9090
vn 0.8404 -0.0000 -0.5419
vn 0.2111 -0.0000 -0.9775
vn 0.3765 -0.9239 -0.0685
vn 0.9090 -0.3827 -0.1654
vn 0.3765 0.9239 -0.0685
vn 0.9090 0.3827 -0.1654
vn 0.5419 -0.0000 0.8404
vn 0.9775 -0.0000 0.2111
vn 0.0685 -0.9239 0.3765
vn 0.1654 -0.3827 0.9090
vn 0.0685 0.9239 0.3765
vn 0.1654 0.3827 0.9090
vn -0.0000 -1.0000 -0.0000
vn -0.9838 -0.0000 0.1790
vn 0.1790 -0.0000 0.9838
vn -0.0000 1.0000 -0.0000
vn -0.1790 -0.0000 -0.9838
vn 0.9838 -0.0000 -0.1790
vt 0.125401 0.740809
vt 0.125401 0.750000
vt 0.125169 0.750000
vt 0.125000 0.740809
vt 0.419643 0.999599
vt 0.419643 1.000000
vt 0.393868 1.000000
vt 0.375000 0.999599
vt 0.419643 0.009191
vt 0.375000 0.009191
vt 0.375000 0.003885
vt 0.419643 0.000000
vt 0.580357 0.999599
vt 0.625000 0.999599
vt 0.625000 0.999831
vt 0.580357 1.000000
vt 0.874599 0.740809
vt 0.875000 0.740809
vt 0.875000 0.746115
vt 0.874599 0.750000
vt 0.580357 0.009191
vt 0.580357 0.000000
vt 0.606132 0.000000
vt 0.625000 0.009191
vt 0.125401 0.509191
vt 0.125000 0.509191
vt 0.125000 0.503885
vt 0.125401 0.500000
vt 0.419643 0.240809
vt 0.419643 0.250000
vt 0.384434 0.250085
vt 0.375000 0.240809
vt 0.419643 0.250401
vt 0.375000 0.250401
vt 0.874599 0.509191
vt 0.874599 0.500000
vt 0.874831 0.500000
vt 0.875000 0.509191
vt 0.580357 0.250401
vt 0.580357 0.250000
vt 0.615566 0.248058
vt 0.625000 0.250401
vt 0.580357 0.240809
vt 0.625000 0.240809
vt 0.374599 0.740809
vt 0.375000 0.740809
vt 0.381289 0.748762
vt 0.374800 0.750200
vt 0.419643 0.740809
vt 0.419643 0.750000
vt 0.419643 0.750401
vt 0.625401 0.740809
vt 0.625200 0.750200
vt 0.618767 0.748705
vt 0.625000 0.740809
vt 0.580357 0.750401
vt 0.580357 0.750000
vt 0.580357 0.740809
vt 0.374599 0.509191
vt 0.374800 0.499800
vt 0.381233 0.501295
vt 0.375000 0.509191
vt 0.419643 0.499599
vt 0.419643 0.500000
vt 0.419643 0.509191
vt 0.625401 0.509191
vt 0.625000 0.509191
vt 0.618711 0.501238
vt 0.625200 0.499800
vt 0.580357 0.509191
vt 0.580357 0.500000
vt 0.580357 0.499599
s 0
usemtl DL2_Hull_Silver
f 6349/7659/4533 6352/7660/4533 6353/7661/4533 6355/7662/4533
f 6350/7663/4534 6354/7664/4534 6353/7665/4534 6352/7666/4534
f 6351/7667/4535 6355/7668/4535 6353/7669/4535 6354/7670/4535
f 6356/7671/4536 6359/7672/4536 6360/7673/4536 6362/7674/4536
f 6357/7675/4537 6361/7676/4537 6360/7677/4537 6359/7678/4537
f 6358/7679/4538 6362/7680/4538 6360/7681/4538 6361/7682/4538
f 6363/7683/4539 6366/7684/4539 6367/7685/4539 6369/7686/4539
f 6364/7687/4540 6368/7688/4540 6367/7689/4540 6366/7690/4540
f 6365/7691/4541 6369/7692/4541 6367/7689/4541 6368/7688/4541
f 6370/7693/4542 6373/7694/4542 6374/7695/4542 6376/7696/4542
f 6371/7697/4543 6375/7698/4543 6374/7699/4543 6373/7700/4543
f 6372/7701/4544 6376/7702/4544 6374/7699/4544 6375/7698/4544
f 6377/7703/4545 6380/7704/4545 6381/7705/4545 6383/7706/4545
f 6378/7707/4546 6382/7708/4546 6381/7705/4546 6380/7704/4546
f 6379/7709/4547 6383/7706/4547 6381/7705/4547 6382/7708/4547
f 6384/7710/4548 6387/7711/4548 6388/7712/4548 6390/7713/4548
f 6385/7714/4549 6389/7715/4549 6388/7712/4549 6387/7711/4549
f 6386/7716/4550 6390/7713/4550 6388/7712/4550 6389/7715/4550
f 6391/7717/4551 6394/7718/4551 6395/7719/4551 6397/7720/4551
f 6392/7721/4552 6396/7722/4552 6395/7719/4552 6394/7718/4552
f 6393/7723/4553 6397/7720/4553 6395/7719/4553 6396/7722/4553
f 6398/7724/4554 6401/7725/4554 6402/7726/4554 6404/7727/4554
f 6399/7728/4555 6403/7729/4555 6402/7726/4555 6401/7725/4555
f 6400/7730/4556 6404/7727/4556 6402/7726/4556 6403/7729/4556
f 6363/7683/4557 6349/7659/4557 6355/7662/4557 6366/7684/4557
f 6366/7690/4558 6355/7668/4558 6351/7667/4558 6364/7687/4558
f 6350/7663/4559 6356/7671/4559 6362/7674/4559 6354/7664/4559
f 6354/7670/4560 6362/7680/4560 6358/7679/4560 6351/7667/4560
f 6357/7675/4561 6370/7693/4561 6376/7696/4561 6361/7676/4561
f 6361/7682/4562 6376/7702/4562 6372/7701/4562 6358/7679/4562
f 6371/7697/4563 6365/7691/4563 6368/7688/4563 6375/7698/4563
f 6375/7698/4564 6368/7688/4564 6364/7687/4564 6372/7701/4564
f 6391/7717/4565 6363/7683/4565 6369/7686/4565 6394/7718/4565
f 6394/7718/4566 6369/7692/4566 6365/7691/4566 6392/7721/4566
f 6370/7693/4567 6398/7724/4567 6404/7727/4567 6373/7694/4567
f 6373/7700/4568 6404/7727/4568 6400/7730/4568 6371/7697/4568
f 6399/7728/4569 6393/7723/4569 6396/7722/4569 6403/7729/4569
f 6403/7729/4570 6396/7722/4570 6392/7721/4570 6400/7730/4570
f 6377/7703/4571 6391/7717/4571 6397/7720/4571 6380/7704/4571
f 6380/7704/4572 6397/7720/4572 6393/7723/4572 6378/7707/4572
f 6398/7724/4573 6384/7710/4573 6390/7713/4573 6401/7725/4573
f 6401/7725/4574 6390/7713/4574 6386/7716/4574 6399/7728/4574
f 6385/7714/4575 6379/7709/4575 6382/7708/4575 6389/7715/4575
f 6389/7715/4576 6382/7708/4576 6378/7707/4576 6386/7716/4576
f 6349/7659/4577 6377/7703/4577 6383/7706/4577 6352/7660/4577
f 6352/7666/4578 6383/7706/4578 6379/7709/4578 6350/7663/4578
f 6384/7710/4579 6357/7675/4579 6359/7678/4579 6387/7711/4579
f 6387/7711/4580 6359/7672/4580 6356/7671/4580 6385/7714/4580
f 6363/7683/4581 6391/7717/4581 6377/7703/4581 6349/7659/4581
f 6351/7667/4582 6358/7679/4582 6372/7701/4582 6364/7687/4582
f 6379/7709/4583 6385/7714/4583 6356/7671/4583 6350/7663/4583
f 6398/7724/4584 6370/7693/4584 6357/7675/4584 6384/7710/4584
f 6365/7691/4585 6371/7697/4585 6400/7730/4585 6392/7721/4585
f 6393/7723/4586 6399/7728/4586 6386/7716/4586 6378/7707/4586
o DL_Starboard_Wing_SweptArmor_1
v -3.802558 1.860000 21.003002
v -3.807525 1.885000 21.027504
v -3.827060 1.885000 20.998035
v -3.806070 1.867322 21.020327
v -3.819572 1.870566 21.014280
v -3.823396 1.885000 21.016815
v -3.819884 1.867322 20.999489
v -3.807525 1.975000 21.027504
v -3.802558 2.000000 21.003002
v -3.827060 1.975000 20.998035
v -3.806070 1.992678 21.020327
v -3.819572 1.989434 21.014280
v -3.819884 1.992678 20.999489
v -3.823396 1.975000 21.016815
v -3.693290 1.860000 20.463964
v -3.717792 1.885000 20.458998
v -3.688323 1.885000 20.439463
v -3.710616 1.867322 20.460453
v -3.704569 1.870566 20.446951
v -3.707104 1.885000 20.443127
v -3.689778 1.867322 20.446640
v -3.693290 2.000000 20.463964
v -3.688323 1.975000 20.439463
v -3.717792 1.975000 20.458998
v -3.689778 1.992678 20.446640
v -3.704569 1.989434 20.446951
v -3.707104 1.975000 20.443127
v -3.710616 1.992678 20.460453
v 8.693291 1.860000 23.536036
v 8.717793 1.885000 23.541002
v 8.688324 1.885000 23.560537
v 8.710615 1.867322 23.539547
v 8.704569 1.870566 23.553049
v 8.707104 1.885000 23.556873
v 8.689778 1.867322 23.553360
v 8.693291 2.000000 23.536036
v 8.688324 1.975000 23.560537
v 8.717793 1.975000 23.541002
v 8.689778 1.992678 23.553360
v 8.704569 1.989434 23.553049
v 8.707104 1.975000 23.556873
v 8.710615 1.992678 23.539547
v 8.802559 1.860000 22.996998
v 8.807526 1.885000 22.972496
v 8.827061 1.885000 23.001965
v 8.806070 1.867322 22.979673
v 8.819572 1.870566 22.985720
v 8.823396 1.885000 22.983185
v 8.819883 1.867322 23.000511
v 8.802559 2.000000 22.996998
v 8.827061 1.975000 23.001965
v 8.807526 1.975000 22.972496
v 8.819883 1.992678 23.000511
v 8.819572 1.989434 22.985720
v 8.823396 1.975000 22.983185
v 8.806070 1.992678 22.979673
vn -0.3832 -0.8881 0.2540
vn -0.4950 -0.3251 0.8058
vn -0.9350 -0.3251 0.1421
vn -0.4950 0.3250 0.8058
vn -0.3832 0.8881 0.2540
vn -0.9350 0.3251 0.1421
vn -0.2540 -0.8881 -0.3832
vn -0.8058 -0.3251 -0.4950
vn -0.1421 -0.3250 -0.9350
vn -0.2540 0.8881 -0.3832
vn -0.1421 0.3251 -0.9350
vn -0.8058 0.3251 -0.4950
vn 0.2540 -0.8881 0.3832
vn 0.8058 -0.3251 0.4950
vn 0.1421 -0.3250 0.9350
vn 0.2540 0.8881 0.3832
vn 0.1421 0.3251 0.9350
vn 0.8058 0.3251 0.4950
vn 0.3832 -0.8881 -0.2540
vn 0.4950 -0.3251 -0.8058
vn 0.9350 -0.3251 -0.1421
vn 0.3832 0.8881 -0.2540
vn 0.9350 0.3251 -0.1421
vn 0.4950 0.3250 -0.8058
vn -0.3751 -0.9239 -0.0760
vn -0.9055 -0.3827 -0.1835
vn -0.5586 -0.0000 0.8294
vn -0.9815 -0.0000 0.1915
vn -0.3751 0.9239 -0.0760
vn -0.9055 0.3827 -0.1835
vn -0.1915 -0.0000 -0.9815
vn -0.8294 -0.0000 -0.5586
vn 0.0760 -0.9239 -0.3751
vn 0.1835 -0.3827 -0.9055
vn 0.0760 0.9239 -0.3751
vn 0.1835 0.3827 -0.9055
vn 0.9815 -0.0000 -0.1915
vn 0.5586 -0.0000 -0.8294
vn 0.3751 -0.9239 0.0760
vn 0.9055 -0.3827 0.1835
vn 0.3751 0.9239 0.0760
vn 0.9055 0.3827 0.1835
vn 0.1915 -0.0000 0.9815
vn 0.8294 -0.0000 0.5586
vn -0.0760 -0.9239 0.3751
vn -0.1835 -0.3827 0.9055
vn -0.0760 0.9239 0.3751
vn -0.1835 0.3827 0.9055
vn -0.0000 -1.0000 -0.0000
vn -0.9801 -0.0000 -0.1987
vn -0.1987 -0.0000 0.9801
vn -0.0000 1.0000 -0.0000
vn 0.1987 -0.0000 -0.9801
vn 0.9801 -0.0000 0.1987
vt 0.125488 0.739583
vt 0.125488 0.750000
vt 0.125206 0.750000
vt 0.125000 0.739583
vt 0.419643 0.999512
vt 0.419643 1.000000
vt 0.393868 1.000000
vt 0.375000 0.999512
vt 0.419643 0.010417
vt 0.375000 0.010417
vt 0.375000 0.004403
vt 0.419643 0.000000
vt 0.580357 0.999512
vt 0.625000 0.999512
vt 0.625000 0.999794
vt 0.580357 1.000000
vt 0.874512 0.739583
vt 0.875000 0.739583
vt 0.875000 0.745597
vt 0.874512 0.750000
vt 0.580357 0.010417
vt 0.580357 0.000000
vt 0.606132 0.000000
vt 0.625000 0.010417
vt 0.125488 0.510417
vt 0.125000 0.510417
vt 0.125000 0.504403
vt 0.125488 0.500000
vt 0.419643 0.239583
vt 0.419643 0.250000
vt 0.384434 0.250103
vt 0.375000 0.239583
vt 0.419643 0.250488
vt 0.375000 0.250488
vt 0.874512 0.510417
vt 0.874512 0.500000
vt 0.874794 0.500000
vt 0.875000 0.510417
vt 0.580357 0.250488
vt 0.580357 0.250000
vt 0.615566 0.247799
vt 0.625000 0.250488
vt 0.580357 0.239583
vt 0.625000 0.239583
vt 0.374512 0.739583
vt 0.375000 0.739583
vt 0.381289 0.748601
vt 0.374756 0.750244
vt 0.419643 0.739583
vt 0.419643 0.750000
vt 0.419643 0.750488
vt 0.625488 0.739583
vt 0.625244 0.750244
vt 0.618779 0.748532
vt 0.625000 0.739583
vt 0.580357 0.750488
vt 0.580357 0.750000
vt 0.580357 0.739583
vt 0.374512 0.510417
vt 0.374756 0.499756
vt 0.381221 0.501468
vt 0.375000 0.510417
vt 0.419643 0.499512
vt 0.419643 0.500000
vt 0.419643 0.510417
vt 0.625488 0.510417
vt 0.625000 0.510417
vt 0.618711 0.501399
vt 0.625244 0.499756
vt 0.580357 0.510417
vt 0.580357 0.500000
vt 0.580357 0.499512
s 0
usemtl DL2_Hull_Silver
f 6405/7731/4587 6408/7732/4587 6409/7733/4587 6411/7734/4587
f 6406/7735/4588 6410/7736/4588 6409/7737/4588 6408/7738/4588
f 6407/7739/4589 6411/7740/4589 6409/7741/4589 6410/7742/4589
f 6412/7743/4590 6415/7744/4590 6416/7745/4590 6418/7746/4590
f 6413/7747/4591 6417/7748/4591 6416/7749/4591 6415/7750/4591
f 6414/7751/4592 6418/7752/4592 6416/7753/4592 6417/7754/4592
f 6419/7755/4593 6422/7756/4593 6423/7757/4593 6425/7758/4593
f 6420/7759/4594 6424/7760/4594 6423/7761/4594 6422/7762/4594
f 6421/7763/4595 6425/7764/4595 6423/7761/4595 6424/7760/4595
f 6426/7765/4596 6429/7766/4596 6430/7767/4596 6432/7768/4596
f 6427/7769/4597 6431/7770/4597 6430/7771/4597 6429/7772/4597
f 6428/7773/4598 6432/7774/4598 6430/7771/4598 6431/7770/4598
f 6433/7775/4599 6436/7776/4599 6437/7777/4599 6439/7778/4599
f 6434/7779/4600 6438/7780/4600 6437/7777/4600 6436/7776/4600
f 6435/7781/4601 6439/7778/4601 6437/7777/4601 6438/7780/4601
f 6440/7782/4602 6443/7783/4602 6444/7784/4602 6446/7785/4602
f 6441/7786/4603 6445/7787/4603 6444/7784/4603 6443/7783/4603
f 6442/7788/4604 6446/7785/4604 6444/7784/4604 6445/7787/4604
f 6447/7789/4605 6450/7790/4605 6451/7791/4605 6453/7792/4605
f 6448/7793/4606 6452/7794/4606 6451/7791/4606 6450/7790/4606
f 6449/7795/4607 6453/7792/4607 6451/7791/4607 6452/7794/4607
f 6454/7796/4608 6457/7797/4608 6458/7798/4608 6460/7799/4608
f 6455/7800/4609 6459/7801/4609 6458/7798/4609 6457/7797/4609
f 6456/7802/4610 6460/7799/4610 6458/7798/4610 6459/7801/4610
f 6419/7755/4611 6405/7731/4611 6411/7734/4611 6422/7756/4611
f 6422/7762/4612 6411/7740/4612 6407/7739/4612 6420/7759/4612
f 6406/7735/4613 6412/7743/4613 6418/7746/4613 6410/7736/4613
f 6410/7742/4614 6418/7752/4614 6414/7751/4614 6407/7739/4614
f 6413/7747/4615 6426/7765/4615 6432/7768/4615 6417/7748/4615
f 6417/7754/4616 6432/7774/4616 6428/7773/4616 6414/7751/4616
f 6427/7769/4617 6421/7763/4617 6424/7760/4617 6431/7770/4617
f 6431/7770/4618 6424/7760/4618 6420/7759/4618 6428/7773/4618
f 6447/7789/4619 6419/7755/4619 6425/7758/4619 6450/7790/4619
f 6450/7790/4620 6425/7764/4620 6421/7763/4620 6448/7793/4620
f 6426/7765/4621 6454/7796/4621 6460/7799/4621 6429/7766/4621
f 6429/7772/4622 6460/7799/4622 6456/7802/4622 6427/7769/4622
f 6455/7800/4623 6449/7795/4623 6452/7794/4623 6459/7801/4623
f 6459/7801/4624 6452/7794/4624 6448/7793/4624 6456/7802/4624
f 6433/7775/4625 6447/7789/4625 6453/7792/4625 6436/7776/4625
f 6436/7776/4626 6453/7792/4626 6449/7795/4626 6434/7779/4626
f 6454/7796/4627 6440/7782/4627 6446/7785/4627 6457/7797/4627
f 6457/7797/4628 6446/7785/4628 6442/7788/4628 6455/7800/4628
f 6441/7786/4629 6435/7781/4629 6438/7780/4629 6445/7787/4629
f 6445/7787/4630 6438/7780/4630 6434/7779/4630 6442/7788/4630
f 6405/7731/4631 6433/7775/4631 6439/7778/4631 6408/7732/4631
f 6408/7738/4632 6439/7778/4632 6435/7781/4632 6406/7735/4632
f 6440/7782/4633 6413/7747/4633 6415/7750/4633 6443/7783/4633
f 6443/7783/4634 6415/7744/4634 6412/7743/4634 6441/7786/4634
f 6419/7755/4635 6447/7789/4635 6433/7775/4635 6405/7731/4635
f 6407/7739/4636 6414/7751/4636 6428/7773/4636 6420/7759/4636
f 6435/7781/4637 6441/7786/4637 6412/7743/4637 6406/7735/4637
f 6454/7796/4638 6426/7765/4638 6413/7747/4638 6440/7782/4638
f 6421/7763/4639 6427/7769/4639 6456/7802/4639 6448/7793/4639
f 6449/7795/4640 6455/7800/4640 6442/7788/4640 6434/7779/4640
