# Blender 5.1.2
# www.blender.org
mtllib destiny_lord_mid_pdx_source.mtl
o DL_Main_Hull
v 43.590919 -2.150000 0.187495
v 45.080032 -2.600000 0.000000
v 43.590919 -2.150000 -0.187495
v 44.296646 -2.468198 0.009024
v 44.085667 -2.409813 -0.000000
v 44.296646 -2.468198 -0.009024
v 43.760365 -2.150000 -0.000000
v 20.113382 -2.600000 -11.443048
v 20.000000 -2.150000 -11.000000
v 20.033209 -2.468198 -11.129765
v -8.021255 -2.600000 -13.452664
v -8.000000 -2.150000 -13.000000
v -8.006226 -2.468198 -13.132582
v -37.556122 -2.150000 -8.073979
v -38.216228 -2.600000 -8.420169
v -38.318199 -2.150000 -7.681801
v -37.870853 -2.468198 -8.155146
v -38.011566 -2.409813 -8.022471
v -38.201313 -2.468198 -7.985082
v -37.963188 -2.150000 -7.928470
v -45.681801 -2.150000 -0.318198
v -46.636398 -2.600000 0.000000
v -45.681801 -2.150000 0.318199
v -46.093197 -2.468198 -0.093198
v -46.000000 -2.409813 0.000000
v -46.093197 -2.468198 0.093198
v -45.813602 -2.150000 0.000000
v -38.318199 -2.150000 7.681802
v -38.216228 -2.600000 8.420169
v -37.556122 -2.150000 8.073979
v -38.201313 -2.468198 7.985081
v -38.011566 -2.409813 8.022471
v -37.870853 -2.468199 8.155145
v -37.963188 -2.150000 7.928470
v -8.021255 -2.600000 13.452664
v -8.000000 -2.150000 13.000000
v -8.006226 -2.468198 13.132582
v 20.000000 -2.150000 11.000000
v 20.113382 -2.600000 11.443048
v 20.033209 -2.468198 11.129765
v 43.590919 2.150000 0.187495
v 43.590919 2.150000 -0.187495
v 42.919968 2.600000 0.000000
v 43.814602 2.150000 0.000000
v 43.598866 2.409807 0.000000
v 43.340168 2.468198 -0.132579
v 43.340168 2.468198 0.132579
v 20.000000 2.150000 -11.000000
v 19.886618 2.600000 -10.556952
v 19.966791 2.468198 -10.870235
v -8.000000 2.150000 -13.000000
v -7.978745 2.600000 -12.547336
v -7.993775 2.468198 -12.867418
v -37.556122 2.150000 -8.073979
v -38.318199 2.150000 -7.681802
v -37.783772 2.600000 -7.579831
v -37.963188 2.150000 -7.928470
v -37.935314 2.409813 -7.874312
v -38.116890 2.468198 -7.696718
v -37.685268 2.468198 -7.918834
v -45.681801 2.150000 -0.318199
v -45.681801 2.150000 0.318198
v -45.363602 2.600000 0.000000
v -45.813602 2.150000 -0.000000
v -45.731026 2.409807 -0.000000
v -45.588604 2.468198 0.225000
v -45.588604 2.468198 -0.225000
v -38.318199 2.150000 7.681801
v -37.556122 2.150000 8.073979
v -37.783772 2.600000 7.579831
v -37.963188 2.150000 7.928470
v -37.935318 2.409813 7.874311
v -37.685268 2.468198 7.918834
v -38.116890 2.468198 7.696718
v -8.000000 2.150000 13.000000
v -7.978745 2.600000 12.547336
v -7.993775 2.468198 12.867418
v 19.886618 2.600000 10.556952
v 20.000000 2.150000 11.000000
v 19.966791 2.468198 10.870235
vn 0.5029 0.8518 0.1468
vn 0.1879 0.9822 -0.0000
vn 0.5029 0.8518 -0.1468
vn -0.3593 0.4700 -0.8062
vn -0.1791 0.9203 -0.3479
vn -0.4472 0.4700 -0.7610
vn -0.7169 0.6778 -0.1635
vn -0.2863 0.9581 -0.0000
vn -0.7169 0.6778 0.1635
vn -0.4472 0.4700 0.7610
vn -0.1791 0.9203 0.3479
vn -0.3593 0.4700 0.8062
vn 0.5228 0.4883 0.6988
vn 0.5228 0.4883 -0.6988
vn 0.2698 0.9629 -0.0000
vn -0.2896 0.2806 -0.9151
vn -0.5763 0.2806 -0.7675
vn -0.2279 0.8672 -0.4428
vn -0.8578 0.3251 -0.3981
vn -0.8578 0.3251 0.3981
vn -0.4597 0.8881 -0.0000
vn -0.5763 0.2806 0.7675
vn -0.2896 0.2806 0.9151
vn -0.2279 0.8672 0.4428
vn 0.3849 0.3827 0.8399
vn 0.1594 0.9239 0.3479
vn 0.1594 0.9239 -0.3479
vn 0.3849 0.3827 -0.8399
vn 0.0273 0.9239 -0.3817
vn 0.0658 0.3827 -0.9215
vn -0.0629 0.9239 -0.3775
vn -0.1519 0.3827 -0.9113
vn -0.2706 0.9239 -0.2706
vn -0.6533 0.3827 -0.6533
vn -0.2706 0.9239 0.2706
vn -0.6533 0.3827 0.6533
vn -0.0629 0.9239 0.3775
vn -0.1519 0.3827 0.9113
vn 0.0273 0.9239 0.3817
vn 0.0658 0.3827 0.9215
vn 0.1645 0.9189 0.3586
vn 0.3803 0.4102 0.8289
vn 0.3803 0.4102 -0.8289
vn 0.1645 0.9189 -0.3586
vn 0.6902 -0.0044 -0.7236
vn 0.6902 -0.0044 0.7236
vn -0.5706 -0.0000 -0.8212
vn -0.3366 -0.0000 -0.9416
vn -0.9239 -0.0000 0.3827
vn -0.9239 -0.0000 -0.3827
vn -0.3366 -0.0000 0.9416
vn -0.5706 -0.0000 0.8212
vn 0.4167 -0.0000 0.9091
vn 0.4167 -0.0000 -0.9091
vn -0.0000 1.0000 -0.0000
vn 0.0712 -0.0000 -0.9975
vn -0.1644 -0.0000 -0.9864
vn -0.7071 -0.0000 -0.7071
vn -0.7071 -0.0000 0.7071
vn -0.1644 -0.0000 0.9864
vn 0.0712 -0.0000 0.9975
vt 0.713741 0.898483
vt 0.718709 0.903371
vt 0.713741 0.903371
vt 0.189373 1.007424
vt 0.188523 0.995531
vt 0.647397 0.009357
vt 0.647397 0.004469
vt 0.650265 0.004469
vt 0.652365 0.004469
vt 0.647397 0.898826
vt 0.652365 0.901827
vt 0.652365 0.903371
vt 0.647397 0.903371
vt 0.031134 0.096805
vt 0.037036 0.097580
vt 0.035931 0.098856
vt 0.035773 0.100536
vt 0.780086 0.009437
vt 0.780086 0.004469
vt 0.782954 0.004469
vt 0.785054 0.006157
vt 0.780086 0.124403
vt 0.785054 0.129370
vt 0.780086 0.129370
vt 0.117232 -0.002539
vt 0.117733 0.004469
vt 0.780086 0.143276
vt 0.780086 0.138308
vt 0.782954 0.138308
vt 0.785054 0.138308
vt 0.780086 0.258242
vt 0.785054 0.261522
vt 0.785054 0.263210
vt 0.780086 0.263210
vt 0.216577 0.083559
vt 0.212515 0.087912
vt 0.212120 0.086271
vt 0.210844 0.085165
vt 0.713741 0.009014
vt 0.713741 0.004469
vt 0.716610 0.004469
vt 0.718709 0.006013
vt 0.666270 0.898483
vt 0.666270 0.903371
vt 0.663402 0.903371
vt 0.661302 0.896255
vt 0.599925 0.009357
vt 0.594957 0.011585
vt 0.594957 0.008430
vt 0.599925 0.004469
vt 0.482918 0.983638
vt 0.486305 0.988759
vt 0.485180 0.991761
vt 0.480294 0.989188
vt 0.599925 0.898826
vt 0.599925 0.903371
vt 0.597057 0.903371
vt 0.594957 0.900371
vt 0.732615 0.009437
vt 0.727647 0.007749
vt 0.727647 0.004945
vt 0.732615 0.004469
vt 0.335972 0.100906
vt 0.330868 0.102121
vt 0.331131 0.099330
vt 0.333323 0.096377
vt 0.732615 0.124402
vt 0.732615 0.129370
vt 0.729746 0.129370
vt 0.727647 0.124403
vt 0.732615 0.143276
vt 0.727647 0.143276
vt 0.727647 0.140407
vt 0.732615 0.138308
vt 0.413478 0.011477
vt 0.409724 0.008223
vt 0.411602 0.006055
vt 0.416731 0.007722
vt 0.732615 0.258242
vt 0.732615 0.263210
vt 0.729746 0.263210
vt 0.727647 0.259930
vt 0.666270 0.009014
vt 0.661302 0.007469
vt 0.661302 0.004904
vt 0.666270 0.004469
vt 0.502907 0.088982
vt 0.504885 0.084122
vt 0.507004 0.085959
vt 0.508133 0.089459
vt 0.713741 0.616579
vt 0.718709 0.616579
vt 0.290776 0.722596
vt 0.295744 0.723496
vt 0.043726 0.741497
vt 0.048516 0.739900
vt 0.652365 0.291261
vt 0.647397 0.291261
vt -0.000533 0.433265
vt 0.004469 0.433143
vt 0.652365 0.596200
vt 0.647397 0.596200
vt 0.295744 0.412102
vt 0.290776 0.412692
vt 0.718709 0.311639
vt 0.713741 0.311639
vt 0.581052 0.721696
vt 0.585974 0.722587
vt 0.661302 0.616579
vt 0.666270 0.616579
vt 0.599925 0.291261
vt 0.594957 0.291261
vt 0.343805 0.739885
vt 0.348550 0.738303
vt 0.599925 0.596200
vt 0.594957 0.596195
vt 0.299733 0.433142
vt 0.304714 0.433021
vt 0.666270 0.311639
vt 0.661302 0.311645
vt 0.586000 0.412694
vt 0.581052 0.413282
s 0
usemtl DL2_Hull_Silver
f 1/1/1 4/2/1 5/2/1 7/3/1
f 2/4/2 6/5/2 5/5/2 4/5/2
f 3/6/3 7/7/3 5/8/3 6/9/3
f 14/10/4 17/11/4 18/12/4 20/13/4
f 15/14/5 19/15/5 18/16/5 17/17/5
f 16/18/6 20/19/6 18/20/6 19/21/6
f 21/22/7 24/23/7 25/23/7 27/24/7
f 22/25/8 26/26/8 25/26/8 24/26/8
f 23/27/9 27/28/9 25/29/9 26/30/9
f 28/31/10 31/32/10 32/33/10 34/34/10
f 29/35/11 33/36/11 32/37/11 31/38/11
f 30/39/12 34/40/12 32/41/12 33/42/12
f 41/43/13 44/44/13 45/45/13 47/46/13
f 42/47/14 46/48/14 45/49/14 44/50/14
f 43/51/15 47/52/15 45/53/15 46/54/15
f 54/55/16 57/56/16 58/57/16 60/58/16
f 55/59/17 59/60/17 58/61/17 57/62/17
f 56/63/18 60/64/18 58/65/18 59/66/18
f 61/67/19 64/68/19 65/69/19 67/70/19
f 62/71/20 66/72/20 65/73/20 64/74/20
f 63/75/21 67/76/21 65/77/21 66/78/21
f 68/79/22 71/80/22 72/81/22 74/82/22
f 69/83/23 73/84/23 72/85/23 71/86/23
f 70/87/24 74/88/24 72/89/24 73/90/24
f 1/1/25 38/91/25 40/92/25 4/2/25
f 4/5/26 40/93/26 39/94/26 2/4/26
f 2/4/27 8/95/27 10/96/27 6/5/27
f 6/9/28 10/97/28 9/98/28 3/6/28
f 8/95/29 11/99/29 13/100/29 10/96/29
f 10/97/30 13/101/30 12/102/30 9/98/30
f 11/99/31 15/14/31 17/17/31 13/100/31
f 13/101/32 17/11/32 14/10/32 12/102/32
f 15/14/33 22/25/33 24/26/33 19/15/33
f 19/21/34 24/23/34 21/22/34 16/18/34
f 22/25/35 29/35/35 31/38/35 26/26/35
f 26/30/36 31/32/36 28/31/36 23/27/36
f 29/35/37 35/103/37 37/104/37 33/36/37
f 33/42/38 37/105/38 36/106/38 30/39/38
f 35/103/39 39/94/39 40/93/39 37/104/39
f 37/105/40 40/92/40 38/91/40 36/106/40
f 43/51/41 78/107/41 80/108/41 47/52/41
f 47/46/42 80/109/42 79/110/42 41/43/42
f 42/47/43 48/111/43 50/112/43 46/48/43
f 46/54/44 50/113/44 49/114/44 43/51/44
f 48/111/30 51/115/30 53/116/30 50/112/30
f 50/113/29 53/117/29 52/118/29 49/114/29
f 51/115/32 54/55/32 60/58/32 53/116/32
f 53/117/31 60/64/31 56/63/31 52/118/31
f 55/59/34 61/67/34 67/70/34 59/60/34
f 59/66/33 67/76/33 63/75/33 56/63/33
f 62/71/36 68/79/36 74/82/36 66/72/36
f 66/78/35 74/88/35 70/87/35 63/75/35
f 69/83/38 75/119/38 77/120/38 73/84/38
f 73/90/37 77/121/37 76/122/37 70/87/37
f 75/119/40 79/110/40 80/109/40 77/120/40
f 77/121/39 80/108/39 78/107/39 76/122/39
f 3/6/45 42/47/45 44/50/45 7/7/45
f 7/3/46 44/44/46 41/43/46 1/1/46
f 16/18/47 55/59/47 57/62/47 20/19/47
f 20/13/48 57/56/48 54/55/48 14/10/48
f 23/27/49 62/71/49 64/74/49 27/28/49
f 27/24/50 64/68/50 61/67/50 21/22/50
f 30/39/51 69/83/51 71/86/51 34/40/51
f 34/34/52 71/80/52 68/79/52 28/31/52
f 38/91/53 1/1/53 41/43/53 79/110/53
f 3/6/54 9/98/54 48/111/54 42/47/54
f 2/4/55 8/95/55 11/99/55 15/14/55 22/25/55 29/35/55 35/103/55 39/94/55
f 9/98/56 12/102/56 51/115/56 48/111/56
f 12/102/57 14/10/57 54/55/57 51/115/57
f 16/18/58 21/22/58 61/67/58 55/59/58
f 23/27/59 28/31/59 68/79/59 62/71/59
f 30/39/60 36/106/60 75/119/60 69/83/60
f 36/106/61 38/91/61 79/110/61 75/119/61
f 43/51/55 49/114/55 52/118/55 56/63/55 63/75/55 70/87/55 76/122/55 78/107/55
o DL_Upper_Armor
v 29.580599 3.050000 0.163101
v 31.241564 2.600000 0.000000
v 29.580599 3.050000 -0.163100
v 30.377302 2.731802 -0.005311
v 30.124489 2.790187 0.000000
v 30.377302 2.731802 0.005311
v 29.754320 3.050000 0.000000
v 12.091633 2.600000 -7.447195
v 12.000000 3.050000 -7.000000
v 12.026838 2.731802 -7.130980
v -17.550249 3.050000 -7.985008
v -18.151237 2.600000 -8.455291
v -18.351391 3.050000 -7.718887
v -17.853848 2.731802 -8.127005
v -18.006233 2.790187 -8.018761
v -18.193094 2.731802 -8.014314
v -17.971193 3.050000 -7.913273
v -27.648609 3.050000 -0.281113
v -28.720352 2.600000 0.000000
v -27.648609 3.050000 0.281113
v -28.126259 2.731802 -0.067780
v -28.010517 2.790187 0.000000
v -28.126261 2.731802 0.067781
v -27.794161 3.050000 -0.000000
v -18.351391 3.050000 7.718887
v -18.151237 2.600000 8.455291
v -17.550249 3.050000 7.985008
v -18.193094 2.731802 8.014315
v -18.006233 2.790187 8.018761
v -17.853849 2.731802 8.127005
v -17.971193 3.050000 7.913273
v 12.000000 3.050000 7.000000
v 12.091633 2.600000 7.447195
v 12.026838 2.731802 7.130980
v 29.580599 4.650000 0.163100
v 29.580599 4.650000 -0.163101
v 28.758436 5.100000 0.000000
v 29.754320 4.650000 -0.000000
v 29.521000 4.909813 -0.000000
v 29.203297 4.968198 -0.168411
v 29.203297 4.968198 0.168411
v 12.000000 4.650000 -7.000000
v 11.908367 5.100000 -6.552805
v 11.973162 4.968198 -6.869020
v -17.550249 4.650000 -7.985008
v -18.351391 4.650000 -7.718887
v -17.848763 5.100000 -7.544709
v -17.971193 4.650000 -7.913273
v -17.952200 4.909813 -7.856095
v -18.158297 4.968198 -7.704574
v -17.696402 4.968198 -7.858005
v -27.648609 4.650000 -0.281113
v -27.648609 4.650000 0.281113
v -27.279648 5.100000 0.000000
v -27.797798 4.650000 0.000000
v -27.699257 4.909807 0.000000
v -27.536903 4.968197 0.198777
v -27.536903 4.968197 -0.198777
v -18.351391 4.650000 7.718887
v -17.550249 4.650000 7.985008
v -17.848763 5.100000 7.544709
v -17.971193 4.650000 7.913273
v -17.952200 4.909813 7.856095
v -17.696402 4.968198 7.858005
v -18.158297 4.968198 7.704574
v 11.908367 5.100000 6.552805
v 12.000000 4.650000 7.000000
v 11.973162 4.968198 6.869020
vn 0.4532 0.8857 0.1005
vn -0.1678 -0.9858 -0.0000
vn 0.4532 0.8857 -0.1005
vn -0.2157 0.4884 -0.8455
vn -0.1205 0.9241 -0.3626
vn -0.3331 0.4884 -0.8065
vn -0.6615 0.7284 -0.1784
vn -0.2588 0.9659 -0.0000
vn -0.6615 0.7284 0.1784
vn -0.3331 0.4884 0.8065
vn -0.1205 0.9241 0.3626
vn -0.2157 0.4884 0.8455
vn 0.5146 0.5375 0.6681
vn 0.5146 0.5375 -0.6681
vn 0.2420 0.9703 -0.0000
vn -0.1275 0.2756 -0.9528
vn -0.4680 0.2756 -0.8397
vn -0.1581 0.8652 -0.4759
vn -0.8020 0.3597 -0.4769
vn -0.8020 0.3597 0.4769
vn -0.4128 0.9108 -0.0000
vn -0.4680 0.2756 0.8397
vn -0.1275 0.2756 0.9528
vn -0.1581 0.8652 0.4759
vn 0.3349 0.3827 0.8611
vn 0.1387 0.9239 0.3567
vn 0.1387 0.9239 -0.3567
vn 0.3349 0.3827 -0.8611
vn 0.0127 0.9239 -0.3825
vn 0.0308 0.3827 -0.9234
vn -0.2391 0.9239 -0.2988
vn -0.5771 0.3827 -0.7214
vn -0.2391 0.9239 0.2988
vn -0.5771 0.3827 0.7214
vn 0.0127 0.9239 0.3825
vn 0.0308 0.3827 0.9234
vn -0.5765 0.3855 -0.7205
vn -0.2398 0.9234 -0.2997
vn -0.5765 0.3855 0.7205
vn -0.2398 0.9234 0.2997
vn 0.6845 -0.0000 -0.7290
vn 0.6845 -0.0000 0.7290
vn -0.4552 -0.0000 -0.8904
vn -0.1680 -0.0000 -0.9858
vn -0.8857 -0.0010 0.4643
vn -0.8857 -0.0010 -0.4643
vn -0.1680 -0.0000 0.9858
vn -0.4552 -0.0000 0.8904
vn 0.3624 -0.0000 0.9320
vn 0.3624 -0.0000 -0.9320
vn -0.0000 1.0000 -0.0000
vn 0.0333 -0.0000 -0.9994
vn -0.6247 -0.0000 -0.7809
vn -0.6247 -0.0000 0.7809
vn 0.0333 -0.0000 0.9994
vt 0.602001 0.775248
vt 0.609703 0.779110
vt 0.602001 0.779110
vt 0.168833 1.017342
vt 0.168125 0.996102
vt 0.652588 0.007759
vt 0.652588 0.003898
vt 0.657035 0.003898
vt 0.660290 0.003898
vt 0.652588 0.554061
vt 0.660290 0.558068
vt 0.658662 0.559912
vt 0.652588 0.559912
vt -0.003977 0.177202
vt 0.005350 0.177584
vt 0.003898 0.179529
vt 0.004059 0.181952
vt 0.652588 0.567614
vt 0.660290 0.562340
vt 0.652588 0.771407
vt 0.660290 0.779110
vt 0.652588 0.779110
vt 0.134641 -0.008425
vt 0.135051 0.003898
vt 0.602001 0.011600
vt 0.602001 0.003898
vt 0.606448 0.003898
vt 0.609703 0.003898
vt 0.602001 0.215393
vt 0.609703 0.220668
vt 0.608076 0.223096
vt 0.602001 0.223096
vt 0.285312 0.167559
vt 0.277609 0.172833
vt 0.277609 0.170406
vt 0.276030 0.168561
vt 0.602001 0.228946
vt 0.609703 0.224940
vt 0.574614 0.775248
vt 0.574614 0.779110
vt 0.570167 0.779110
vt 0.566912 0.772214
vt 0.625201 0.007759
vt 0.617499 0.010794
vt 0.617499 0.007729
vt 0.625201 0.003898
vt 0.448924 0.974863
vt 0.454187 0.983124
vt 0.452163 0.988892
vt 0.444222 0.983456
vt 0.625201 0.554061
vt 0.625201 0.559912
vt 0.619127 0.560362
vt 0.617499 0.555905
vt 0.625201 0.567614
vt 0.617499 0.565186
vt 0.293280 0.181857
vt 0.285756 0.184792
vt 0.285465 0.180427
vt 0.288561 0.175303
vt 0.625201 0.771407
vt 0.625201 0.779110
vt 0.620754 0.779110
vt 0.617499 0.770795
vt 0.574615 0.011600
vt 0.566912 0.012213
vt 0.566912 0.007917
vt 0.574615 0.003898
vt 0.416969 0.016221
vt 0.411583 0.010560
vt 0.414153 0.007118
vt 0.421966 0.010214
vt 0.574615 0.215393
vt 0.574615 0.223096
vt 0.568540 0.223437
vt 0.566912 0.217821
vt 0.574615 0.228946
vt 0.566912 0.227102
vt 0.551414 0.173252
vt 0.555686 0.166399
vt 0.558531 0.169722
vt 0.559117 0.175680
vt 0.602001 0.613375
vt 0.609703 0.613375
vt 0.277609 0.684185
vt 0.285312 0.685498
vt 0.030514 0.693991
vt 0.038112 0.692168
vt 0.660290 0.169633
vt 0.652588 0.169633
vt 0.551414 0.682872
vt 0.559053 0.684174
vt 0.566912 0.613325
vt 0.574615 0.613375
vt 0.625201 0.169633
vt 0.617499 0.169682
vt 0.319682 0.692153
vt 0.327217 0.690346
s 0
usemtl DL2_Armor_Indigo
f 81/123/62 84/124/62 85/124/62 87/125/62
f 82/126/63 86/127/63 85/127/63 84/127/63
f 83/128/64 87/129/64 85/130/64 86/131/64
f 91/132/65 94/133/65 95/134/65 97/135/65
f 92/136/66 96/137/66 95/138/66 94/139/66
f 93/140/67 97/135/67 95/134/67 96/141/67
f 98/142/68 101/143/68 102/143/68 104/144/68
f 99/145/69 103/146/69 102/146/69 101/146/69
f 100/147/70 104/148/70 102/149/70 103/150/70
f 105/151/71 108/152/71 109/153/71 111/154/71
f 106/155/72 110/156/72 109/157/72 108/158/72
f 107/159/73 111/154/73 109/153/73 110/160/73
f 115/161/74 118/162/74 119/163/74 121/164/74
f 116/165/75 120/166/75 119/167/75 118/168/75
f 117/169/76 121/170/76 119/171/76 120/172/76
f 125/173/77 128/174/77 129/175/77 131/176/77
f 126/177/78 130/178/78 129/175/78 128/174/78
f 127/179/79 131/180/79 129/181/79 130/182/79
f 132/183/80 135/184/80 136/185/80 138/186/80
f 133/187/81 137/188/81 136/189/81 135/190/81
f 134/191/82 138/192/82 136/193/82 137/194/82
f 139/195/83 142/196/83 143/197/83 145/198/83
f 140/199/84 144/200/84 143/197/84 142/196/84
f 141/201/85 145/202/85 143/203/85 144/204/85
f 81/123/86 112/205/86 114/206/86 84/124/86
f 84/127/87 114/207/87 113/208/87 82/126/87
f 82/126/88 88/209/88 90/210/88 86/127/88
f 86/131/89 90/211/89 89/212/89 83/128/89
f 88/209/90 92/136/90 94/139/90 90/210/90
f 90/211/91 94/133/91 91/132/91 89/212/91
f 92/136/92 99/145/92 101/146/92 96/137/92
f 96/141/93 101/143/93 98/142/93 93/140/93
f 99/145/94 106/155/94 108/158/94 103/146/94
f 103/150/95 108/152/95 105/151/95 100/147/95
f 106/155/96 113/208/96 114/207/96 110/156/96
f 110/160/97 114/206/97 112/205/97 107/159/97
f 117/169/87 146/213/87 148/214/87 121/170/87
f 121/164/86 148/215/86 147/216/86 115/161/86
f 116/165/89 122/217/89 124/218/89 120/166/89
f 120/172/88 124/219/88 123/220/88 117/169/88
f 122/217/91 125/173/91 131/176/91 124/218/91
f 124/219/90 131/180/90 127/179/90 123/220/90
f 126/177/98 132/183/98 138/186/98 130/178/98
f 130/182/99 138/192/99 134/191/99 127/179/99
f 133/187/100 139/195/100 145/198/100 137/188/100
f 137/194/101 145/202/101 141/201/101 134/191/101
f 140/199/97 147/216/97 148/215/97 144/200/97
f 144/204/96 148/214/96 146/213/96 141/201/96
f 83/128/102 116/165/102 118/168/102 87/129/102
f 87/125/103 118/162/103 115/161/103 81/123/103
f 93/140/104 126/177/104 128/174/104 97/135/104
f 97/135/105 128/174/105 125/173/105 91/132/105
f 100/147/106 133/187/106 135/190/106 104/148/106
f 104/144/107 135/184/107 132/183/107 98/142/107
f 107/159/108 140/199/108 142/196/108 111/154/108
f 111/154/109 142/196/109 139/195/109 105/151/109
f 112/205/110 81/123/110 115/161/110 147/216/110
f 83/128/111 89/212/111 122/217/111 116/165/111
f 82/126/112 88/209/112 92/136/112 99/145/112 106/155/112 113/208/112
f 89/212/113 91/132/113 125/173/113 122/217/113
f 93/140/114 98/142/114 132/183/114 126/177/114
f 100/147/115 105/151/115 139/195/115 133/187/115
f 107/159/116 112/205/116 147/216/116 140/199/116
f 117/169/112 123/220/112 127/179/112 134/191/112 141/201/112 146/213/112
o DL_Port_Wing
v 13.550877 -0.550000 -8.028070
v 14.838078 -1.000000 -7.496742
v 13.764156 -0.550000 -8.383246
v 14.200291 -0.868198 -7.855423
v 14.053131 -0.809813 -7.968096
v 14.221743 -0.868198 -7.891150
v 13.799376 -0.550000 -8.120471
v -1.764156 -0.550000 -33.616753
v -1.779688 -1.000000 -34.500614
v -2.441902 -0.550000 -33.915020
v -1.851294 -0.868198 -34.009842
v -2.000342 -0.809813 -33.999222
v -2.093197 -0.868198 -34.116295
v -2.060353 -0.550000 -33.862854
v -27.558098 -0.550000 -29.084982
v -28.680796 -1.000000 -29.327322
v -27.790415 -0.550000 -28.601788
v -28.101847 -0.868198 -29.114632
v -28.014696 -0.809813 -29.007065
v -28.153135 -0.868198 -29.007963
v -27.809181 -0.550000 -28.908255
v -17.550877 -0.550000 -9.971930
v -18.209585 -0.550000 -10.398213
v -18.280441 -1.000000 -9.566649
v -17.929838 -0.550000 -10.108414
v -18.002369 -0.809813 -9.996339
v -18.162542 -0.868198 -10.025837
v -17.909847 -0.868198 -9.862306
v 13.550877 1.250000 -8.028070
v 13.764156 1.250000 -8.383246
v 13.161922 1.700000 -8.503258
v 13.831088 1.250000 -8.101430
v 13.678143 1.509808 -8.193272
v 13.556056 1.568198 -8.437438
v 13.405245 1.568198 -8.186291
v -1.764156 1.250000 -33.616753
v -2.441903 1.250000 -33.915020
v -2.220312 1.700000 -33.499386
v -2.057401 1.250000 -33.869568
v -2.090103 1.509808 -33.795261
v -2.379952 1.568198 -33.786575
v -1.900712 1.568198 -33.575668
v -27.558098 1.250000 -29.084982
v -27.790415 1.250000 -28.601788
v -27.319204 1.700000 -28.672678
v -27.815254 1.250000 -28.911173
v -27.718456 1.509808 -28.864634
v -27.646330 1.568198 -28.619631
v -27.482058 1.568198 -28.961300
v -17.550877 1.250000 -9.971930
v -17.719559 1.700000 -10.433351
v -18.209585 1.250000 -10.398213
v -17.591810 1.568198 -10.120168
v -17.890114 1.509808 -10.169798
v -18.057587 1.568198 -10.421596
v -17.938311 1.250000 -10.095322
vn 0.3766 0.8252 0.4210
vn 0.1744 0.9791 0.1047
vn 0.5486 0.8252 0.1345
vn 0.4348 0.5971 -0.6741
vn 0.1321 0.9447 -0.3002
vn 0.2033 0.5971 -0.7760
vn -0.4995 0.7456 -0.4412
vn -0.2246 0.9685 -0.1080
vn -0.6565 0.7456 -0.1147
vn -0.3606 0.5564 0.7486
vn -0.5352 0.5564 0.6356
vn -0.1892 0.9374 0.2924
vn 0.1752 0.4657 0.8674
vn 0.8480 0.4658 -0.2530
vn 0.2582 0.9536 0.1551
vn 0.6407 0.3264 -0.6949
vn 0.0796 0.3264 -0.9419
vn 0.2043 0.8619 -0.4642
vn -0.4790 0.3767 -0.7928
vn -0.9184 0.3767 0.1210
vn -0.3555 0.9189 -0.1709
vn -0.2571 0.3503 0.9007
vn -0.2815 0.8553 0.4350
vn -0.7163 0.3503 0.6035
vn -0.0576 0.3827 0.9221
vn -0.0239 0.9239 0.3819
vn 0.3259 0.9239 -0.2006
vn 0.7868 0.3827 -0.4842
vn -0.0723 0.9239 -0.3758
vn -0.1745 0.3827 -0.9073
vn -0.3386 0.9239 0.1782
vn -0.8176 0.3827 0.4303
vn -0.0249 0.9170 0.3982
vn -0.0566 0.4197 0.9059
vn 0.7766 0.4107 -0.4777
vn 0.3363 0.9188 -0.2069
vn -0.1735 0.3950 -0.9021
vn -0.0732 0.9217 -0.3809
vn -0.8093 0.4042 0.4262
vn -0.3468 0.9200 0.1826
vn 0.9828 -0.0077 -0.1844
vn 0.2991 -0.0077 0.9542
vn 0.1264 -0.0020 -0.9920
vn 0.6461 -0.0020 -0.7633
vn -0.9975 -0.0016 0.0706
vn -0.5678 -0.0016 -0.8232
vn -0.3211 -0.0042 0.9470
vn -0.7324 -0.0042 0.6809
vn -0.0624 -0.0000 0.9981
vn 0.8517 -0.0000 -0.5241
vn -0.0000 1.0000 -0.0000
vn -0.1888 -0.0000 -0.9820
vn -0.8849 -0.0000 0.4657
vt 0.937146 0.613599
vt 0.944381 0.617361
vt 0.937146 0.617361
vt 0.452537 -0.009367
vt 0.444381 0.004069
vt 0.988696 0.011304
vt 0.988696 0.004069
vt 0.992873 0.004069
vt 0.995931 0.004069
vt 0.988696 0.487676
vt 0.995931 0.493793
vt 0.995931 0.494904
vt 0.988696 0.494911
vt 0.418316 0.499277
vt 0.410363 0.494129
vt 0.411425 0.493806
vt 0.411508 0.492688
vt 0.988696 0.510285
vt 0.988696 0.503050
vt 0.992873 0.503050
vt 0.995931 0.504168
vt 0.988696 0.921504
vt 0.995931 0.928739
vt 0.988696 0.928739
vt -0.003166 0.627116
vt 0.004069 0.617361
vt 0.937146 0.011304
vt 0.937146 0.004069
vt 0.941324 0.004069
vt 0.944381 0.004069
vt 0.937146 0.353043
vt 0.937146 0.349280
vt 0.942852 0.349280
vt 0.944381 0.350104
vt 0.937146 0.342045
vt 0.944381 0.347695
vt -0.003166 0.268085
vt 0.005423 0.271326
vt 0.004069 0.272150
vt 0.004069 0.273735
vt 0.908206 0.613599
vt 0.908206 0.617361
vt 0.904028 0.617361
vt 0.900971 0.612301
vt 0.959755 0.011304
vt 0.952520 0.013800
vt 0.952520 0.009428
vt 0.959755 0.004069
vt 0.884677 0.017505
vt 0.884521 0.009130
vt 0.888255 0.006856
vt 0.892179 0.013778
vt 0.959755 0.487676
vt 0.959755 0.494911
vt 0.955578 0.494911
vt 0.952520 0.488264
vt 0.959755 0.510285
vt 0.952520 0.509697
vt 0.952520 0.505094
vt 0.959755 0.503050
vt 0.853000 0.488331
vt 0.860330 0.487172
vt 0.860021 0.491765
vt 0.853523 0.495733
vt 0.959755 0.921504
vt 0.959755 0.928739
vt 0.955578 0.928739
vt 0.952520 0.920679
vt 0.908206 0.011304
vt 0.900971 0.012129
vt 0.900971 0.008104
vt 0.908206 0.004069
vt 0.459755 0.607606
vt 0.460233 0.615022
vt 0.456380 0.616190
vt 0.452520 0.609301
vt 0.908206 0.353043
vt 0.900971 0.352624
vt 0.902500 0.349694
vt 0.908206 0.349280
vt 0.459755 0.276216
vt 0.452520 0.278580
vt 0.452520 0.273743
vt 0.458012 0.268807
vt 0.908206 0.342045
vt 0.900971 0.342850
s 0
usemtl DL2_Hull_Silver
f 149/221/117 152/222/117 153/222/117 155/223/117
f 150/224/118 154/225/118 153/225/118 152/225/118
f 151/226/119 155/227/119 153/228/119 154/229/119
f 156/230/120 159/231/120 160/232/120 162/233/120
f 157/234/121 161/235/121 160/236/121 159/237/121
f 158/238/122 162/239/122 160/240/122 161/241/122
f 163/242/123 166/243/123 167/243/123 169/244/123
f 164/245/124 168/246/124 167/246/124 166/246/124
f 165/247/125 169/248/125 167/249/125 168/250/125
f 170/251/126 173/252/126 174/253/126 176/254/126
f 171/255/127 175/256/127 174/253/127 173/252/127
f 172/257/128 176/258/128 174/259/128 175/260/128
f 177/261/129 180/262/129 181/263/129 183/264/129
f 178/265/130 182/266/130 181/267/130 180/268/130
f 179/269/131 183/270/131 181/271/131 182/272/131
f 184/273/132 187/274/132 188/275/132 190/276/132
f 185/277/133 189/278/133 188/279/133 187/280/133
f 186/281/134 190/282/134 188/283/134 189/284/134
f 191/285/135 194/286/135 195/287/135 197/288/135
f 192/289/136 196/290/136 195/291/136 194/292/136
f 193/293/137 197/294/137 195/295/137 196/296/137
f 198/297/138 201/298/138 202/299/138 204/300/138
f 199/301/139 203/302/139 202/303/139 201/304/139
f 200/305/140 204/300/140 202/299/140 203/306/140
f 149/221/141 170/251/141 176/254/141 152/222/141
f 152/225/142 176/258/142 172/257/142 150/224/142
f 150/224/143 157/234/143 159/237/143 154/225/143
f 154/229/144 159/231/144 156/230/144 151/226/144
f 157/234/145 164/245/145 166/246/145 161/235/145
f 161/241/146 166/243/146 163/242/146 158/238/146
f 164/245/147 172/257/147 175/260/147 168/246/147
f 168/250/148 175/256/148 171/255/148 165/247/148
f 179/269/149 199/301/149 201/304/149 183/270/149
f 183/264/150 201/298/150 198/297/150 177/261/150
f 178/265/151 184/273/151 190/276/151 182/266/151
f 182/272/152 190/282/152 186/281/152 179/269/152
f 185/277/153 191/285/153 197/288/153 189/278/153
f 189/284/154 197/294/154 193/293/154 186/281/154
f 192/289/155 200/305/155 203/306/155 196/290/155
f 196/296/156 203/302/156 199/301/156 193/293/156
f 151/226/157 178/265/157 180/268/157 155/227/157
f 155/223/158 180/262/158 177/261/158 149/221/158
f 158/238/159 185/277/159 187/280/159 162/239/159
f 162/233/160 187/274/160 184/273/160 156/230/160
f 165/247/161 192/289/161 194/292/161 169/248/161
f 169/244/162 194/286/162 191/285/162 163/242/162
f 170/251/163 198/297/163 204/300/163 173/252/163
f 173/252/164 204/300/164 200/305/164 171/255/164
f 170/251/165 149/221/165 177/261/165 198/297/165
f 151/226/166 156/230/166 184/273/166 178/265/166
f 150/224/167 157/234/167 164/245/167 172/257/167
f 158/238/168 163/242/168 191/285/168 185/277/168
f 165/247/169 171/255/169 200/305/169 192/289/169
f 179/269/167 186/281/167 193/293/167 199/301/167
o DL_Starboard_Wing
v 13.550877 -0.550000 8.028070
v 14.838078 -1.000000 7.496742
v 13.764156 -0.550000 8.383246
v 14.200291 -0.868198 7.855423
v 14.053131 -0.809813 7.968096
v 14.221743 -0.868198 7.891150
v 13.799376 -0.550000 8.120471
v -1.764156 -0.550000 33.616753
v -1.779688 -1.000000 34.500614
v -2.441902 -0.550000 33.915020
v -1.851294 -0.868198 34.009842
v -2.000342 -0.809813 33.999222
v -2.093197 -0.868198 34.116295
v -2.060353 -0.550000 33.862854
v -27.558098 -0.550000 29.084982
v -28.680796 -1.000000 29.327322
v -27.790415 -0.550000 28.601788
v -28.101847 -0.868198 29.114632
v -28.014696 -0.809813 29.007065
v -28.153135 -0.868198 29.007963
v -27.809181 -0.550000 28.908255
v -17.550877 -0.550000 9.971930
v -18.209585 -0.550000 10.398213
v -18.280441 -1.000000 9.566649
v -17.929838 -0.550000 10.108414
v -18.002369 -0.809813 9.996339
v -18.162542 -0.868198 10.025837
v -17.909847 -0.868198 9.862306
v 13.550877 1.250000 8.028070
v 13.764156 1.250000 8.383246
v 13.161922 1.700000 8.503258
v 13.831088 1.250000 8.101430
v 13.678143 1.509808 8.193272
v 13.556056 1.568198 8.437438
v 13.405245 1.568198 8.186291
v -1.764156 1.250000 33.616753
v -2.441903 1.250000 33.915020
v -2.220312 1.700000 33.499386
v -2.057401 1.250000 33.869568
v -2.090103 1.509808 33.795261
v -2.379952 1.568198 33.786575
v -1.900712 1.568198 33.575668
v -27.558098 1.250000 29.084982
v -27.790415 1.250000 28.601788
v -27.319204 1.700000 28.672678
v -27.815254 1.250000 28.911173
v -27.718456 1.509808 28.864634
v -27.646330 1.568198 28.619631
v -27.482058 1.568198 28.961300
v -17.550877 1.250000 9.971930
v -17.719559 1.700000 10.433351
v -18.209585 1.250000 10.398213
v -17.591810 1.568198 10.120168
v -17.890114 1.509808 10.169798
v -18.057587 1.568198 10.421596
v -17.938311 1.250000 10.095322
vn -0.3766 -0.8252 0.4210
vn -0.1744 -0.9791 0.1047
vn -0.5486 -0.8252 0.1345
vn -0.4348 -0.5971 -0.6741
vn -0.1321 -0.9447 -0.3002
vn -0.2033 -0.5971 -0.7760
vn 0.4995 -0.7456 -0.4412
vn 0.2246 -0.9685 -0.1080
vn 0.6565 -0.7456 -0.1147
vn 0.3606 -0.5564 0.7486
vn 0.5352 -0.5564 0.6356
vn 0.1892 -0.9374 0.2924
vn -0.1752 -0.4657 0.8674
vn -0.8480 -0.4658 -0.2530
vn -0.2582 -0.9536 0.1551
vn -0.6407 -0.3264 -0.6949
vn -0.0796 -0.3264 -0.9419
vn -0.2043 -0.8619 -0.4642
vn 0.4790 -0.3767 -0.7928
vn 0.9184 -0.3767 0.1210
vn 0.3555 -0.9189 -0.1709
vn 0.2571 -0.3503 0.9007
vn 0.2815 -0.8553 0.4350
vn 0.7163 -0.3503 0.6035
vn 0.0576 -0.3827 0.9221
vn 0.0239 -0.9239 0.3819
vn -0.3259 -0.9239 -0.2006
vn -0.7868 -0.3827 -0.4842
vn 0.0723 -0.9239 -0.3758
vn 0.1745 -0.3827 -0.9073
vn 0.3386 -0.9239 0.1782
vn 0.8176 -0.3827 0.4303
vn 0.0249 -0.9170 0.3982
vn 0.0566 -0.4197 0.9059
vn -0.7766 -0.4107 -0.4777
vn -0.3363 -0.9188 -0.2069
vn 0.1735 -0.3950 -0.9021
vn 0.0732 -0.9217 -0.3809
vn 0.8093 -0.4042 0.4262
vn 0.3468 -0.9200 0.1826
vn -0.9828 0.0077 -0.1844
vn -0.2991 0.0077 0.9542
vn -0.1264 0.0020 -0.9920
vn -0.6461 0.0020 -0.7633
vn 0.9975 0.0016 0.0706
vn 0.5678 0.0016 -0.8232
vn 0.3211 0.0042 0.9470
vn 0.7324 0.0042 0.6809
vn 0.0624 -0.0000 0.9981
vn -0.8517 -0.0000 -0.5241
vn -0.0000 -1.0000 -0.0000
vn 0.1888 -0.0000 -0.9820
vn 0.8849 -0.0000 0.4657
vt 0.937146 0.613599
vt 0.944381 0.617361
vt 0.937146 0.617361
vt -0.004086 0.630797
vt 0.004069 0.617361
vt 0.988696 0.011304
vt 0.988696 0.004069
vt 0.992873 0.004069
vt 0.995931 0.004069
vt 0.988696 0.487676
vt 0.995931 0.493793
vt 0.995931 0.494904
vt 0.988696 0.494911
vt 0.030135 0.122153
vt 0.038088 0.127302
vt 0.037025 0.127624
vt 0.036943 0.128742
vt 0.988696 0.510285
vt 0.988696 0.503050
vt 0.992873 0.503050
vt 0.995931 0.504168
vt 0.988696 0.921504
vt 0.995931 0.928739
vt 0.988696 0.928739
vt 0.451616 -0.005686
vt 0.444381 0.004069
vt 0.937146 0.011304
vt 0.937146 0.004069
vt 0.941324 0.004069
vt 0.944381 0.004069
vt 0.937146 0.353043
vt 0.937146 0.349280
vt 0.942852 0.349280
vt 0.944381 0.350104
vt 0.937146 0.342045
vt 0.944381 0.347695
vt 0.451616 0.353346
vt 0.443028 0.350104
vt 0.444381 0.349280
vt 0.444381 0.347695
vt 0.908206 0.613599
vt 0.908206 0.617361
vt 0.904028 0.617361
vt 0.900971 0.612301
vt 0.959755 0.011304
vt 0.952520 0.013800
vt 0.952520 0.009428
vt 0.959755 0.004069
vt 0.460675 0.603925
vt 0.460831 0.612301
vt 0.457097 0.614574
vt 0.453173 0.607652
vt 0.959755 0.487676
vt 0.959755 0.494911
vt 0.955578 0.494911
vt 0.952520 0.488264
vt 0.959755 0.510285
vt 0.952520 0.509697
vt 0.952520 0.505094
vt 0.959755 0.503050
vt 0.492352 0.133099
vt 0.485022 0.134258
vt 0.485331 0.129666
vt 0.491829 0.125697
vt 0.959755 0.921504
vt 0.959755 0.928739
vt 0.955578 0.928739
vt 0.952520 0.920679
vt 0.908206 0.011304
vt 0.900971 0.012129
vt 0.900971 0.008104
vt 0.908206 0.004069
vt 0.885597 0.013824
vt 0.885119 0.006409
vt 0.888972 0.005240
vt 0.892832 0.012130
vt 0.908206 0.353043
vt 0.900971 0.352624
vt 0.902500 0.349694
vt 0.908206 0.349280
vt 0.885597 0.345214
vt 0.892832 0.342850
vt 0.892832 0.347687
vt 0.887340 0.352624
vt 0.908206 0.342045
vt 0.900971 0.342850
s 0
usemtl DL2_Hull_Silver
f 205/307/170 208/308/170 209/308/170 211/309/170
f 206/310/171 210/311/171 209/311/171 208/311/171
f 207/312/172 211/313/172 209/314/172 210/315/172
f 212/316/173 215/317/173 216/318/173 218/319/173
f 213/320/174 217/321/174 216/322/174 215/323/174
f 214/324/175 218/325/175 216/326/175 217/327/175
f 219/328/176 222/329/176 223/329/176 225/330/176
f 220/331/177 224/332/177 223/332/177 222/332/177
f 221/333/178 225/334/178 223/335/178 224/336/178
f 226/337/179 229/338/179 230/339/179 232/340/179
f 227/341/180 231/342/180 230/339/180 229/338/180
f 228/343/181 232/344/181 230/345/181 231/346/181
f 233/347/182 236/348/182 237/349/182 239/350/182
f 234/351/183 238/352/183 237/353/183 236/354/183
f 235/355/184 239/356/184 237/357/184 238/358/184
f 240/359/185 243/360/185 244/361/185 246/362/185
f 241/363/186 245/364/186 244/365/186 243/366/186
f 242/367/187 246/368/187 244/369/187 245/370/187
f 247/371/188 250/372/188 251/373/188 253/374/188
f 248/375/189 252/376/189 251/377/189 250/378/189
f 249/379/190 253/380/190 251/381/190 252/382/190
f 254/383/191 257/384/191 258/385/191 260/386/191
f 255/387/192 259/388/192 258/389/192 257/390/192
f 256/391/193 260/386/193 258/385/193 259/392/193
f 205/307/194 226/337/194 232/340/194 208/308/194
f 208/311/195 232/344/195 228/343/195 206/310/195
f 206/310/196 213/320/196 215/323/196 210/311/196
f 210/315/197 215/317/197 212/316/197 207/312/197
f 213/320/198 220/331/198 222/332/198 217/321/198
f 217/327/199 222/329/199 219/328/199 214/324/199
f 220/331/200 228/343/200 231/346/200 224/332/200
f 224/336/201 231/342/201 227/341/201 221/333/201
f 235/355/202 255/387/202 257/390/202 239/356/202
f 239/350/203 257/384/203 254/383/203 233/347/203
f 234/351/204 240/359/204 246/362/204 238/352/204
f 238/358/205 246/368/205 242/367/205 235/355/205
f 241/363/206 247/371/206 253/374/206 245/364/206
f 245/370/207 253/380/207 249/379/207 242/367/207
f 248/375/208 256/391/208 259/392/208 252/376/208
f 252/382/209 259/388/209 255/387/209 249/379/209
f 207/312/210 234/351/210 236/354/210 211/313/210
f 211/309/211 236/348/211 233/347/211 205/307/211
f 214/324/212 241/363/212 243/366/212 218/325/212
f 218/319/213 243/360/213 240/359/213 212/316/213
f 221/333/214 248/375/214 250/378/214 225/334/214
f 225/330/215 250/372/215 247/371/215 219/328/215
f 226/337/216 254/383/216 260/386/216 229/338/216
f 229/338/217 260/386/217 256/391/217 227/341/217
f 226/337/218 205/307/218 233/347/218 254/383/218
f 207/312/219 212/316/219 240/359/219 234/351/219
f 206/310/220 213/320/220 220/331/220 228/343/220
f 214/324/221 219/328/221 247/371/221 241/363/221
f 221/333/222 227/341/222 256/391/222 248/375/222
f 235/355/220 242/367/220 249/379/220 255/387/220
o DL_Port_Upper_Wing
v 9.551144 2.450000 -6.032061
v 10.755677 2.000000 -5.494876
v 9.798754 2.450000 -6.402492
v 10.160050 2.131802 -5.856430
v 10.038884 2.190187 -5.974009
v 10.193857 2.131802 -5.907004
v 9.809589 2.450000 -6.127278
v 2.201246 2.450000 -21.597507
v 2.233224 2.000000 -22.539782
v 1.568978 2.450000 -21.870693
v 2.133876 2.131802 -22.026968
v 1.999010 2.190187 -21.997709
v 1.927883 2.131802 -22.115973
v 1.932700 2.450000 -21.844240
v -7.568978 2.450000 -19.129307
v -8.573587 2.000000 -19.297739
v -7.857698 2.450000 -18.573093
v -8.044506 2.131802 -19.124258
v -8.000804 2.190187 -19.000420
v -8.127227 2.131802 -18.964888
v -7.832077 2.450000 -18.912834
v -3.551144 2.450000 -6.967939
v -4.142303 2.450000 -7.426908
v -4.331861 2.000000 -6.572558
v -3.910213 2.450000 -7.115647
v -3.999880 2.190187 -7.000155
v -4.148665 2.131802 -7.029204
v -3.934863 2.131802 -6.863210
v 9.551144 3.650000 -6.032061
v 9.798754 3.650000 -6.402492
v 9.244323 4.100000 -6.505123
v 9.831454 3.650000 -6.112662
v 9.702924 3.909807 -6.198577
v 9.614499 3.968198 -6.447167
v 9.439412 3.968198 -6.185233
v 2.201246 3.650000 -21.597507
v 1.568978 3.650000 -21.870693
v 1.766776 4.100000 -21.460218
v 1.933415 3.650000 -21.845894
v 1.902157 3.909807 -21.773550
v 1.626197 3.968198 -21.748816
v 2.073278 3.968198 -21.555645
v -7.568978 3.650000 -19.129307
v -7.857697 3.650000 -18.573093
v -7.426413 4.100000 -18.702261
v -7.832132 3.650000 -18.912865
v -7.757629 3.909807 -18.874191
v -7.731323 3.968198 -18.610897
v -7.527167 3.968198 -19.004200
v -3.551144 3.650000 -6.967939
v -3.668139 4.100000 -7.427442
v -4.142303 3.650000 -7.426908
v -3.580170 3.968198 -7.109275
v -3.865087 3.909807 -7.173770
v -3.998182 3.968198 -7.433815
v -3.915454 3.650000 -7.108897
vn 0.3736 0.8045 0.4617
vn 0.1791 0.9765 0.1197
vn 0.5695 0.8045 0.1687
vn 0.4346 0.6391 -0.6345
vn 0.1216 0.9518 -0.2814
vn 0.1642 0.6391 -0.7514
vn -0.5535 0.6846 -0.4743
vn -0.2509 0.9592 -0.1302
vn -0.7064 0.6846 -0.1797
vn -0.3923 0.5901 0.7056
vn -0.5863 0.5901 0.5550
vn -0.2033 0.9435 0.2618
vn 0.1986 0.4440 0.8738
vn 0.8833 0.4440 -0.1506
vn 0.2710 0.9454 0.1811
vn 0.6704 0.3172 -0.6708
vn 0.0290 0.3172 -0.9479
vn 0.1931 0.8735 -0.4468
vn -0.5684 0.3282 -0.7545
vn -0.9441 0.3282 -0.0306
vn -0.4030 0.8910 -0.2092
vn -0.3117 0.3295 0.8912
vn -0.3125 0.8604 0.4025
vn -0.7862 0.3295 0.5228
vn -0.0658 0.3827 0.9215
vn -0.0273 0.9239 0.3817
vn 0.3423 0.9239 -0.1711
vn 0.8263 0.3827 -0.4132
vn -0.1100 0.9239 -0.3665
vn -0.2655 0.3827 -0.8849
vn -0.3630 0.9239 0.1210
vn -0.8765 0.3827 0.2922
vn -0.0279 0.9194 0.3922
vn -0.0649 0.4072 0.9110
vn 0.8198 0.4004 -0.4095
vn 0.3490 0.9207 -0.1744
vn -0.2652 0.3844 -0.8842
vn -0.1101 0.9236 -0.3673
vn -0.8729 0.3915 0.2913
vn -0.3665 0.9223 0.1223
vn 0.9970 -0.0086 -0.0768
vn 0.3102 -0.0086 0.9506
vn 0.0702 -0.0007 -0.9975
vn 0.6783 -0.0007 -0.7348
vn -0.9972 -0.0000 -0.0751
vn -0.6353 -0.0000 -0.7723
vn -0.3706 -0.0034 0.9288
vn -0.8079 -0.0034 0.5892
vn -0.0712 -0.0000 0.9975
vn 0.8944 -0.0000 -0.4472
vn -0.0000 1.0000 -0.0000
vn -0.2873 -0.0000 -0.9578
vn -0.9487 -0.0000 0.3162
vt 0.980790 0.438233
vt 0.995145 0.452588
vt 0.980790 0.452588
vt 0.436218 -0.018054
vt 0.418445 0.004855
vt 0.904090 0.019210
vt 0.904090 0.004855
vt 0.912378 0.004855
vt 0.918445 0.004855
vt 0.904090 0.561138
vt 0.918445 0.574352
vt 0.918445 0.575442
vt 0.904090 0.575493
vt 0.350247 0.583740
vt 0.336604 0.569792
vt 0.337693 0.569759
vt 0.337906 0.568629
vt 0.057490 0.603911
vt 0.057490 0.589556
vt 0.065778 0.589556
vt 0.071845 0.590696
vt 0.057490 0.908243
vt 0.071845 0.922598
vt 0.057490 0.922598
vt -0.009499 0.594642
vt 0.004855 0.579845
vt 0.904090 0.599558
vt 0.904090 0.585204
vt 0.912378 0.585204
vt 0.918445 0.585204
vt 0.980790 0.019210
vt 0.980790 0.004855
vt 0.989078 0.004855
vt 0.995145 0.007239
vt 0.904090 0.974351
vt 0.918445 0.986322
vt 0.918445 0.988702
vt 0.904090 0.988705
vt -0.009499 0.166756
vt 0.007057 0.175431
vt 0.004859 0.176342
vt 0.004855 0.178727
vt 0.942510 0.438233
vt 0.942510 0.452588
vt 0.934222 0.452588
vt 0.928155 0.434330
vt 0.865810 0.019210
vt 0.851455 0.023113
vt 0.851455 0.014759
vt 0.865810 0.004855
vt 0.823971 0.027765
vt 0.824879 0.011849
vt 0.832596 0.008649
vt 0.839163 0.022930
vt 0.865810 0.561138
vt 0.865810 0.575493
vt 0.857522 0.575493
vt 0.851455 0.561769
vt 0.019210 0.603911
vt 0.004855 0.603280
vt 0.004855 0.594621
vt 0.019210 0.589556
vt 0.748541 0.555775
vt 0.762985 0.556172
vt 0.761761 0.564743
vt 0.747327 0.570173
vt 0.019210 0.908243
vt 0.019210 0.922598
vt 0.010922 0.922598
vt 0.004855 0.908112
vt 0.865810 0.599558
vt 0.851455 0.599689
vt 0.851455 0.591456
vt 0.865810 0.585204
vt 0.442510 0.565049
vt 0.442634 0.579406
vt 0.434405 0.579656
vt 0.428155 0.565360
vt 0.942510 0.019210
vt 0.928155 0.017965
vt 0.928155 0.008753
vt 0.942510 0.004855
vt 0.442510 0.185931
vt 0.428155 0.189454
vt 0.428155 0.180241
vt 0.440266 0.171322
vt 0.865810 0.974351
vt 0.865810 0.988705
vt 0.857522 0.988705
vt 0.851455 0.975595
s 0
usemtl DL2_Armor_Indigo
f 261/393/223 264/394/223 265/394/223 267/395/223
f 262/396/224 266/397/224 265/397/224 264/397/224
f 263/398/225 267/399/225 265/400/225 266/401/225
f 268/402/226 271/403/226 272/404/226 274/405/226
f 269/406/227 273/407/227 272/408/227 271/409/227
f 270/410/228 274/411/228 272/412/228 273/413/228
f 275/414/229 278/415/229 279/415/229 281/416/229
f 276/417/230 280/418/230 279/418/230 278/418/230
f 277/419/231 281/420/231 279/421/231 280/422/231
f 282/423/232 285/424/232 286/425/232 288/426/232
f 283/427/233 287/428/233 286/429/233 285/430/233
f 284/431/234 288/432/234 286/433/234 287/434/234
f 289/435/235 292/436/235 293/437/235 295/438/235
f 290/439/236 294/440/236 293/441/236 292/442/236
f 291/443/237 295/444/237 293/445/237 294/446/237
f 296/447/238 299/448/238 300/449/238 302/450/238
f 297/451/239 301/452/239 300/453/239 299/454/239
f 298/455/240 302/456/240 300/457/240 301/458/240
f 303/459/241 306/460/241 307/461/241 309/462/241
f 304/463/242 308/464/242 307/465/242 306/466/242
f 305/467/243 309/468/243 307/469/243 308/470/243
f 310/471/244 313/472/244 314/473/244 316/474/244
f 311/475/245 315/476/245 314/477/245 313/478/245
f 312/479/246 316/480/246 314/481/246 315/482/246
f 261/393/247 282/423/247 288/426/247 264/394/247
f 264/397/248 288/432/248 284/431/248 262/396/248
f 262/396/249 269/406/249 271/409/249 266/397/249
f 266/401/250 271/403/250 268/402/250 263/398/250
f 269/406/251 276/417/251 278/418/251 273/407/251
f 273/413/252 278/415/252 275/414/252 270/410/252
f 276/417/253 284/431/253 287/434/253 280/418/253
f 280/422/254 287/428/254 283/427/254 277/419/254
f 291/443/255 311/475/255 313/478/255 295/444/255
f 295/438/256 313/472/256 310/471/256 289/435/256
f 290/439/257 296/447/257 302/450/257 294/440/257
f 294/446/258 302/456/258 298/455/258 291/443/258
f 297/451/259 303/459/259 309/462/259 301/452/259
f 301/458/260 309/468/260 305/467/260 298/455/260
f 304/463/261 312/479/261 315/482/261 308/464/261
f 308/470/262 315/476/262 311/475/262 305/467/262
f 263/398/263 290/439/263 292/442/263 267/399/263
f 267/395/264 292/436/264 289/435/264 261/393/264
f 270/410/265 297/451/265 299/454/265 274/411/265
f 274/405/266 299/448/266 296/447/266 268/402/266
f 277/419/267 304/463/267 306/466/267 281/420/267
f 281/416/268 306/460/268 303/459/268 275/414/268
f 282/423/269 310/471/269 316/474/269 285/424/269
f 285/430/270 316/480/270 312/479/270 283/427/270
f 282/423/271 261/393/271 289/435/271 310/471/271
f 263/398/272 268/402/272 296/447/272 290/439/272
f 262/396/273 269/406/273 276/417/273 284/431/273
f 270/410/274 275/414/274 303/459/274 297/451/274
f 277/419/275 283/427/275 312/479/275 304/463/275
f 291/443/273 298/455/273 305/467/273 311/475/273
o DL_Starboard_Upper_Wing
v 9.551144 2.450000 6.032061
v 10.755677 2.000000 5.494876
v 9.798754 2.450000 6.402492
v 10.160050 2.131802 5.856430
v 10.038884 2.190187 5.974009
v 10.193857 2.131802 5.907004
v 9.809589 2.450000 6.127278
v 2.201246 2.450000 21.597507
v 2.233224 2.000000 22.539782
v 1.568978 2.450000 21.870693
v 2.133876 2.131802 22.026968
v 1.999010 2.190187 21.997709
v 1.927883 2.131802 22.115973
v 1.932700 2.450000 21.844240
v -7.568978 2.450000 19.129307
v -8.573587 2.000000 19.297739
v -7.857698 2.450000 18.573093
v -8.044506 2.131802 19.124258
v -8.000804 2.190187 19.000420
v -8.127227 2.131802 18.964888
v -7.832077 2.450000 18.912834
v -3.551144 2.450000 6.967939
v -4.142303 2.450000 7.426908
v -4.331861 2.000000 6.572558
v -3.910213 2.450000 7.115647
v -3.999880 2.190187 7.000155
v -4.148665 2.131802 7.029204
v -3.934863 2.131802 6.863210
v 9.551144 3.650000 6.032061
v 9.798754 3.650000 6.402492
v 9.244323 4.100000 6.505123
v 9.831454 3.650000 6.112662
v 9.702924 3.909807 6.198577
v 9.614499 3.968198 6.447167
v 9.439412 3.968198 6.185233
v 2.201246 3.650000 21.597507
v 1.568978 3.650000 21.870693
v 1.766776 4.100000 21.460218
v 1.933415 3.650000 21.845894
v 1.902157 3.909807 21.773550
v 1.626197 3.968198 21.748816
v 2.073278 3.968198 21.555645
v -7.568978 3.650000 19.129307
v -7.857697 3.650000 18.573093
v -7.426413 4.100000 18.702261
v -7.832132 3.650000 18.912865
v -7.757629 3.909807 18.874191
v -7.731323 3.968198 18.610897
v -7.527167 3.968198 19.004200
v -3.551144 3.650000 6.967939
v -3.668139 4.100000 7.427442
v -4.142303 3.650000 7.426908
v -3.580170 3.968198 7.109275
v -3.865087 3.909807 7.173770
v -3.998182 3.968198 7.433815
v -3.915454 3.650000 7.108897
vn -0.3736 -0.8045 0.4617
vn -0.1791 -0.9765 0.1197
vn -0.5695 -0.8045 0.1687
vn -0.4346 -0.6391 -0.6345
vn -0.1216 -0.9518 -0.2814
vn -0.1642 -0.6391 -0.7514
vn 0.5535 -0.6846 -0.4743
vn 0.2509 -0.9592 -0.1302
vn 0.7064 -0.6846 -0.1797
vn 0.3923 -0.5901 0.7056
vn 0.5863 -0.5901 0.5550
vn 0.2033 -0.9435 0.2618
vn -0.1986 -0.4440 0.8738
vn -0.8833 -0.4440 -0.1506
vn -0.2710 -0.9454 0.1811
vn -0.6704 -0.3172 -0.6708
vn -0.0290 -0.3172 -0.9479
vn -0.1931 -0.8735 -0.4468
vn 0.5684 -0.3282 -0.7545
vn 0.9441 -0.3282 -0.0306
vn 0.4030 -0.8910 -0.2092
vn 0.3117 -0.3295 0.8912
vn 0.3125 -0.8604 0.4025
vn 0.7862 -0.3295 0.5228
vn 0.0658 -0.3827 0.9215
vn 0.0273 -0.9239 0.3817
vn -0.3423 -0.9239 -0.1711
vn -0.8263 -0.3827 -0.4132
vn 0.1100 -0.9239 -0.3665
vn 0.2655 -0.3827 -0.8849
vn 0.3630 -0.9239 0.1210
vn 0.8765 -0.3827 0.2922
vn 0.0279 -0.9194 0.3922
vn 0.0649 -0.4072 0.9110
vn -0.8198 -0.4004 -0.4095
vn -0.3490 -0.9207 -0.1744
vn 0.2652 -0.3844 -0.8842
vn 0.1101 -0.9236 -0.3673
vn 0.8729 -0.3915 0.2913
vn 0.3665 -0.9223 0.1223
vn -0.9970 0.0086 -0.0768
vn -0.3102 0.0086 0.9506
vn -0.0702 0.0007 -0.9975
vn -0.6783 0.0007 -0.7348
vn 0.9972 -0.0000 -0.0751
vn 0.6353 -0.0000 -0.7723
vn 0.3706 0.0034 0.9288
vn 0.8079 0.0034 0.5892
vn 0.0712 -0.0000 0.9975
vn -0.8944 -0.0000 -0.4472
vn -0.0000 -1.0000 -0.0000
vn 0.2873 -0.0000 -0.9578
vn 0.9487 -0.0000 0.3162
vt 0.980790 0.438233
vt 0.995145 0.452588
vt 0.980790 0.452588
vt -0.012918 0.602754
vt 0.004855 0.579845
vt 0.904090 0.019210
vt 0.904090 0.004855
vt 0.912378 0.004855
vt 0.918445 0.004855
vt 0.904090 0.561138
vt 0.918445 0.574352
vt 0.918445 0.575442
vt 0.904090 0.575493
vt 0.073053 0.000960
vt 0.086696 0.014908
vt 0.085607 0.014941
vt 0.085394 0.016072
vt 0.057490 0.603911
vt 0.057490 0.589556
vt 0.065778 0.589556
vt 0.071845 0.590696
vt 0.057490 0.908243
vt 0.071845 0.922598
vt 0.057490 0.922598
vt 0.432799 -0.009941
vt 0.418445 0.004855
vt 0.904090 0.599558
vt 0.904090 0.585204
vt 0.912378 0.585204
vt 0.918445 0.585204
vt 0.980790 0.019210
vt 0.980790 0.004855
vt 0.989078 0.004855
vt 0.995145 0.007239
vt 0.904090 0.974351
vt 0.918445 0.986322
vt 0.918445 0.988702
vt 0.904090 0.988705
vt 0.432799 0.417945
vt 0.416243 0.409270
vt 0.418441 0.408358
vt 0.418445 0.405974
vt 0.942510 0.438233
vt 0.942510 0.452588
vt 0.934222 0.452588
vt 0.928155 0.434330
vt 0.865810 0.019210
vt 0.851455 0.023113
vt 0.851455 0.014759
vt 0.865810 0.004855
vt 0.445929 0.556936
vt 0.445021 0.572852
vt 0.437304 0.576052
vt 0.430737 0.561771
vt 0.865810 0.561138
vt 0.865810 0.575493
vt 0.857522 0.575493
vt 0.851455 0.561769
vt 0.019210 0.603911
vt 0.004855 0.603280
vt 0.004855 0.594621
vt 0.019210 0.589556
vt 0.521359 0.028926
vt 0.506915 0.028529
vt 0.508139 0.019957
vt 0.522573 0.014527
vt 0.019210 0.908243
vt 0.019210 0.922598
vt 0.010922 0.922598
vt 0.004855 0.908112
vt 0.865810 0.599558
vt 0.851455 0.599689
vt 0.851455 0.591456
vt 0.865810 0.585204
vt 0.827390 0.019652
vt 0.827266 0.005294
vt 0.835495 0.005045
vt 0.841745 0.019341
vt 0.942510 0.019210
vt 0.928155 0.017965
vt 0.928155 0.008753
vt 0.942510 0.004855
vt 0.827390 0.398769
vt 0.841745 0.395247
vt 0.841745 0.404459
vt 0.829634 0.413378
vt 0.865810 0.974351
vt 0.865810 0.988705
vt 0.857522 0.988705
vt 0.851455 0.975595
s 0
usemtl DL2_Armor_Indigo
f 317/483/276 320/484/276 321/484/276 323/485/276
f 318/486/277 322/487/277 321/487/277 320/487/277
f 319/488/278 323/489/278 321/490/278 322/491/278
f 324/492/279 327/493/279 328/494/279 330/495/279
f 325/496/280 329/497/280 328/498/280 327/499/280
f 326/500/281 330/501/281 328/502/281 329/503/281
f 331/504/282 334/505/282 335/505/282 337/506/282
f 332/507/283 336/508/283 335/508/283 334/508/283
f 333/509/284 337/510/284 335/511/284 336/512/284
f 338/513/285 341/514/285 342/515/285 344/516/285
f 339/517/286 343/518/286 342/519/286 341/520/286
f 340/521/287 344/522/287 342/523/287 343/524/287
f 345/525/288 348/526/288 349/527/288 351/528/288
f 346/529/289 350/530/289 349/531/289 348/532/289
f 347/533/290 351/534/290 349/535/290 350/536/290
f 352/537/291 355/538/291 356/539/291 358/540/291
f 353/541/292 357/542/292 356/543/292 355/544/292
f 354/545/293 358/546/293 356/547/293 357/548/293
f 359/549/294 362/550/294 363/551/294 365/552/294
f 360/553/295 364/554/295 363/555/295 362/556/295
f 361/557/296 365/558/296 363/559/296 364/560/296
f 366/561/297 369/562/297 370/563/297 372/564/297
f 367/565/298 371/566/298 370/567/298 369/568/298
f 368/569/299 372/570/299 370/571/299 371/572/299
f 317/483/300 338/513/300 344/516/300 320/484/300
f 320/487/301 344/522/301 340/521/301 318/486/301
f 318/486/302 325/496/302 327/499/302 322/487/302
f 322/491/303 327/493/303 324/492/303 319/488/303
f 325/496/304 332/507/304 334/508/304 329/497/304
f 329/503/305 334/505/305 331/504/305 326/500/305
f 332/507/306 340/521/306 343/524/306 336/508/306
f 336/512/307 343/518/307 339/517/307 333/509/307
f 347/533/308 367/565/308 369/568/308 351/534/308
f 351/528/309 369/562/309 366/561/309 345/525/309
f 346/529/310 352/537/310 358/540/310 350/530/310
f 350/536/311 358/546/311 354/545/311 347/533/311
f 353/541/312 359/549/312 365/552/312 357/542/312
f 357/548/313 365/558/313 361/557/313 354/545/313
f 360/553/314 368/569/314 371/572/314 364/554/314
f 364/560/315 371/566/315 367/565/315 361/557/315
f 319/488/316 346/529/316 348/532/316 323/489/316
f 323/485/317 348/526/317 345/525/317 317/483/317
f 326/500/318 353/541/318 355/544/318 330/501/318
f 330/495/319 355/538/319 352/537/319 324/492/319
f 333/509/320 360/553/320 362/556/320 337/510/320
f 337/506/321 362/550/321 359/549/321 331/504/321
f 338/513/322 366/561/322 372/564/322 341/514/322
f 341/520/323 372/570/323 368/569/323 339/517/323
f 338/513/324 317/483/324 345/525/324 366/561/324
f 319/488/325 324/492/325 352/537/325 346/529/325
f 318/486/326 325/496/326 332/507/326 340/521/326
f 326/500/327 331/504/327 359/549/327 353/541/327
f 333/509/328 339/517/328 368/569/328 360/553/328
f 347/533/326 354/545/326 361/557/326 367/565/326
o DL_Port_Lower_Wing
v -5.449003 -1.750000 -7.970067
v -4.181370 -2.200000 -7.603577
v -5.254938 -1.750000 -8.370819
v -4.821385 -2.068198 -7.879813
v -4.957787 -2.009813 -7.979558
v -4.794952 -2.068198 -7.934398
v -5.206180 -1.750000 -8.099843
v -15.745062 -1.750000 -23.629181
v -15.799803 -2.200000 -24.503117
v -16.440012 -1.750000 -23.905712
v -15.849232 -2.068198 -24.013350
v -16.000088 -2.009813 -23.999779
v -16.100380 -2.068198 -24.113285
v -16.054207 -1.750000 -23.863773
v -29.559988 -1.750000 -21.094288
v -30.764688 -2.200000 -21.296354
v -29.738443 -1.750000 -20.633820
v -30.142805 -2.068198 -21.104189
v -30.026426 -2.009813 -21.010242
v -30.175726 -2.068198 -21.019257
v -29.794516 -1.750000 -20.920364
v -19.550997 -1.750000 -7.029933
v -20.261557 -1.750000 -7.366180
v -20.220371 -2.200000 -6.534310
v -19.945099 -1.750000 -7.116019
v -20.001974 -2.009813 -6.995832
v -20.165125 -2.068198 -7.004417
v -19.891884 -2.068198 -6.875113
v -5.449003 -0.750000 -7.970067
v -5.254938 -0.750000 -8.370819
v -5.818630 -0.300000 -8.396423
v -5.182427 -0.750000 -8.088341
v -5.321757 -0.490192 -8.155811
v -5.443792 -0.431802 -8.389820
v -5.581017 -0.431802 -8.106445
v -15.745062 -0.750000 -23.629181
v -16.440012 -0.750000 -23.905712
v -16.200197 -0.300000 -23.496883
v -16.051073 -0.750000 -23.871645
v -16.081417 -0.490192 -23.795391
v -16.372904 -0.431802 -23.778097
v -15.881499 -0.431802 -23.582560
v -29.559988 -0.750000 -21.094288
v -29.738443 -0.750000 -20.633820
v -29.235312 -0.300000 -20.703646
v -29.807589 -0.750000 -20.925432
v -29.690144 -0.490192 -20.879917
v -29.578009 -0.431802 -20.649206
v -29.451820 -0.431802 -20.974806
v -19.550997 -0.750000 -7.029933
v -19.779629 -0.300000 -7.465690
v -20.261557 -0.750000 -7.366180
v -19.611145 -0.431802 -7.171973
v -19.913820 -0.490192 -7.182120
v -20.113586 -0.431802 -7.409735
v -19.951920 -0.750000 -7.101609
vn 0.4335 0.8047 0.4057
vn 0.1938 0.9765 0.0938
vn 0.5870 0.8047 0.0885
vn 0.4092 0.5906 -0.6956
vn 0.1225 0.9435 -0.3078
vn 0.1806 0.5906 -0.7865
vn -0.5008 0.7731 -0.3894
vn -0.2178 0.9723 -0.0844
vn -0.6324 0.7731 -0.0498
vn -0.2599 0.5549 0.7903
vn -0.4463 0.5549 0.7021
vn -0.1493 0.9371 0.3155
vn 0.3165 0.4442 0.8382
vn 0.8538 0.4442 -0.2714
vn 0.2932 0.9455 0.1420
vn 0.6103 0.3293 -0.7205
vn 0.0515 0.3293 -0.9428
vn 0.1883 0.8605 -0.4733
vn -0.4730 0.4076 -0.7811
vn -0.8758 0.4076 0.2584
vn -0.3387 0.9317 -0.1313
vn -0.1369 0.3514 0.9262
vn -0.2217 0.8551 0.4686
vn -0.6294 0.3514 0.6931
vn 0.0615 0.3827 0.9218
vn 0.0255 0.9239 0.3818
vn 0.3153 0.9239 -0.2168
vn 0.7613 0.3827 -0.5234
vn -0.0802 0.9239 -0.3742
vn -0.1936 0.3827 -0.9034
vn -0.3114 0.9239 0.2224
vn -0.7518 0.3827 0.5370
vn 0.0264 0.9178 0.3961
vn 0.0605 0.4154 0.9076
vn 0.7527 0.4072 -0.5173
vn 0.3241 0.9194 -0.2227
vn -0.1920 0.4007 -0.8959
vn -0.0818 0.9207 -0.3817
vn -0.7425 0.4090 0.5306
vn -0.3207 0.9191 0.2291
vn 0.9768 -0.0104 -0.2140
vn 0.4378 -0.0104 0.8990
vn 0.0976 -0.0041 -0.9952
vn 0.6128 -0.0041 -0.7902
vn -0.9773 -0.0059 0.2117
vn -0.5794 -0.0059 -0.8150
vn -0.1946 -0.0077 0.9808
vn -0.6350 -0.0077 0.7724
vn 0.0665 -0.0000 0.9978
vn 0.8240 -0.0000 -0.5665
vn -0.0000 1.0000 -0.0000
vn -0.2095 -0.0000 -0.9778
vn -0.8137 -0.0000 0.5812
vt 0.846426 0.701242
vt 0.859692 0.714507
vt 0.846426 0.714507
vt 0.408114 -0.018639
vt 0.394848 0.004662
vt 0.911760 0.017927
vt 0.911760 0.004662
vt 0.919419 0.004662
vt 0.925026 0.004662
vt 0.911760 0.563771
vt 0.925026 0.574843
vt 0.925026 0.577033
vt 0.911760 0.577036
vt 0.408114 0.585914
vt 0.392820 0.577873
vt 0.394844 0.577038
vt 0.394848 0.574843
vt 0.977094 0.017927
vt 0.977094 0.004662
vt 0.984753 0.004662
vt 0.990359 0.006856
vt 0.977094 0.413468
vt 0.990359 0.426734
vt 0.977094 0.426734
vt -0.008964 0.757939
vt 0.004662 0.737969
vt 0.846426 0.011637
vt 0.846426 0.004662
vt 0.854085 0.004662
vt 0.859692 0.004662
vt 0.846426 0.284610
vt 0.846426 0.271344
vt 0.856889 0.271344
vt 0.859692 0.274279
vt 0.846426 0.264369
vt 0.859692 0.269801
vt 0.000641 0.223247
vt 0.016295 0.229381
vt 0.013771 0.230879
vt 0.013719 0.233814
vt 0.816948 0.701242
vt 0.816948 0.714507
vt 0.809289 0.714507
vt 0.803682 0.697626
vt 0.882281 0.017927
vt 0.869016 0.021543
vt 0.869016 0.013820
vt 0.882282 0.004662
vt 0.781093 0.027963
vt 0.779842 0.013279
vt 0.786483 0.009337
vt 0.794358 0.021543
vt 0.882282 0.563771
vt 0.882281 0.577036
vt 0.874623 0.577036
vt 0.869016 0.564917
vt 0.947615 0.017927
vt 0.934350 0.016781
vt 0.934350 0.008273
vt 0.947615 0.004662
vt 0.781093 0.568158
vt 0.794358 0.564917
vt 0.794358 0.573426
vt 0.783154 0.581657
vt 0.947615 0.413468
vt 0.947615 0.426734
vt 0.939956 0.426734
vt 0.934350 0.411088
vt 0.816948 0.011637
vt 0.803682 0.012889
vt 0.803682 0.008968
vt 0.816948 0.004662
vt 0.417798 0.717999
vt 0.418635 0.732004
vt 0.411743 0.734846
vt 0.404453 0.722326
vt 0.816948 0.284610
vt 0.803682 0.283119
vt 0.806486 0.272790
vt 0.816948 0.271344
vt 0.426412 0.238511
vt 0.413070 0.242652
vt 0.413230 0.233770
vt 0.423407 0.224868
vt 0.816948 0.264369
vt 0.803682 0.265153
s 0
usemtl DL2_Armor_Indigo
f 373/573/329 376/574/329 377/574/329 379/575/329
f 374/576/330 378/577/330 377/577/330 376/577/330
f 375/578/331 379/579/331 377/580/331 378/581/331
f 380/582/332 383/583/332 384/584/332 386/585/332
f 381/586/333 385/587/333 384/588/333 383/589/333
f 382/590/334 386/591/334 384/592/334 385/593/334
f 387/594/335 390/595/335 391/595/335 393/596/335
f 388/597/336 392/598/336 391/598/336 390/598/336
f 389/599/337 393/600/337 391/601/337 392/602/337
f 394/603/338 397/604/338 398/605/338 400/606/338
f 395/607/339 399/608/339 398/605/339 397/604/339
f 396/609/340 400/610/340 398/611/340 399/612/340
f 401/613/341 404/614/341 405/615/341 407/616/341
f 402/617/342 406/618/342 405/619/342 404/620/342
f 403/621/343 407/622/343 405/623/343 406/624/343
f 408/625/344 411/626/344 412/627/344 414/628/344
f 409/629/345 413/630/345 412/631/345 411/632/345
f 410/633/346 414/634/346 412/635/346 413/636/346
f 415/637/347 418/638/347 419/639/347 421/640/347
f 416/641/348 420/642/348 419/643/348 418/644/348
f 417/645/349 421/646/349 419/647/349 420/648/349
f 422/649/350 425/650/350 426/651/350 428/652/350
f 423/653/351 427/654/351 426/655/351 425/656/351
f 424/657/352 428/652/352 426/651/352 427/658/352
f 373/573/353 394/603/353 400/606/353 376/574/353
f 376/577/354 400/610/354 396/609/354 374/576/354
f 374/576/355 381/586/355 383/589/355 378/577/355
f 378/581/356 383/583/356 380/582/356 375/578/356
f 381/586/357 388/597/357 390/598/357 385/587/357
f 385/593/358 390/595/358 387/594/358 382/590/358
f 388/597/359 396/609/359 399/612/359 392/598/359
f 392/602/360 399/608/360 395/607/360 389/599/360
f 403/621/361 423/653/361 425/656/361 407/622/361
f 407/616/362 425/650/362 422/649/362 401/613/362
f 402/617/363 408/625/363 414/628/363 406/618/363
f 406/624/364 414/634/364 410/633/364 403/621/364
f 409/629/365 415/637/365 421/640/365 413/630/365
f 413/636/366 421/646/366 417/645/366 410/633/366
f 416/641/367 424/657/367 427/658/367 420/642/367
f 420/648/368 427/654/368 423/653/368 417/645/368
f 375/578/369 402/617/369 404/620/369 379/579/369
f 379/575/370 404/614/370 401/613/370 373/573/370
f 382/590/371 409/629/371 411/632/371 386/591/371
f 386/585/372 411/626/372 408/625/372 380/582/372
f 389/599/373 416/641/373 418/644/373 393/600/373
f 393/596/374 418/638/374 415/637/374 387/594/374
f 394/603/375 422/649/375 428/652/375 397/604/375
f 397/604/376 428/652/376 424/657/376 395/607/376
f 394/603/377 373/573/377 401/613/377 422/649/377
f 375/578/378 380/582/378 408/625/378 402/617/378
f 374/576/379 381/586/379 388/597/379 396/609/379
f 382/590/380 387/594/380 415/637/380 409/629/380
f 389/599/381 395/607/381 424/657/381 416/641/381
f 403/621/379 410/633/379 417/645/379 423/653/379
o DL_Starboard_Lower_Wing
v -5.449003 -1.750000 7.970067
v -4.181370 -2.200000 7.603577
v -5.254938 -1.750000 8.370819
v -4.821385 -2.068198 7.879813
v -4.957787 -2.009813 7.979558
v -4.794952 -2.068198 7.934398
v -5.206180 -1.750000 8.099843
v -15.745062 -1.750000 23.629181
v -15.799803 -2.200000 24.503117
v -16.440012 -1.750000 23.905712
v -15.849232 -2.068198 24.013350
v -16.000088 -2.009813 23.999779
v -16.100380 -2.068198 24.113285
v -16.054207 -1.750000 23.863773
v -29.559988 -1.750000 21.094288
v -30.764688 -2.200000 21.296354
v -29.738443 -1.750000 20.633820
v -30.142805 -2.068198 21.104189
v -30.026426 -2.009813 21.010242
v -30.175726 -2.068198 21.019257
v -29.794516 -1.750000 20.920364
v -19.550997 -1.750000 7.029933
v -20.261557 -1.750000 7.366180
v -20.220371 -2.200000 6.534310
v -19.945099 -1.750000 7.116019
v -20.001974 -2.009813 6.995832
v -20.165125 -2.068198 7.004417
v -19.891884 -2.068198 6.875113
v -5.449003 -0.750000 7.970067
v -5.254938 -0.750000 8.370819
v -5.818630 -0.300000 8.396423
v -5.182427 -0.750000 8.088341
v -5.321757 -0.490192 8.155811
v -5.443792 -0.431802 8.389820
v -5.581017 -0.431802 8.106445
v -15.745062 -0.750000 23.629181
v -16.440012 -0.750000 23.905712
v -16.200197 -0.300000 23.496883
v -16.051073 -0.750000 23.871645
v -16.081417 -0.490192 23.795391
v -16.372904 -0.431802 23.778097
v -15.881499 -0.431802 23.582560
v -29.559988 -0.750000 21.094288
v -29.738443 -0.750000 20.633820
v -29.235312 -0.300000 20.703646
v -29.807589 -0.750000 20.925432
v -29.690144 -0.490192 20.879917
v -29.578009 -0.431802 20.649206
v -29.451820 -0.431802 20.974806
v -19.550997 -0.750000 7.029933
v -19.779629 -0.300000 7.465690
v -20.261557 -0.750000 7.366180
v -19.611145 -0.431802 7.171973
v -19.913820 -0.490192 7.182120
v -20.113586 -0.431802 7.409735
v -19.951920 -0.750000 7.101609
vn -0.4335 -0.8047 0.4057
vn -0.1938 -0.9765 0.0938
vn -0.5870 -0.8047 0.0885
vn -0.4092 -0.5906 -0.6956
vn -0.1225 -0.9435 -0.3078
vn -0.1806 -0.5906 -0.7865
vn 0.5008 -0.7731 -0.3894
vn 0.2178 -0.9723 -0.0844
vn 0.6324 -0.7731 -0.0498
vn 0.2599 -0.5549 0.7903
vn 0.4463 -0.5549 0.7021
vn 0.1493 -0.9371 0.3155
vn -0.3165 -0.4442 0.8382
vn -0.8538 -0.4442 -0.2714
vn -0.2932 -0.9455 0.1420
vn -0.6103 -0.3293 -0.7205
vn -0.0515 -0.3293 -0.9428
vn -0.1883 -0.8605 -0.4733
vn 0.4730 -0.4076 -0.7811
vn 0.8758 -0.4076 0.2584
vn 0.3387 -0.9317 -0.1313
vn 0.1369 -0.3514 0.9262
vn 0.2217 -0.8551 0.4686
vn 0.6294 -0.3514 0.6931
vn -0.0615 -0.3827 0.9218
vn -0.0255 -0.9239 0.3818
vn -0.3153 -0.9239 -0.2168
vn -0.7613 -0.3827 -0.5234
vn 0.0802 -0.9239 -0.3742
vn 0.1936 -0.3827 -0.9034
vn 0.3114 -0.9239 0.2224
vn 0.7518 -0.3827 0.5370
vn -0.0264 -0.9178 0.3961
vn -0.0605 -0.4154 0.9076
vn -0.7527 -0.4072 -0.5173
vn -0.3241 -0.9194 -0.2227
vn 0.1920 -0.4007 -0.8959
vn 0.0818 -0.9207 -0.3817
vn 0.7425 -0.4090 0.5306
vn 0.3207 -0.9191 0.2291
vn -0.9768 0.0104 -0.2140
vn -0.4378 0.0104 0.8990
vn -0.0976 0.0041 -0.9952
vn -0.6128 0.0041 -0.7902
vn 0.9773 0.0059 0.2117
vn 0.5794 0.0059 -0.8150
vn 0.1946 0.0077 0.9808
vn 0.6350 0.0077 0.7724
vn -0.0665 -0.0000 0.9978
vn -0.8240 -0.0000 -0.5665
vn -0.0000 -1.0000 -0.0000
vn 0.2095 -0.0000 -0.9778
vn 0.8137 -0.0000 0.5812
vt 0.846426 0.701242
vt 0.859692 0.714507
vt 0.846426 0.714507
vt -0.008603 0.761270
vt 0.004662 0.737969
vt 0.911760 0.017927
vt 0.911760 0.004662
vt 0.919419 0.004662
vt 0.925026 0.004662
vt 0.911760 0.563771
vt 0.925026 0.574843
vt 0.925026 0.577032
vt 0.911760 0.577036
vt -0.008604 0.156717
vt 0.006690 0.164758
vt 0.004666 0.165593
vt 0.004662 0.167788
vt 0.977094 0.017927
vt 0.977094 0.004662
vt 0.984753 0.004662
vt 0.990359 0.006856
vt 0.977094 0.413468
vt 0.990359 0.426734
vt 0.977094 0.426734
vt 0.408474 -0.015308
vt 0.394848 0.004662
vt 0.846426 0.011637
vt 0.846426 0.004662
vt 0.854085 0.004662
vt 0.859692 0.004662
vt 0.846426 0.284610
vt 0.846426 0.271344
vt 0.856889 0.271344
vt 0.859692 0.274279
vt 0.846426 0.264369
vt 0.859692 0.269801
vt 0.398869 0.519384
vt 0.383215 0.513250
vt 0.385739 0.511752
vt 0.385791 0.508817
vt 0.816948 0.701242
vt 0.816948 0.714507
vt 0.809289 0.714507
vt 0.803682 0.697626
vt 0.882281 0.017927
vt 0.869016 0.021543
vt 0.869016 0.013820
vt 0.882281 0.004662
vt 0.417438 0.714668
vt 0.418688 0.729352
vt 0.412047 0.733294
vt 0.404172 0.721088
vt 0.882281 0.563771
vt 0.882281 0.577036
vt 0.874623 0.577036
vt 0.869016 0.564917
vt 0.947615 0.017927
vt 0.934350 0.016781
vt 0.934350 0.008273
vt 0.947615 0.004662
vt 0.417438 0.174473
vt 0.404172 0.177714
vt 0.404172 0.169205
vt 0.415376 0.160974
vt 0.947615 0.413468
vt 0.947615 0.426734
vt 0.939956 0.426734
vt 0.934350 0.411088
vt 0.816948 0.011637
vt 0.803682 0.012889
vt 0.803682 0.008968
vt 0.816948 0.004662
vt 0.780732 0.024632
vt 0.779895 0.010627
vt 0.786787 0.007785
vt 0.794077 0.020305
vt 0.816948 0.284610
vt 0.803682 0.283119
vt 0.806486 0.272790
vt 0.816948 0.271344
vt 0.772118 0.504120
vt 0.785460 0.499979
vt 0.785301 0.508861
vt 0.775124 0.517763
vt 0.816948 0.264369
vt 0.803682 0.265153
s 0
usemtl DL2_Armor_Indigo
f 429/659/382 432/660/382 433/660/382 435/661/382
f 430/662/383 434/663/383 433/663/383 432/663/383
f 431/664/384 435/665/384 433/666/384 434/667/384
f 436/668/385 439/669/385 440/670/385 442/671/385
f 437/672/386 441/673/386 440/674/386 439/675/386
f 438/676/387 442/677/387 440/678/387 441/679/387
f 443/680/388 446/681/388 447/681/388 449/682/388
f 444/683/389 448/684/389 447/684/389 446/684/389
f 445/685/390 449/686/390 447/687/390 448/688/390
f 450/689/391 453/690/391 454/691/391 456/692/391
f 451/693/392 455/694/392 454/691/392 453/690/392
f 452/695/393 456/696/393 454/697/393 455/698/393
f 457/699/394 460/700/394 461/701/394 463/702/394
f 458/703/395 462/704/395 461/705/395 460/706/395
f 459/707/396 463/708/396 461/709/396 462/710/396
f 464/711/397 467/712/397 468/713/397 470/714/397
f 465/715/398 469/716/398 468/717/398 467/718/398
f 466/719/399 470/720/399 468/721/399 469/722/399
f 471/723/400 474/724/400 475/725/400 477/726/400
f 472/727/401 476/728/401 475/729/401 474/730/401
f 473/731/402 477/732/402 475/733/402 476/734/402
f 478/735/403 481/736/403 482/737/403 484/738/403
f 479/739/404 483/740/404 482/741/404 481/742/404
f 480/743/405 484/738/405 482/737/405 483/744/405
f 429/659/406 450/689/406 456/692/406 432/660/406
f 432/663/407 456/696/407 452/695/407 430/662/407
f 430/662/408 437/672/408 439/675/408 434/663/408
f 434/667/409 439/669/409 436/668/409 431/664/409
f 437/672/410 444/683/410 446/684/410 441/673/410
f 441/679/411 446/681/411 443/680/411 438/676/411
f 444/683/412 452/695/412 455/698/412 448/684/412
f 448/688/413 455/694/413 451/693/413 445/685/413
f 459/707/414 479/739/414 481/742/414 463/708/414
f 463/702/415 481/736/415 478/735/415 457/699/415
f 458/703/416 464/711/416 470/714/416 462/704/416
f 462/710/417 470/720/417 466/719/417 459/707/417
f 465/715/418 471/723/418 477/726/418 469/716/418
f 469/722/419 477/732/419 473/731/419 466/719/419
f 472/727/420 480/743/420 483/744/420 476/728/420
f 476/734/421 483/740/421 479/739/421 473/731/421
f 431/664/422 458/703/422 460/706/422 435/665/422
f 435/661/423 460/700/423 457/699/423 429/659/423
f 438/676/424 465/715/424 467/718/424 442/677/424
f 442/671/425 467/712/425 464/711/425 436/668/425
f 445/685/426 472/727/426 474/730/426 449/686/426
f 449/682/427 474/724/427 471/723/427 443/680/427
f 450/689/428 478/735/428 484/738/428 453/690/428
f 453/690/429 484/738/429 480/743/429 451/693/429
f 450/689/430 429/659/430 457/699/430 478/735/430
f 431/664/431 436/668/431 464/711/431 458/703/431
f 430/662/432 437/672/432 444/683/432 452/695/432
f 438/676/433 443/680/433 471/723/433 465/715/433
f 445/685/434 451/693/434 480/743/434 472/727/434
f 459/707/432 466/719/432 473/731/432 479/739/432
o DL_Fate_Ring
v 10.150000 6.200000 0.000000
v 9.825000 6.762917 0.000000
v 9.175000 6.762917 0.000000
v 8.850000 6.200000 0.000000
v 9.175000 5.637083 0.000000
v 9.825000 5.637083 0.000000
v 9.653224 6.200000 -3.136521
v 9.344131 6.762917 -3.036091
v 8.725944 6.762917 -2.835230
v 8.416851 6.200000 -2.734800
v 8.725944 5.637083 -2.835230
v 9.344131 5.637083 -3.036091
v 8.211522 6.200000 -5.966020
v 7.948592 6.762917 -5.774990
v 7.422731 6.762917 -5.392930
v 7.159801 6.200000 -5.201900
v 7.422731 5.637083 -5.392930
v 7.948592 5.637083 -5.774990
v 5.966019 6.200000 -8.211523
v 5.774989 6.762917 -7.948593
v 5.392929 6.762917 -7.422732
v 5.201899 6.200000 -7.159801
v 5.392929 5.637083 -7.422732
v 5.774989 5.637083 -7.948593
v 3.136524 6.200000 -9.653223
v 3.036094 6.762917 -9.344130
v 2.835233 6.762917 -8.725944
v 2.734802 6.200000 -8.416850
v 2.835233 5.637083 -8.725944
v 3.036094 5.637083 -9.344130
v 0.000001 6.200000 -10.150000
v 0.000001 6.762917 -9.825000
v 0.000001 6.762917 -9.175000
v 0.000001 6.200000 -8.850000
v 0.000001 5.637083 -9.175000
v 0.000001 5.637083 -9.825000
v -3.136523 6.200000 -9.653223
v -3.036092 6.762917 -9.344130
v -2.835231 6.762917 -8.725944
v -2.734801 6.200000 -8.416850
v -2.835231 5.637083 -8.725944
v -3.036092 5.637083 -9.344130
v -5.966022 6.200000 -8.211521
v -5.774992 6.762917 -7.948591
v -5.392931 6.762917 -7.422730
v -5.201901 6.200000 -7.159800
v -5.392931 5.637083 -7.422730
v -5.774992 5.637083 -7.948591
v -8.211524 6.200000 -5.966018
v -7.948594 6.762917 -5.774988
v -7.422733 6.762917 -5.392928
v -7.159802 6.200000 -5.201898
v -7.422733 5.637083 -5.392928
v -7.948594 5.637083 -5.774988
v -9.653223 6.200000 -3.136523
v -9.344130 6.762917 -3.036092
v -8.725944 6.762917 -2.835231
v -8.416850 6.200000 -2.734801
v -8.725944 5.637083 -2.835231
v -9.344130 5.637083 -3.036092
v -10.150000 6.200000 -0.000001
v -9.825000 6.762917 -0.000001
v -9.175000 6.762917 -0.000001
v -8.850000 6.200000 -0.000001
v -9.175000 5.637083 -0.000001
v -9.825000 5.637083 -0.000001
v -9.653225 6.200000 3.136518
v -9.344131 6.762917 3.036088
v -8.725945 6.762917 2.835227
v -8.416852 6.200000 2.734797
v -8.725945 5.637083 2.835227
v -9.344131 5.637083 3.036088
v -8.211524 6.200000 5.966018
v -7.948594 6.762917 5.774988
v -7.422733 6.762917 5.392928
v -7.159802 6.200000 5.201898
v -7.422733 5.637083 5.392928
v -7.948594 5.637083 5.774988
v -5.966022 6.200000 8.211521
v -5.774992 6.762917 7.948591
v -5.392931 6.762917 7.422730
v -5.201901 6.200000 7.159800
v -5.392931 5.637083 7.422730
v -5.774992 5.637083 7.948591
v -3.136523 6.200000 9.653223
v -3.036092 6.762917 9.344130
v -2.835231 6.762917 8.725944
v -2.734801 6.200000 8.416850
v -2.835231 5.637083 8.725944
v -3.036092 5.637083 9.344130
v 0.000001 6.200000 10.150000
v 0.000001 6.762917 9.825000
v 0.000001 6.762917 9.175000
v 0.000001 6.200000 8.850000
v 0.000001 5.637083 9.175000
v 0.000001 5.637083 9.825000
v 3.136524 6.200000 9.653223
v 3.036094 6.762917 9.344130
v 2.835233 6.762917 8.725944
v 2.734802 6.200000 8.416850
v 2.835233 5.637083 8.725944
v 3.036094 5.637083 9.344130
v 5.966015 6.200000 8.211526
v 5.774985 6.762917 7.948596
v 5.392925 6.762917 7.422734
v 5.201895 6.200000 7.159804
v 5.392925 5.637083 7.422734
v 5.774985 5.637083 7.948596
v 8.211519 6.200000 5.966024
v 7.948589 6.762917 5.774994
v 7.422729 6.762917 5.392933
v 7.159798 6.200000 5.201903
v 7.422729 5.637083 5.392933
v 7.948589 5.637083 5.774994
v 9.653222 6.200000 3.136526
v 9.344130 6.762917 3.036095
v 8.725943 6.762917 2.835234
v 8.416850 6.200000 2.734803
v 8.725943 5.637083 2.835234
v 9.344130 5.637083 3.036095
vn 0.8580 0.4954 -0.1359
vn -0.0000 1.0000 -0.0000
vn -0.8580 0.4954 0.1359
vn -0.8580 -0.4954 0.1359
vn -0.0000 -1.0000 -0.0000
vn 0.8580 -0.4954 -0.1359
vn 0.7740 0.4954 -0.3944
vn -0.7740 0.4954 0.3944
vn -0.7740 -0.4954 0.3944
vn 0.7740 -0.4954 -0.3944
vn 0.6143 0.4954 -0.6143
vn -0.6143 0.4954 0.6143
vn -0.6143 -0.4954 0.6143
vn 0.6143 -0.4954 -0.6143
vn 0.3944 0.4954 -0.7740
vn -0.3944 0.4954 0.7740
vn -0.3944 -0.4954 0.7740
vn 0.3944 -0.4954 -0.7740
vn 0.1359 0.4954 -0.8580
vn -0.1359 0.4954 0.8580
vn -0.1359 -0.4954 0.8580
vn 0.1359 -0.4954 -0.8580
vn -0.1359 0.4954 -0.8580
vn 0.1359 0.4954 0.8580
vn 0.1359 -0.4954 0.8580
vn -0.1359 -0.4954 -0.8580
vn -0.3944 0.4954 -0.7740
vn 0.3944 0.4954 0.7740
vn 0.3944 -0.4954 0.7740
vn -0.3944 -0.4954 -0.7740
vn -0.6143 0.4954 -0.6143
vn 0.6143 0.4954 0.6143
vn 0.6143 -0.4954 0.6143
vn -0.6143 -0.4954 -0.6143
vn -0.7740 0.4954 -0.3944
vn 0.7740 0.4954 0.3944
vn 0.7740 -0.4954 0.3944
vn -0.7740 -0.4954 -0.3944
vn -0.8580 0.4954 -0.1359
vn 0.8580 0.4954 0.1359
vn 0.8580 -0.4954 0.1359
vn -0.8580 -0.4954 -0.1359
vt 0.909128 0.571478
vt 0.930462 0.644167
vt 0.912844 0.646749
vt 0.892193 0.576388
vt 0.171511 0.540222
vt 0.126422 0.540222
vt 0.127914 0.522571
vt 0.170019 0.522571
vt 0.833760 0.856447
vt 0.809011 0.920296
vt 0.792551 0.913977
vt 0.816423 0.852390
vt 0.120695 0.891001
vt 0.139297 0.819915
vt 0.156915 0.822806
vt 0.137630 0.896503
vt 0.503549 0.024279
vt 0.461444 0.024279
vt 0.459952 0.006628
vt 0.505041 0.006628
vt 0.703339 0.644171
vt 0.675882 0.567355
vt 0.692272 0.560397
vt 0.720637 0.639754
vt 0.937813 0.728119
vt 0.919960 0.728013
vt 0.083541 0.514106
vt 0.087869 0.498183
vt 0.774947 0.966685
vt 0.759693 0.958723
vt 0.145707 0.744059
vt 0.163560 0.744165
vt 0.421399 0.048667
vt 0.417071 0.032744
vt 0.638091 0.504514
vt 0.653231 0.495477
vt 0.930462 0.815118
vt 0.912844 0.812226
vt 0.047064 0.464430
vt 0.053805 0.451794
vt 0.070266 0.445475
vt 0.103123 0.490221
vt 0.139297 0.670859
vt 0.156915 0.668277
vt 0.387335 0.095056
vt 0.380593 0.082420
vt 0.364133 0.076101
vt 0.401816 0.024783
vt 0.909128 0.896646
vt 0.892193 0.891144
vt 0.020561 0.396058
vt 0.029056 0.387945
vt 0.046394 0.383888
vt 0.120695 0.607480
vt 0.137630 0.602571
vt 0.362586 0.158905
vt 0.354091 0.150792
vt 0.336754 0.146735
vt 0.875898 0.964724
vt 0.860028 0.957042
vt 0.006628 0.315681
vt 0.016045 0.312886
vt 0.033843 0.311488
vt 0.091722 0.560127
vt 0.107593 0.553478
vt 0.349575 0.233964
vt 0.340158 0.231168
vt 0.322360 0.229771
vt 0.774948 0.006628
vt 0.812631 0.057947
vt 0.796171 0.064265
vt 0.759693 0.014590
vt 0.006628 0.231168
vt 0.016045 0.233964
vt 0.033843 0.235362
vt 0.746437 0.014257
vt 0.709929 0.040950
vt 0.694058 0.034302
vt 0.731907 0.006628
vt 0.349575 0.312886
vt 0.340158 0.315681
vt 0.322360 0.317079
vt 0.840010 0.128581
vt 0.822673 0.132638
vt 0.020561 0.150792
vt 0.029056 0.158905
vt 0.046394 0.162962
vt 0.680956 0.088304
vt 0.664021 0.083394
vt 0.362586 0.387945
vt 0.354091 0.396058
vt 0.336754 0.400114
vt 0.854404 0.211616
vt 0.836606 0.213014
vt 0.047064 0.082420
vt 0.053805 0.095056
vt 0.070266 0.101374
vt 0.662354 0.151682
vt 0.644736 0.149100
vt 0.387335 0.451794
vt 0.380593 0.464430
vt 0.364133 0.470748
vt 0.854404 0.298925
vt 0.836606 0.297527
vt 0.083541 0.032744
vt 0.087869 0.048667
vt 0.103123 0.056629
vt 0.655944 0.224882
vt 0.638091 0.224988
vt 0.421399 0.498183
vt 0.417071 0.514106
vt 0.962371 0.014590
vt 0.925894 0.064265
vt 0.909434 0.057947
vt 0.947117 0.006628
vt 0.840010 0.381960
vt 0.822673 0.377903
vt 0.126422 0.006628
vt 0.127914 0.024279
vt 0.062596 0.958041
vt 0.032558 0.908949
vt 0.049493 0.904039
vt 0.078466 0.951393
vt 0.662354 0.300738
vt 0.644736 0.303629
vt 0.461444 0.522571
vt 0.459952 0.540222
vt 0.899392 0.132637
vt 0.882055 0.128581
vt 0.812631 0.452594
vt 0.796171 0.446276
vt 0.171511 0.006628
vt 0.170019 0.024279
vt 0.013273 0.843243
vt 0.030891 0.840661
vt 0.680956 0.371824
vt 0.664021 0.377326
vt 0.503549 0.522571
vt 0.505040 0.540222
vt 0.885459 0.213014
vt 0.867661 0.211616
vt 0.774947 0.503913
vt 0.759693 0.495951
vt 0.214392 0.032744
vt 0.210064 0.048667
vt 0.006628 0.767355
vt 0.024481 0.767461
vt 0.709929 0.431183
vt 0.694058 0.438865
vt 0.543594 0.498183
vt 0.547922 0.514106
vt 0.885459 0.297527
vt 0.867661 0.298924
vt 0.229646 0.024783
vt 0.267330 0.076101
vt 0.250870 0.082420
vt 0.244128 0.095056
vt 0.013273 0.688713
vt 0.030891 0.691605
vt 0.746437 0.473003
vt 0.731907 0.482221
vt 0.577658 0.451794
vt 0.584399 0.464430
vt 0.899392 0.377903
vt 0.882055 0.381960
vt 0.294709 0.146735
vt 0.277372 0.150792
vt 0.268877 0.158905
vt 0.032558 0.615016
vt 0.049493 0.620518
vt 0.561197 0.445475
vt 0.585069 0.383888
vt 0.602407 0.387945
vt 0.610902 0.396058
vt 0.925894 0.446276
vt 0.909433 0.452594
vt 0.309103 0.229771
vt 0.291305 0.231169
vt 0.281888 0.233964
vt 0.062596 0.553478
vt 0.078466 0.561160
vt 0.597620 0.311488
vt 0.615418 0.312886
vt 0.624835 0.315681
vt 0.962371 0.495951
vt 0.947117 0.503912
vt 0.309103 0.317079
vt 0.291305 0.315681
vt 0.281888 0.312886
vt 0.774947 0.517169
vt 0.809012 0.563558
vt 0.792551 0.569876
vt 0.759693 0.525130
vt 0.597620 0.235362
vt 0.615418 0.233964
vt 0.624835 0.231168
vt 0.638091 0.969144
vt 0.675882 0.936087
vt 0.692272 0.941326
vt 0.653231 0.975476
vt 0.294709 0.400114
vt 0.277372 0.396058
vt 0.268877 0.387945
vt 0.833760 0.627407
vt 0.816423 0.631463
vt 0.585069 0.162962
vt 0.602407 0.158905
vt 0.610902 0.150792
vt 0.703339 0.880912
vt 0.720637 0.884325
vt 0.267330 0.470748
vt 0.250870 0.464430
vt 0.244128 0.451794
vt 0.846772 0.702466
vt 0.828973 0.703864
vt 0.561197 0.101374
vt 0.577658 0.095056
vt 0.584399 0.082420
vt 0.717773 0.809017
vt 0.735549 0.810053
vt 0.229647 0.522067
vt 0.214392 0.514106
vt 0.210064 0.498183
vt 0.846772 0.781388
vt 0.828973 0.779990
vt 0.528340 0.056628
vt 0.543594 0.048667
vt 0.547922 0.032744
vt 0.717773 0.727442
vt 0.735549 0.725779
vt 0.875898 0.517169
vt 0.860028 0.523818
vt 0.091722 0.950360
vt 0.107593 0.958041
s 0
usemtl DL2_IceBlue
f 485/745/435 491/746/435 492/747/435 486/748/435
f 486/749/436 492/750/436 493/751/436 487/752/436
f 487/753/437 493/754/437 494/755/437 488/756/437
f 488/757/438 494/758/438 495/759/438 489/760/438
f 489/761/439 495/762/439 496/763/439 490/764/439
f 490/765/440 496/766/440 491/767/440 485/768/440
f 491/746/441 497/769/441 498/770/441 492/747/441
f 492/750/436 498/771/436 499/772/436 493/751/436
f 493/754/442 499/773/442 500/774/442 494/755/442
f 494/758/443 500/775/443 501/776/443 495/759/443
f 495/762/439 501/777/439 502/778/439 496/763/439
f 496/766/444 502/779/444 497/780/444 491/767/444
f 497/769/445 503/781/445 504/782/445 498/770/445
f 498/771/436 504/783/436 505/784/436 499/772/436
f 499/772/446 505/784/446 506/785/446 500/786/446
f 500/775/447 506/787/447 507/788/447 501/776/447
f 501/777/439 507/789/439 508/790/439 502/778/439
f 502/778/448 508/790/448 503/791/448 497/792/448
f 503/781/449 509/793/449 510/794/449 504/782/449
f 504/783/436 510/795/436 511/796/436 505/784/436
f 505/784/450 511/796/450 512/797/450 506/785/450
f 506/787/451 512/798/451 513/799/451 507/788/451
f 507/789/439 513/800/439 514/801/439 508/790/439
f 508/790/452 514/801/452 509/802/452 503/791/452
f 509/793/453 515/803/453 516/804/453 510/794/453
f 510/795/436 516/805/436 517/806/436 511/796/436
f 511/796/454 517/806/454 518/807/454 512/797/454
f 512/798/455 518/808/455 519/809/455 513/799/455
f 513/800/439 519/810/439 520/811/439 514/801/439
f 514/801/456 520/811/456 515/812/456 509/802/456
f 515/813/457 521/814/457 522/815/457 516/816/457
f 516/805/436 522/817/436 523/818/436 517/806/436
f 517/806/458 523/818/458 524/819/458 518/807/458
f 518/820/459 524/821/459 525/822/459 519/823/459
f 519/810/439 525/824/439 526/825/439 520/811/439
f 520/811/460 526/825/460 521/826/460 515/812/460
f 521/814/461 527/827/461 528/828/461 522/815/461
f 522/817/436 528/829/436 529/830/436 523/818/436
f 523/818/462 529/830/462 530/831/462 524/819/462
f 524/821/463 530/832/463 531/833/463 525/822/463
f 525/824/439 531/834/439 532/835/439 526/825/439
f 526/825/464 532/835/464 527/836/464 521/826/464
f 527/827/465 533/837/465 534/838/465 528/828/465
f 528/829/436 534/839/436 535/840/436 529/830/436
f 529/830/466 535/840/466 536/841/466 530/831/466
f 530/832/467 536/842/467 537/843/467 531/833/467
f 531/834/439 537/844/439 538/845/439 532/835/439
f 532/835/468 538/845/468 533/846/468 527/836/468
f 533/837/469 539/847/469 540/848/469 534/838/469
f 534/839/436 540/849/436 541/850/436 535/840/436
f 535/840/470 541/850/470 542/851/470 536/841/470
f 536/842/471 542/852/471 543/853/471 537/843/471
f 537/844/439 543/854/439 544/855/439 538/845/439
f 538/856/472 544/857/472 539/858/472 533/859/472
f 539/847/473 545/860/473 546/861/473 540/848/473
f 540/849/436 546/862/436 547/863/436 541/850/436
f 541/864/474 547/865/474 548/866/474 542/867/474
f 542/852/475 548/868/475 549/869/475 543/853/475
f 543/854/439 549/870/439 550/871/439 544/855/439
f 544/857/476 550/872/476 545/873/476 539/858/476
f 545/860/437 551/874/437 552/875/437 546/861/437
f 546/862/436 552/876/436 553/877/436 547/863/436
f 547/865/435 553/878/435 554/879/435 548/866/435
f 548/868/440 554/880/440 555/881/440 549/869/440
f 549/870/439 555/882/439 556/883/439 550/871/439
f 550/872/438 556/884/438 551/885/438 545/873/438
f 551/874/442 557/886/442 558/887/442 552/875/442
f 552/876/436 558/888/436 559/889/436 553/877/436
f 553/878/441 559/890/441 560/891/441 554/879/441
f 554/880/444 560/892/444 561/893/444 555/881/444
f 555/882/439 561/894/439 562/895/439 556/883/439
f 556/884/443 562/896/443 557/897/443 551/885/443
f 557/898/446 563/899/446 564/900/446 558/888/446
f 558/888/436 564/900/436 565/901/436 559/889/436
f 559/890/445 565/902/445 566/903/445 560/891/445
f 560/892/448 566/904/448 567/905/448 561/893/448
f 561/894/439 567/906/439 568/907/439 562/895/439
f 562/896/447 568/908/447 563/909/447 557/897/447
f 563/899/450 569/910/450 570/911/450 564/900/450
f 564/900/436 570/911/436 571/912/436 565/901/436
f 565/902/449 571/913/449 572/914/449 566/903/449
f 566/915/452 572/916/452 573/917/452 567/906/452
f 567/906/439 573/917/439 574/918/439 568/907/439
f 568/908/451 574/919/451 569/920/451 563/909/451
f 569/910/454 575/921/454 576/922/454 570/911/454
f 570/911/436 576/922/436 577/923/436 571/912/436
f 571/913/453 577/924/453 578/925/453 572/914/453
f 572/916/456 578/926/456 579/927/456 573/917/456
f 573/917/439 579/927/439 580/928/439 574/918/439
f 574/919/455 580/929/455 575/930/455 569/920/455
f 575/921/458 581/931/458 582/932/458 576/922/458
f 576/922/436 582/932/436 583/933/436 577/923/436
f 577/934/457 583/935/457 584/936/457 578/937/457
f 578/926/460 584/938/460 585/939/460 579/927/460
f 579/927/439 585/939/439 586/940/439 580/928/439
f 580/941/459 586/942/459 581/943/459 575/944/459
f 581/931/462 587/945/462 588/946/462 582/932/462
f 582/932/436 588/946/436 589/947/436 583/933/436
f 583/935/461 589/948/461 590/949/461 584/936/461
f 584/938/464 590/950/464 591/951/464 585/939/464
f 585/939/439 591/951/439 592/952/439 586/940/439
f 586/942/463 592/953/463 587/954/463 581/943/463
f 587/945/466 593/955/466 594/956/466 588/946/466
f 588/946/436 594/956/436 595/957/436 589/947/436
f 589/948/465 595/958/465 596/959/465 590/949/465
f 590/950/468 596/960/468 597/961/468 591/951/468
f 591/951/439 597/961/439 598/962/439 592/952/439
f 592/953/467 598/963/467 593/964/467 587/954/467
f 593/955/470 599/965/470 600/966/470 594/956/470
f 594/956/436 600/966/436 601/967/436 595/957/436
f 595/958/469 601/968/469 602/969/469 596/959/469
f 596/960/472 602/970/472 603/971/472 597/961/472
f 597/961/439 603/971/439 604/972/439 598/962/439
f 598/963/471 604/973/471 599/974/471 593/964/471
f 599/975/474 485/745/474 486/748/474 600/976/474
f 600/966/436 486/749/436 487/752/436 601/967/436
f 601/968/473 487/753/473 488/756/473 602/969/473
f 602/977/476 488/757/476 489/760/476 603/978/476
f 603/971/439 489/761/439 490/764/439 604/972/439
f 604/973/475 490/765/475 485/768/475 599/974/475
o DL_Fate_Crystal
v -2.121320 2.900000 -2.121320
v -0.565685 9.900000 -0.565685
v 2.121320 2.900000 -2.121320
v 0.565685 9.900000 -0.565685
v 2.121320 2.900000 2.121320
v 0.565685 9.900000 0.565685
v -2.121320 2.900000 2.121320
v -0.565685 9.900000 0.565685
vn -0.0000 0.2169 -0.9762
vn 0.9762 0.2169 -0.0000
vn -0.0000 1.0000 -0.0000
vn -0.0000 0.2169 0.9762
vn -0.9762 0.2169 -0.0000
vn -0.0000 -1.0000 -0.0000
vt 0.005616 0.448756
vt 0.101751 0.005616
vt 0.171668 0.005616
vt 0.267803 0.448756
vt 0.279035 0.448756
vt 0.375170 0.005616
vt 0.445086 0.005616
vt 0.541222 0.448756
vt 0.622370 0.529904
vt 0.552454 0.529904
vt 0.552454 0.459988
vt 0.622370 0.459988
vt 0.552454 0.448756
vt 0.648589 0.005616
vt 0.718505 0.005616
vt 0.814640 0.448756
vt 0.005616 0.903127
vt 0.101751 0.459988
vt 0.171668 0.459988
vt 0.267803 0.903127
vt 0.279035 0.722174
vt 0.279035 0.459988
vt 0.541222 0.459988
vt 0.541222 0.722174
s 0
usemtl DL2_IceBlue
f 605/979/477 606/980/477 608/981/477 607/982/477
f 607/983/478 608/984/478 610/985/478 609/986/478
f 608/987/479 606/988/479 612/989/479 610/990/479
f 609/991/480 610/992/480 612/993/480 611/994/480
f 611/995/481 612/996/481 606/997/481 605/998/481
f 605/999/482 607/1000/482 609/1001/482 611/1002/482
o DL_Bridge
v -9.000000 5.800000 2.800000
v -9.000000 6.000000 3.000000
v -9.200000 6.000000 2.800000
v -9.000000 5.858579 2.941422
v -9.115469 5.884530 2.915470
v -9.141420 6.000000 2.941422
v -9.141420 5.858579 2.800000
v -9.000000 8.000000 3.000000
v -9.000000 8.200000 2.800000
v -9.200000 8.000000 2.800000
v -9.000000 8.141421 2.941422
v -9.115469 8.115470 2.915470
v -9.141420 8.141421 2.800000
v -9.141420 8.000000 2.941422
v -9.000000 5.800000 -2.800000
v -9.200000 6.000000 -2.800000
v -9.000000 6.000000 -3.000000
v -9.141421 5.858579 -2.800000
v -9.115470 5.884530 -2.915470
v -9.141421 6.000000 -2.941422
v -9.000000 5.858579 -2.941422
v -9.000000 8.200000 -2.800000
v -9.000000 8.000000 -3.000000
v -9.200000 8.000000 -2.800000
v -9.000000 8.141421 -2.941422
v -9.115469 8.115470 -2.915470
v -9.141420 8.000000 -2.941422
v -9.141420 8.141421 -2.800000
v -1.000000 5.800000 2.800000
v -0.800000 6.000000 2.800000
v -1.000000 6.000000 3.000000
v -0.858579 5.858579 2.800000
v -0.884530 5.884530 2.915470
v -0.858579 6.000000 2.941422
v -1.000000 5.858579 2.941422
v -1.000000 8.200000 2.800000
v -1.000000 8.000000 3.000000
v -0.800000 8.000000 2.800000
v -1.000000 8.141421 2.941422
v -0.884531 8.115470 2.915470
v -0.858579 8.000000 2.941422
v -0.858579 8.141421 2.800000
v -1.000000 5.800000 -2.800000
v -1.000000 6.000000 -3.000000
v -0.800000 6.000000 -2.800000
v -1.000000 5.858579 -2.941422
v -0.884531 5.884530 -2.915470
v -0.858579 6.000000 -2.941422
v -0.858579 5.858579 -2.800000
v -1.000000 8.200000 -2.800000
v -0.800000 8.000000 -2.800000
v -1.000000 8.000000 -3.000000
v -0.858579 8.141421 -2.800000
v -0.884530 8.115470 -2.915470
v -0.858579 8.000000 -2.941422
v -1.000000 8.141421 -2.941422
vn -0.3251 -0.8881 0.3251
vn -0.3251 -0.3251 0.8881
vn -0.8881 -0.3251 0.3251
vn -0.3251 0.3251 0.8881
vn -0.3251 0.8881 0.3251
vn -0.8881 0.3251 0.3251
vn -0.3251 -0.8881 -0.3251
vn -0.8881 -0.3251 -0.3251
vn -0.3251 -0.3251 -0.8881
vn -0.3251 0.8881 -0.3251
vn -0.3251 0.3251 -0.8881
vn -0.8881 0.3251 -0.3251
vn 0.3251 -0.8881 0.3251
vn 0.8881 -0.3251 0.3251
vn 0.3251 -0.3251 0.8881
vn 0.3251 0.8881 0.3251
vn 0.3251 0.3251 0.8881
vn 0.8881 0.3251 0.3251
vn 0.3251 -0.8881 -0.3251
vn 0.3251 -0.3251 -0.8881
vn 0.8881 -0.3251 -0.3251
vn 0.3251 0.8881 -0.3251
vn 0.8881 0.3251 -0.3251
vn 0.3251 0.3251 -0.8881
vn -0.3827 -0.9239 -0.0000
vn -0.9239 -0.3827 -0.0000
vn -0.3827 -0.0000 0.9239
vn -0.9239 -0.0000 0.3827
vn -0.3827 0.9239 -0.0000
vn -0.9239 0.3827 -0.0000
vn -0.3827 -0.0000 -0.9239
vn -0.9239 -0.0000 -0.3827
vn -0.0000 -0.9239 -0.3827
vn -0.0000 -0.3827 -0.9239
vn -0.0000 0.9239 -0.3827
vn -0.0000 0.3827 -0.9239
vn 0.9239 -0.0000 -0.3827
vn 0.3827 -0.0000 -0.9239
vn 0.3827 -0.9239 -0.0000
vn 0.9239 -0.3827 -0.0000
vn 0.3827 0.9239 -0.0000
vn 0.9239 0.3827 -0.0000
vn 0.3827 -0.0000 0.9239
vn 0.9239 -0.0000 0.3827
vn -0.0000 -0.9239 0.3827
vn -0.0000 -0.3827 0.9239
vn -0.0000 0.9239 0.3827
vn -0.0000 0.3827 0.9239
vn -0.0000 -1.0000 -0.0000
vn -1.0000 -0.0000 -0.0000
vn -0.0000 -0.0000 1.0000
vn -0.0000 1.0000 -0.0000
vn -0.0000 -0.0000 -1.0000
vn 1.0000 -0.0000 -0.0000
vt 0.017399 0.017399
vt 0.005769 0.017399
vt 0.005769 0.010684
vt 0.017399 0.005769
vt 0.133700 0.517399
vt 0.133700 0.505769
vt 0.140414 0.505769
vt 0.145330 0.517399
vt 0.284798 0.843040
vt 0.296428 0.843041
vt 0.296428 0.849755
vt 0.284798 0.854670
vt 0.017399 0.517399
vt 0.005769 0.517399
vt 0.005769 0.510684
vt 0.017399 0.505769
vt 0.377838 0.482601
vt 0.377838 0.494231
vt 0.371124 0.494231
vt 0.366208 0.482601
vt 0.168497 0.843040
vt 0.168497 0.854671
vt 0.161783 0.854671
vt 0.156867 0.843040
vt 0.343040 0.017399
vt 0.343041 0.005769
vt 0.349755 0.005769
vt 0.354671 0.017399
vt 0.284798 0.517399
vt 0.284798 0.505769
vt 0.291513 0.505769
vt 0.296428 0.517399
vt 0.854578 0.482601
vt 0.866208 0.482601
vt 0.866208 0.489316
vt 0.854578 0.494231
vt 0.703480 0.482601
vt 0.715110 0.482601
vt 0.715110 0.489316
vt 0.703480 0.494231
vt 0.738278 0.482601
vt 0.738278 0.494231
vt 0.731563 0.494231
vt 0.726648 0.482601
vt 0.168497 0.517399
vt 0.156867 0.517399
vt 0.156867 0.510684
vt 0.168497 0.505769
vt 0.017399 0.482601
vt 0.017399 0.494231
vt 0.010684 0.494231
vt 0.005769 0.482601
vt 0.435896 0.517399
vt 0.435896 0.505769
vt 0.442611 0.505769
vt 0.447526 0.517399
vt 0.133699 0.982601
vt 0.145330 0.982601
vt 0.145330 0.989316
vt 0.133699 0.994231
vt 0.377838 0.017399
vt 0.366208 0.017399
vt 0.366208 0.010684
vt 0.377838 0.005769
vt 0.017399 0.982601
vt 0.017399 0.994231
vt 0.010684 0.994231
vt 0.005769 0.982601
vt 0.319596 0.517399
vt 0.307966 0.517399
vt 0.307966 0.510684
vt 0.319596 0.505769
vt 0.343040 0.482601
vt 0.354670 0.482601
vt 0.354670 0.489316
vt 0.343040 0.494231
vt 0.854578 0.017399
vt 0.854578 0.005769
vt 0.861293 0.005769
vt 0.866208 0.017399
vt 0.435896 0.843040
vt 0.447526 0.843041
vt 0.447526 0.849755
vt 0.435896 0.854670
vt 0.703480 0.017399
vt 0.703480 0.005769
vt 0.710194 0.005769
vt 0.715110 0.017399
vt 0.319596 0.843040
vt 0.319596 0.854670
vt 0.312881 0.854670
vt 0.307966 0.843040
vt 0.738278 0.017399
vt 0.726648 0.017399
vt 0.726648 0.010684
vt 0.738278 0.005769
s 0
usemtl DL2_Hull_Silver
f 613/1003/483 616/1004/483 617/1005/483 619/1006/483
f 614/1007/484 618/1008/484 617/1009/484 616/1010/484
f 615/1011/485 619/1012/485 617/1013/485 618/1014/485
f 620/1015/486 623/1016/486 624/1017/486 626/1018/486
f 621/1019/487 625/1020/487 624/1021/487 623/1022/487
f 622/1023/488 626/1024/488 624/1025/488 625/1026/488
f 627/1027/489 630/1028/489 631/1029/489 633/1030/489
f 628/1031/490 632/1032/490 631/1033/490 630/1034/490
f 629/1035/491 633/1036/491 631/1037/491 632/1038/491
f 634/1039/492 637/1040/492 638/1041/492 640/1042/492
f 635/1043/493 639/1044/493 638/1045/493 637/1046/493
f 636/1047/494 640/1048/494 638/1049/494 639/1050/494
f 641/1051/495 644/1052/495 645/1053/495 647/1054/495
f 642/1055/496 646/1056/496 645/1057/496 644/1058/496
f 643/1059/497 647/1060/497 645/1061/497 646/1062/497
f 648/1063/498 651/1064/498 652/1065/498 654/1066/498
f 649/1067/499 653/1068/499 652/1069/499 651/1070/499
f 650/1071/500 654/1072/500 652/1073/500 653/1074/500
f 655/1075/501 658/1076/501 659/1077/501 661/1078/501
f 656/1079/502 660/1080/502 659/1081/502 658/1082/502
f 657/1083/503 661/1084/503 659/1085/503 660/1086/503
f 662/1087/504 665/1088/504 666/1089/504 668/1090/504
f 663/1091/505 667/1092/505 666/1093/505 665/1094/505
f 664/1095/506 668/1096/506 666/1097/506 667/1098/506
f 627/1027/507 613/1003/507 619/1006/507 630/1028/507
f 630/1034/508 619/1012/508 615/1011/508 628/1031/508
f 614/1007/509 620/1015/509 626/1018/509 618/1008/509
f 618/1014/510 626/1024/510 622/1023/510 615/1011/510
f 621/1019/511 634/1039/511 640/1042/511 625/1020/511
f 625/1026/512 640/1048/512 636/1047/512 622/1023/512
f 635/1043/513 629/1035/513 632/1038/513 639/1044/513
f 639/1050/514 632/1032/514 628/1031/514 636/1047/514
f 655/1075/515 627/1027/515 633/1030/515 658/1076/515
f 658/1082/516 633/1036/516 629/1035/516 656/1079/516
f 634/1039/517 662/1087/517 668/1090/517 637/1040/517
f 637/1046/518 668/1096/518 664/1095/518 635/1043/518
f 663/1091/519 657/1083/519 660/1086/519 667/1092/519
f 667/1098/520 660/1080/520 656/1079/520 664/1095/520
f 641/1051/521 655/1075/521 661/1078/521 644/1052/521
f 644/1058/522 661/1084/522 657/1083/522 642/1055/522
f 662/1087/523 648/1063/523 654/1066/523 665/1088/523
f 665/1094/524 654/1072/524 650/1071/524 663/1091/524
f 649/1067/525 643/1059/525 646/1062/525 653/1068/525
f 653/1074/526 646/1056/526 642/1055/526 650/1071/526
f 613/1003/527 641/1051/527 647/1054/527 616/1004/527
f 616/1010/528 647/1060/528 643/1059/528 614/1007/528
f 648/1063/529 621/1019/529 623/1022/529 651/1064/529
f 651/1070/530 623/1016/530 620/1015/530 649/1067/530
f 627/1027/531 655/1075/531 641/1051/531 613/1003/531
f 615/1011/532 622/1023/532 636/1047/532 628/1031/532
f 643/1059/533 649/1067/533 620/1015/533 614/1007/533
f 662/1087/534 634/1039/534 621/1019/534 648/1063/534
f 629/1035/535 635/1043/535 664/1095/535 656/1079/535
f 657/1083/536 663/1091/536 650/1071/536 642/1055/536
o DL_Observation_Spire
v -8.000000 6.500000 1.000000
v -8.000000 6.700000 1.200000
v -8.200000 6.700000 1.000000
v -8.000000 6.558578 1.141421
v -8.115470 6.584530 1.115470
v -8.141421 6.700000 1.141421
v -8.141421 6.558578 1.000000
v -8.000000 13.300000 1.200000
v -8.000000 13.500000 1.000000
v -8.200000 13.300000 1.000000
v -8.000000 13.441422 1.141421
v -8.115470 13.415470 1.115470
v -8.141421 13.441422 1.000000
v -8.141421 13.300000 1.141421
v -8.000000 6.500000 -1.000000
v -8.200000 6.700000 -1.000000
v -8.000000 6.700000 -1.200000
v -8.141421 6.558578 -1.000000
v -8.115470 6.584530 -1.115470
v -8.141421 6.700000 -1.141421
v -8.000000 6.558578 -1.141421
v -8.000000 13.500000 -1.000000
v -8.000000 13.300000 -1.200000
v -8.200000 13.300000 -1.000000
v -8.000000 13.441422 -1.141421
v -8.115470 13.415470 -1.115470
v -8.141421 13.300000 -1.141421
v -8.141421 13.441422 -1.000000
v -6.000000 6.500000 1.000000
v -5.800000 6.700000 1.000000
v -6.000000 6.700000 1.200000
v -5.858579 6.558578 1.000000
v -5.884530 6.584530 1.115470
v -5.858579 6.700000 1.141421
v -6.000000 6.558578 1.141421
v -6.000000 13.500000 1.000000
v -6.000000 13.300000 1.200000
v -5.800000 13.300000 1.000000
v -6.000000 13.441422 1.141421
v -5.884530 13.415470 1.115470
v -5.858579 13.300000 1.141421
v -5.858579 13.441422 1.000000
v -6.000000 6.500000 -1.000000
v -6.000000 6.700000 -1.200000
v -5.800000 6.700000 -1.000000
v -6.000000 6.558578 -1.141421
v -5.884530 6.584530 -1.115470
v -5.858579 6.700000 -1.141421
v -5.858579 6.558578 -1.000000
v -6.000000 13.500000 -1.000000
v -5.800000 13.300000 -1.000000
v -6.000000 13.300000 -1.200000
v -5.858579 13.441422 -1.000000
v -5.884530 13.415470 -1.115470
v -5.858579 13.300000 -1.141421
v -6.000000 13.441422 -1.141421
vn -0.3251 -0.8881 0.3251
vn -0.3251 -0.3251 0.8881
vn -0.8881 -0.3251 0.3251
vn -0.3251 0.3251 0.8881
vn -0.3251 0.8881 0.3251
vn -0.8881 0.3251 0.3251
vn -0.3251 -0.8881 -0.3251
vn -0.8881 -0.3251 -0.3251
vn -0.3251 -0.3251 -0.8881
vn -0.3251 0.8881 -0.3251
vn -0.3251 0.3251 -0.8881
vn -0.8881 0.3251 -0.3251
vn 0.3251 -0.8881 0.3251
vn 0.8881 -0.3251 0.3251
vn 0.3251 -0.3251 0.8881
vn 0.3251 0.8881 0.3251
vn 0.3251 0.3251 0.8881
vn 0.8881 0.3251 0.3251
vn 0.3251 -0.8881 -0.3251
vn 0.3251 -0.3251 -0.8881
vn 0.8881 -0.3251 -0.3251
vn 0.3251 0.8881 -0.3251
vn 0.8881 0.3251 -0.3251
vn 0.3251 0.3251 -0.8881
vn -0.3827 -0.9239 -0.0000
vn -0.9239 -0.3827 -0.0000
vn -0.3827 -0.0000 0.9239
vn -0.9239 -0.0000 0.3827
vn -0.3827 0.9239 -0.0000
vn -0.9239 0.3827 -0.0000
vn -0.3827 -0.0000 -0.9239
vn -0.9239 -0.0000 -0.3827
vn -0.0000 -0.9239 -0.3827
vn -0.0000 -0.3827 -0.9239
vn -0.0000 0.9239 -0.3827
vn -0.0000 0.3827 -0.9239
vn 0.9239 -0.0000 -0.3827
vn 0.3827 -0.0000 -0.9239
vn 0.3827 -0.9239 -0.0000
vn 0.9239 -0.3827 -0.0000
vn 0.3827 0.9239 -0.0000
vn 0.9239 0.3827 -0.0000
vn 0.3827 -0.0000 0.9239
vn 0.9239 -0.0000 0.3827
vn -0.0000 -0.9239 0.3827
vn -0.0000 -0.3827 0.9239
vn -0.0000 0.9239 0.3827
vn -0.0000 0.3827 0.9239
vn -0.0000 -1.0000 -0.0000
vn -1.0000 -0.0000 -0.0000
vn -0.0000 -0.0000 1.0000
vn -0.0000 1.0000 -0.0000
vn -0.0000 -0.0000 -1.0000
vn 1.0000 -0.0000 -0.0000
vt 0.017044 0.459788
vt 0.004661 0.459788
vt 0.004661 0.452638
vt 0.017044 0.447404
vt 0.614649 0.425699
vt 0.627032 0.425699
vt 0.627032 0.432849
vt 0.614649 0.438083
vt 0.017044 0.425699
vt 0.017044 0.438083
vt 0.009895 0.438083
vt 0.004661 0.425699
vt 0.614649 0.017044
vt 0.614649 0.004661
vt 0.621799 0.004661
vt 0.627032 0.017044
vt 0.332891 0.583622
vt 0.332891 0.596006
vt 0.325741 0.596006
vt 0.320507 0.583622
vt 0.017044 0.017044
vt 0.004661 0.017044
vt 0.004661 0.009895
vt 0.017044 0.004661
vt 0.140879 0.459788
vt 0.140879 0.447404
vt 0.148029 0.447404
vt 0.153263 0.459788
vt 0.140879 0.425699
vt 0.153263 0.425699
vt 0.153263 0.432849
vt 0.140879 0.438083
vt 0.174968 0.425699
vt 0.174968 0.438083
vt 0.167818 0.438083
vt 0.162584 0.425699
vt 0.456726 0.583622
vt 0.469109 0.583622
vt 0.469109 0.590772
vt 0.456726 0.596006
vt 0.174968 0.017044
vt 0.162584 0.017044
vt 0.162584 0.009895
vt 0.174968 0.004661
vt 0.140879 0.017044
vt 0.140879 0.004661
vt 0.148029 0.004661
vt 0.153263 0.017044
vt 0.017044 0.583622
vt 0.017044 0.596006
vt 0.009895 0.596006
vt 0.004661 0.583622
vt 0.456726 0.425699
vt 0.469109 0.425699
vt 0.469109 0.432849
vt 0.456726 0.438083
vt 0.490814 0.425699
vt 0.490814 0.438083
vt 0.483664 0.438083
vt 0.478431 0.425699
vt 0.332891 0.459788
vt 0.320507 0.459788
vt 0.320507 0.452638
vt 0.332891 0.447404
vt 0.490814 0.017044
vt 0.478431 0.017044
vt 0.478431 0.009895
vt 0.490814 0.004661
vt 0.456726 0.017044
vt 0.456726 0.004661
vt 0.463875 0.004661
vt 0.469109 0.017044
vt 0.140879 0.583622
vt 0.153263 0.583622
vt 0.153263 0.590772
vt 0.140879 0.596006
vt 0.298802 0.425699
vt 0.311186 0.425699
vt 0.311186 0.432849
vt 0.298802 0.438083
vt 0.332891 0.425699
vt 0.332891 0.438083
vt 0.325741 0.438083
vt 0.320507 0.425699
vt 0.456726 0.459788
vt 0.456726 0.447404
vt 0.463875 0.447404
vt 0.469109 0.459788
vt 0.332891 0.017044
vt 0.320507 0.017044
vt 0.320507 0.009895
vt 0.332891 0.004661
vt 0.298802 0.017044
vt 0.298802 0.004661
vt 0.305952 0.004661
vt 0.311186 0.017044
s 0
usemtl DL2_IceBlue
f 669/1099/537 672/1100/537 673/1101/537 675/1102/537
f 670/1103/538 674/1104/538 673/1105/538 672/1106/538
f 671/1107/539 675/1108/539 673/1109/539 674/1110/539
f 676/1111/540 679/1112/540 680/1113/540 682/1114/540
f 677/1115/541 681/1116/541 680/1117/541 679/1118/541
f 678/1119/542 682/1120/542 680/1121/542 681/1122/542
f 683/1123/543 686/1124/543 687/1125/543 689/1126/543
f 684/1127/544 688/1128/544 687/1129/544 686/1130/544
f 685/1131/545 689/1132/545 687/1133/545 688/1134/545
f 690/1135/546 693/1136/546 694/1137/546 696/1138/546
f 691/1139/547 695/1140/547 694/1141/547 693/1142/547
f 692/1143/548 696/1144/548 694/1145/548 695/1146/548
f 697/1147/549 700/1148/549 701/1149/549 703/1150/549
f 698/1151/550 702/1152/550 701/1153/550 700/1154/550
f 699/1155/551 703/1156/551 701/1157/551 702/1158/551
f 704/1159/552 707/1160/552 708/1161/552 710/1162/552
f 705/1163/553 709/1164/553 708/1165/553 707/1166/553
f 706/1167/554 710/1168/554 708/1169/554 709/1170/554
f 711/1171/555 714/1172/555 715/1173/555 717/1174/555
f 712/1175/556 716/1176/556 715/1177/556 714/1178/556
f 713/1179/557 717/1180/557 715/1181/557 716/1182/557
f 718/1183/558 721/1184/558 722/1185/558 724/1186/558
f 719/1187/559 723/1188/559 722/1189/559 721/1190/559
f 720/1191/560 724/1192/560 722/1193/560 723/1194/560
f 683/1123/561 669/1099/561 675/1102/561 686/1124/561
f 686/1130/562 675/1108/562 671/1107/562 684/1127/562
f 670/1103/563 676/1111/563 682/1114/563 674/1104/563
f 674/1110/564 682/1120/564 678/1119/564 671/1107/564
f 677/1115/565 690/1135/565 696/1138/565 681/1116/565
f 681/1122/566 696/1144/566 692/1143/566 678/1119/566
f 691/1139/567 685/1131/567 688/1134/567 695/1140/567
f 695/1146/568 688/1128/568 684/1127/568 692/1143/568
f 711/1171/569 683/1123/569 689/1126/569 714/1172/569
f 714/1178/570 689/1132/570 685/1131/570 712/1175/570
f 690/1135/571 718/1183/571 724/1186/571 693/1136/571
f 693/1142/572 724/1192/572 720/1191/572 691/1139/572
f 719/1187/573 713/1179/573 716/1182/573 723/1188/573
f 723/1194/574 716/1176/574 712/1175/574 720/1191/574
f 697/1147/575 711/1171/575 717/1174/575 700/1148/575
f 700/1154/576 717/1180/576 713/1179/576 698/1151/576
f 718/1183/577 704/1159/577 710/1162/577 721/1184/577
f 721/1190/578 710/1168/578 706/1167/578 719/1187/578
f 705/1163/579 699/1155/579 702/1158/579 709/1164/579
f 709/1170/580 702/1152/580 698/1151/580 706/1167/580
f 669/1099/581 697/1147/581 703/1150/581 672/1100/581
f 672/1106/582 703/1156/582 699/1155/582 670/1103/582
f 704/1159/583 677/1115/583 679/1118/583 707/1160/583
f 707/1166/584 679/1112/584 676/1111/584 705/1163/584
f 683/1123/585 711/1171/585 697/1147/585 669/1099/585
f 671/1107/586 678/1119/586 692/1143/586 684/1127/586
f 699/1155/587 705/1163/587 676/1111/587 670/1103/587
f 718/1183/588 690/1135/588 677/1115/588 704/1159/588
f 685/1131/589 691/1139/589 720/1191/589 712/1175/589
f 713/1179/590 719/1187/590 706/1167/590 698/1151/590
o DL_Turret_X_-1_2
v 5.800000 1.700000 18.080000
v 11.400001 1.700000 18.080000
v 5.800000 1.453130 18.160213
v 11.400001 1.453130 18.160213
v 5.800000 1.300556 18.370213
v 11.400001 1.300556 18.370213
v 5.800000 1.300556 18.629787
v 11.400001 1.300556 18.629787
v 5.800000 1.453130 18.839787
v 11.400001 1.453130 18.839787
v 5.800000 1.700000 18.920000
v 11.400001 1.700000 18.920000
v 5.800000 1.946870 18.839787
v 11.400001 1.946870 18.839787
v 5.800000 2.099444 18.629787
v 11.400001 2.099444 18.629787
v 5.800000 2.099444 18.370213
v 11.400001 2.099444 18.370213
v 5.800000 1.946870 18.160213
v 11.400001 1.946870 18.160213
vn -0.0000 -0.3090 -0.9511
vn -0.0000 -0.8090 -0.5878
vn -0.0000 -1.0000 -0.0000
vn -0.0000 -0.8090 0.5878
vn -0.0000 -0.3090 0.9511
vn -0.0000 0.3090 0.9511
vn -0.0000 0.8090 0.5878
vn -0.0000 1.0000 -0.0000
vn 1.0000 -0.0000 -0.0000
vn -0.0000 0.8090 -0.5878
vn -0.0000 0.3090 -0.9511
vn -1.0000 -0.0000 -0.0000
vt 0.094366 0.350825
vt 0.094366 0.002750
vt 0.107418 0.002750
vt 0.107418 0.350825
vt 0.123553 0.002750
vt 0.123553 0.350825
vt 0.136605 0.002750
vt 0.136605 0.350825
vt 0.142105 0.350825
vt 0.142105 0.002750
vt 0.158240 0.002750
vt 0.158240 0.350825
vt 0.171292 0.002750
vt 0.171292 0.350825
vt 0.094366 0.704400
vt 0.094366 0.356325
vt 0.107418 0.356325
vt 0.107418 0.704400
vt 0.123553 0.356325
vt 0.123553 0.704400
vt 0.136605 0.356325
vt 0.136605 0.704400
vt 0.166933 0.762111
vt 0.151589 0.757126
vt 0.142105 0.744073
vt 0.142105 0.727939
vt 0.151589 0.714886
vt 0.166933 0.709900
vt 0.182278 0.714886
vt 0.191761 0.727939
vt 0.191761 0.744073
vt 0.182278 0.757126
vt 0.142105 0.704400
vt 0.142105 0.356325
vt 0.158240 0.356325
vt 0.158240 0.704400
vt 0.171292 0.356325
vt 0.171292 0.704400
vt 0.151589 0.814837
vt 0.142105 0.801784
vt 0.142105 0.785650
vt 0.151589 0.772597
vt 0.166933 0.767611
vt 0.182278 0.772597
vt 0.191761 0.785650
vt 0.191761 0.801784
vt 0.182278 0.814837
vt 0.166933 0.819823
s 0
usemtl DL2_IceBlue
f 725/1195/591 726/1196/591 728/1197/591 727/1198/591
f 727/1198/592 728/1197/592 730/1199/592 729/1200/592
f 729/1200/593 730/1199/593 732/1201/593 731/1202/593
f 731/1203/594 732/1204/594 734/1205/594 733/1206/594
f 733/1206/595 734/1205/595 736/1207/595 735/1208/595
f 735/1209/596 736/1210/596 738/1211/596 737/1212/596
f 737/1212/597 738/1211/597 740/1213/597 739/1214/597
f 739/1214/598 740/1213/598 742/1215/598 741/1216/598
f 728/1217/599 726/1218/599 744/1219/599 742/1220/599 740/1221/599 738/1222/599 736/1223/599 734/1224/599 732/1225/599 730/1226/599
f 741/1227/600 742/1228/600 744/1229/600 743/1230/600
f 743/1230/601 744/1229/601 726/1231/601 725/1232/601
f 725/1233/602 727/1234/602 729/1235/602 731/1236/602 733/1237/602 735/1238/602 737/1239/602 739/1240/602 741/1241/602 743/1242/602
o DL_Turret_X_-1_3
v 1.600000 1.700000 22.080000
v 7.200000 1.700000 22.080000
v 1.600000 1.453130 22.160213
v 7.200000 1.453130 22.160213
v 1.600000 1.300556 22.370213
v 7.200000 1.300556 22.370213
v 1.600000 1.300556 22.629787
v 7.200000 1.300556 22.629787
v 1.600000 1.453130 22.839787
v 7.200000 1.453130 22.839787
v 1.600000 1.700000 22.920000
v 7.200000 1.700000 22.920000
v 1.600000 1.946870 22.839787
v 7.200000 1.946870 22.839787
v 1.600000 2.099444 22.629787
v 7.200000 2.099444 22.629787
v 1.600000 2.099444 22.370213
v 7.200000 2.099444 22.370213
v 1.600000 1.946870 22.160213
v 7.200000 1.946870 22.160213
vn -0.0000 -0.3090 -0.9511
vn -0.0000 -0.8090 -0.5878
vn -0.0000 -1.0000 -0.0000
vn -0.0000 -0.8090 0.5878
vn -0.0000 -0.3090 0.9511
vn -0.0000 0.3090 0.9511
vn -0.0000 0.8090 0.5878
vn -0.0000 1.0000 -0.0000
vn 1.0000 -0.0000 -0.0000
vn -0.0000 0.8090 -0.5878
vn -0.0000 0.3090 -0.9511
vn -1.0000 -0.0000 -0.0000
vt 0.094366 0.350825
vt 0.094366 0.002750
vt 0.107418 0.002750
vt 0.107418 0.350825
vt 0.123553 0.002750
vt 0.123553 0.350825
vt 0.136605 0.002750
vt 0.136605 0.350825
vt 0.142105 0.350825
vt 0.142105 0.002750
vt 0.158240 0.002750
vt 0.158240 0.350825
vt 0.171292 0.002750
vt 0.171292 0.350825
vt 0.094366 0.704400
vt 0.094366 0.356325
vt 0.107418 0.356325
vt 0.107418 0.704400
vt 0.123553 0.356325
vt 0.123553 0.704400
vt 0.136605 0.356325
vt 0.136605 0.704400
vt 0.166933 0.762111
vt 0.151589 0.757126
vt 0.142105 0.744073
vt 0.142105 0.727939
vt 0.151589 0.714886
vt 0.166933 0.709900
vt 0.182278 0.714886
vt 0.191761 0.727939
vt 0.191761 0.744073
vt 0.182278 0.757126
vt 0.142105 0.704400
vt 0.142105 0.356325
vt 0.158240 0.356325
vt 0.158240 0.704400
vt 0.171292 0.356325
vt 0.171292 0.704400
vt 0.151589 0.814837
vt 0.142105 0.801784
vt 0.142105 0.785650
vt 0.151589 0.772597
vt 0.166933 0.767611
vt 0.182278 0.772597
vt 0.191761 0.785650
vt 0.191761 0.801784
vt 0.182278 0.814837
vt 0.166933 0.819823
s 0
usemtl DL2_IceBlue
f 745/1243/603 746/1244/603 748/1245/603 747/1246/603
f 747/1246/604 748/1245/604 750/1247/604 749/1248/604
f 749/1248/605 750/1247/605 752/1249/605 751/1250/605
f 751/1251/606 752/1252/606 754/1253/606 753/1254/606
f 753/1254/607 754/1253/607 756/1255/607 755/1256/607
f 755/1257/608 756/1258/608 758/1259/608 757/1260/608
f 757/1260/609 758/1259/609 760/1261/609 759/1262/609
f 759/1262/610 760/1261/610 762/1263/610 761/1264/610
f 748/1265/611 746/1266/611 764/1267/611 762/1268/611 760/1269/611 758/1270/611 756/1271/611 754/1272/611 752/1273/611 750/1274/611
f 761/1275/612 762/1276/612 764/1277/612 763/1278/612
f 763/1278/613 764/1277/613 746/1279/613 745/1280/613
f 745/1281/614 747/1282/614 749/1283/614 751/1284/614 753/1285/614 755/1286/614 757/1287/614 759/1288/614 761/1289/614 763/1290/614
o DL_Turret_X_-1_4
v -2.600000 1.700000 26.080000
v 3.000000 1.700000 26.080000
v -2.600000 1.453130 26.160213
v 3.000000 1.453130 26.160213
v -2.600000 1.300556 26.370213
v 3.000000 1.300556 26.370213
v -2.600000 1.300556 26.629787
v 3.000000 1.300556 26.629787
v -2.600000 1.453130 26.839787
v 3.000000 1.453130 26.839787
v -2.600000 1.700000 26.920000
v 3.000000 1.700000 26.920000
v -2.600000 1.946870 26.839787
v 3.000000 1.946870 26.839787
v -2.600000 2.099444 26.629787
v 3.000000 2.099444 26.629787
v -2.600000 2.099444 26.370213
v 3.000000 2.099444 26.370213
v -2.600000 1.946870 26.160213
v 3.000000 1.946870 26.160213
vn -0.0000 -0.3090 -0.9511
vn -0.0000 -0.8090 -0.5878
vn -0.0000 -1.0000 -0.0000
vn -0.0000 -0.8090 0.5878
vn -0.0000 -0.3090 0.9511
vn -0.0000 0.3090 0.9511
vn -0.0000 0.8090 0.5878
vn -0.0000 1.0000 -0.0000
vn 1.0000 -0.0000 -0.0000
vn -0.0000 0.8090 -0.5878
vn -0.0000 0.3090 -0.9511
vn -1.0000 -0.0000 -0.0000
vt 0.094366 0.350825
vt 0.094366 0.002750
vt 0.107418 0.002750
vt 0.107418 0.350825
vt 0.123553 0.002750
vt 0.123553 0.350825
vt 0.136605 0.002750
vt 0.136605 0.350825
vt 0.142105 0.350825
vt 0.142105 0.002750
vt 0.158240 0.002750
vt 0.158240 0.350825
vt 0.171292 0.002750
vt 0.171292 0.350825
vt 0.094366 0.704400
vt 0.094366 0.356325
vt 0.107418 0.356325
vt 0.107418 0.704400
vt 0.123553 0.356325
vt 0.123553 0.704400
vt 0.136605 0.356325
vt 0.136605 0.704400
vt 0.166933 0.762111
vt 0.151589 0.757126
vt 0.142105 0.744073
vt 0.142105 0.727939
vt 0.151589 0.714886
vt 0.166933 0.709900
vt 0.182278 0.714886
vt 0.191761 0.727939
vt 0.191761 0.744073
vt 0.182278 0.757126
vt 0.142105 0.704400
vt 0.142105 0.356325
vt 0.158240 0.356325
vt 0.158240 0.704400
vt 0.171292 0.356325
vt 0.171292 0.704400
vt 0.151589 0.814837
vt 0.142105 0.801784
vt 0.142105 0.785650
vt 0.151589 0.772597
vt 0.166933 0.767611
vt 0.182278 0.772597
vt 0.191761 0.785650
vt 0.191761 0.801784
vt 0.182278 0.814837
vt 0.166933 0.819823
s 0
usemtl DL2_IceBlue
f 765/1291/615 766/1292/615 768/1293/615 767/1294/615
f 767/1294/616 768/1293/616 770/1295/616 769/1296/616
f 769/1296/617 770/1295/617 772/1297/617 771/1298/617
f 771/1299/618 772/1300/618 774/1301/618 773/1302/618
f 773/1302/619 774/1301/619 776/1303/619 775/1304/619
f 775/1305/620 776/1306/620 778/1307/620 777/1308/620
f 777/1308/621 778/1307/621 780/1309/621 779/1310/621
f 779/1310/622 780/1309/622 782/1311/622 781/1312/622
f 768/1313/623 766/1314/623 784/1315/623 782/1316/623 780/1317/623 778/1318/623 776/1319/623 774/1320/623 772/1321/623 770/1322/623
f 781/1323/624 782/1324/624 784/1325/624 783/1326/624
f 783/1326/625 784/1325/625 766/1327/625 765/1328/625
f 765/1329/626 767/1330/626 769/1331/626 771/1332/626 773/1333/626 775/1334/626 777/1335/626 779/1336/626 781/1337/626 783/1338/626
o DL_Turret_X_-1_5
v -6.800000 1.700000 10.080000
v -1.200000 1.700000 10.080000
v -6.800000 1.453130 10.160213
v -1.200000 1.453130 10.160213
v -6.800000 1.300556 10.370213
v -1.200000 1.300556 10.370213
v -6.800000 1.300556 10.629787
v -1.200000 1.300556 10.629787
v -6.800000 1.453130 10.839787
v -1.200000 1.453130 10.839787
v -6.800000 1.700000 10.920000
v -1.200000 1.700000 10.920000
v -6.800000 1.946870 10.839787
v -1.200000 1.946870 10.839787
v -6.800000 2.099444 10.629787
v -1.200000 2.099444 10.629787
v -6.800000 2.099444 10.370213
v -1.200000 2.099444 10.370213
v -6.800000 1.946870 10.160213
v -1.200000 1.946870 10.160213
vn -0.0000 -0.3090 -0.9511
vn -0.0000 -0.8090 -0.5878
vn -0.0000 -1.0000 -0.0000
vn -0.0000 -0.8090 0.5878
vn -0.0000 -0.3090 0.9511
vn -0.0000 0.3090 0.9511
vn -0.0000 0.8090 0.5878
vn -0.0000 1.0000 -0.0000
vn 1.0000 -0.0000 -0.0000
vn -0.0000 0.8090 -0.5878
vn -0.0000 0.3090 -0.9511
vn -1.0000 -0.0000 -0.0000
vt 0.094366 0.350825
vt 0.094366 0.002750
vt 0.107418 0.002750
vt 0.107418 0.350825
vt 0.123553 0.002750
vt 0.123553 0.350825
vt 0.136605 0.002750
vt 0.136605 0.350825
vt 0.142105 0.350825
vt 0.142105 0.002750
vt 0.158240 0.002750
vt 0.158240 0.350825
vt 0.171292 0.002750
vt 0.171292 0.350825
vt 0.094366 0.704400
vt 0.094366 0.356325
vt 0.107418 0.356325
vt 0.107418 0.704400
vt 0.123553 0.356325
vt 0.123553 0.704400
vt 0.136605 0.356325
vt 0.136605 0.704400
vt 0.166933 0.762111
vt 0.151589 0.757126
vt 0.142105 0.744073
vt 0.142105 0.727939
vt 0.151589 0.714886
vt 0.166933 0.709900
vt 0.182278 0.714886
vt 0.191761 0.727939
vt 0.191761 0.744073
vt 0.182278 0.757126
vt 0.142105 0.704400
vt 0.142105 0.356325
vt 0.158240 0.356325
vt 0.158240 0.704400
vt 0.171292 0.356325
vt 0.171292 0.704400
vt 0.151589 0.814837
vt 0.142105 0.801784
vt 0.142105 0.785650
vt 0.151589 0.772597
vt 0.166933 0.767611
vt 0.182278 0.772597
vt 0.191761 0.785650
vt 0.191761 0.801784
vt 0.182278 0.814837
vt 0.166933 0.819823
s 0
usemtl DL2_IceBlue
f 785/1339/627 786/1340/627 788/1341/627 787/1342/627
f 787/1342/628 788/1341/628 790/1343/628 789/1344/628
f 789/1344/629 790/1343/629 792/1345/629 791/1346/629
f 791/1347/630 792/1348/630 794/1349/630 793/1350/630
f 793/1350/631 794/1349/631 796/1351/631 795/1352/631
f 795/1353/632 796/1354/632 798/1355/632 797/1356/632
f 797/1356/633 798/1355/633 800/1357/633 799/1358/633
f 799/1358/634 800/1357/634 802/1359/634 801/1360/634
f 788/1361/635 786/1362/635 804/1363/635 802/1364/635 800/1365/635 798/1366/635 796/1367/635 794/1368/635 792/1369/635 790/1370/635
f 801/1371/636 802/1372/636 804/1373/636 803/1374/636
f 803/1374/637 804/1373/637 786/1375/637 785/1376/637
f 785/1377/638 787/1378/638 789/1379/638 791/1380/638 793/1381/638 795/1382/638 797/1383/638 799/1384/638 801/1385/638 803/1386/638
o DL_Turret_X_-1_6
v -11.000000 1.700000 14.080000
v -5.400000 1.700000 14.080000
v -11.000000 1.453130 14.160213
v -5.400000 1.453130 14.160213
v -11.000000 1.300556 14.370213
v -5.400000 1.300556 14.370213
v -11.000000 1.300556 14.629787
v -5.400000 1.300556 14.629787
v -11.000000 1.453130 14.839787
v -5.400000 1.453130 14.839787
v -11.000000 1.700000 14.920000
v -5.400000 1.700000 14.920000
v -11.000000 1.946870 14.839787
v -5.400000 1.946870 14.839787
v -11.000000 2.099444 14.629787
v -5.400000 2.099444 14.629787
v -11.000000 2.099444 14.370213
v -5.400000 2.099444 14.370213
v -11.000000 1.946870 14.160213
v -5.400000 1.946870 14.160213
vn -0.0000 -0.3090 -0.9511
vn -0.0000 -0.8090 -0.5878
vn -0.0000 -1.0000 -0.0000
vn -0.0000 -0.8090 0.5878
vn -0.0000 -0.3090 0.9511
vn -0.0000 0.3090 0.9511
vn -0.0000 0.8090 0.5878
vn -0.0000 1.0000 -0.0000
vn 1.0000 -0.0000 -0.0000
vn -0.0000 0.8090 -0.5878
vn -0.0000 0.3090 -0.9511
vn -1.0000 -0.0000 -0.0000
vt 0.094366 0.350825
vt 0.094366 0.002750
vt 0.107418 0.002750
vt 0.107418 0.350825
vt 0.123553 0.002750
vt 0.123553 0.350825
vt 0.136605 0.002750
vt 0.136605 0.350825
vt 0.142105 0.350825
vt 0.142105 0.002750
vt 0.158240 0.002750
vt 0.158240 0.350825
vt 0.171292 0.002750
vt 0.171292 0.350825
vt 0.094366 0.704400
vt 0.094366 0.356325
vt 0.107418 0.356325
vt 0.107418 0.704400
vt 0.123553 0.356325
vt 0.123553 0.704400
vt 0.136605 0.356325
vt 0.136605 0.704400
vt 0.166933 0.762111
vt 0.151589 0.757126
vt 0.142105 0.744073
vt 0.142105 0.727939
vt 0.151589 0.714886
vt 0.166933 0.709900
vt 0.182278 0.714886
vt 0.191761 0.727939
vt 0.191761 0.744073
vt 0.182278 0.757126
vt 0.142105 0.704400
vt 0.142105 0.356325
vt 0.158240 0.356325
vt 0.158240 0.704400
vt 0.171292 0.356325
vt 0.171292 0.704400
vt 0.151589 0.814837
vt 0.142105 0.801784
vt 0.142105 0.785650
vt 0.151589 0.772597
vt 0.166933 0.767611
vt 0.182278 0.772597
vt 0.191761 0.785650
vt 0.191761 0.801784
vt 0.182278 0.814837
vt 0.166933 0.819823
s 0
usemtl DL2_IceBlue
f 805/1387/639 806/1388/639 808/1389/639 807/1390/639
f 807/1390/640 808/1389/640 810/1391/640 809/1392/640
f 809/1392/641 810/1391/641 812/1393/641 811/1394/641
f 811/1395/642 812/1396/642 814/1397/642 813/1398/642
f 813/1398/643 814/1397/643 816/1399/643 815/1400/643
f 815/1401/644 816/1402/644 818/1403/644 817/1404/644
f 817/1404/645 818/1403/645 820/1405/645 819/1406/645
f 819/1406/646 820/1405/646 822/1407/646 821/1408/646
f 808/1409/647 806/1410/647 824/1411/647 822/1412/647 820/1413/647 818/1414/647 816/1415/647 814/1416/647 812/1417/647 810/1418/647
f 821/1419/648 822/1420/648 824/1421/648 823/1422/648
f 823/1422/649 824/1421/649 806/1423/649 805/1424/649
f 805/1425/650 807/1426/650 809/1427/650 811/1428/650 813/1429/650 815/1430/650 817/1431/650 819/1432/650 821/1433/650 823/1434/650
o DL_Turret_X_-1_7
v -15.200000 1.700000 18.080000
v -9.599999 1.700000 18.080000
v -15.200000 1.453130 18.160213
v -9.599999 1.453130 18.160213
v -15.200000 1.300556 18.370213
v -9.599999 1.300556 18.370213
v -15.200000 1.300556 18.629787
v -9.599999 1.300556 18.629787
v -15.200000 1.453130 18.839787
v -9.599999 1.453130 18.839787
v -15.200000 1.700000 18.920000
v -9.599999 1.700000 18.920000
v -15.200000 1.946870 18.839787
v -9.599999 1.946870 18.839787
v -15.200000 2.099444 18.629787
v -9.599999 2.099444 18.629787
v -15.200000 2.099444 18.370213
v -9.599999 2.099444 18.370213
v -15.200000 1.946870 18.160213
v -9.599999 1.946870 18.160213
vn -0.0000 -0.3090 -0.9511
vn -0.0000 -0.8090 -0.5878
vn -0.0000 -1.0000 -0.0000
vn -0.0000 -0.8090 0.5878
vn -0.0000 -0.3090 0.9511
vn -0.0000 0.3090 0.9511
vn -0.0000 0.8090 0.5878
vn -0.0000 1.0000 -0.0000
vn 1.0000 -0.0000 -0.0000
vn -0.0000 0.8090 -0.5878
vn -0.0000 0.3090 -0.9511
vn -1.0000 -0.0000 -0.0000
vt 0.094366 0.350825
vt 0.094366 0.002750
vt 0.107418 0.002750
vt 0.107418 0.350825
vt 0.123553 0.002750
vt 0.123553 0.350825
vt 0.136605 0.002750
vt 0.136605 0.350825
vt 0.142105 0.350825
vt 0.142105 0.002750
vt 0.158240 0.002750
vt 0.158240 0.350825
vt 0.171292 0.002750
vt 0.171292 0.350825
vt 0.094366 0.704400
vt 0.094366 0.356325
vt 0.107418 0.356325
vt 0.107418 0.704400
vt 0.123553 0.356325
vt 0.123553 0.704400
vt 0.136605 0.356325
vt 0.136605 0.704400
vt 0.166933 0.762111
vt 0.151589 0.757126
vt 0.142105 0.744073
vt 0.142105 0.727939
vt 0.151589 0.714886
vt 0.166933 0.709900
vt 0.182278 0.714886
vt 0.191761 0.727939
vt 0.191761 0.744073
vt 0.182278 0.757126
vt 0.142105 0.704400
vt 0.142105 0.356325
vt 0.158240 0.356325
vt 0.158240 0.704400
vt 0.171292 0.356325
vt 0.171292 0.704400
vt 0.151589 0.814837
vt 0.142105 0.801784
vt 0.142105 0.785650
vt 0.151589 0.772597
vt 0.166933 0.767611
vt 0.182278 0.772597
vt 0.191761 0.785650
vt 0.191761 0.801784
vt 0.182278 0.814837
vt 0.166933 0.819823
s 0
usemtl DL2_IceBlue
f 825/1435/651 826/1436/651 828/1437/651 827/1438/651
f 827/1438/652 828/1437/652 830/1439/652 829/1440/652
f 829/1440/653 830/1439/653 832/1441/653 831/1442/653
f 831/1443/654 832/1444/654 834/1445/654 833/1446/654
f 833/1446/655 834/1445/655 836/1447/655 835/1448/655
f 835/1449/656 836/1450/656 838/1451/656 837/1452/656
f 837/1452/657 838/1451/657 840/1453/657 839/1454/657
f 839/1454/658 840/1453/658 842/1455/658 841/1456/658
f 828/1457/659 826/1458/659 844/1459/659 842/1460/659 840/1461/659 838/1462/659 836/1463/659 834/1464/659 832/1465/659 830/1466/659
f 841/1467/660 842/1468/660 844/1469/660 843/1470/660
f 843/1470/661 844/1469/661 826/1471/661 825/1472/661
f 825/1473/662 827/1474/662 829/1475/662 831/1476/662 833/1477/662 835/1478/662 837/1479/662 839/1480/662 841/1481/662 843/1482/662
o DL_Turret_X_-1_8
v -19.400000 1.700000 22.080000
v -13.800000 1.700000 22.080000
v -19.400000 1.453130 22.160213
v -13.800000 1.453130 22.160213
v -19.400000 1.300556 22.370213
v -13.800000 1.300556 22.370213
v -19.400000 1.300556 22.629787
v -13.800000 1.300556 22.629787
v -19.400000 1.453130 22.839787
v -13.800000 1.453130 22.839787
v -19.400000 1.700000 22.920000
v -13.800000 1.700000 22.920000
v -19.400000 1.946870 22.839787
v -13.800000 1.946870 22.839787
v -19.400000 2.099444 22.629787
v -13.800000 2.099444 22.629787
v -19.400000 2.099444 22.370213
v -13.800000 2.099444 22.370213
v -19.400000 1.946870 22.160213
v -13.800000 1.946870 22.160213
vn -0.0000 -0.3090 -0.9511
vn -0.0000 -0.8090 -0.5878
vn -0.0000 -1.0000 -0.0000
vn -0.0000 -0.8090 0.5878
vn -0.0000 -0.3090 0.9511
vn -0.0000 0.3090 0.9511
vn -0.0000 0.8090 0.5878
vn -0.0000 1.0000 -0.0000
vn 1.0000 -0.0000 -0.0000
vn -0.0000 0.8090 -0.5878
vn -0.0000 0.3090 -0.9511
vn -1.0000 -0.0000 -0.0000
vt 0.094366 0.350825
vt 0.094366 0.002750
vt 0.107418 0.002750
vt 0.107418 0.350825
vt 0.123553 0.002750
vt 0.123553 0.350825
vt 0.136605 0.002750
vt 0.136605 0.350825
vt 0.142105 0.350825
vt 0.142105 0.002750
vt 0.158240 0.002750
vt 0.158240 0.350825
vt 0.171292 0.002750
vt 0.171292 0.350825
vt 0.094366 0.704400
vt 0.094366 0.356325
vt 0.107418 0.356325
vt 0.107418 0.704400
vt 0.123553 0.356325
vt 0.123553 0.704400
vt 0.136605 0.356325
vt 0.136605 0.704400
vt 0.166933 0.762111
vt 0.151589 0.757126
vt 0.142105 0.744073
vt 0.142105 0.727939
vt 0.151589 0.714886
vt 0.166933 0.709900
vt 0.182278 0.714886
vt 0.191761 0.727939
vt 0.191761 0.744073
vt 0.182278 0.757126
vt 0.142105 0.704400
vt 0.142105 0.356325
vt 0.158240 0.356325
vt 0.158240 0.704400
vt 0.171292 0.356325
vt 0.171292 0.704400
vt 0.151589 0.814837
vt 0.142105 0.801784
vt 0.142105 0.785650
vt 0.151589 0.772597
vt 0.166933 0.767611
vt 0.182278 0.772597
vt 0.191761 0.785650
vt 0.191761 0.801784
vt 0.182278 0.814837
vt 0.166933 0.819823
s 0
usemtl DL2_IceBlue
f 845/1483/663 846/1484/663 848/1485/663 847/1486/663
f 847/1486/664 848/1485/664 850/1487/664 849/1488/664
f 849/1488/665 850/1487/665 852/1489/665 851/1490/665
f 851/1491/666 852/1492/666 854/1493/666 853/1494/666
f 853/1494/667 854/1493/667 856/1495/667 855/1496/667
f 855/1497/668 856/1498/668 858/1499/668 857/1500/668
f 857/1500/669 858/1499/669 860/1501/669 859/1502/669
f 859/1502/670 860/1501/670 862/1503/670 861/1504/670
f 848/1505/671 846/1506/671 864/1507/671 862/1508/671 860/1509/671 858/1510/671 856/1511/671 854/1512/671 852/1513/671 850/1514/671
f 861/1515/672 862/1516/672 864/1517/672 863/1518/672
f 863/1518/673 864/1517/673 846/1519/673 845/1520/673
f 845/1521/674 847/1522/674 849/1523/674 851/1524/674 853/1525/674 855/1526/674 857/1527/674 859/1528/674 861/1529/674 863/1530/674
o DL_Turret_X_1_2
v 5.800000 1.700000 -18.920000
v 11.400001 1.700000 -18.920000
v 5.800000 1.453130 -18.839787
v 11.400001 1.453130 -18.839787
v 5.800000 1.300556 -18.629787
v 11.400001 1.300556 -18.629787
v 5.800000 1.300556 -18.370213
v 11.400001 1.300556 -18.370213
v 5.800000 1.453130 -18.160213
v 11.400001 1.453130 -18.160213
v 5.800000 1.700000 -18.080000
v 11.400001 1.700000 -18.080000
v 5.800000 1.946870 -18.160213
v 11.400001 1.946870 -18.160213
v 5.800000 2.099444 -18.370213
v 11.400001 2.099444 -18.370213
v 5.800000 2.099444 -18.629787
v 11.400001 2.099444 -18.629787
v 5.800000 1.946870 -18.839787
v 11.400001 1.946870 -18.839787
vn -0.0000 -0.3090 -0.9511
vn -0.0000 -0.8090 -0.5878
vn -0.0000 -1.0000 -0.0000
vn -0.0000 -0.8090 0.5878
vn -0.0000 -0.3090 0.9511
vn -0.0000 0.3090 0.9511
vn -0.0000 0.8090 0.5878
vn -0.0000 1.0000 -0.0000
vn 1.0000 -0.0000 -0.0000
vn -0.0000 0.8090 -0.5878
vn -0.0000 0.3090 -0.9511
vn -1.0000 -0.0000 -0.0000
vt 0.094366 0.350825
vt 0.094366 0.002750
vt 0.107418 0.002750
vt 0.107418 0.350825
vt 0.123553 0.002750
vt 0.123553 0.350825
vt 0.136605 0.002750
vt 0.136605 0.350825
vt 0.142105 0.350825
vt 0.142105 0.002750
vt 0.158240 0.002750
vt 0.158240 0.350825
vt 0.171292 0.002750
vt 0.171292 0.350825
vt 0.094366 0.704400
vt 0.094366 0.356325
vt 0.107418 0.356325
vt 0.107418 0.704400
vt 0.123553 0.356325
vt 0.123553 0.704400
vt 0.136605 0.356325
vt 0.136605 0.704400
vt 0.166933 0.762111
vt 0.151589 0.757126
vt 0.142105 0.744073
vt 0.142105 0.727939
vt 0.151589 0.714886
vt 0.166933 0.709900
vt 0.182278 0.714886
vt 0.191761 0.727939
vt 0.191761 0.744073
vt 0.182278 0.757126
vt 0.142105 0.704400
vt 0.142105 0.356325
vt 0.158240 0.356325
vt 0.158240 0.704400
vt 0.171292 0.356325
vt 0.171292 0.704400
vt 0.151589 0.814837
vt 0.142105 0.801784
vt 0.142105 0.785650
vt 0.151589 0.772597
vt 0.166933 0.767611
vt 0.182278 0.772597
vt 0.191761 0.785650
vt 0.191761 0.801784
vt 0.182278 0.814837
vt 0.166933 0.819823
s 0
usemtl DL2_IceBlue
f 865/1531/675 866/1532/675 868/1533/675 867/1534/675
f 867/1534/676 868/1533/676 870/1535/676 869/1536/676
f 869/1536/677 870/1535/677 872/1537/677 871/1538/677
f 871/1539/678 872/1540/678 874/1541/678 873/1542/678
f 873/1542/679 874/1541/679 876/1543/679 875/1544/679
f 875/1545/680 876/1546/680 878/1547/680 877/1548/680
f 877/1548/681 878/1547/681 880/1549/681 879/1550/681
f 879/1550/682 880/1549/682 882/1551/682 881/1552/682
f 868/1553/683 866/1554/683 884/1555/683 882/1556/683 880/1557/683 878/1558/683 876/1559/683 874/1560/683 872/1561/683 870/1562/683
f 881/1563/684 882/1564/684 884/1565/684 883/1566/684
f 883/1566/685 884/1565/685 866/1567/685 865/1568/685
f 865/1569/686 867/1570/686 869/1571/686 871/1572/686 873/1573/686 875/1574/686 877/1575/686 879/1576/686 881/1577/686 883/1578/686
o DL_Turret_X_1_3
v 1.600000 1.700000 -22.920000
v 7.200000 1.700000 -22.920000
v 1.600000 1.453130 -22.839787
v 7.200000 1.453130 -22.839787
v 1.600000 1.300556 -22.629787
v 7.200000 1.300556 -22.629787
v 1.600000 1.300556 -22.370213
v 7.200000 1.300556 -22.370213
v 1.600000 1.453130 -22.160213
v 7.200000 1.453130 -22.160213
v 1.600000 1.700000 -22.080000
v 7.200000 1.700000 -22.080000
v 1.600000 1.946870 -22.160213
v 7.200000 1.946870 -22.160213
v 1.600000 2.099444 -22.370213
v 7.200000 2.099444 -22.370213
v 1.600000 2.099444 -22.629787
v 7.200000 2.099444 -22.629787
v 1.600000 1.946870 -22.839787
v 7.200000 1.946870 -22.839787
vn -0.0000 -0.3090 -0.9511
vn -0.0000 -0.8090 -0.5878
vn -0.0000 -1.0000 -0.0000
vn -0.0000 -0.8090 0.5878
vn -0.0000 -0.3090 0.9511
vn -0.0000 0.3090 0.9511
vn -0.0000 0.8090 0.5878
vn -0.0000 1.0000 -0.0000
vn 1.0000 -0.0000 -0.0000
vn -0.0000 0.8090 -0.5878
vn -0.0000 0.3090 -0.9511
vn -1.0000 -0.0000 -0.0000
vt 0.094366 0.350825
vt 0.094366 0.002750
vt 0.107418 0.002750
vt 0.107418 0.350825
vt 0.123553 0.002750
vt 0.123553 0.350825
vt 0.136605 0.002750
vt 0.136605 0.350825
vt 0.142105 0.350825
vt 0.142105 0.002750
vt 0.158240 0.002750
vt 0.158240 0.350825
vt 0.171292 0.002750
vt 0.171292 0.350825
vt 0.094366 0.704400
vt 0.094366 0.356325
vt 0.107418 0.356325
vt 0.107418 0.704400
vt 0.123553 0.356325
vt 0.123553 0.704400
vt 0.136605 0.356325
vt 0.136605 0.704400
vt 0.166933 0.762111
vt 0.151589 0.757126
vt 0.142105 0.744073
vt 0.142105 0.727939
vt 0.151589 0.714886
vt 0.166933 0.709900
vt 0.182278 0.714886
vt 0.191761 0.727939
vt 0.191761 0.744073
vt 0.182278 0.757126
vt 0.142105 0.704400
vt 0.142105 0.356325
vt 0.158240 0.356325
vt 0.158240 0.704400
vt 0.171292 0.356325
vt 0.171292 0.704400
vt 0.151589 0.814837
vt 0.142105 0.801784
vt 0.142105 0.785650
vt 0.151589 0.772597
vt 0.166933 0.767611
vt 0.182278 0.772597
vt 0.191761 0.785650
vt 0.191761 0.801784
vt 0.182278 0.814837
vt 0.166933 0.819823
s 0
usemtl DL2_IceBlue
f 885/1579/687 886/1580/687 888/1581/687 887/1582/687
f 887/1582/688 888/1581/688 890/1583/688 889/1584/688
f 889/1584/689 890/1583/689 892/1585/689 891/1586/689
f 891/1587/690 892/1588/690 894/1589/690 893/1590/690
f 893/1590/691 894/1589/691 896/1591/691 895/1592/691
f 895/1593/692 896/1594/692 898/1595/692 897/1596/692
f 897/1596/693 898/1595/693 900/1597/693 899/1598/693
f 899/1598/694 900/1597/694 902/1599/694 901/1600/694
f 888/1601/695 886/1602/695 904/1603/695 902/1604/695 900/1605/695 898/1606/695 896/1607/695 894/1608/695 892/1609/695 890/1610/695
f 901/1611/696 902/1612/696 904/1613/696 903/1614/696
f 903/1614/697 904/1613/697 886/1615/697 885/1616/697
f 885/1617/698 887/1618/698 889/1619/698 891/1620/698 893/1621/698 895/1622/698 897/1623/698 899/1624/698 901/1625/698 903/1626/698
o DL_Turret_X_1_4
v -2.600000 1.700000 -26.920000
v 3.000000 1.700000 -26.920000
v -2.600000 1.453130 -26.839787
v 3.000000 1.453130 -26.839787
v -2.600000 1.300556 -26.629787
v 3.000000 1.300556 -26.629787
v -2.600000 1.300556 -26.370213
v 3.000000 1.300556 -26.370213
v -2.600000 1.453130 -26.160213
v 3.000000 1.453130 -26.160213
v -2.600000 1.700000 -26.080000
v 3.000000 1.700000 -26.080000
v -2.600000 1.946870 -26.160213
v 3.000000 1.946870 -26.160213
v -2.600000 2.099444 -26.370213
v 3.000000 2.099444 -26.370213
v -2.600000 2.099444 -26.629787
v 3.000000 2.099444 -26.629787
v -2.600000 1.946870 -26.839787
v 3.000000 1.946870 -26.839787
vn -0.0000 -0.3090 -0.9511
vn -0.0000 -0.8090 -0.5878
vn -0.0000 -1.0000 -0.0000
vn -0.0000 -0.8090 0.5878
vn -0.0000 -0.3090 0.9511
vn -0.0000 0.3090 0.9511
vn -0.0000 0.8090 0.5878
vn -0.0000 1.0000 -0.0000
vn 1.0000 -0.0000 -0.0000
vn -0.0000 0.8090 -0.5878
vn -0.0000 0.3090 -0.9511
vn -1.0000 -0.0000 -0.0000
vt 0.094366 0.350825
vt 0.094366 0.002750
vt 0.107418 0.002750
vt 0.107418 0.350825
vt 0.123553 0.002750
vt 0.123553 0.350825
vt 0.136605 0.002750
vt 0.136605 0.350825
vt 0.142105 0.350825
vt 0.142105 0.002750
vt 0.158240 0.002750
vt 0.158240 0.350825
vt 0.171292 0.002750
vt 0.171292 0.350825
vt 0.094366 0.704400
vt 0.094366 0.356325
vt 0.107418 0.356325
vt 0.107418 0.704400
vt 0.123553 0.356325
vt 0.123553 0.704400
vt 0.136605 0.356325
vt 0.136605 0.704400
vt 0.166933 0.762111
vt 0.151589 0.757126
vt 0.142105 0.744073
vt 0.142105 0.727939
vt 0.151589 0.714886
vt 0.166933 0.709900
vt 0.182278 0.714886
vt 0.191761 0.727939
vt 0.191761 0.744073
vt 0.182278 0.757126
vt 0.142105 0.704400
vt 0.142105 0.356325
vt 0.158240 0.356325
vt 0.158240 0.704400
vt 0.171292 0.356325
vt 0.171292 0.704400
vt 0.151589 0.814837
vt 0.142105 0.801784
vt 0.142105 0.785650
vt 0.151589 0.772597
vt 0.166933 0.767611
vt 0.182278 0.772597
vt 0.191761 0.785650
vt 0.191761 0.801784
vt 0.182278 0.814837
vt 0.166933 0.819823
s 0
usemtl DL2_IceBlue
f 905/1627/699 906/1628/699 908/1629/699 907/1630/699
f 907/1630/700 908/1629/700 910/1631/700 909/1632/700
f 909/1632/701 910/1631/701 912/1633/701 911/1634/701
f 911/1635/702 912/1636/702 914/1637/702 913/1638/702
f 913/1638/703 914/1637/703 916/1639/703 915/1640/703
f 915/1641/704 916/1642/704 918/1643/704 917/1644/704
f 917/1644/705 918/1643/705 920/1645/705 919/1646/705
f 919/1646/706 920/1645/706 922/1647/706 921/1648/706
f 908/1649/707 906/1650/707 924/1651/707 922/1652/707 920/1653/707 918/1654/707 916/1655/707 914/1656/707 912/1657/707 910/1658/707
f 921/1659/708 922/1660/708 924/1661/708 923/1662/708
f 923/1662/709 924/1661/709 906/1663/709 905/1664/709
f 905/1665/710 907/1666/710 909/1667/710 911/1668/710 913/1669/710 915/1670/710 917/1671/710 919/1672/710 921/1673/710 923/1674/710
o DL_Turret_X_1_5
v -6.800000 1.700000 -10.920000
v -1.200000 1.700000 -10.920000
v -6.800000 1.453130 -10.839787
v -1.200000 1.453130 -10.839787
v -6.800000 1.300556 -10.629787
v -1.200000 1.300556 -10.629787
v -6.800000 1.300556 -10.370213
v -1.200000 1.300556 -10.370213
v -6.800000 1.453130 -10.160213
v -1.200000 1.453130 -10.160213
v -6.800000 1.700000 -10.080000
v -1.200000 1.700000 -10.080000
v -6.800000 1.946870 -10.160213
v -1.200000 1.946870 -10.160213
v -6.800000 2.099444 -10.370213
v -1.200000 2.099444 -10.370213
v -6.800000 2.099444 -10.629787
v -1.200000 2.099444 -10.629787
v -6.800000 1.946870 -10.839787
v -1.200000 1.946870 -10.839787
vn -0.0000 -0.3090 -0.9511
vn -0.0000 -0.8090 -0.5878
vn -0.0000 -1.0000 -0.0000
vn -0.0000 -0.8090 0.5878
vn -0.0000 -0.3090 0.9511
vn -0.0000 0.3090 0.9511
vn -0.0000 0.8090 0.5878
vn -0.0000 1.0000 -0.0000
vn 1.0000 -0.0000 -0.0000
vn -0.0000 0.8090 -0.5878
vn -0.0000 0.3090 -0.9511
vn -1.0000 -0.0000 -0.0000
vt 0.094366 0.350825
vt 0.094366 0.002750
vt 0.107418 0.002750
vt 0.107418 0.350825
vt 0.123553 0.002750
vt 0.123553 0.350825
vt 0.136605 0.002750
vt 0.136605 0.350825
vt 0.142105 0.350825
vt 0.142105 0.002750
vt 0.158240 0.002750
vt 0.158240 0.350825
vt 0.171292 0.002750
vt 0.171292 0.350825
vt 0.094366 0.704400
vt 0.094366 0.356325
vt 0.107418 0.356325
vt 0.107418 0.704400
vt 0.123553 0.356325
vt 0.123553 0.704400
vt 0.136605 0.356325
vt 0.136605 0.704400
vt 0.166933 0.762111
vt 0.151589 0.757126
vt 0.142105 0.744073
vt 0.142105 0.727939
vt 0.151589 0.714886
vt 0.166933 0.709900
vt 0.182278 0.714886
vt 0.191761 0.727939
vt 0.191761 0.744073
vt 0.182278 0.757126
vt 0.142105 0.704400
vt 0.142105 0.356325
vt 0.158240 0.356325
vt 0.158240 0.704400
vt 0.171292 0.356325
vt 0.171292 0.704400
vt 0.151589 0.814837
vt 0.142105 0.801784
vt 0.142105 0.785650
vt 0.151589 0.772597
vt 0.166933 0.767611
vt 0.182278 0.772597
vt 0.191761 0.785650
vt 0.191761 0.801784
vt 0.182278 0.814837
vt 0.166933 0.819823
s 0
usemtl DL2_IceBlue
f 925/1675/711 926/1676/711 928/1677/711 927/1678/711
f 927/1678/712 928/1677/712 930/1679/712 929/1680/712
f 929/1680/713 930/1679/713 932/1681/713 931/1682/713
f 931/1683/714 932/1684/714 934/1685/714 933/1686/714
f 933/1686/715 934/1685/715 936/1687/715 935/1688/715
f 935/1689/716 936/1690/716 938/1691/716 937/1692/716
f 937/1692/717 938/1691/717 940/1693/717 939/1694/717
f 939/1694/718 940/1693/718 942/1695/718 941/1696/718
f 928/1697/719 926/1698/719 944/1699/719 942/1700/719 940/1701/719 938/1702/719 936/1703/719 934/1704/719 932/1705/719 930/1706/719
f 941/1707/720 942/1708/720 944/1709/720 943/1710/720
f 943/1710/721 944/1709/721 926/1711/721 925/1712/721
f 925/1713/722 927/1714/722 929/1715/722 931/1716/722 933/1717/722 935/1718/722 937/1719/722 939/1720/722 941/1721/722 943/1722/722
o DL_Turret_X_1_6
v -11.000000 1.700000 -14.920000
v -5.400000 1.700000 -14.920000
v -11.000000 1.453130 -14.839787
v -5.400000 1.453130 -14.839787
v -11.000000 1.300556 -14.629787
v -5.400000 1.300556 -14.629787
v -11.000000 1.300556 -14.370213
v -5.400000 1.300556 -14.370213
v -11.000000 1.453130 -14.160213
v -5.400000 1.453130 -14.160213
v -11.000000 1.700000 -14.080000
v -5.400000 1.700000 -14.080000
v -11.000000 1.946870 -14.160213
v -5.400000 1.946870 -14.160213
v -11.000000 2.099444 -14.370213
v -5.400000 2.099444 -14.370213
v -11.000000 2.099444 -14.629787
v -5.400000 2.099444 -14.629787
v -11.000000 1.946870 -14.839787
v -5.400000 1.946870 -14.839787
vn -0.0000 -0.3090 -0.9511
vn -0.0000 -0.8090 -0.5878
vn -0.0000 -1.0000 -0.0000
vn -0.0000 -0.8090 0.5878
vn -0.0000 -0.3090 0.9511
vn -0.0000 0.3090 0.9511
vn -0.0000 0.8090 0.5878
vn -0.0000 1.0000 -0.0000
vn 1.0000 -0.0000 -0.0000
vn -0.0000 0.8090 -0.5878
vn -0.0000 0.3090 -0.9511
vn -1.0000 -0.0000 -0.0000
vt 0.094366 0.350825
vt 0.094366 0.002750
vt 0.107418 0.002750
vt 0.107418 0.350825
vt 0.123553 0.002750
vt 0.123553 0.350825
vt 0.136605 0.002750
vt 0.136605 0.350825
vt 0.142105 0.350825
vt 0.142105 0.002750
vt 0.158240 0.002750
vt 0.158240 0.350825
vt 0.171292 0.002750
vt 0.171292 0.350825
vt 0.094366 0.704400
vt 0.094366 0.356325
vt 0.107418 0.356325
vt 0.107418 0.704400
vt 0.123553 0.356325
vt 0.123553 0.704400
vt 0.136605 0.356325
vt 0.136605 0.704400
vt 0.166933 0.762111
vt 0.151589 0.757126
vt 0.142105 0.744073
vt 0.142105 0.727939
vt 0.151589 0.714886
vt 0.166933 0.709900
vt 0.182278 0.714886
vt 0.191761 0.727939
vt 0.191761 0.744073
vt 0.182278 0.757126
vt 0.142105 0.704400
vt 0.142105 0.356325
vt 0.158240 0.356325
vt 0.158240 0.704400
vt 0.171292 0.356325
vt 0.171292 0.704400
vt 0.151589 0.814837
vt 0.142105 0.801784
vt 0.142105 0.785650
vt 0.151589 0.772597
vt 0.166933 0.767611
vt 0.182278 0.772597
vt 0.191761 0.785650
vt 0.191761 0.801784
vt 0.182278 0.814837
vt 0.166933 0.819823
s 0
usemtl DL2_IceBlue
f 945/1723/723 946/1724/723 948/1725/723 947/1726/723
f 947/1726/724 948/1725/724 950/1727/724 949/1728/724
f 949/1728/725 950/1727/725 952/1729/725 951/1730/725
f 951/1731/726 952/1732/726 954/1733/726 953/1734/726
f 953/1734/727 954/1733/727 956/1735/727 955/1736/727
f 955/1737/728 956/1738/728 958/1739/728 957/1740/728
f 957/1740/729 958/1739/729 960/1741/729 959/1742/729
f 959/1742/730 960/1741/730 962/1743/730 961/1744/730
f 948/1745/731 946/1746/731 964/1747/731 962/1748/731 960/1749/731 958/1750/731 956/1751/731 954/1752/731 952/1753/731 950/1754/731
f 961/1755/732 962/1756/732 964/1757/732 963/1758/732
f 963/1758/733 964/1757/733 946/1759/733 945/1760/733
f 945/1761/734 947/1762/734 949/1763/734 951/1764/734 953/1765/734 955/1766/734 957/1767/734 959/1768/734 961/1769/734 963/1770/734
o DL_Turret_X_1_7
v -15.200000 1.700000 -18.920000
v -9.599999 1.700000 -18.920000
v -15.200000 1.453130 -18.839787
v -9.599999 1.453130 -18.839787
v -15.200000 1.300556 -18.629787
v -9.599999 1.300556 -18.629787
v -15.200000 1.300556 -18.370213
v -9.599999 1.300556 -18.370213
v -15.200000 1.453130 -18.160213
v -9.599999 1.453130 -18.160213
v -15.200000 1.700000 -18.080000
v -9.599999 1.700000 -18.080000
v -15.200000 1.946870 -18.160213
v -9.599999 1.946870 -18.160213
v -15.200000 2.099444 -18.370213
v -9.599999 2.099444 -18.370213
v -15.200000 2.099444 -18.629787
v -9.599999 2.099444 -18.629787
v -15.200000 1.946870 -18.839787
v -9.599999 1.946870 -18.839787
vn -0.0000 -0.3090 -0.9511
vn -0.0000 -0.8090 -0.5878
vn -0.0000 -1.0000 -0.0000
vn -0.0000 -0.8090 0.5878
vn -0.0000 -0.3090 0.9511
vn -0.0000 0.3090 0.9511
vn -0.0000 0.8090 0.5878
vn -0.0000 1.0000 -0.0000
vn 1.0000 -0.0000 -0.0000
vn -0.0000 0.8090 -0.5878
vn -0.0000 0.3090 -0.9511
vn -1.0000 -0.0000 -0.0000
vt 0.094366 0.350825
vt 0.094366 0.002750
vt 0.107418 0.002750
vt 0.107418 0.350825
vt 0.123553 0.002750
vt 0.123553 0.350825
vt 0.136605 0.002750
vt 0.136605 0.350825
vt 0.142105 0.350825
vt 0.142105 0.002750
vt 0.158240 0.002750
vt 0.158240 0.350825
vt 0.171292 0.002750
vt 0.171292 0.350825
vt 0.094366 0.704400
vt 0.094366 0.356325
vt 0.107418 0.356325
vt 0.107418 0.704400
vt 0.123553 0.356325
vt 0.123553 0.704400
vt 0.136605 0.356325
vt 0.136605 0.704400
vt 0.166933 0.762111
vt 0.151589 0.757126
vt 0.142105 0.744073
vt 0.142105 0.727939
vt 0.151589 0.714886
vt 0.166933 0.709900
vt 0.182278 0.714886
vt 0.191761 0.727939
vt 0.191761 0.744073
vt 0.182278 0.757126
vt 0.142105 0.704400
vt 0.142105 0.356325
vt 0.158240 0.356325
vt 0.158240 0.704400
vt 0.171292 0.356325
vt 0.171292 0.704400
vt 0.151589 0.814837
vt 0.142105 0.801784
vt 0.142105 0.785650
vt 0.151589 0.772597
vt 0.166933 0.767611
vt 0.182278 0.772597
vt 0.191761 0.785650
vt 0.191761 0.801784
vt 0.182278 0.814837
vt 0.166933 0.819823
s 0
usemtl DL2_IceBlue
f 965/1771/735 966/1772/735 968/1773/735 967/1774/735
f 967/1774/736 968/1773/736 970/1775/736 969/1776/736
f 969/1776/737 970/1775/737 972/1777/737 971/1778/737
f 971/1779/738 972/1780/738 974/1781/738 973/1782/738
f 973/1782/739 974/1781/739 976/1783/739 975/1784/739
f 975/1785/740 976/1786/740 978/1787/740 977/1788/740
f 977/1788/741 978/1787/741 980/1789/741 979/1790/741
f 979/1790/742 980/1789/742 982/1791/742 981/1792/742
f 968/1793/743 966/1794/743 984/1795/743 982/1796/743 980/1797/743 978/1798/743 976/1799/743 974/1800/743 972/1801/743 970/1802/743
f 981/1803/744 982/1804/744 984/1805/744 983/1806/744
f 983/1806/745 984/1805/745 966/1807/745 965/1808/745
f 965/1809/746 967/1810/746 969/1811/746 971/1812/746 973/1813/746 975/1814/746 977/1815/746 979/1816/746 981/1817/746 983/1818/746
o DL_Turret_X_1_8
v -19.400000 1.700000 -22.920000
v -13.800000 1.700000 -22.920000
v -19.400000 1.453130 -22.839787
v -13.800000 1.453130 -22.839787
v -19.400000 1.300556 -22.629787
v -13.800000 1.300556 -22.629787
v -19.400000 1.300556 -22.370213
v -13.800000 1.300556 -22.370213
v -19.400000 1.453130 -22.160213
v -13.800000 1.453130 -22.160213
v -19.400000 1.700000 -22.080000
v -13.800000 1.700000 -22.080000
v -19.400000 1.946870 -22.160213
v -13.800000 1.946870 -22.160213
v -19.400000 2.099444 -22.370213
v -13.800000 2.099444 -22.370213
v -19.400000 2.099444 -22.629787
v -13.800000 2.099444 -22.629787
v -19.400000 1.946870 -22.839787
v -13.800000 1.946870 -22.839787
vn -0.0000 -0.3090 -0.9511
vn -0.0000 -0.8090 -0.5878
vn -0.0000 -1.0000 -0.0000
vn -0.0000 -0.8090 0.5878
vn -0.0000 -0.3090 0.9511
vn -0.0000 0.3090 0.9511
vn -0.0000 0.8090 0.5878
vn -0.0000 1.0000 -0.0000
vn 1.0000 -0.0000 -0.0000
vn -0.0000 0.8090 -0.5878
vn -0.0000 0.3090 -0.9511
vn -1.0000 -0.0000 -0.0000
vt 0.094366 0.350825
vt 0.094366 0.002750
vt 0.107418 0.002750
vt 0.107418 0.350825
vt 0.123553 0.002750
vt 0.123553 0.350825
vt 0.136605 0.002750
vt 0.136605 0.350825
vt 0.142105 0.350825
vt 0.142105 0.002750
vt 0.158240 0.002750
vt 0.158240 0.350825
vt 0.171292 0.002750
vt 0.171292 0.350825
vt 0.094366 0.704400
vt 0.094366 0.356325
vt 0.107418 0.356325
vt 0.107418 0.704400
vt 0.123553 0.356325
vt 0.123553 0.704400
vt 0.136605 0.356325
vt 0.136605 0.704400
vt 0.166933 0.762111
vt 0.151589 0.757126
vt 0.142105 0.744073
vt 0.142105 0.727939
vt 0.151589 0.714886
vt 0.166933 0.709900
vt 0.182278 0.714886
vt 0.191761 0.727939
vt 0.191761 0.744073
vt 0.182278 0.757126
vt 0.142105 0.704400
vt 0.142105 0.356325
vt 0.158240 0.356325
vt 0.158240 0.704400
vt 0.171292 0.356325
vt 0.171292 0.704400
vt 0.151589 0.814837
vt 0.142105 0.801784
vt 0.142105 0.785650
vt 0.151589 0.772597
vt 0.166933 0.767611
vt 0.182278 0.772597
vt 0.191761 0.785650
vt 0.191761 0.801784
vt 0.182278 0.814837
vt 0.166933 0.819823
s 0
usemtl DL2_IceBlue
f 985/1819/747 986/1820/747 988/1821/747 987/1822/747
f 987/1822/748 988/1821/748 990/1823/748 989/1824/748
f 989/1824/749 990/1823/749 992/1825/749 991/1826/749
f 991/1827/750 992/1828/750 994/1829/750 993/1830/750
f 993/1830/751 994/1829/751 996/1831/751 995/1832/751
f 995/1833/752 996/1834/752 998/1835/752 997/1836/752
f 997/1836/753 998/1835/753 1000/1837/753 999/1838/753
f 999/1838/754 1000/1837/754 1002/1839/754 1001/1840/754
f 988/1841/755 986/1842/755 1004/1843/755 1002/1844/755 1000/1845/755 998/1846/755 996/1847/755 994/1848/755 992/1849/755 990/1850/755
f 1001/1851/756 1002/1852/756 1004/1853/756 1003/1854/756
f 1003/1854/757 1004/1853/757 986/1855/757 985/1856/757
f 985/1857/758 987/1858/758 989/1859/758 991/1860/758 993/1861/758 995/1862/758 997/1863/758 999/1864/758 1001/1865/758 1003/1866/758
o DL_Wing_Armor_-1_1
v 1.752381 1.580000 15.481843
v 1.714349 1.740000 15.637258
v 1.596967 1.740000 15.443810
v 1.725488 1.626863 15.591738
v 1.640695 1.647624 15.549613
v 1.615594 1.740000 15.564844
v 1.642487 1.626863 15.454950
v 1.714349 2.260000 15.637258
v 1.752381 2.420000 15.481843
v 1.596967 2.260000 15.443810
v 1.725488 2.373137 15.591738
v 1.640695 2.352376 15.549613
v 1.642487 2.373137 15.454950
v 1.615594 2.260000 15.564844
v 2.341884 1.580000 13.072925
v 2.186470 1.740000 13.034893
v 2.379916 1.740000 12.917511
v 2.231989 1.626863 13.046032
v 2.274114 1.647624 12.961239
v 2.258882 1.740000 12.936138
v 2.368777 1.626863 12.963031
v 2.341884 2.420000 13.072925
v 2.379916 2.260000 12.917511
v 2.186470 2.260000 13.034893
v 2.368777 2.373137 12.963031
v 2.274114 2.352376 12.961239
v 2.258882 2.260000 12.936138
v 2.231989 2.373137 13.046032
v 7.658116 1.580000 16.927074
v 7.813530 1.740000 16.965107
v 7.620084 1.740000 17.082489
v 7.768011 1.626863 16.953968
v 7.725886 1.647624 17.038761
v 7.741117 1.740000 17.063862
v 7.631223 1.626863 17.036968
v 7.658116 2.420000 16.927074
v 7.620084 2.260000 17.082489
v 7.813530 2.260000 16.965107
v 7.631223 2.373137 17.036968
v 7.725886 2.352376 17.038761
v 7.741117 2.260000 17.063862
v 7.768011 2.373137 16.953968
v 8.247619 1.580000 14.518157
v 8.285651 1.740000 14.362742
v 8.403032 1.740000 14.556190
v 8.274511 1.626863 14.408262
v 8.359304 1.647624 14.450387
v 8.384406 1.740000 14.435156
v 8.357513 1.626863 14.545050
v 8.247619 2.420000 14.518157
v 8.403032 2.260000 14.556190
v 8.285651 2.260000 14.362742
v 8.357513 2.373137 14.545050
v 8.359304 2.352376 14.450387
v 8.384406 2.260000 14.435156
v 8.274511 2.373137 14.408262
vn -0.3930 -0.8881 0.2385
vn -0.5268 -0.3251 0.7854
vn -0.9399 -0.3251 0.1046
vn -0.5268 0.3251 0.7854
vn -0.3930 0.8881 0.2385
vn -0.9399 0.3251 0.1046
vn -0.2385 -0.8881 -0.3930
vn -0.7854 -0.3251 -0.5268
vn -0.1046 -0.3251 -0.9399
vn -0.2385 0.8881 -0.3930
vn -0.1046 0.3251 -0.9399
vn -0.7854 0.3251 -0.5268
vn 0.2385 -0.8881 0.3930
vn 0.7854 -0.3251 0.5268
vn 0.1046 -0.3251 0.9399
vn 0.2385 0.8881 0.3930
vn 0.1046 0.3251 0.9399
vn 0.7854 0.3251 0.5268
vn 0.3930 -0.8881 -0.2385
vn 0.5268 -0.3251 -0.7854
vn 0.9399 -0.3251 -0.1046
vn 0.3930 0.8881 -0.2385
vn 0.9399 0.3251 -0.1046
vn 0.5268 0.3251 -0.7854
vn -0.3717 -0.9239 -0.0910
vn -0.8974 -0.3827 -0.2196
vn -0.5913 -0.0000 0.8064
vn -0.9884 -0.0000 0.1521
vn -0.3717 0.9239 -0.0910
vn -0.8974 0.3827 -0.2196
vn -0.1521 -0.0000 -0.9884
vn -0.8064 -0.0000 -0.5913
vn 0.0910 -0.9239 -0.3717
vn 0.2196 -0.3827 -0.8974
vn 0.0910 0.9239 -0.3717
vn 0.2196 0.3827 -0.8974
vn 0.9884 -0.0000 -0.1521
vn 0.5913 -0.0000 -0.8064
vn 0.3717 -0.9239 0.0910
vn 0.8974 -0.3827 0.2196
vn 0.3717 0.9239 0.0910
vn 0.8974 0.3827 0.2196
vn 0.1521 -0.0000 0.9884
vn 0.8064 -0.0000 0.5913
vn -0.0910 -0.9239 0.3717
vn -0.2196 -0.3827 0.8974
vn -0.0910 0.9239 0.3717
vn -0.2196 0.3827 0.8974
vn -0.0000 -1.0000 -0.0000
vn -0.9713 -0.0000 -0.2377
vn -0.2377 -0.0000 0.9713
vn -0.0000 1.0000 -0.0000
vn 0.2377 -0.0000 -0.9713
vn 0.9713 -0.0000 0.2377
vt 0.013811 0.013811
vt 0.003889 0.013811
vt 0.003889 0.008083
vt 0.013811 0.003889
vt 0.469099 0.418478
vt 0.469099 0.408556
vt 0.474828 0.408556
vt 0.479021 0.418478
vt 0.569331 0.167606
vt 0.579253 0.167606
vt 0.579253 0.173334
vt 0.569331 0.177528
vt 0.436852 0.418478
vt 0.426930 0.418478
vt 0.426930 0.412750
vt 0.436852 0.408556
vt 0.195228 0.390856
vt 0.195228 0.400778
vt 0.189500 0.400778
vt 0.185306 0.390856
vt 0.537084 0.167606
vt 0.537084 0.177528
vt 0.531355 0.177528
vt 0.527162 0.167606
vt 0.167606 0.013811
vt 0.167606 0.003889
vt 0.173334 0.003889
vt 0.177528 0.013811
vt 0.569331 0.013811
vt 0.569331 0.003889
vt 0.575060 0.003889
vt 0.579253 0.013811
vt 0.469099 0.390856
vt 0.479021 0.390856
vt 0.479021 0.396584
vt 0.469099 0.400778
vt 0.349023 0.390856
vt 0.358945 0.390856
vt 0.358945 0.396584
vt 0.349023 0.400778
vt 0.436852 0.390856
vt 0.436852 0.400778
vt 0.431123 0.400778
vt 0.426930 0.390856
vt 0.537084 0.013811
vt 0.527162 0.013811
vt 0.527162 0.008083
vt 0.537084 0.003889
vt 0.013811 0.390856
vt 0.013811 0.400778
vt 0.008083 0.400778
vt 0.003889 0.390856
vt 0.569331 0.195228
vt 0.569331 0.185306
vt 0.575060 0.185306
vt 0.579253 0.195228
vt 0.469099 0.795523
vt 0.479021 0.795522
vt 0.479021 0.801251
vt 0.469099 0.805445
vt 0.195228 0.013811
vt 0.185306 0.013811
vt 0.185306 0.008083
vt 0.195228 0.003889
vt 0.436852 0.795523
vt 0.436852 0.805445
vt 0.431123 0.805445
vt 0.426930 0.795522
vt 0.537084 0.195228
vt 0.527162 0.195228
vt 0.527162 0.189500
vt 0.537084 0.185306
vt 0.167606 0.390856
vt 0.177528 0.390856
vt 0.177528 0.396584
vt 0.167606 0.400778
vt 0.469099 0.013811
vt 0.469099 0.003889
vt 0.474828 0.003889
vt 0.479021 0.013811
vt 0.569331 0.349023
vt 0.579253 0.349023
vt 0.579253 0.354751
vt 0.569331 0.358945
vt 0.349023 0.013811
vt 0.349023 0.003889
vt 0.354751 0.003889
vt 0.358945 0.013811
vt 0.537084 0.349023
vt 0.537084 0.358945
vt 0.531355 0.358945
vt 0.527161 0.349023
vt 0.436852 0.013811
vt 0.426930 0.013811
vt 0.426930 0.008083
vt 0.436852 0.003889
s 0
usemtl DL2_Hull_Silver
f 1005/1867/759 1008/1868/759 1009/1869/759 1011/1870/759
f 1006/1871/760 1010/1872/760 1009/1873/760 1008/1874/760
f 1007/1875/761 1011/1876/761 1009/1877/761 1010/1878/761
f 1012/1879/762 1015/1880/762 1016/1881/762 1018/1882/762
f 1013/1883/763 1017/1884/763 1016/1885/763 1015/1886/763
f 1014/1887/764 1018/1888/764 1016/1889/764 1017/1890/764
f 1019/1891/765 1022/1892/765 1023/1893/765 1025/1894/765
f 1020/1895/766 1024/1896/766 1023/1897/766 1022/1898/766
f 1021/1899/767 1025/1900/767 1023/1901/767 1024/1902/767
f 1026/1903/768 1029/1904/768 1030/1905/768 1032/1906/768
f 1027/1907/769 1031/1908/769 1030/1909/769 1029/1910/769
f 1028/1911/770 1032/1912/770 1030/1913/770 1031/1914/770
f 1033/1915/771 1036/1916/771 1037/1917/771 1039/1918/771
f 1034/1919/772 1038/1920/772 1037/1921/772 1036/1922/772
f 1035/1923/773 1039/1924/773 1037/1925/773 1038/1926/773
f 1040/1927/774 1043/1928/774 1044/1929/774 1046/1930/774
f 1041/1931/775 1045/1932/775 1044/1933/775 1043/1934/775
f 1042/1935/776 1046/1936/776 1044/1937/776 1045/1938/776
f 1047/1939/777 1050/1940/777 1051/1941/777 1053/1942/777
f 1048/1943/778 1052/1944/778 1051/1945/778 1050/1946/778
f 1049/1947/779 1053/1948/779 1051/1949/779 1052/1950/779
f 1054/1951/780 1057/1952/780 1058/1953/780 1060/1954/780
f 1055/1955/781 1059/1956/781 1058/1957/781 1057/1958/781
f 1056/1959/782 1060/1960/782 1058/1961/782 1059/1962/782
f 1019/1891/783 1005/1867/783 1011/1870/783 1022/1892/783
f 1022/1898/784 1011/1876/784 1007/1875/784 1020/1895/784
f 1006/1871/785 1012/1879/785 1018/1882/785 1010/1872/785
f 1010/1878/786 1018/1888/786 1014/1887/786 1007/1875/786
f 1013/1883/787 1026/1903/787 1032/1906/787 1017/1884/787
f 1017/1890/788 1032/1912/788 1028/1911/788 1014/1887/788
f 1027/1907/789 1021/1899/789 1024/1902/789 1031/1908/789
f 1031/1914/790 1024/1896/790 1020/1895/790 1028/1911/790
f 1047/1939/791 1019/1891/791 1025/1894/791 1050/1940/791
f 1050/1946/792 1025/1900/792 1021/1899/792 1048/1943/792
f 1026/1903/793 1054/1951/793 1060/1954/793 1029/1904/793
f 1029/1910/794 1060/1960/794 1056/1959/794 1027/1907/794
f 1055/1955/795 1049/1947/795 1052/1950/795 1059/1956/795
f 1059/1962/796 1052/1944/796 1048/1943/796 1056/1959/796
f 1033/1915/797 1047/1939/797 1053/1942/797 1036/1916/797
f 1036/1922/798 1053/1948/798 1049/1947/798 1034/1919/798
f 1054/1951/799 1040/1927/799 1046/1930/799 1057/1952/799
f 1057/1958/800 1046/1936/800 1042/1935/800 1055/1955/800
f 1041/1931/801 1035/1923/801 1038/1926/801 1045/1932/801
f 1045/1938/802 1038/1920/802 1034/1919/802 1042/1935/802
f 1005/1867/803 1033/1915/803 1039/1918/803 1008/1868/803
f 1008/1874/804 1039/1924/804 1035/1923/804 1006/1871/804
f 1040/1927/805 1013/1883/805 1015/1886/805 1043/1928/805
f 1043/1934/806 1015/1880/806 1012/1879/806 1041/1931/806
f 1019/1891/807 1047/1939/807 1033/1915/807 1005/1867/807
f 1007/1875/808 1014/1887/808 1028/1911/808 1020/1895/808
f 1035/1923/809 1041/1931/809 1012/1879/809 1006/1871/809
f 1054/1951/810 1026/1903/810 1013/1883/810 1040/1927/810
f 1021/1899/811 1027/1907/811 1056/1959/811 1048/1943/811
f 1049/1947/812 1055/1955/812 1042/1935/812 1034/1919/812
o DL_Wing_Light_-1_1
v 3.067653 2.420000 13.100663
v 3.058145 2.460000 13.139517
v 3.028800 2.460000 13.091155
v 3.060930 2.431716 13.128137
v 3.039732 2.436906 13.117606
v 3.033456 2.460000 13.121413
v 3.040180 2.431716 13.093940
v 3.058145 2.540000 13.139517
v 3.067653 2.580000 13.100663
v 3.028800 2.540000 13.091155
v 3.060930 2.568284 13.128137
v 3.039732 2.563094 13.117606
v 3.040180 2.568284 13.093940
v 3.033456 2.540000 13.121413
v 3.124702 2.420000 12.867542
v 3.085848 2.460000 12.858034
v 3.134210 2.460000 12.828689
v 3.097228 2.431716 12.860819
v 3.107759 2.436906 12.839621
v 3.103951 2.460000 12.833345
v 3.131425 2.431716 12.840069
v 3.124702 2.580000 12.867542
v 3.134210 2.540000 12.828689
v 3.085848 2.540000 12.858034
v 3.131425 2.568284 12.840069
v 3.107759 2.563094 12.839621
v 3.103951 2.540000 12.833345
v 3.097228 2.568284 12.860819
v 6.875298 2.420000 14.032457
v 6.914152 2.460000 14.041965
v 6.865790 2.460000 14.071311
v 6.902772 2.431716 14.039181
v 6.892241 2.436906 14.060379
v 6.896049 2.460000 14.066654
v 6.868575 2.431716 14.059931
v 6.875298 2.580000 14.032457
v 6.865790 2.540000 14.071311
v 6.914152 2.540000 14.041965
v 6.868575 2.568284 14.059931
v 6.892241 2.563094 14.060379
v 6.896049 2.540000 14.066654
v 6.902772 2.568284 14.039181
v 6.932347 2.420000 13.799336
v 6.941855 2.460000 13.760483
v 6.971200 2.460000 13.808845
v 6.939070 2.431716 13.771863
v 6.960268 2.436906 13.782393
v 6.966544 2.460000 13.778586
v 6.959820 2.431716 13.806060
v 6.932347 2.580000 13.799336
v 6.971200 2.540000 13.808845
v 6.941855 2.540000 13.760483
v 6.959820 2.568284 13.806060
v 6.960268 2.563094 13.782393
v 6.966544 2.540000 13.778586
v 6.939070 2.568284 13.771863
vn -0.3930 -0.8881 0.2385
vn -0.5268 -0.3251 0.7854
vn -0.9399 -0.3251 0.1046
vn -0.5268 0.3251 0.7854
vn -0.3930 0.8881 0.2385
vn -0.9399 0.3251 0.1046
vn -0.2385 -0.8881 -0.3930
vn -0.7854 -0.3251 -0.5268
vn -0.1046 -0.3251 -0.9399
vn -0.2385 0.8881 -0.3930
vn -0.1046 0.3251 -0.9399
vn -0.7854 0.3251 -0.5268
vn 0.2385 -0.8881 0.3930
vn 0.7854 -0.3251 0.5268
vn 0.1046 -0.3251 0.9399
vn 0.2385 0.8881 0.3930
vn 0.1046 0.3251 0.9399
vn 0.7854 0.3251 0.5268
vn 0.3930 -0.8881 -0.2385
vn 0.5268 -0.3251 -0.7854
vn 0.9399 -0.3251 -0.1046
vn 0.3930 0.8881 -0.2385
vn 0.9399 0.3251 -0.1046
vn 0.5268 0.3251 -0.7854
vn -0.3717 -0.9239 -0.0910
vn -0.8974 -0.3827 -0.2196
vn -0.5913 -0.0000 0.8064
vn -0.9884 -0.0000 0.1521
vn -0.3717 0.9239 -0.0910
vn -0.8974 0.3827 -0.2196
vn -0.1521 -0.0000 -0.9884
vn -0.8064 -0.0000 -0.5913
vn 0.0910 -0.9239 -0.3717
vn 0.2196 -0.3827 -0.8974
vn 0.0910 0.9239 -0.3717
vn 0.2196 0.3827 -0.8974
vn 0.9884 -0.0000 -0.1521
vn 0.5913 -0.0000 -0.8064
vn 0.3717 -0.9239 0.0910
vn 0.8974 -0.3827 0.2196
vn 0.3717 0.9239 0.0910
vn 0.8974 0.3827 0.2196
vn 0.1521 -0.0000 0.9884
vn 0.8064 -0.0000 0.5913
vn -0.0910 -0.9239 0.3717
vn -0.2196 -0.3827 0.8974
vn -0.0910 0.9239 0.3717
vn -0.2196 0.3827 0.8974
vn -0.0000 -1.0000 -0.0000
vn -0.9713 -0.0000 -0.2377
vn -0.2377 -0.0000 0.9713
vn -0.0000 1.0000 -0.0000
vn 0.2377 -0.0000 -0.9713
vn 0.9713 -0.0000 0.2377
vt 0.090729 0.004548
vt 0.088240 0.004548
vt 0.088240 0.003111
vt 0.090729 0.002059
vt 0.119744 0.004548
vt 0.119744 0.002059
vt 0.121181 0.002059
vt 0.122233 0.004548
vt 0.119744 0.325624
vt 0.122233 0.325624
vt 0.122233 0.327061
vt 0.119744 0.328113
vt 0.114764 0.004548
vt 0.112275 0.004548
vt 0.112275 0.003111
vt 0.114764 0.002059
vt 0.090729 0.501628
vt 0.090729 0.504117
vt 0.089292 0.504117
vt 0.088240 0.501628
vt 0.114764 0.325624
vt 0.114764 0.328113
vt 0.113327 0.328113
vt 0.112275 0.325624
vt 0.105668 0.004548
vt 0.105668 0.002059
vt 0.107105 0.002059
vt 0.108157 0.004548
vt 0.119744 0.310686
vt 0.119744 0.308196
vt 0.121181 0.308196
vt 0.122233 0.310686
vt 0.095709 0.754716
vt 0.098199 0.754716
vt 0.098199 0.756153
vt 0.095709 0.757205
vt 0.105668 0.501628
vt 0.108157 0.501628
vt 0.108157 0.503065
vt 0.105668 0.504117
vt 0.090729 0.754715
vt 0.090729 0.757205
vt 0.089292 0.757205
vt 0.088240 0.754716
vt 0.114764 0.310686
vt 0.112275 0.310686
vt 0.112275 0.309248
vt 0.114764 0.308196
vt 0.090729 0.248540
vt 0.090729 0.251029
vt 0.089292 0.251029
vt 0.088240 0.248540
vt 0.119744 0.334720
vt 0.119744 0.332231
vt 0.121181 0.332231
vt 0.122233 0.334720
vt 0.119744 0.248540
vt 0.122233 0.248540
vt 0.122233 0.249977
vt 0.119744 0.251029
vt 0.090729 0.257636
vt 0.088240 0.257636
vt 0.088240 0.256199
vt 0.090729 0.255147
vt 0.114764 0.248540
vt 0.114764 0.251029
vt 0.113327 0.251029
vt 0.112275 0.248540
vt 0.114764 0.334720
vt 0.112275 0.334720
vt 0.112275 0.333283
vt 0.114764 0.332231
vt 0.105668 0.248540
vt 0.108157 0.248540
vt 0.108157 0.249977
vt 0.105668 0.251029
vt 0.095709 0.510724
vt 0.095709 0.508235
vt 0.097146 0.508235
vt 0.098199 0.510724
vt 0.119744 0.349659
vt 0.122233 0.349659
vt 0.122233 0.351096
vt 0.119744 0.352148
vt 0.105668 0.257636
vt 0.105668 0.255147
vt 0.107105 0.255147
vt 0.108157 0.257636
vt 0.114764 0.349659
vt 0.114764 0.352148
vt 0.113327 0.352148
vt 0.112275 0.349659
vt 0.090729 0.510724
vt 0.088240 0.510724
vt 0.088240 0.509287
vt 0.090729 0.508235
s 0
usemtl DL2_IceBlue
f 1061/1963/813 1064/1964/813 1065/1965/813 1067/1966/813
f 1062/1967/814 1066/1968/814 1065/1969/814 1064/1970/814
f 1063/1971/815 1067/1972/815 1065/1973/815 1066/1974/815
f 1068/1975/816 1071/1976/816 1072/1977/816 1074/1978/816
f 1069/1979/817 1073/1980/817 1072/1981/817 1071/1982/817
f 1070/1983/818 1074/1984/818 1072/1985/818 1073/1986/818
f 1075/1987/819 1078/1988/819 1079/1989/819 1081/1990/819
f 1076/1991/820 1080/1992/820 1079/1993/820 1078/1994/820
f 1077/1995/821 1081/1996/821 1079/1997/821 1080/1998/821
f 1082/1999/822 1085/2000/822 1086/2001/822 1088/2002/822
f 1083/2003/823 1087/2004/823 1086/2005/823 1085/2006/823
f 1084/2007/824 1088/2008/824 1086/2009/824 1087/2010/824
f 1089/2011/825 1092/2012/825 1093/2013/825 1095/2014/825
f 1090/2015/826 1094/2016/826 1093/2017/826 1092/2018/826
f 1091/2019/827 1095/2020/827 1093/2021/827 1094/2022/827
f 1096/2023/828 1099/2024/828 1100/2025/828 1102/2026/828
f 1097/2027/829 1101/2028/829 1100/2029/829 1099/2030/829
f 1098/2031/830 1102/2032/830 1100/2033/830 1101/2034/830
f 1103/2035/831 1106/2036/831 1107/2037/831 1109/2038/831
f 1104/2039/832 1108/2040/832 1107/2041/832 1106/2042/832
f 1105/2043/833 1109/2044/833 1107/2045/833 1108/2046/833
f 1110/2047/834 1113/2048/834 1114/2049/834 1116/2050/834
f 1111/2051/835 1115/2052/835 1114/2053/835 1113/2054/835
f 1112/2055/836 1116/2056/836 1114/2057/836 1115/2058/836
f 1075/1987/837 1061/1963/837 1067/1966/837 1078/1988/837
f 1078/1994/838 1067/1972/838 1063/1971/838 1076/1991/838
f 1062/1967/839 1068/1975/839 1074/1978/839 1066/1968/839
f 1066/1974/840 1074/1984/840 1070/1983/840 1063/1971/840
f 1069/1979/841 1082/1999/841 1088/2002/841 1073/1980/841
f 1073/1986/842 1088/2008/842 1084/2007/842 1070/1983/842
f 1083/2003/843 1077/1995/843 1080/1998/843 1087/2004/843
f 1087/2010/844 1080/1992/844 1076/1991/844 1084/2007/844
f 1103/2035/845 1075/1987/845 1081/1990/845 1106/2036/845
f 1106/2042/846 1081/1996/846 1077/1995/846 1104/2039/846
f 1082/1999/847 1110/2047/847 1116/2050/847 1085/2000/847
f 1085/2006/848 1116/2056/848 1112/2055/848 1083/2003/848
f 1111/2051/849 1105/2043/849 1108/2046/849 1115/2052/849
f 1115/2058/850 1108/2040/850 1104/2039/850 1112/2055/850
f 1089/2011/851 1103/2035/851 1109/2038/851 1092/2012/851
f 1092/2018/852 1109/2044/852 1105/2043/852 1090/2015/852
f 1110/2047/853 1096/2023/853 1102/2026/853 1113/2048/853
f 1113/2054/854 1102/2032/854 1098/2031/854 1111/2051/854
f 1097/2027/855 1091/2019/855 1094/2022/855 1101/2028/855
f 1101/2034/856 1094/2016/856 1090/2015/856 1098/2031/856
f 1061/1963/857 1089/2011/857 1095/2014/857 1064/1964/857
f 1064/1970/858 1095/2020/858 1091/2019/858 1062/1967/858
f 1096/2023/859 1069/1979/859 1071/1982/859 1099/2024/859
f 1099/2030/860 1071/1976/860 1068/1975/860 1097/2027/860
f 1075/1987/861 1103/2035/861 1089/2011/861 1061/1963/861
f 1063/1971/862 1070/1983/862 1084/2007/862 1076/1991/862
f 1091/2019/863 1097/2027/863 1068/1975/863 1062/1967/863
f 1110/2047/864 1082/1999/864 1069/1979/864 1096/2023/864
f 1077/1995/865 1083/2003/865 1112/2055/865 1104/2039/865
f 1105/2043/866 1111/2051/866 1098/2031/866 1090/2015/866
o DL_Wing_Armor_-1_2
v -6.247619 1.580000 18.481844
v -6.285651 1.740000 18.637257
v -6.403033 1.740000 18.443811
v -6.274512 1.626863 18.591738
v -6.359305 1.647624 18.549614
v -6.384406 1.740000 18.564844
v -6.357513 1.626863 18.454950
v -6.285651 2.260000 18.637257
v -6.247619 2.420000 18.481844
v -6.403033 2.260000 18.443811
v -6.274512 2.373137 18.591738
v -6.359305 2.352376 18.549614
v -6.357513 2.373137 18.454950
v -6.384406 2.260000 18.564844
v -5.658116 1.580000 16.072926
v -5.813530 1.740000 16.034893
v -5.620084 1.740000 15.917511
v -5.768011 1.626863 16.046032
v -5.725886 1.647624 15.961239
v -5.741117 1.740000 15.936138
v -5.631223 1.626863 15.963031
v -5.658116 2.420000 16.072926
v -5.620084 2.260000 15.917511
v -5.813530 2.260000 16.034893
v -5.631223 2.373137 15.963031
v -5.725886 2.352376 15.961239
v -5.741117 2.260000 15.936138
v -5.768011 2.373137 16.046032
v -0.341884 1.580000 19.927074
v -0.186470 1.740000 19.965107
v -0.379916 1.740000 20.082489
v -0.231989 1.626863 19.953968
v -0.274114 1.647624 20.038761
v -0.258882 1.740000 20.063862
v -0.368777 1.626863 20.036968
v -0.341884 2.420000 19.927074
v -0.379916 2.260000 20.082489
v -0.186470 2.260000 19.965107
v -0.368777 2.373137 20.036968
v -0.274114 2.352376 20.038761
v -0.258882 2.260000 20.063862
v -0.231989 2.373137 19.953968
v 0.247619 1.580000 17.518156
v 0.285651 1.740000 17.362743
v 0.403033 1.740000 17.556189
v 0.274512 1.626863 17.408262
v 0.359305 1.647624 17.450386
v 0.384406 1.740000 17.435156
v 0.357513 1.626863 17.545050
v 0.247619 2.420000 17.518156
v 0.403033 2.260000 17.556189
v 0.285651 2.260000 17.362743
v 0.357513 2.373137 17.545050
v 0.359305 2.352376 17.450386
v 0.384406 2.260000 17.435156
v 0.274512 2.373137 17.408262
vn -0.3930 -0.8881 0.2385
vn -0.5268 -0.3251 0.7854
vn -0.9399 -0.3251 0.1046
vn -0.5268 0.3251 0.7854
vn -0.3930 0.8881 0.2385
vn -0.9399 0.3251 0.1046
vn -0.2385 -0.8881 -0.3930
vn -0.7854 -0.3251 -0.5268
vn -0.1046 -0.3251 -0.9399
vn -0.2385 0.8881 -0.3930
vn -0.1046 0.3251 -0.9399
vn -0.7854 0.3251 -0.5268
vn 0.2385 -0.8881 0.3930
vn 0.7854 -0.3251 0.5268
vn 0.1046 -0.3251 0.9399
vn 0.2385 0.8881 0.3930
vn 0.1046 0.3251 0.9399
vn 0.7854 0.3251 0.5268
vn 0.3930 -0.8881 -0.2385
vn 0.5268 -0.3251 -0.7854
vn 0.9399 -0.3251 -0.1046
vn 0.3930 0.8881 -0.2385
vn 0.9399 0.3251 -0.1046
vn 0.5268 0.3251 -0.7854
vn -0.3717 -0.9239 -0.0910
vn -0.8974 -0.3827 -0.2196
vn -0.5913 -0.0000 0.8064
vn -0.9884 -0.0000 0.1521
vn -0.3717 0.9239 -0.0910
vn -0.8974 0.3827 -0.2196
vn -0.1521 -0.0000 -0.9884
vn -0.8064 -0.0000 -0.5913
vn 0.0910 -0.9239 -0.3717
vn 0.2196 -0.3827 -0.8974
vn 0.0910 0.9239 -0.3717
vn 0.2196 0.3827 -0.8974
vn 0.9884 -0.0000 -0.1521
vn 0.5913 -0.0000 -0.8064
vn 0.3717 -0.9239 0.0910
vn 0.8974 -0.3827 0.2196
vn 0.3717 0.9239 0.0910
vn 0.8974 0.3827 0.2196
vn 0.1521 -0.0000 0.9884
vn 0.8064 -0.0000 0.5913
vn -0.0910 -0.9239 0.3717
vn -0.2196 -0.3827 0.8974
vn -0.0910 0.9239 0.3717
vn -0.2196 0.3827 0.8974
vn -0.0000 -1.0000 -0.0000
vn -0.9713 -0.0000 -0.2377
vn -0.2377 -0.0000 0.9713
vn -0.0000 1.0000 -0.0000
vn 0.2377 -0.0000 -0.9713
vn 0.9713 -0.0000 0.2377
vt 0.013811 0.013811
vt 0.003889 0.013811
vt 0.003889 0.008083
vt 0.013811 0.003889
vt 0.469099 0.418478
vt 0.469099 0.408556
vt 0.474828 0.408556
vt 0.479021 0.418478
vt 0.569331 0.167606
vt 0.579253 0.167606
vt 0.579253 0.173334
vt 0.569331 0.177528
vt 0.436852 0.418478
vt 0.426930 0.418478
vt 0.426930 0.412750
vt 0.436852 0.408556
vt 0.195228 0.390856
vt 0.195228 0.400778
vt 0.189500 0.400778
vt 0.185306 0.390856
vt 0.537084 0.167606
vt 0.537084 0.177528
vt 0.531355 0.177528
vt 0.527162 0.167606
vt 0.167606 0.013811
vt 0.167606 0.003889
vt 0.173334 0.003889
vt 0.177528 0.013811
vt 0.569331 0.013811
vt 0.569331 0.003889
vt 0.575060 0.003889
vt 0.579253 0.013811
vt 0.469099 0.390856
vt 0.479021 0.390856
vt 0.479021 0.396584
vt 0.469099 0.400778
vt 0.349023 0.390856
vt 0.358945 0.390856
vt 0.358945 0.396584
vt 0.349023 0.400778
vt 0.436852 0.390856
vt 0.436852 0.400778
vt 0.431123 0.400778
vt 0.426930 0.390856
vt 0.537084 0.013811
vt 0.527162 0.013811
vt 0.527162 0.008083
vt 0.537084 0.003889
vt 0.013811 0.390856
vt 0.013811 0.400778
vt 0.008083 0.400778
vt 0.003889 0.390856
vt 0.569331 0.195228
vt 0.569331 0.185306
vt 0.575060 0.185306
vt 0.579253 0.195228
vt 0.469099 0.795523
vt 0.479021 0.795522
vt 0.479021 0.801251
vt 0.469099 0.805445
vt 0.195228 0.013811
vt 0.185306 0.013811
vt 0.185306 0.008083
vt 0.195228 0.003889
vt 0.436852 0.795523
vt 0.436852 0.805445
vt 0.431123 0.805445
vt 0.426930 0.795522
vt 0.537084 0.195228
vt 0.527162 0.195228
vt 0.527162 0.189500
vt 0.537084 0.185306
vt 0.167606 0.390856
vt 0.177528 0.390856
vt 0.177528 0.396584
vt 0.167606 0.400778
vt 0.469099 0.013811
vt 0.469099 0.003889
vt 0.474828 0.003889
vt 0.479021 0.013811
vt 0.569331 0.349023
vt 0.579253 0.349023
vt 0.579253 0.354751
vt 0.569331 0.358945
vt 0.349023 0.013811
vt 0.349023 0.003889
vt 0.354751 0.003889
vt 0.358945 0.013811
vt 0.537084 0.349023
vt 0.537084 0.358945
vt 0.531355 0.358945
vt 0.527161 0.349023
vt 0.436852 0.013811
vt 0.426930 0.013811
vt 0.426930 0.008083
vt 0.436852 0.003889
s 0
usemtl DL2_Hull_Silver
f 1117/2059/867 1120/2060/867 1121/2061/867 1123/2062/867
f 1118/2063/868 1122/2064/868 1121/2065/868 1120/2066/868
f 1119/2067/869 1123/2068/869 1121/2069/869 1122/2070/869
f 1124/2071/870 1127/2072/870 1128/2073/870 1130/2074/870
f 1125/2075/871 1129/2076/871 1128/2077/871 1127/2078/871
f 1126/2079/872 1130/2080/872 1128/2081/872 1129/2082/872
f 1131/2083/873 1134/2084/873 1135/2085/873 1137/2086/873
f 1132/2087/874 1136/2088/874 1135/2089/874 1134/2090/874
f 1133/2091/875 1137/2092/875 1135/2093/875 1136/2094/875
f 1138/2095/876 1141/2096/876 1142/2097/876 1144/2098/876
f 1139/2099/877 1143/2100/877 1142/2101/877 1141/2102/877
f 1140/2103/878 1144/2104/878 1142/2105/878 1143/2106/878
f 1145/2107/879 1148/2108/879 1149/2109/879 1151/2110/879
f 1146/2111/880 1150/2112/880 1149/2113/880 1148/2114/880
f 1147/2115/881 1151/2116/881 1149/2117/881 1150/2118/881
f 1152/2119/882 1155/2120/882 1156/2121/882 1158/2122/882
f 1153/2123/883 1157/2124/883 1156/2125/883 1155/2126/883
f 1154/2127/884 1158/2128/884 1156/2129/884 1157/2130/884
f 1159/2131/885 1162/2132/885 1163/2133/885 1165/2134/885
f 1160/2135/886 1164/2136/886 1163/2137/886 1162/2138/886
f 1161/2139/887 1165/2140/887 1163/2141/887 1164/2142/887
f 1166/2143/888 1169/2144/888 1170/2145/888 1172/2146/888
f 1167/2147/889 1171/2148/889 1170/2149/889 1169/2150/889
f 1168/2151/890 1172/2152/890 1170/2153/890 1171/2154/890
f 1131/2083/891 1117/2059/891 1123/2062/891 1134/2084/891
f 1134/2090/892 1123/2068/892 1119/2067/892 1132/2087/892
f 1118/2063/893 1124/2071/893 1130/2074/893 1122/2064/893
f 1122/2070/894 1130/2080/894 1126/2079/894 1119/2067/894
f 1125/2075/895 1138/2095/895 1144/2098/895 1129/2076/895
f 1129/2082/896 1144/2104/896 1140/2103/896 1126/2079/896
f 1139/2099/897 1133/2091/897 1136/2094/897 1143/2100/897
f 1143/2106/898 1136/2088/898 1132/2087/898 1140/2103/898
f 1159/2131/899 1131/2083/899 1137/2086/899 1162/2132/899
f 1162/2138/900 1137/2092/900 1133/2091/900 1160/2135/900
f 1138/2095/901 1166/2143/901 1172/2146/901 1141/2096/901
f 1141/2102/902 1172/2152/902 1168/2151/902 1139/2099/902
f 1167/2147/903 1161/2139/903 1164/2142/903 1171/2148/903
f 1171/2154/904 1164/2136/904 1160/2135/904 1168/2151/904
f 1145/2107/905 1159/2131/905 1165/2134/905 1148/2108/905
f 1148/2114/906 1165/2140/906 1161/2139/906 1146/2111/906
f 1166/2143/907 1152/2119/907 1158/2122/907 1169/2144/907
f 1169/2150/908 1158/2128/908 1154/2127/908 1167/2147/908
f 1153/2123/909 1147/2115/909 1150/2118/909 1157/2124/909
f 1157/2130/910 1150/2112/910 1146/2111/910 1154/2127/910
f 1117/2059/911 1145/2107/911 1151/2110/911 1120/2060/911
f 1120/2066/912 1151/2116/912 1147/2115/912 1118/2063/912
f 1152/2119/913 1125/2075/913 1127/2078/913 1155/2120/913
f 1155/2126/914 1127/2072/914 1124/2071/914 1153/2123/914
f 1131/2083/915 1159/2131/915 1145/2107/915 1117/2059/915
f 1119/2067/916 1126/2079/916 1140/2103/916 1132/2087/916
f 1147/2115/917 1153/2123/917 1124/2071/917 1118/2063/917
f 1166/2143/918 1138/2095/918 1125/2075/918 1152/2119/918
f 1133/2091/919 1139/2099/919 1168/2151/919 1160/2135/919
f 1161/2139/920 1167/2147/920 1154/2127/920 1146/2111/920
o DL_Wing_Light_-1_2
v -4.932347 2.420000 16.100664
v -4.941855 2.460000 16.139517
v -4.971200 2.460000 16.091156
v -4.939070 2.431716 16.128138
v -4.960268 2.436906 16.117607
v -4.966544 2.460000 16.121414
v -4.959820 2.431716 16.093941
v -4.941855 2.540000 16.139517
v -4.932347 2.580000 16.100664
v -4.971200 2.540000 16.091156
v -4.939070 2.568284 16.128138
v -4.960268 2.563094 16.117607
v -4.959820 2.568284 16.093941
v -4.966544 2.540000 16.121414
v -4.875298 2.420000 15.867543
v -4.914152 2.460000 15.858035
v -4.865790 2.460000 15.828690
v -4.902772 2.431716 15.860820
v -4.892241 2.436906 15.839622
v -4.896049 2.460000 15.833346
v -4.868575 2.431716 15.840070
v -4.875298 2.580000 15.867543
v -4.865790 2.540000 15.828690
v -4.914152 2.540000 15.858035
v -4.868575 2.568284 15.840070
v -4.892241 2.563094 15.839622
v -4.896049 2.540000 15.833346
v -4.902772 2.568284 15.860820
v -1.124702 2.420000 17.032459
v -1.085848 2.460000 17.041967
v -1.134210 2.460000 17.071312
v -1.097228 2.431716 17.039181
v -1.107759 2.436906 17.060381
v -1.103952 2.460000 17.066656
v -1.131425 2.431716 17.059933
v -1.124702 2.580000 17.032459
v -1.134210 2.540000 17.071312
v -1.085848 2.540000 17.041967
v -1.131425 2.568284 17.059933
v -1.107759 2.563094 17.060381
v -1.103952 2.540000 17.066656
v -1.097228 2.568284 17.039181
v -1.067653 2.420000 16.799337
v -1.058145 2.460000 16.760485
v -1.028800 2.460000 16.808846
v -1.060930 2.431716 16.771864
v -1.039732 2.436906 16.782394
v -1.033456 2.460000 16.778587
v -1.040180 2.431716 16.806061
v -1.067653 2.580000 16.799337
v -1.028800 2.540000 16.808846
v -1.058145 2.540000 16.760485
v -1.040180 2.568284 16.806061
v -1.039732 2.563094 16.782394
v -1.033456 2.540000 16.778587
v -1.060930 2.568284 16.771864
vn -0.3930 -0.8881 0.2385
vn -0.5268 -0.3251 0.7854
vn -0.9399 -0.3251 0.1046
vn -0.5268 0.3251 0.7854
vn -0.3930 0.8881 0.2385
vn -0.9399 0.3251 0.1046
vn -0.2385 -0.8881 -0.3930
vn -0.7854 -0.3251 -0.5268
vn -0.1046 -0.3251 -0.9399
vn -0.2385 0.8881 -0.3930
vn -0.1046 0.3251 -0.9399
vn -0.7854 0.3251 -0.5268
vn 0.2385 -0.8881 0.3930
vn 0.7854 -0.3251 0.5268
vn 0.1046 -0.3251 0.9399
vn 0.2385 0.8881 0.3930
vn 0.1046 0.3251 0.9399
vn 0.7854 0.3251 0.5268
vn 0.3930 -0.8881 -0.2385
vn 0.5268 -0.3251 -0.7854
vn 0.9399 -0.3251 -0.1046
vn 0.3930 0.8881 -0.2385
vn 0.9399 0.3251 -0.1046
vn 0.5268 0.3251 -0.7854
vn -0.3717 -0.9239 -0.0910
vn -0.8974 -0.3827 -0.2196
vn -0.5913 -0.0000 0.8064
vn -0.9884 -0.0000 0.1521
vn -0.3717 0.9239 -0.0910
vn -0.8974 0.3827 -0.2196
vn -0.1521 -0.0000 -0.9884
vn -0.8064 -0.0000 -0.5913
vn 0.0910 -0.9239 -0.3717
vn 0.2196 -0.3827 -0.8974
vn 0.0910 0.9239 -0.3717
vn 0.2196 0.3827 -0.8974
vn 0.9884 -0.0000 -0.1521
vn 0.5913 -0.0000 -0.8064
vn 0.3717 -0.9239 0.0910
vn 0.8974 -0.3827 0.2196
vn 0.3717 0.9239 0.0910
vn 0.8974 0.3827 0.2196
vn 0.1521 -0.0000 0.9884
vn 0.8064 -0.0000 0.5913
vn -0.0910 -0.9239 0.3717
vn -0.2196 -0.3827 0.8974
vn -0.0910 0.9239 0.3717
vn -0.2196 0.3827 0.8974
vn -0.0000 -1.0000 -0.0000
vn -0.9713 -0.0000 -0.2377
vn -0.2377 -0.0000 0.9713
vn -0.0000 1.0000 -0.0000
vn 0.2377 -0.0000 -0.9713
vn 0.9713 -0.0000 0.2377
vt 0.090729 0.004548
vt 0.088240 0.004548
vt 0.088240 0.003111
vt 0.090729 0.002059
vt 0.119744 0.004548
vt 0.119744 0.002059
vt 0.121181 0.002059
vt 0.122233 0.004548
vt 0.119744 0.325624
vt 0.122233 0.325624
vt 0.122233 0.327061
vt 0.119744 0.328113
vt 0.114764 0.004548
vt 0.112275 0.004548
vt 0.112275 0.003111
vt 0.114764 0.002059
vt 0.090729 0.501628
vt 0.090729 0.504117
vt 0.089292 0.504117
vt 0.088240 0.501628
vt 0.114764 0.325624
vt 0.114764 0.328113
vt 0.113327 0.328113
vt 0.112275 0.325624
vt 0.105668 0.004548
vt 0.105668 0.002059
vt 0.107105 0.002059
vt 0.108157 0.004548
vt 0.119744 0.310686
vt 0.119744 0.308196
vt 0.121181 0.308196
vt 0.122233 0.310686
vt 0.095709 0.754716
vt 0.098199 0.754716
vt 0.098199 0.756153
vt 0.095709 0.757205
vt 0.105668 0.501628
vt 0.108157 0.501628
vt 0.108157 0.503065
vt 0.105668 0.504117
vt 0.090729 0.754715
vt 0.090729 0.757205
vt 0.089292 0.757205
vt 0.088240 0.754716
vt 0.114764 0.310686
vt 0.112275 0.310686
vt 0.112275 0.309248
vt 0.114764 0.308196
vt 0.090729 0.248540
vt 0.090729 0.251029
vt 0.089292 0.251029
vt 0.088240 0.248540
vt 0.119744 0.334720
vt 0.119744 0.332231
vt 0.121181 0.332231
vt 0.122233 0.334720
vt 0.119744 0.248540
vt 0.122233 0.248540
vt 0.122233 0.249977
vt 0.119744 0.251029
vt 0.090729 0.257636
vt 0.088240 0.257636
vt 0.088240 0.256199
vt 0.090729 0.255147
vt 0.114764 0.248540
vt 0.114764 0.251029
vt 0.113327 0.251029
vt 0.112275 0.248540
vt 0.114764 0.334720
vt 0.112275 0.334720
vt 0.112275 0.333283
vt 0.114764 0.332231
vt 0.105668 0.248540
vt 0.108157 0.248540
vt 0.108157 0.249977
vt 0.105668 0.251029
vt 0.095709 0.510724
vt 0.095709 0.508235
vt 0.097146 0.508235
vt 0.098199 0.510724
vt 0.119744 0.349659
vt 0.122233 0.349659
vt 0.122233 0.351096
vt 0.119744 0.352148
vt 0.105668 0.257636
vt 0.105668 0.255147
vt 0.107105 0.255147
vt 0.108157 0.257636
vt 0.114764 0.349659
vt 0.114764 0.352148
vt 0.113327 0.352148
vt 0.112275 0.349659
vt 0.090729 0.510724
vt 0.088240 0.510724
vt 0.088240 0.509287
vt 0.090729 0.508235
s 0
usemtl DL2_IceBlue
f 1173/2155/921 1176/2156/921 1177/2157/921 1179/2158/921
f 1174/2159/922 1178/2160/922 1177/2161/922 1176/2162/922
f 1175/2163/923 1179/2164/923 1177/2165/923 1178/2166/923
f 1180/2167/924 1183/2168/924 1184/2169/924 1186/2170/924
f 1181/2171/925 1185/2172/925 1184/2173/925 1183/2174/925
f 1182/2175/926 1186/2176/926 1184/2177/926 1185/2178/926
f 1187/2179/927 1190/2180/927 1191/2181/927 1193/2182/927
f 1188/2183/928 1192/2184/928 1191/2185/928 1190/2186/928
f 1189/2187/929 1193/2188/929 1191/2189/929 1192/2190/929
f 1194/2191/930 1197/2192/930 1198/2193/930 1200/2194/930
f 1195/2195/931 1199/2196/931 1198/2197/931 1197/2198/931
f 1196/2199/932 1200/2200/932 1198/2201/932 1199/2202/932
f 1201/2203/933 1204/2204/933 1205/2205/933 1207/2206/933
f 1202/2207/934 1206/2208/934 1205/2209/934 1204/2210/934
f 1203/2211/935 1207/2212/935 1205/2213/935 1206/2214/935
f 1208/2215/936 1211/2216/936 1212/2217/936 1214/2218/936
f 1209/2219/937 1213/2220/937 1212/2221/937 1211/2222/937
f 1210/2223/938 1214/2224/938 1212/2225/938 1213/2226/938
f 1215/2227/939 1218/2228/939 1219/2229/939 1221/2230/939
f 1216/2231/940 1220/2232/940 1219/2233/940 1218/2234/940
f 1217/2235/941 1221/2236/941 1219/2237/941 1220/2238/941
f 1222/2239/942 1225/2240/942 1226/2241/942 1228/2242/942
f 1223/2243/943 1227/2244/943 1226/2245/943 1225/2246/943
f 1224/2247/944 1228/2248/944 1226/2249/944 1227/2250/944
f 1187/2179/945 1173/2155/945 1179/2158/945 1190/2180/945
f 1190/2186/946 1179/2164/946 1175/2163/946 1188/2183/946
f 1174/2159/947 1180/2167/947 1186/2170/947 1178/2160/947
f 1178/2166/948 1186/2176/948 1182/2175/948 1175/2163/948
f 1181/2171/949 1194/2191/949 1200/2194/949 1185/2172/949
f 1185/2178/950 1200/2200/950 1196/2199/950 1182/2175/950
f 1195/2195/951 1189/2187/951 1192/2190/951 1199/2196/951
f 1199/2202/952 1192/2184/952 1188/2183/952 1196/2199/952
f 1215/2227/953 1187/2179/953 1193/2182/953 1218/2228/953
f 1218/2234/954 1193/2188/954 1189/2187/954 1216/2231/954
f 1194/2191/955 1222/2239/955 1228/2242/955 1197/2192/955
f 1197/2198/956 1228/2248/956 1224/2247/956 1195/2195/956
f 1223/2243/957 1217/2235/957 1220/2238/957 1227/2244/957
f 1227/2250/958 1220/2232/958 1216/2231/958 1224/2247/958
f 1201/2203/959 1215/2227/959 1221/2230/959 1204/2204/959
f 1204/2210/960 1221/2236/960 1217/2235/960 1202/2207/960
f 1222/2239/961 1208/2215/961 1214/2218/961 1225/2240/961
f 1225/2246/962 1214/2224/962 1210/2223/962 1223/2243/962
f 1209/2219/963 1203/2211/963 1206/2214/963 1213/2220/963
f 1213/2226/964 1206/2208/964 1202/2207/964 1210/2223/964
f 1173/2155/965 1201/2203/965 1207/2206/965 1176/2156/965
f 1176/2162/966 1207/2212/966 1203/2211/966 1174/2159/966
f 1208/2215/967 1181/2171/967 1183/2174/967 1211/2216/967
f 1211/2222/968 1183/2168/968 1180/2167/968 1209/2219/968
f 1187/2179/969 1215/2227/969 1201/2203/969 1173/2155/969
f 1175/2163/970 1182/2175/970 1196/2199/970 1188/2183/970
f 1203/2211/971 1209/2219/971 1180/2167/971 1174/2159/971
f 1222/2239/972 1194/2191/972 1181/2171/972 1208/2215/972
f 1189/2187/973 1195/2195/973 1224/2247/973 1216/2231/973
f 1217/2235/974 1223/2243/974 1210/2223/974 1202/2207/974
o DL_Wing_Armor_-1_3
v -14.247619 1.580000 21.481844
v -14.285651 1.740000 21.637257
v -14.403032 1.740000 21.443811
v -14.274511 1.626863 21.591738
v -14.359304 1.647624 21.549614
v -14.384406 1.740000 21.564844
v -14.357513 1.626863 21.454950
v -14.285651 2.260000 21.637257
v -14.247619 2.420000 21.481844
v -14.403032 2.260000 21.443811
v -14.274511 2.373137 21.591738
v -14.359304 2.352376 21.549614
v -14.357513 2.373137 21.454950
v -14.384406 2.260000 21.564844
v -13.658116 1.580000 19.072926
v -13.813530 1.740000 19.034893
v -13.620084 1.740000 18.917511
v -13.768011 1.626863 19.046032
v -13.725886 1.647624 18.961239
v -13.741117 1.740000 18.936138
v -13.631224 1.626863 18.963032
v -13.658116 2.420000 19.072926
v -13.620084 2.260000 18.917511
v -13.813530 2.260000 19.034893
v -13.631224 2.373137 18.963032
v -13.725886 2.352376 18.961239
v -13.741117 2.260000 18.936138
v -13.768011 2.373137 19.046032
v -8.341884 1.580000 22.927074
v -8.186470 1.740000 22.965107
v -8.379916 1.740000 23.082489
v -8.231989 1.626863 22.953968
v -8.274114 1.647624 23.038761
v -8.258883 1.740000 23.063862
v -8.368776 1.626863 23.036968
v -8.341884 2.420000 22.927074
v -8.379916 2.260000 23.082489
v -8.186470 2.260000 22.965107
v -8.368776 2.373137 23.036968
v -8.274114 2.352376 23.038761
v -8.258883 2.260000 23.063862
v -8.231989 2.373137 22.953968
v -7.752381 1.580000 20.518156
v -7.714349 1.740000 20.362743
v -7.596967 1.740000 20.556189
v -7.725488 1.626863 20.408262
v -7.640695 1.647624 20.450386
v -7.615594 1.740000 20.435156
v -7.642487 1.626863 20.545050
v -7.752381 2.420000 20.518156
v -7.596967 2.260000 20.556189
v -7.714349 2.260000 20.362743
v -7.642487 2.373137 20.545050
v -7.640695 2.352376 20.450386
v -7.615594 2.260000 20.435156
v -7.725488 2.373137 20.408262
vn -0.3930 -0.8881 0.2385
vn -0.5268 -0.3251 0.7854
vn -0.9399 -0.3251 0.1046
vn -0.5268 0.3251 0.7854
vn -0.3930 0.8881 0.2385
vn -0.9399 0.3251 0.1046
vn -0.2385 -0.8881 -0.3930
vn -0.7854 -0.3251 -0.5268
vn -0.1046 -0.3251 -0.9399
vn -0.2385 0.8881 -0.3930
vn -0.1046 0.3251 -0.9399
vn -0.7854 0.3251 -0.5268
vn 0.2385 -0.8881 0.3930
vn 0.7854 -0.3251 0.5268
vn 0.1046 -0.3251 0.9399
vn 0.2385 0.8881 0.3930
vn 0.1046 0.3251 0.9399
vn 0.7854 0.3251 0.5268
vn 0.3930 -0.8881 -0.2385
vn 0.5268 -0.3251 -0.7854
vn 0.9399 -0.3251 -0.1046
vn 0.3930 0.8881 -0.2385
vn 0.9399 0.3251 -0.1046
vn 0.5268 0.3251 -0.7854
vn -0.3717 -0.9239 -0.0910
vn -0.8974 -0.3827 -0.2196
vn -0.5913 -0.0000 0.8064
vn -0.9884 -0.0000 0.1521
vn -0.3717 0.9239 -0.0910
vn -0.8974 0.3827 -0.2196
vn -0.1521 -0.0000 -0.9884
vn -0.8064 -0.0000 -0.5913
vn 0.0910 -0.9239 -0.3717
vn 0.2196 -0.3827 -0.8974
vn 0.0910 0.9239 -0.3717
vn 0.2196 0.3827 -0.8974
vn 0.9884 -0.0000 -0.1521
vn 0.5913 -0.0000 -0.8064
vn 0.3717 -0.9239 0.0910
vn 0.8974 -0.3827 0.2196
vn 0.3717 0.9239 0.0910
vn 0.8974 0.3827 0.2196
vn 0.1521 -0.0000 0.9884
vn 0.8064 -0.0000 0.5913
vn -0.0910 -0.9239 0.3717
vn -0.2196 -0.3827 0.8974
vn -0.0910 0.9239 0.3717
vn -0.2196 0.3827 0.8974
vn -0.0000 -1.0000 -0.0000
vn -0.9713 -0.0000 -0.2377
vn -0.2377 -0.0000 0.9713
vn -0.0000 1.0000 -0.0000
vn 0.2377 -0.0000 -0.9713
vn 0.9713 -0.0000 0.2377
vt 0.013811 0.013811
vt 0.003889 0.013811
vt 0.003889 0.008083
vt 0.013811 0.003889
vt 0.469099 0.418478
vt 0.469099 0.408556
vt 0.474828 0.408556
vt 0.479021 0.418478
vt 0.569331 0.167606
vt 0.579253 0.167606
vt 0.579253 0.173334
vt 0.569331 0.177528
vt 0.436852 0.418478
vt 0.426930 0.418478
vt 0.426930 0.412750
vt 0.436852 0.408556
vt 0.195228 0.390856
vt 0.195228 0.400778
vt 0.189500 0.400778
vt 0.185306 0.390856
vt 0.537084 0.167606
vt 0.537084 0.177528
vt 0.531355 0.177528
vt 0.527162 0.167606
vt 0.167606 0.013811
vt 0.167606 0.003889
vt 0.173334 0.003889
vt 0.177528 0.013811
vt 0.569331 0.013811
vt 0.569331 0.003889
vt 0.575060 0.003889
vt 0.579253 0.013811
vt 0.469099 0.390856
vt 0.479021 0.390856
vt 0.479021 0.396584
vt 0.469099 0.400778
vt 0.349023 0.390856
vt 0.358945 0.390856
vt 0.358945 0.396584
vt 0.349023 0.400778
vt 0.436852 0.390856
vt 0.436852 0.400778
vt 0.431123 0.400778
vt 0.426930 0.390856
vt 0.537084 0.013811
vt 0.527162 0.013811
vt 0.527162 0.008083
vt 0.537084 0.003889
vt 0.013811 0.390856
vt 0.013811 0.400778
vt 0.008083 0.400778
vt 0.003889 0.390856
vt 0.569331 0.195228
vt 0.569331 0.185306
vt 0.575060 0.185306
vt 0.579253 0.195228
vt 0.469099 0.795523
vt 0.479021 0.795522
vt 0.479021 0.801251
vt 0.469099 0.805445
vt 0.195228 0.013811
vt 0.185306 0.013811
vt 0.185306 0.008083
vt 0.195228 0.003889
vt 0.436852 0.795523
vt 0.436852 0.805445
vt 0.431123 0.805445
vt 0.426930 0.795522
vt 0.537084 0.195228
vt 0.527162 0.195228
vt 0.527162 0.189500
vt 0.537084 0.185306
vt 0.167606 0.390856
vt 0.177528 0.390856
vt 0.177528 0.396584
vt 0.167606 0.400778
vt 0.469099 0.013811
vt 0.469099 0.003889
vt 0.474828 0.003889
vt 0.479021 0.013811
vt 0.569331 0.349023
vt 0.579253 0.349023
vt 0.579253 0.354751
vt 0.569331 0.358945
vt 0.349023 0.013811
vt 0.349023 0.003889
vt 0.354751 0.003889
vt 0.358945 0.013811
vt 0.537084 0.349023
vt 0.537084 0.358945
vt 0.531355 0.358945
vt 0.527161 0.349023
vt 0.436852 0.013811
vt 0.426930 0.013811
vt 0.426930 0.008083
vt 0.436852 0.003889
s 0
usemtl DL2_Hull_Silver
f 1229/2251/975 1232/2252/975 1233/2253/975 1235/2254/975
f 1230/2255/976 1234/2256/976 1233/2257/976 1232/2258/976
f 1231/2259/977 1235/2260/977 1233/2261/977 1234/2262/977
f 1236/2263/978 1239/2264/978 1240/2265/978 1242/2266/978
f 1237/2267/979 1241/2268/979 1240/2269/979 1239/2270/979
f 1238/2271/980 1242/2272/980 1240/2273/980 1241/2274/980
f 1243/2275/981 1246/2276/981 1247/2277/981 1249/2278/981
f 1244/2279/982 1248/2280/982 1247/2281/982 1246/2282/982
f 1245/2283/983 1249/2284/983 1247/2285/983 1248/2286/983
f 1250/2287/984 1253/2288/984 1254/2289/984 1256/2290/984
f 1251/2291/985 1255/2292/985 1254/2293/985 1253/2294/985
f 1252/2295/986 1256/2296/986 1254/2297/986 1255/2298/986
f 1257/2299/987 1260/2300/987 1261/2301/987 1263/2302/987
f 1258/2303/988 1262/2304/988 1261/2305/988 1260/2306/988
f 1259/2307/989 1263/2308/989 1261/2309/989 1262/2310/989
f 1264/2311/990 1267/2312/990 1268/2313/990 1270/2314/990
f 1265/2315/991 1269/2316/991 1268/2317/991 1267/2318/991
f 1266/2319/992 1270/2320/992 1268/2321/992 1269/2322/992
f 1271/2323/993 1274/2324/993 1275/2325/993 1277/2326/993
f 1272/2327/994 1276/2328/994 1275/2329/994 1274/2330/994
f 1273/2331/995 1277/2332/995 1275/2333/995 1276/2334/995
f 1278/2335/996 1281/2336/996 1282/2337/996 1284/2338/996
f 1279/2339/997 1283/2340/997 1282/2341/997 1281/2342/997
f 1280/2343/998 1284/2344/998 1282/2345/998 1283/2346/998
f 1243/2275/999 1229/2251/999 1235/2254/999 1246/2276/999
f 1246/2282/1000 1235/2260/1000 1231/2259/1000 1244/2279/1000
f 1230/2255/1001 1236/2263/1001 1242/2266/1001 1234/2256/1001
f 1234/2262/1002 1242/2272/1002 1238/2271/1002 1231/2259/1002
f 1237/2267/1003 1250/2287/1003 1256/2290/1003 1241/2268/1003
f 1241/2274/1004 1256/2296/1004 1252/2295/1004 1238/2271/1004
f 1251/2291/1005 1245/2283/1005 1248/2286/1005 1255/2292/1005
f 1255/2298/1006 1248/2280/1006 1244/2279/1006 1252/2295/1006
f 1271/2323/1007 1243/2275/1007 1249/2278/1007 1274/2324/1007
f 1274/2330/1008 1249/2284/1008 1245/2283/1008 1272/2327/1008
f 1250/2287/1009 1278/2335/1009 1284/2338/1009 1253/2288/1009
f 1253/2294/1010 1284/2344/1010 1280/2343/1010 1251/2291/1010
f 1279/2339/1011 1273/2331/1011 1276/2334/1011 1283/2340/1011
f 1283/2346/1012 1276/2328/1012 1272/2327/1012 1280/2343/1012
f 1257/2299/1013 1271/2323/1013 1277/2326/1013 1260/2300/1013
f 1260/2306/1014 1277/2332/1014 1273/2331/1014 1258/2303/1014
f 1278/2335/1015 1264/2311/1015 1270/2314/1015 1281/2336/1015
f 1281/2342/1016 1270/2320/1016 1266/2319/1016 1279/2339/1016
f 1265/2315/1017 1259/2307/1017 1262/2310/1017 1269/2316/1017
f 1269/2322/1018 1262/2304/1018 1258/2303/1018 1266/2319/1018
f 1229/2251/1019 1257/2299/1019 1263/2302/1019 1232/2252/1019
f 1232/2258/1020 1263/2308/1020 1259/2307/1020 1230/2255/1020
f 1264/2311/1021 1237/2267/1021 1239/2270/1021 1267/2312/1021
f 1267/2318/1022 1239/2264/1022 1236/2263/1022 1265/2315/1022
f 1243/2275/1023 1271/2323/1023 1257/2299/1023 1229/2251/1023
f 1231/2259/1024 1238/2271/1024 1252/2295/1024 1244/2279/1024
f 1259/2307/1025 1265/2315/1025 1236/2263/1025 1230/2255/1025
f 1278/2335/1026 1250/2287/1026 1237/2267/1026 1264/2311/1026
f 1245/2283/1027 1251/2291/1027 1280/2343/1027 1272/2327/1027
f 1273/2331/1028 1279/2339/1028 1266/2319/1028 1258/2303/1028
o DL_Wing_Light_-1_3
v -12.932346 2.420000 19.100664
v -12.941854 2.460000 19.139517
v -12.971200 2.460000 19.091156
v -12.939070 2.431716 19.128138
v -12.960268 2.436906 19.117607
v -12.966543 2.460000 19.121414
v -12.959820 2.431716 19.093941
v -12.941854 2.540000 19.139517
v -12.932346 2.580000 19.100664
v -12.971200 2.540000 19.091156
v -12.939070 2.568284 19.128138
v -12.960268 2.563094 19.117607
v -12.959820 2.568284 19.093941
v -12.966543 2.540000 19.121414
v -12.875299 2.420000 18.867542
v -12.914152 2.460000 18.858034
v -12.865790 2.460000 18.828690
v -12.902772 2.431716 18.860821
v -12.892241 2.436906 18.839621
v -12.896049 2.460000 18.833345
v -12.868575 2.431716 18.840069
v -12.875299 2.580000 18.867542
v -12.865790 2.540000 18.828690
v -12.914152 2.540000 18.858034
v -12.868575 2.568284 18.840069
v -12.892241 2.563094 18.839621
v -12.896049 2.540000 18.833345
v -12.902772 2.568284 18.860821
v -9.124701 2.420000 20.032459
v -9.085848 2.460000 20.041967
v -9.134210 2.460000 20.071312
v -9.097228 2.431716 20.039181
v -9.107759 2.436906 20.060381
v -9.103951 2.460000 20.066656
v -9.131425 2.431716 20.059933
v -9.124701 2.580000 20.032459
v -9.134210 2.540000 20.071312
v -9.085848 2.540000 20.041967
v -9.131425 2.568284 20.059933
v -9.107759 2.563094 20.060381
v -9.103951 2.540000 20.066656
v -9.097228 2.568284 20.039181
v -9.067654 2.420000 19.799337
v -9.058146 2.460000 19.760485
v -9.028800 2.460000 19.808846
v -9.060930 2.431716 19.771864
v -9.039732 2.436906 19.782394
v -9.033457 2.460000 19.778587
v -9.040180 2.431716 19.806061
v -9.067654 2.580000 19.799337
v -9.028800 2.540000 19.808846
v -9.058146 2.540000 19.760485
v -9.040180 2.568284 19.806061
v -9.039732 2.563094 19.782394
v -9.033457 2.540000 19.778587
v -9.060930 2.568284 19.771864
vn -0.3930 -0.8881 0.2385
vn -0.5268 -0.3251 0.7854
vn -0.9399 -0.3251 0.1046
vn -0.5268 0.3251 0.7854
vn -0.3930 0.8881 0.2385
vn -0.9399 0.3251 0.1046
vn -0.2385 -0.8881 -0.3930
vn -0.7854 -0.3251 -0.5268
vn -0.1046 -0.3251 -0.9399
vn -0.2385 0.8881 -0.3930
vn -0.1046 0.3251 -0.9399
vn -0.7854 0.3251 -0.5268
vn 0.2385 -0.8881 0.3930
vn 0.7854 -0.3251 0.5268
vn 0.1046 -0.3251 0.9399
vn 0.2385 0.8881 0.3930
vn 0.1046 0.3251 0.9399
vn 0.7854 0.3251 0.5268
vn 0.3930 -0.8881 -0.2385
vn 0.5268 -0.3251 -0.7854
vn 0.9399 -0.3251 -0.1046
vn 0.3930 0.8881 -0.2385
vn 0.9399 0.3251 -0.1046
vn 0.5268 0.3251 -0.7854
vn -0.3717 -0.9239 -0.0910
vn -0.8974 -0.3827 -0.2196
vn -0.5913 -0.0000 0.8064
vn -0.9884 -0.0000 0.1521
vn -0.3717 0.9239 -0.0910
vn -0.8974 0.3827 -0.2196
vn -0.1521 -0.0000 -0.9884
vn -0.8064 -0.0000 -0.5913
vn 0.0910 -0.9239 -0.3717
vn 0.2196 -0.3827 -0.8974
vn 0.0910 0.9239 -0.3717
vn 0.2196 0.3827 -0.8974
vn 0.9884 -0.0000 -0.1521
vn 0.5913 -0.0000 -0.8064
vn 0.3717 -0.9239 0.0910
vn 0.8974 -0.3827 0.2196
vn 0.3717 0.9239 0.0910
vn 0.8974 0.3827 0.2196
vn 0.1521 -0.0000 0.9884
vn 0.8064 -0.0000 0.5913
vn -0.0910 -0.9239 0.3717
vn -0.2196 -0.3827 0.8974
vn -0.0910 0.9239 0.3717
vn -0.2196 0.3827 0.8974
vn -0.0000 -1.0000 -0.0000
vn -0.9713 -0.0000 -0.2377
vn -0.2377 -0.0000 0.9713
vn -0.0000 1.0000 -0.0000
vn 0.2377 -0.0000 -0.9713
vn 0.9713 -0.0000 0.2377
vt 0.090729 0.004548
vt 0.088240 0.004548
vt 0.088240 0.003111
vt 0.090729 0.002059
vt 0.119744 0.004548
vt 0.119744 0.002059
vt 0.121181 0.002059
vt 0.122233 0.004548
vt 0.119744 0.325624
vt 0.122233 0.325624
vt 0.122233 0.327061
vt 0.119744 0.328113
vt 0.114764 0.004548
vt 0.112275 0.004548
vt 0.112275 0.003111
vt 0.114764 0.002059
vt 0.090729 0.501628
vt 0.090729 0.504117
vt 0.089292 0.504117
vt 0.088240 0.501628
vt 0.114764 0.325624
vt 0.114764 0.328113
vt 0.113327 0.328113
vt 0.112275 0.325624
vt 0.105668 0.004548
vt 0.105668 0.002059
vt 0.107105 0.002059
vt 0.108157 0.004548
vt 0.119744 0.310686
vt 0.119744 0.308196
vt 0.121181 0.308196
vt 0.122233 0.310686
vt 0.095709 0.754716
vt 0.098199 0.754716
vt 0.098199 0.756153
vt 0.095709 0.757205
vt 0.105668 0.501628
vt 0.108157 0.501628
vt 0.108157 0.503065
vt 0.105668 0.504117
vt 0.090729 0.754715
vt 0.090729 0.757205
vt 0.089292 0.757205
vt 0.088240 0.754716
vt 0.114764 0.310686
vt 0.112275 0.310686
vt 0.112275 0.309248
vt 0.114764 0.308196
vt 0.090729 0.248540
vt 0.090729 0.251029
vt 0.089292 0.251029
vt 0.088240 0.248540
vt 0.119744 0.334720
vt 0.119744 0.332231
vt 0.121181 0.332231
vt 0.122233 0.334720
vt 0.119744 0.248540
vt 0.122233 0.248540
vt 0.122233 0.249977
vt 0.119744 0.251029
vt 0.090729 0.257636
vt 0.088240 0.257636
vt 0.088240 0.256199
vt 0.090729 0.255147
vt 0.114764 0.248540
vt 0.114764 0.251029
vt 0.113327 0.251029
vt 0.112275 0.248540
vt 0.114764 0.334720
vt 0.112275 0.334720
vt 0.112275 0.333283
vt 0.114764 0.332231
vt 0.105668 0.248540
vt 0.108157 0.248540
vt 0.108157 0.249977
vt 0.105668 0.251029
vt 0.095709 0.510724
vt 0.095709 0.508235
vt 0.097146 0.508235
vt 0.098199 0.510724
vt 0.119744 0.349659
vt 0.122233 0.349659
vt 0.122233 0.351096
vt 0.119744 0.352148
vt 0.105668 0.257636
vt 0.105668 0.255147
vt 0.107105 0.255147
vt 0.108157 0.257636
vt 0.114764 0.349659
vt 0.114764 0.352148
vt 0.113327 0.352148
vt 0.112275 0.349659
vt 0.090729 0.510724
vt 0.088240 0.510724
vt 0.088240 0.509287
vt 0.090729 0.508235
s 0
usemtl DL2_IceBlue
f 1285/2347/1029 1288/2348/1029 1289/2349/1029 1291/2350/1029
f 1286/2351/1030 1290/2352/1030 1289/2353/1030 1288/2354/1030
f 1287/2355/1031 1291/2356/1031 1289/2357/1031 1290/2358/1031
f 1292/2359/1032 1295/2360/1032 1296/2361/1032 1298/2362/1032
f 1293/2363/1033 1297/2364/1033 1296/2365/1033 1295/2366/1033
f 1294/2367/1034 1298/2368/1034 1296/2369/1034 1297/2370/1034
f 1299/2371/1035 1302/2372/1035 1303/2373/1035 1305/2374/1035
f 1300/2375/1036 1304/2376/1036 1303/2377/1036 1302/2378/1036
f 1301/2379/1037 1305/2380/1037 1303/2381/1037 1304/2382/1037
f 1306/2383/1038 1309/2384/1038 1310/2385/1038 1312/2386/1038
f 1307/2387/1039 1311/2388/1039 1310/2389/1039 1309/2390/1039
f 1308/2391/1040 1312/2392/1040 1310/2393/1040 1311/2394/1040
f 1313/2395/1041 1316/2396/1041 1317/2397/1041 1319/2398/1041
f 1314/2399/1042 1318/2400/1042 1317/2401/1042 1316/2402/1042
f 1315/2403/1043 1319/2404/1043 1317/2405/1043 1318/2406/1043
f 1320/2407/1044 1323/2408/1044 1324/2409/1044 1326/2410/1044
f 1321/2411/1045 1325/2412/1045 1324/2413/1045 1323/2414/1045
f 1322/2415/1046 1326/2416/1046 1324/2417/1046 1325/2418/1046
f 1327/2419/1047 1330/2420/1047 1331/2421/1047 1333/2422/1047
f 1328/2423/1048 1332/2424/1048 1331/2425/1048 1330/2426/1048
f 1329/2427/1049 1333/2428/1049 1331/2429/1049 1332/2430/1049
f 1334/2431/1050 1337/2432/1050 1338/2433/1050 1340/2434/1050
f 1335/2435/1051 1339/2436/1051 1338/2437/1051 1337/2438/1051
f 1336/2439/1052 1340/2440/1052 1338/2441/1052 1339/2442/1052
f 1299/2371/1053 1285/2347/1053 1291/2350/1053 1302/2372/1053
f 1302/2378/1054 1291/2356/1054 1287/2355/1054 1300/2375/1054
f 1286/2351/1055 1292/2359/1055 1298/2362/1055 1290/2352/1055
f 1290/2358/1056 1298/2368/1056 1294/2367/1056 1287/2355/1056
f 1293/2363/1057 1306/2383/1057 1312/2386/1057 1297/2364/1057
f 1297/2370/1058 1312/2392/1058 1308/2391/1058 1294/2367/1058
f 1307/2387/1059 1301/2379/1059 1304/2382/1059 1311/2388/1059
f 1311/2394/1060 1304/2376/1060 1300/2375/1060 1308/2391/1060
f 1327/2419/1061 1299/2371/1061 1305/2374/1061 1330/2420/1061
f 1330/2426/1062 1305/2380/1062 1301/2379/1062 1328/2423/1062
f 1306/2383/1063 1334/2431/1063 1340/2434/1063 1309/2384/1063
f 1309/2390/1064 1340/2440/1064 1336/2439/1064 1307/2387/1064
f 1335/2435/1065 1329/2427/1065 1332/2430/1065 1339/2436/1065
f 1339/2442/1066 1332/2424/1066 1328/2423/1066 1336/2439/1066
f 1313/2395/1067 1327/2419/1067 1333/2422/1067 1316/2396/1067
f 1316/2402/1068 1333/2428/1068 1329/2427/1068 1314/2399/1068
f 1334/2431/1069 1320/2407/1069 1326/2410/1069 1337/2432/1069
f 1337/2438/1070 1326/2416/1070 1322/2415/1070 1335/2435/1070
f 1321/2411/1071 1315/2403/1071 1318/2406/1071 1325/2412/1071
f 1325/2418/1072 1318/2400/1072 1314/2399/1072 1322/2415/1072
f 1285/2347/1073 1313/2395/1073 1319/2398/1073 1288/2348/1073
f 1288/2354/1074 1319/2404/1074 1315/2403/1074 1286/2351/1074
f 1320/2407/1075 1293/2363/1075 1295/2366/1075 1323/2408/1075
f 1323/2414/1076 1295/2360/1076 1292/2359/1076 1321/2411/1076
f 1299/2371/1077 1327/2419/1077 1313/2395/1077 1285/2347/1077
f 1287/2355/1078 1294/2367/1078 1308/2391/1078 1300/2375/1078
f 1315/2403/1079 1321/2411/1079 1292/2359/1079 1286/2351/1079
f 1334/2431/1080 1306/2383/1080 1293/2363/1080 1320/2407/1080
f 1301/2379/1081 1307/2387/1081 1336/2439/1081 1328/2423/1081
f 1329/2427/1082 1335/2435/1082 1322/2415/1082 1314/2399/1082
o DL_Wing_Armor_-1_4
v -22.247620 1.580000 24.481844
v -22.285652 1.740000 24.637257
v -22.403032 1.740000 24.443811
v -22.274511 1.626863 24.591738
v -22.359304 1.647624 24.549614
v -22.384407 1.740000 24.564844
v -22.357513 1.626863 24.454950
v -22.285652 2.260000 24.637257
v -22.247620 2.420000 24.481844
v -22.403032 2.260000 24.443811
v -22.274511 2.373137 24.591738
v -22.359304 2.352376 24.549614
v -22.357513 2.373137 24.454950
v -22.384407 2.260000 24.564844
v -21.658115 1.580000 22.072926
v -21.813530 1.740000 22.034893
v -21.620083 1.740000 21.917511
v -21.768011 1.626863 22.046032
v -21.725887 1.647624 21.961239
v -21.741117 1.740000 21.936138
v -21.631224 1.626863 21.963032
v -21.658115 2.420000 22.072926
v -21.620083 2.260000 21.917511
v -21.813530 2.260000 22.034893
v -21.631224 2.373137 21.963032
v -21.725887 2.352376 21.961239
v -21.741117 2.260000 21.936138
v -21.768011 2.373137 22.046032
v -16.341885 1.580000 25.927074
v -16.186470 1.740000 25.965107
v -16.379917 1.740000 26.082489
v -16.231989 1.626863 25.953968
v -16.274113 1.647624 26.038761
v -16.258883 1.740000 26.063862
v -16.368776 1.626863 26.036968
v -16.341885 2.420000 25.927074
v -16.379917 2.260000 26.082489
v -16.186470 2.260000 25.965107
v -16.368776 2.373137 26.036968
v -16.274113 2.352376 26.038761
v -16.258883 2.260000 26.063862
v -16.231989 2.373137 25.953968
v -15.752381 1.580000 23.518156
v -15.714349 1.740000 23.362743
v -15.596968 1.740000 23.556189
v -15.725489 1.626863 23.408262
v -15.640696 1.647624 23.450386
v -15.615594 1.740000 23.435156
v -15.642487 1.626863 23.545050
v -15.752381 2.420000 23.518156
v -15.596968 2.260000 23.556189
v -15.714349 2.260000 23.362743
v -15.642487 2.373137 23.545050
v -15.640696 2.352376 23.450386
v -15.615594 2.260000 23.435156
v -15.725489 2.373137 23.408262
vn -0.3930 -0.8881 0.2385
vn -0.5268 -0.3251 0.7854
vn -0.9399 -0.3251 0.1046
vn -0.5268 0.3251 0.7854
vn -0.3930 0.8881 0.2385
vn -0.9399 0.3251 0.1046
vn -0.2385 -0.8881 -0.3930
vn -0.7854 -0.3251 -0.5268
vn -0.1046 -0.3251 -0.9399
vn -0.2385 0.8881 -0.3930
vn -0.1046 0.3251 -0.9399
vn -0.7854 0.3251 -0.5268
vn 0.2385 -0.8881 0.3930
vn 0.7854 -0.3251 0.5268
vn 0.1046 -0.3251 0.9399
vn 0.2385 0.8881 0.3930
vn 0.1046 0.3251 0.9399
vn 0.7854 0.3251 0.5268
vn 0.3930 -0.8881 -0.2385
vn 0.5268 -0.3251 -0.7854
vn 0.9399 -0.3251 -0.1046
vn 0.3930 0.8881 -0.2385
vn 0.9399 0.3251 -0.1046
vn 0.5268 0.3251 -0.7854
vn -0.3717 -0.9239 -0.0910
vn -0.8974 -0.3827 -0.2196
vn -0.5913 -0.0000 0.8064
vn -0.9884 -0.0000 0.1521
vn -0.3717 0.9239 -0.0910
vn -0.8974 0.3827 -0.2196
vn -0.1521 -0.0000 -0.9884
vn -0.8064 -0.0000 -0.5913
vn 0.0910 -0.9239 -0.3717
vn 0.2196 -0.3827 -0.8974
vn 0.0910 0.9239 -0.3717
vn 0.2196 0.3827 -0.8974
vn 0.9884 -0.0000 -0.1521
vn 0.5913 -0.0000 -0.8064
vn 0.3717 -0.9239 0.0910
vn 0.8974 -0.3827 0.2196
vn 0.3717 0.9239 0.0910
vn 0.8974 0.3827 0.2196
vn 0.1521 -0.0000 0.9884
vn 0.8064 -0.0000 0.5913
vn -0.0910 -0.9239 0.3717
vn -0.2196 -0.3827 0.8974
vn -0.0910 0.9239 0.3717
vn -0.2196 0.3827 0.8974
vn -0.0000 -1.0000 -0.0000
vn -0.9713 -0.0000 -0.2377
vn -0.2377 -0.0000 0.9713
vn -0.0000 1.0000 -0.0000
vn 0.2377 -0.0000 -0.9713
vn 0.9713 -0.0000 0.2377
vt 0.013811 0.013811
vt 0.003889 0.013811
vt 0.003889 0.008083
vt 0.013811 0.003889
vt 0.469099 0.418478
vt 0.469099 0.408556
vt 0.474828 0.408556
vt 0.479021 0.418478
vt 0.569331 0.167606
vt 0.579253 0.167606
vt 0.579253 0.173334
vt 0.569331 0.177528
vt 0.436852 0.418478
vt 0.426930 0.418478
vt 0.426930 0.412750
vt 0.436852 0.408556
vt 0.195228 0.390856
vt 0.195228 0.400778
vt 0.189500 0.400778
vt 0.185306 0.390856
vt 0.537084 0.167606
vt 0.537084 0.177528
vt 0.531355 0.177528
vt 0.527162 0.167606
vt 0.167606 0.013811
vt 0.167606 0.003889
vt 0.173334 0.003889
vt 0.177528 0.013811
vt 0.569331 0.013811
vt 0.569331 0.003889
vt 0.575060 0.003889
vt 0.579253 0.013811
vt 0.469099 0.390856
vt 0.479021 0.390856
vt 0.479021 0.396584
vt 0.469099 0.400778
vt 0.349023 0.390856
vt 0.358945 0.390856
vt 0.358945 0.396584
vt 0.349023 0.400778
vt 0.436852 0.390856
vt 0.436852 0.400778
vt 0.431123 0.400778
vt 0.426930 0.390856
vt 0.537084 0.013811
vt 0.527162 0.013811
vt 0.527162 0.008083
vt 0.537084 0.003889
vt 0.013811 0.390856
vt 0.013811 0.400778
vt 0.008083 0.400778
vt 0.003889 0.390856
vt 0.569331 0.195228
vt 0.569331 0.185306
vt 0.575060 0.185306
vt 0.579253 0.195228
vt 0.469099 0.795523
vt 0.479021 0.795522
vt 0.479021 0.801251
vt 0.469099 0.805445
vt 0.195228 0.013811
vt 0.185306 0.013811
vt 0.185306 0.008083
vt 0.195228 0.003889
vt 0.436852 0.795523
vt 0.436852 0.805445
vt 0.431123 0.805445
vt 0.426930 0.795522
vt 0.537084 0.195228
vt 0.527162 0.195228
vt 0.527162 0.189500
vt 0.537084 0.185306
vt 0.167606 0.390856
vt 0.177528 0.390856
vt 0.177528 0.396584
vt 0.167606 0.400778
vt 0.469099 0.013811
vt 0.469099 0.003889
vt 0.474828 0.003889
vt 0.479021 0.013811
vt 0.569331 0.349023
vt 0.579253 0.349023
vt 0.579253 0.354751
vt 0.569331 0.358945
vt 0.349023 0.013811
vt 0.349023 0.003889
vt 0.354751 0.003889
vt 0.358945 0.013811
vt 0.537084 0.349023
vt 0.537084 0.358945
vt 0.531355 0.358945
vt 0.527161 0.349023
vt 0.436852 0.013811
vt 0.426930 0.013811
vt 0.426930 0.008083
vt 0.436852 0.003889
s 0
usemtl DL2_Hull_Silver
f 1341/2443/1083 1344/2444/1083 1345/2445/1083 1347/2446/1083
f 1342/2447/1084 1346/2448/1084 1345/2449/1084 1344/2450/1084
f 1343/2451/1085 1347/2452/1085 1345/2453/1085 1346/2454/1085
f 1348/2455/1086 1351/2456/1086 1352/2457/1086 1354/2458/1086
f 1349/2459/1087 1353/2460/1087 1352/2461/1087 1351/2462/1087
f 1350/2463/1088 1354/2464/1088 1352/2465/1088 1353/2466/1088
f 1355/2467/1089 1358/2468/1089 1359/2469/1089 1361/2470/1089
f 1356/2471/1090 1360/2472/1090 1359/2473/1090 1358/2474/1090
f 1357/2475/1091 1361/2476/1091 1359/2477/1091 1360/2478/1091
f 1362/2479/1092 1365/2480/1092 1366/2481/1092 1368/2482/1092
f 1363/2483/1093 1367/2484/1093 1366/2485/1093 1365/2486/1093
f 1364/2487/1094 1368/2488/1094 1366/2489/1094 1367/2490/1094
f 1369/2491/1095 1372/2492/1095 1373/2493/1095 1375/2494/1095
f 1370/2495/1096 1374/2496/1096 1373/2497/1096 1372/2498/1096
f 1371/2499/1097 1375/2500/1097 1373/2501/1097 1374/2502/1097
f 1376/2503/1098 1379/2504/1098 1380/2505/1098 1382/2506/1098
f 1377/2507/1099 1381/2508/1099 1380/2509/1099 1379/2510/1099
f 1378/2511/1100 1382/2512/1100 1380/2513/1100 1381/2514/1100
f 1383/2515/1101 1386/2516/1101 1387/2517/1101 1389/2518/1101
f 1384/2519/1102 1388/2520/1102 1387/2521/1102 1386/2522/1102
f 1385/2523/1103 1389/2524/1103 1387/2525/1103 1388/2526/1103
f 1390/2527/1104 1393/2528/1104 1394/2529/1104 1396/2530/1104
f 1391/2531/1105 1395/2532/1105 1394/2533/1105 1393/2534/1105
f 1392/2535/1106 1396/2536/1106 1394/2537/1106 1395/2538/1106
f 1355/2467/1107 1341/2443/1107 1347/2446/1107 1358/2468/1107
f 1358/2474/1108 1347/2452/1108 1343/2451/1108 1356/2471/1108
f 1342/2447/1109 1348/2455/1109 1354/2458/1109 1346/2448/1109
f 1346/2454/1110 1354/2464/1110 1350/2463/1110 1343/2451/1110
f 1349/2459/1111 1362/2479/1111 1368/2482/1111 1353/2460/1111
f 1353/2466/1112 1368/2488/1112 1364/2487/1112 1350/2463/1112
f 1363/2483/1113 1357/2475/1113 1360/2478/1113 1367/2484/1113
f 1367/2490/1114 1360/2472/1114 1356/2471/1114 1364/2487/1114
f 1383/2515/1115 1355/2467/1115 1361/2470/1115 1386/2516/1115
f 1386/2522/1116 1361/2476/1116 1357/2475/1116 1384/2519/1116
f 1362/2479/1117 1390/2527/1117 1396/2530/1117 1365/2480/1117
f 1365/2486/1118 1396/2536/1118 1392/2535/1118 1363/2483/1118
f 1391/2531/1119 1385/2523/1119 1388/2526/1119 1395/2532/1119
f 1395/2538/1120 1388/2520/1120 1384/2519/1120 1392/2535/1120
f 1369/2491/1121 1383/2515/1121 1389/2518/1121 1372/2492/1121
f 1372/2498/1122 1389/2524/1122 1385/2523/1122 1370/2495/1122
f 1390/2527/1123 1376/2503/1123 1382/2506/1123 1393/2528/1123
f 1393/2534/1124 1382/2512/1124 1378/2511/1124 1391/2531/1124
f 1377/2507/1125 1371/2499/1125 1374/2502/1125 1381/2508/1125
f 1381/2514/1126 1374/2496/1126 1370/2495/1126 1378/2511/1126
f 1341/2443/1127 1369/2491/1127 1375/2494/1127 1344/2444/1127
f 1344/2450/1128 1375/2500/1128 1371/2499/1128 1342/2447/1128
f 1376/2503/1129 1349/2459/1129 1351/2462/1129 1379/2504/1129
f 1379/2510/1130 1351/2456/1130 1348/2455/1130 1377/2507/1130
f 1355/2467/1131 1383/2515/1131 1369/2491/1131 1341/2443/1131
f 1343/2451/1132 1350/2463/1132 1364/2487/1132 1356/2471/1132
f 1371/2499/1133 1377/2507/1133 1348/2455/1133 1342/2447/1133
f 1390/2527/1134 1362/2479/1134 1349/2459/1134 1376/2503/1134
f 1357/2475/1135 1363/2483/1135 1392/2535/1135 1384/2519/1135
f 1385/2523/1136 1391/2531/1136 1378/2511/1136 1370/2495/1136
o DL_Wing_Light_-1_4
v -20.932346 2.420000 22.100664
v -20.941854 2.460000 22.139517
v -20.971201 2.460000 22.091156
v -20.939070 2.431716 22.128138
v -20.960268 2.436906 22.117607
v -20.966543 2.460000 22.121414
v -20.959820 2.431716 22.093941
v -20.941854 2.540000 22.139517
v -20.932346 2.580000 22.100664
v -20.971201 2.540000 22.091156
v -20.939070 2.568284 22.128138
v -20.960268 2.563094 22.117607
v -20.959820 2.568284 22.093941
v -20.966543 2.540000 22.121414
v -20.875298 2.420000 21.867542
v -20.914152 2.460000 21.858034
v -20.865789 2.460000 21.828690
v -20.902771 2.431716 21.860821
v -20.892241 2.436906 21.839621
v -20.896048 2.460000 21.833345
v -20.868574 2.431716 21.840069
v -20.875298 2.580000 21.867542
v -20.865789 2.540000 21.828690
v -20.914152 2.540000 21.858034
v -20.868574 2.568284 21.840069
v -20.892241 2.563094 21.839621
v -20.896048 2.540000 21.833345
v -20.902771 2.568284 21.860821
v -17.124702 2.420000 23.032459
v -17.085848 2.460000 23.041967
v -17.134211 2.460000 23.071312
v -17.097229 2.431716 23.039181
v -17.107759 2.436906 23.060381
v -17.103952 2.460000 23.066656
v -17.131426 2.431716 23.059933
v -17.124702 2.580000 23.032459
v -17.134211 2.540000 23.071312
v -17.085848 2.540000 23.041967
v -17.131426 2.568284 23.059933
v -17.107759 2.563094 23.060381
v -17.103952 2.540000 23.066656
v -17.097229 2.568284 23.039181
v -17.067654 2.420000 22.799337
v -17.058146 2.460000 22.760485
v -17.028799 2.460000 22.808846
v -17.060930 2.431716 22.771864
v -17.039732 2.436906 22.782394
v -17.033457 2.460000 22.778587
v -17.040180 2.431716 22.806061
v -17.067654 2.580000 22.799337
v -17.028799 2.540000 22.808846
v -17.058146 2.540000 22.760485
v -17.040180 2.568284 22.806061
v -17.039732 2.563094 22.782394
v -17.033457 2.540000 22.778587
v -17.060930 2.568284 22.771864
vn -0.3930 -0.8881 0.2385
vn -0.5268 -0.3251 0.7854
vn -0.9399 -0.3251 0.1046
vn -0.5268 0.3251 0.7854
vn -0.3930 0.8881 0.2385
vn -0.9399 0.3251 0.1046
vn -0.2385 -0.8881 -0.3930
vn -0.7854 -0.3251 -0.5268
vn -0.1046 -0.3251 -0.9399
vn -0.2385 0.8881 -0.3930
vn -0.1046 0.3251 -0.9399
vn -0.7854 0.3251 -0.5268
vn 0.2385 -0.8881 0.3930
vn 0.7854 -0.3251 0.5268
vn 0.1046 -0.3251 0.9399
vn 0.2385 0.8881 0.3930
vn 0.1046 0.3251 0.9399
vn 0.7854 0.3251 0.5268
vn 0.3930 -0.8881 -0.2385
vn 0.5268 -0.3251 -0.7854
vn 0.9399 -0.3251 -0.1046
vn 0.3930 0.8881 -0.2385
vn 0.9399 0.3251 -0.1046
vn 0.5268 0.3251 -0.7854
vn -0.3717 -0.9239 -0.0910
vn -0.8974 -0.3827 -0.2196
vn -0.5913 -0.0000 0.8064
vn -0.9884 -0.0000 0.1521
vn -0.3717 0.9239 -0.0910
vn -0.8974 0.3827 -0.2196
vn -0.1521 -0.0000 -0.9884
vn -0.8064 -0.0000 -0.5913
vn 0.0910 -0.9239 -0.3717
vn 0.2196 -0.3827 -0.8974
vn 0.0910 0.9239 -0.3717
vn 0.2196 0.3827 -0.8974
vn 0.9884 -0.0000 -0.1521
vn 0.5913 -0.0000 -0.8064
vn 0.3717 -0.9239 0.0910
vn 0.8974 -0.3827 0.2196
vn 0.3717 0.9239 0.0910
vn 0.8974 0.3827 0.2196
vn 0.1521 -0.0000 0.9884
vn 0.8064 -0.0000 0.5913
vn -0.0910 -0.9239 0.3717
vn -0.2196 -0.3827 0.8974
vn -0.0910 0.9239 0.3717
vn -0.2196 0.3827 0.8974
vn -0.0000 -1.0000 -0.0000
vn -0.9713 -0.0000 -0.2377
vn -0.2377 -0.0000 0.9713
vn -0.0000 1.0000 -0.0000
vn 0.2377 -0.0000 -0.9713
vn 0.9713 -0.0000 0.2377
vt 0.090729 0.004548
vt 0.088240 0.004548
vt 0.088240 0.003111
vt 0.090729 0.002059
vt 0.119744 0.004548
vt 0.119744 0.002059
vt 0.121181 0.002059
vt 0.122233 0.004548
vt 0.119744 0.325624
vt 0.122233 0.325624
vt 0.122233 0.327061
vt 0.119744 0.328113
vt 0.114764 0.004548
vt 0.112275 0.004548
vt 0.112275 0.003111
vt 0.114764 0.002059
vt 0.090729 0.501628
vt 0.090729 0.504117
vt 0.089292 0.504117
vt 0.088240 0.501628
vt 0.114764 0.325624
vt 0.114764 0.328113
vt 0.113327 0.328113
vt 0.112275 0.325624
vt 0.105668 0.004548
vt 0.105668 0.002059
vt 0.107105 0.002059
vt 0.108157 0.004548
vt 0.119744 0.310686
vt 0.119744 0.308196
vt 0.121181 0.308196
vt 0.122233 0.310686
vt 0.095709 0.754716
vt 0.098199 0.754716
vt 0.098199 0.756153
vt 0.095709 0.757205
vt 0.105668 0.501628
vt 0.108157 0.501628
vt 0.108157 0.503065
vt 0.105668 0.504117
vt 0.090729 0.754715
vt 0.090729 0.757205
vt 0.089292 0.757205
vt 0.088240 0.754716
vt 0.114764 0.310686
vt 0.112275 0.310686
vt 0.112275 0.309248
vt 0.114764 0.308196
vt 0.090729 0.248540
vt 0.090729 0.251029
vt 0.089292 0.251029
vt 0.088240 0.248540
vt 0.119744 0.334720
vt 0.119744 0.332231
vt 0.121181 0.332231
vt 0.122233 0.334720
vt 0.119744 0.248540
vt 0.122233 0.248540
vt 0.122233 0.249977
vt 0.119744 0.251029
vt 0.090729 0.257636
vt 0.088240 0.257636
vt 0.088240 0.256199
vt 0.090729 0.255147
vt 0.114764 0.248540
vt 0.114764 0.251029
vt 0.113327 0.251029
vt 0.112275 0.248540
vt 0.114764 0.334720
vt 0.112275 0.334720
vt 0.112275 0.333283
vt 0.114764 0.332231
vt 0.105668 0.248540
vt 0.108157 0.248540
vt 0.108157 0.249977
vt 0.105668 0.251029
vt 0.095709 0.510724
vt 0.095709 0.508235
vt 0.097146 0.508235
vt 0.098199 0.510724
vt 0.119744 0.349659
vt 0.122233 0.349659
vt 0.122233 0.351096
vt 0.119744 0.352148
vt 0.105668 0.257636
vt 0.105668 0.255147
vt 0.107105 0.255147
vt 0.108157 0.257636
vt 0.114764 0.349659
vt 0.114764 0.352148
vt 0.113327 0.352148
vt 0.112275 0.349659
vt 0.090729 0.510724
vt 0.088240 0.510724
vt 0.088240 0.509287
vt 0.090729 0.508235
s 0
usemtl DL2_IceBlue
f 1397/2539/1137 1400/2540/1137 1401/2541/1137 1403/2542/1137
f 1398/2543/1138 1402/2544/1138 1401/2545/1138 1400/2546/1138
f 1399/2547/1139 1403/2548/1139 1401/2549/1139 1402/2550/1139
f 1404/2551/1140 1407/2552/1140 1408/2553/1140 1410/2554/1140
f 1405/2555/1141 1409/2556/1141 1408/2557/1141 1407/2558/1141
f 1406/2559/1142 1410/2560/1142 1408/2561/1142 1409/2562/1142
f 1411/2563/1143 1414/2564/1143 1415/2565/1143 1417/2566/1143
f 1412/2567/1144 1416/2568/1144 1415/2569/1144 1414/2570/1144
f 1413/2571/1145 1417/2572/1145 1415/2573/1145 1416/2574/1145
f 1418/2575/1146 1421/2576/1146 1422/2577/1146 1424/2578/1146
f 1419/2579/1147 1423/2580/1147 1422/2581/1147 1421/2582/1147
f 1420/2583/1148 1424/2584/1148 1422/2585/1148 1423/2586/1148
f 1425/2587/1149 1428/2588/1149 1429/2589/1149 1431/2590/1149
f 1426/2591/1150 1430/2592/1150 1429/2593/1150 1428/2594/1150
f 1427/2595/1151 1431/2596/1151 1429/2597/1151 1430/2598/1151
f 1432/2599/1152 1435/2600/1152 1436/2601/1152 1438/2602/1152
f 1433/2603/1153 1437/2604/1153 1436/2605/1153 1435/2606/1153
f 1434/2607/1154 1438/2608/1154 1436/2609/1154 1437/2610/1154
f 1439/2611/1155 1442/2612/1155 1443/2613/1155 1445/2614/1155
f 1440/2615/1156 1444/2616/1156 1443/2617/1156 1442/2618/1156
f 1441/2619/1157 1445/2620/1157 1443/2621/1157 1444/2622/1157
f 1446/2623/1158 1449/2624/1158 1450/2625/1158 1452/2626/1158
f 1447/2627/1159 1451/2628/1159 1450/2629/1159 1449/2630/1159
f 1448/2631/1160 1452/2632/1160 1450/2633/1160 1451/2634/1160
f 1411/2563/1161 1397/2539/1161 1403/2542/1161 1414/2564/1161
f 1414/2570/1162 1403/2548/1162 1399/2547/1162 1412/2567/1162
f 1398/2543/1163 1404/2551/1163 1410/2554/1163 1402/2544/1163
f 1402/2550/1164 1410/2560/1164 1406/2559/1164 1399/2547/1164
f 1405/2555/1165 1418/2575/1165 1424/2578/1165 1409/2556/1165
f 1409/2562/1166 1424/2584/1166 1420/2583/1166 1406/2559/1166
f 1419/2579/1167 1413/2571/1167 1416/2574/1167 1423/2580/1167
f 1423/2586/1168 1416/2568/1168 1412/2567/1168 1420/2583/1168
f 1439/2611/1169 1411/2563/1169 1417/2566/1169 1442/2612/1169
f 1442/2618/1170 1417/2572/1170 1413/2571/1170 1440/2615/1170
f 1418/2575/1171 1446/2623/1171 1452/2626/1171 1421/2576/1171
f 1421/2582/1172 1452/2632/1172 1448/2631/1172 1419/2579/1172
f 1447/2627/1173 1441/2619/1173 1444/2622/1173 1451/2628/1173
f 1451/2634/1174 1444/2616/1174 1440/2615/1174 1448/2631/1174
f 1425/2587/1175 1439/2611/1175 1445/2614/1175 1428/2588/1175
f 1428/2594/1176 1445/2620/1176 1441/2619/1176 1426/2591/1176
f 1446/2623/1177 1432/2599/1177 1438/2602/1177 1449/2624/1177
f 1449/2630/1178 1438/2608/1178 1434/2607/1178 1447/2627/1178
f 1433/2603/1179 1427/2595/1179 1430/2598/1179 1437/2604/1179
f 1437/2610/1180 1430/2592/1180 1426/2591/1180 1434/2607/1180
f 1397/2539/1181 1425/2587/1181 1431/2590/1181 1400/2540/1181
f 1400/2546/1182 1431/2596/1182 1427/2595/1182 1398/2543/1182
f 1432/2599/1183 1405/2555/1183 1407/2558/1183 1435/2600/1183
f 1435/2606/1184 1407/2552/1184 1404/2551/1184 1433/2603/1184
f 1411/2563/1185 1439/2611/1185 1425/2587/1185 1397/2539/1185
f 1399/2547/1186 1406/2559/1186 1420/2583/1186 1412/2567/1186
f 1427/2595/1187 1433/2603/1187 1404/2551/1187 1398/2543/1187
f 1446/2623/1188 1418/2575/1188 1405/2555/1188 1432/2599/1188
f 1413/2571/1189 1419/2579/1189 1448/2631/1189 1440/2615/1189
f 1441/2619/1190 1447/2627/1190 1434/2607/1190 1426/2591/1190
o DL_Wing_Armor_1_1
v 2.341884 1.580000 -13.072925
v 2.379916 1.740000 -12.917511
v 2.186470 1.740000 -13.034893
v 2.368777 1.626863 -12.963031
v 2.274114 1.647624 -12.961239
v 2.258882 1.740000 -12.936138
v 2.231989 1.626863 -13.046032
v 2.379916 2.260000 -12.917511
v 2.341884 2.420000 -13.072925
v 2.186470 2.260000 -13.034893
v 2.368777 2.373137 -12.963031
v 2.274114 2.352376 -12.961239
v 2.231989 2.373137 -13.046032
v 2.258882 2.260000 -12.936138
v 1.752381 1.580000 -15.481843
v 1.596967 1.740000 -15.443810
v 1.714349 1.740000 -15.637258
v 1.642487 1.626863 -15.454950
v 1.640695 1.647624 -15.549613
v 1.615594 1.740000 -15.564844
v 1.725488 1.626863 -15.591738
v 1.752381 2.420000 -15.481843
v 1.714349 2.260000 -15.637258
v 1.596967 2.260000 -15.443810
v 1.725488 2.373137 -15.591738
v 1.640695 2.352376 -15.549613
v 1.615594 2.260000 -15.564844
v 1.642487 2.373137 -15.454950
v 8.247619 1.580000 -14.518157
v 8.403032 1.740000 -14.556190
v 8.285651 1.740000 -14.362742
v 8.357513 1.626863 -14.545050
v 8.359304 1.647624 -14.450387
v 8.384406 1.740000 -14.435156
v 8.274511 1.626863 -14.408262
v 8.247619 2.420000 -14.518157
v 8.285651 2.260000 -14.362742
v 8.403032 2.260000 -14.556190
v 8.274511 2.373137 -14.408262
v 8.359304 2.352376 -14.450387
v 8.384406 2.260000 -14.435156
v 8.357513 2.373137 -14.545050
v 7.658116 1.580000 -16.927074
v 7.620084 1.740000 -17.082489
v 7.813530 1.740000 -16.965107
v 7.631223 1.626863 -17.036968
v 7.725886 1.647624 -17.038761
v 7.741117 1.740000 -17.063862
v 7.768011 1.626863 -16.953968
v 7.658116 2.420000 -16.927074
v 7.813530 2.260000 -16.965107
v 7.620084 2.260000 -17.082489
v 7.768011 2.373137 -16.953968
v 7.725886 2.352376 -17.038761
v 7.741117 2.260000 -17.063862
v 7.631223 2.373137 -17.036968
vn -0.2385 -0.8881 0.3930
vn -0.1046 -0.3251 0.9399
vn -0.7854 -0.3251 0.5268
vn -0.1046 0.3251 0.9399
vn -0.2385 0.8881 0.3930
vn -0.7854 0.3251 0.5268
vn -0.3930 -0.8881 -0.2385
vn -0.9399 -0.3251 -0.1046
vn -0.5268 -0.3251 -0.7854
vn -0.3930 0.8881 -0.2385
vn -0.5268 0.3251 -0.7854
vn -0.9399 0.3251 -0.1046
vn 0.3930 -0.8881 0.2385
vn 0.9399 -0.3251 0.1046
vn 0.5268 -0.3251 0.7854
vn 0.3930 0.8881 0.2385
vn 0.5268 0.3251 0.7854
vn 0.9399 0.3251 0.1046
vn 0.2385 -0.8881 -0.3930
vn 0.1046 -0.3251 -0.9399
vn 0.7854 -0.3251 -0.5268
vn 0.2385 0.8881 -0.3930
vn 0.7854 0.3251 -0.5268
vn 0.1046 0.3251 -0.9399
vn -0.3717 -0.9239 0.0910
vn -0.8974 -0.3827 0.2196
vn -0.1521 -0.0000 0.9884
vn -0.8064 -0.0000 0.5913
vn -0.3717 0.9239 0.0910
vn -0.8974 0.3827 0.2196
vn -0.5913 -0.0000 -0.8064
vn -0.9884 -0.0000 -0.1521
vn -0.0910 -0.9239 -0.3717
vn -0.2196 -0.3827 -0.8974
vn -0.0910 0.9239 -0.3717
vn -0.2196 0.3827 -0.8974
vn 0.8064 -0.0000 -0.5913
vn 0.1521 -0.0000 -0.9884
vn 0.3717 -0.9239 -0.0910
vn 0.8974 -0.3827 -0.2196
vn 0.3717 0.9239 -0.0910
vn 0.8974 0.3827 -0.2196
vn 0.5913 -0.0000 0.8064
vn 0.9884 -0.0000 0.1521
vn 0.0910 -0.9239 0.3717
vn 0.2196 -0.3827 0.8974
vn 0.0910 0.9239 0.3717
vn 0.2196 0.3827 0.8974
vn -0.0000 -1.0000 -0.0000
vn -0.9713 -0.0000 0.2377
vn 0.2377 -0.0000 0.9713
vn -0.0000 1.0000 -0.0000
vn -0.2377 -0.0000 -0.9713
vn 0.9713 -0.0000 -0.2377
vt 0.013811 0.013811
vt 0.003889 0.013811
vt 0.003889 0.008083
vt 0.013811 0.003889
vt 0.469099 0.418478
vt 0.469099 0.408556
vt 0.474828 0.408556
vt 0.479021 0.418478
vt 0.569331 0.167606
vt 0.579253 0.167606
vt 0.579253 0.173334
vt 0.569331 0.177528
vt 0.436852 0.418478
vt 0.426930 0.418478
vt 0.426930 0.412750
vt 0.436852 0.408556
vt 0.195228 0.390856
vt 0.195228 0.400778
vt 0.189500 0.400778
vt 0.185306 0.390856
vt 0.537084 0.167606
vt 0.537084 0.177528
vt 0.531355 0.177528
vt 0.527162 0.167606
vt 0.167606 0.013811
vt 0.167606 0.003889
vt 0.173334 0.003889
vt 0.177528 0.013811
vt 0.569331 0.013811
vt 0.569331 0.003889
vt 0.575060 0.003889
vt 0.579253 0.013811
vt 0.469099 0.390856
vt 0.479021 0.390856
vt 0.479021 0.396584
vt 0.469099 0.400778
vt 0.349023 0.390856
vt 0.358945 0.390856
vt 0.358945 0.396584
vt 0.349023 0.400778
vt 0.436852 0.390856
vt 0.436852 0.400778
vt 0.431123 0.400778
vt 0.426930 0.390856
vt 0.537084 0.013811
vt 0.527162 0.013811
vt 0.527162 0.008083
vt 0.537084 0.003889
vt 0.013811 0.390856
vt 0.013811 0.400778
vt 0.008083 0.400778
vt 0.003889 0.390856
vt 0.569331 0.195228
vt 0.569331 0.185306
vt 0.575060 0.185306
vt 0.579253 0.195228
vt 0.469099 0.795523
vt 0.479021 0.795522
vt 0.479021 0.801251
vt 0.469099 0.805445
vt 0.195228 0.013811
vt 0.185306 0.013811
vt 0.185306 0.008083
vt 0.195228 0.003889
vt 0.436852 0.795523
vt 0.436852 0.805445
vt 0.431123 0.805445
vt 0.426930 0.795522
vt 0.537084 0.195228
vt 0.527162 0.195228
vt 0.527162 0.189500
vt 0.537084 0.185306
vt 0.167606 0.390856
vt 0.177528 0.390856
vt 0.177528 0.396584
vt 0.167606 0.400778
vt 0.469099 0.013811
vt 0.469099 0.003889
vt 0.474828 0.003889
vt 0.479021 0.013811
vt 0.569331 0.349023
vt 0.579253 0.349023
vt 0.579253 0.354751
vt 0.569331 0.358945
vt 0.349023 0.013811
vt 0.349023 0.003889
vt 0.354751 0.003889
vt 0.358945 0.013811
vt 0.537084 0.349023
vt 0.537084 0.358945
vt 0.531355 0.358945
vt 0.527161 0.349023
vt 0.436852 0.013811
vt 0.426930 0.013811
vt 0.426930 0.008083
vt 0.436852 0.003889
s 0
usemtl DL2_Hull_Silver
f 1453/2635/1191 1456/2636/1191 1457/2637/1191 1459/2638/1191
f 1454/2639/1192 1458/2640/1192 1457/2641/1192 1456/2642/1192
f 1455/2643/1193 1459/2644/1193 1457/2645/1193 1458/2646/1193
f 1460/2647/1194 1463/2648/1194 1464/2649/1194 1466/2650/1194
f 1461/2651/1195 1465/2652/1195 1464/2653/1195 1463/2654/1195
f 1462/2655/1196 1466/2656/1196 1464/2657/1196 1465/2658/1196
f 1467/2659/1197 1470/2660/1197 1471/2661/1197 1473/2662/1197
f 1468/2663/1198 1472/2664/1198 1471/2665/1198 1470/2666/1198
f 1469/2667/1199 1473/2668/1199 1471/2669/1199 1472/2670/1199
f 1474/2671/1200 1477/2672/1200 1478/2673/1200 1480/2674/1200
f 1475/2675/1201 1479/2676/1201 1478/2677/1201 1477/2678/1201
f 1476/2679/1202 1480/2680/1202 1478/2681/1202 1479/2682/1202
f 1481/2683/1203 1484/2684/1203 1485/2685/1203 1487/2686/1203
f 1482/2687/1204 1486/2688/1204 1485/2689/1204 1484/2690/1204
f 1483/2691/1205 1487/2692/1205 1485/2693/1205 1486/2694/1205
f 1488/2695/1206 1491/2696/1206 1492/2697/1206 1494/2698/1206
f 1489/2699/1207 1493/2700/1207 1492/2701/1207 1491/2702/1207
f 1490/2703/1208 1494/2704/1208 1492/2705/1208 1493/2706/1208
f 1495/2707/1209 1498/2708/1209 1499/2709/1209 1501/2710/1209
f 1496/2711/1210 1500/2712/1210 1499/2713/1210 1498/2714/1210
f 1497/2715/1211 1501/2716/1211 1499/2717/1211 1500/2718/1211
f 1502/2719/1212 1505/2720/1212 1506/2721/1212 1508/2722/1212
f 1503/2723/1213 1507/2724/1213 1506/2725/1213 1505/2726/1213
f 1504/2727/1214 1508/2728/1214 1506/2729/1214 1507/2730/1214
f 1467/2659/1215 1453/2635/1215 1459/2638/1215 1470/2660/1215
f 1470/2666/1216 1459/2644/1216 1455/2643/1216 1468/2663/1216
f 1454/2639/1217 1460/2647/1217 1466/2650/1217 1458/2640/1217
f 1458/2646/1218 1466/2656/1218 1462/2655/1218 1455/2643/1218
f 1461/2651/1219 1474/2671/1219 1480/2674/1219 1465/2652/1219
f 1465/2658/1220 1480/2680/1220 1476/2679/1220 1462/2655/1220
f 1475/2675/1221 1469/2667/1221 1472/2670/1221 1479/2676/1221
f 1479/2682/1222 1472/2664/1222 1468/2663/1222 1476/2679/1222
f 1495/2707/1223 1467/2659/1223 1473/2662/1223 1498/2708/1223
f 1498/2714/1224 1473/2668/1224 1469/2667/1224 1496/2711/1224
f 1474/2671/1225 1502/2719/1225 1508/2722/1225 1477/2672/1225
f 1477/2678/1226 1508/2728/1226 1504/2727/1226 1475/2675/1226
f 1503/2723/1227 1497/2715/1227 1500/2718/1227 1507/2724/1227
f 1507/2730/1228 1500/2712/1228 1496/2711/1228 1504/2727/1228
f 1481/2683/1229 1495/2707/1229 1501/2710/1229 1484/2684/1229
f 1484/2690/1230 1501/2716/1230 1497/2715/1230 1482/2687/1230
f 1502/2719/1231 1488/2695/1231 1494/2698/1231 1505/2720/1231
f 1505/2726/1232 1494/2704/1232 1490/2703/1232 1503/2723/1232
f 1489/2699/1233 1483/2691/1233 1486/2694/1233 1493/2700/1233
f 1493/2706/1234 1486/2688/1234 1482/2687/1234 1490/2703/1234
f 1453/2635/1235 1481/2683/1235 1487/2686/1235 1456/2636/1235
f 1456/2642/1236 1487/2692/1236 1483/2691/1236 1454/2639/1236
f 1488/2695/1237 1461/2651/1237 1463/2654/1237 1491/2696/1237
f 1491/2702/1238 1463/2648/1238 1460/2647/1238 1489/2699/1238
f 1467/2659/1239 1495/2707/1239 1481/2683/1239 1453/2635/1239
f 1455/2643/1240 1462/2655/1240 1476/2679/1240 1468/2663/1240
f 1483/2691/1241 1489/2699/1241 1460/2647/1241 1454/2639/1241
f 1502/2719/1242 1474/2671/1242 1461/2651/1242 1488/2695/1242
f 1469/2667/1243 1475/2675/1243 1504/2727/1243 1496/2711/1243
f 1497/2715/1244 1503/2723/1244 1490/2703/1244 1482/2687/1244
o DL_Wing_Light_1_1
v 3.124702 2.420000 -12.867542
v 3.134210 2.460000 -12.828689
v 3.085848 2.460000 -12.858034
v 3.131425 2.431716 -12.840069
v 3.107759 2.436906 -12.839621
v 3.103951 2.460000 -12.833345
v 3.097228 2.431716 -12.860819
v 3.134210 2.540000 -12.828689
v 3.124702 2.580000 -12.867542
v 3.085848 2.540000 -12.858034
v 3.131425 2.568284 -12.840069
v 3.107759 2.563094 -12.839621
v 3.097228 2.568284 -12.860819
v 3.103951 2.540000 -12.833345
v 3.067653 2.420000 -13.100663
v 3.028800 2.460000 -13.091155
v 3.058145 2.460000 -13.139517
v 3.040180 2.431716 -13.093940
v 3.039732 2.436906 -13.117606
v 3.033456 2.460000 -13.121413
v 3.060930 2.431716 -13.128137
v 3.067653 2.580000 -13.100663
v 3.058145 2.540000 -13.139517
v 3.028800 2.540000 -13.091155
v 3.060930 2.568284 -13.128137
v 3.039732 2.563094 -13.117606
v 3.033456 2.540000 -13.121413
v 3.040180 2.568284 -13.093940
v 6.932347 2.420000 -13.799336
v 6.971200 2.460000 -13.808845
v 6.941855 2.460000 -13.760483
v 6.959820 2.431716 -13.806060
v 6.960268 2.436906 -13.782393
v 6.966544 2.460000 -13.778586
v 6.939070 2.431716 -13.771863
v 6.932347 2.580000 -13.799336
v 6.941855 2.540000 -13.760483
v 6.971200 2.540000 -13.808845
v 6.939070 2.568284 -13.771863
v 6.960268 2.563094 -13.782393
v 6.966544 2.540000 -13.778586
v 6.959820 2.568284 -13.806060
v 6.875298 2.420000 -14.032457
v 6.865790 2.460000 -14.071311
v 6.914152 2.460000 -14.041965
v 6.868575 2.431716 -14.059931
v 6.892241 2.436906 -14.060379
v 6.896049 2.460000 -14.066654
v 6.902772 2.431716 -14.039181
v 6.875298 2.580000 -14.032457
v 6.914152 2.540000 -14.041965
v 6.865790 2.540000 -14.071311
v 6.902772 2.568284 -14.039181
v 6.892241 2.563094 -14.060379
v 6.896049 2.540000 -14.066654
v 6.868575 2.568284 -14.059931
vn -0.2385 -0.8881 0.3930
vn -0.1046 -0.3251 0.9399
vn -0.7854 -0.3251 0.5268
vn -0.1046 0.3251 0.9399
vn -0.2385 0.8881 0.3930
vn -0.7854 0.3251 0.5268
vn -0.3930 -0.8881 -0.2385
vn -0.9399 -0.3251 -0.1046
vn -0.5268 -0.3251 -0.7854
vn -0.3930 0.8881 -0.2385
vn -0.5268 0.3251 -0.7854
vn -0.9399 0.3251 -0.1046
vn 0.3930 -0.8881 0.2385
vn 0.9399 -0.3251 0.1046
vn 0.5268 -0.3251 0.7854
vn 0.3930 0.8881 0.2385
vn 0.5268 0.3251 0.7854
vn 0.9399 0.3251 0.1046
vn 0.2385 -0.8881 -0.3930
vn 0.1046 -0.3251 -0.9399
vn 0.7854 -0.3251 -0.5268
vn 0.2385 0.8881 -0.3930
vn 0.7854 0.3251 -0.5268
vn 0.1046 0.3251 -0.9399
vn -0.3717 -0.9239 0.0910
vn -0.8974 -0.3827 0.2196
vn -0.1521 -0.0000 0.9884
vn -0.8064 -0.0000 0.5913
vn -0.3717 0.9239 0.0910
vn -0.8974 0.3827 0.2196
vn -0.5913 -0.0000 -0.8064
vn -0.9884 -0.0000 -0.1521
vn -0.0910 -0.9239 -0.3717
vn -0.2196 -0.3827 -0.8974
vn -0.0910 0.9239 -0.3717
vn -0.2196 0.3827 -0.8974
vn 0.8064 -0.0000 -0.5913
vn 0.1521 -0.0000 -0.9884
vn 0.3717 -0.9239 -0.0910
vn 0.8974 -0.3827 -0.2196
vn 0.3717 0.9239 -0.0910
vn 0.8974 0.3827 -0.2196
vn 0.5913 -0.0000 0.8064
vn 0.9884 -0.0000 0.1521
vn 0.0910 -0.9239 0.3717
vn 0.2196 -0.3827 0.8974
vn 0.0910 0.9239 0.3717
vn 0.2196 0.3827 0.8974
vn -0.0000 -1.0000 -0.0000
vn -0.9713 -0.0000 0.2377
vn 0.2377 -0.0000 0.9713
vn -0.0000 1.0000 -0.0000
vn -0.2377 -0.0000 -0.9713
vn 0.9713 -0.0000 -0.2377
vt 0.090729 0.004548
vt 0.088240 0.004548
vt 0.088240 0.003111
vt 0.090729 0.002059
vt 0.119744 0.004548
vt 0.119744 0.002059
vt 0.121181 0.002059
vt 0.122233 0.004548
vt 0.119744 0.325624
vt 0.122233 0.325624
vt 0.122233 0.327061
vt 0.119744 0.328113
vt 0.114764 0.004548
vt 0.112275 0.004548
vt 0.112275 0.003111
vt 0.114764 0.002059
vt 0.090729 0.501628
vt 0.090729 0.504117
vt 0.089292 0.504117
vt 0.088240 0.501628
vt 0.114764 0.325624
vt 0.114764 0.328113
vt 0.113327 0.328113
vt 0.112275 0.325624
vt 0.105668 0.004548
vt 0.105668 0.002059
vt 0.107105 0.002059
vt 0.108157 0.004548
vt 0.119744 0.310686
vt 0.119744 0.308196
vt 0.121181 0.308196
vt 0.122233 0.310686
vt 0.095709 0.754716
vt 0.098199 0.754716
vt 0.098199 0.756153
vt 0.095709 0.757205
vt 0.105668 0.501628
vt 0.108157 0.501628
vt 0.108157 0.503065
vt 0.105668 0.504117
vt 0.090729 0.754715
vt 0.090729 0.757205
vt 0.089292 0.757205
vt 0.088240 0.754716
vt 0.114764 0.310686
vt 0.112275 0.310686
vt 0.112275 0.309248
vt 0.114764 0.308196
vt 0.090729 0.248540
vt 0.090729 0.251029
vt 0.089292 0.251029
vt 0.088240 0.248540
vt 0.119744 0.334720
vt 0.119744 0.332231
vt 0.121181 0.332231
vt 0.122233 0.334720
vt 0.119744 0.248540
vt 0.122233 0.248540
vt 0.122233 0.249977
vt 0.119744 0.251029
vt 0.090729 0.257636
vt 0.088240 0.257636
vt 0.088240 0.256199
vt 0.090729 0.255147
vt 0.114764 0.248540
vt 0.114764 0.251029
vt 0.113327 0.251029
vt 0.112275 0.248540
vt 0.114764 0.334720
vt 0.112275 0.334720
vt 0.112275 0.333283
vt 0.114764 0.332231
vt 0.105668 0.248540
vt 0.108157 0.248540
vt 0.108157 0.249977
vt 0.105668 0.251029
vt 0.095709 0.510724
vt 0.095709 0.508235
vt 0.097146 0.508235
vt 0.098199 0.510724
vt 0.119744 0.349659
vt 0.122233 0.349659
vt 0.122233 0.351096
vt 0.119744 0.352148
vt 0.105668 0.257636
vt 0.105668 0.255147
vt 0.107105 0.255147
vt 0.108157 0.257636
vt 0.114764 0.349659
vt 0.114764 0.352148
vt 0.113327 0.352148
vt 0.112275 0.349659
vt 0.090729 0.510724
vt 0.088240 0.510724
vt 0.088240 0.509287
vt 0.090729 0.508235
s 0
usemtl DL2_IceBlue
f 1509/2731/1245 1512/2732/1245 1513/2733/1245 1515/2734/1245
f 1510/2735/1246 1514/2736/1246 1513/2737/1246 1512/2738/1246
f 1511/2739/1247 1515/2740/1247 1513/2741/1247 1514/2742/1247
f 1516/2743/1248 1519/2744/1248 1520/2745/1248 1522/2746/1248
f 1517/2747/1249 1521/2748/1249 1520/2749/1249 1519/2750/1249
f 1518/2751/1250 1522/2752/1250 1520/2753/1250 1521/2754/1250
f 1523/2755/1251 1526/2756/1251 1527/2757/1251 1529/2758/1251
f 1524/2759/1252 1528/2760/1252 1527/2761/1252 1526/2762/1252
f 1525/2763/1253 1529/2764/1253 1527/2765/1253 1528/2766/1253
f 1530/2767/1254 1533/2768/1254 1534/2769/1254 1536/2770/1254
f 1531/2771/1255 1535/2772/1255 1534/2773/1255 1533/2774/1255
f 1532/2775/1256 1536/2776/1256 1534/2777/1256 1535/2778/1256
f 1537/2779/1257 1540/2780/1257 1541/2781/1257 1543/2782/1257
f 1538/2783/1258 1542/2784/1258 1541/2785/1258 1540/2786/1258
f 1539/2787/1259 1543/2788/1259 1541/2789/1259 1542/2790/1259
f 1544/2791/1260 1547/2792/1260 1548/2793/1260 1550/2794/1260
f 1545/2795/1261 1549/2796/1261 1548/2797/1261 1547/2798/1261
f 1546/2799/1262 1550/2800/1262 1548/2801/1262 1549/2802/1262
f 1551/2803/1263 1554/2804/1263 1555/2805/1263 1557/2806/1263
f 1552/2807/1264 1556/2808/1264 1555/2809/1264 1554/2810/1264
f 1553/2811/1265 1557/2812/1265 1555/2813/1265 1556/2814/1265
f 1558/2815/1266 1561/2816/1266 1562/2817/1266 1564/2818/1266
f 1559/2819/1267 1563/2820/1267 1562/2821/1267 1561/2822/1267
f 1560/2823/1268 1564/2824/1268 1562/2825/1268 1563/2826/1268
f 1523/2755/1269 1509/2731/1269 1515/2734/1269 1526/2756/1269
f 1526/2762/1270 1515/2740/1270 1511/2739/1270 1524/2759/1270
f 1510/2735/1271 1516/2743/1271 1522/2746/1271 1514/2736/1271
f 1514/2742/1272 1522/2752/1272 1518/2751/1272 1511/2739/1272
f 1517/2747/1273 1530/2767/1273 1536/2770/1273 1521/2748/1273
f 1521/2754/1274 1536/2776/1274 1532/2775/1274 1518/2751/1274
f 1531/2771/1275 1525/2763/1275 1528/2766/1275 1535/2772/1275
f 1535/2778/1276 1528/2760/1276 1524/2759/1276 1532/2775/1276
f 1551/2803/1277 1523/2755/1277 1529/2758/1277 1554/2804/1277
f 1554/2810/1278 1529/2764/1278 1525/2763/1278 1552/2807/1278
f 1530/2767/1279 1558/2815/1279 1564/2818/1279 1533/2768/1279
f 1533/2774/1280 1564/2824/1280 1560/2823/1280 1531/2771/1280
f 1559/2819/1281 1553/2811/1281 1556/2814/1281 1563/2820/1281
f 1563/2826/1282 1556/2808/1282 1552/2807/1282 1560/2823/1282
f 1537/2779/1283 1551/2803/1283 1557/2806/1283 1540/2780/1283
f 1540/2786/1284 1557/2812/1284 1553/2811/1284 1538/2783/1284
f 1558/2815/1285 1544/2791/1285 1550/2794/1285 1561/2816/1285
f 1561/2822/1286 1550/2800/1286 1546/2799/1286 1559/2819/1286
f 1545/2795/1287 1539/2787/1287 1542/2790/1287 1549/2796/1287
f 1549/2802/1288 1542/2784/1288 1538/2783/1288 1546/2799/1288
f 1509/2731/1289 1537/2779/1289 1543/2782/1289 1512/2732/1289
f 1512/2738/1290 1543/2788/1290 1539/2787/1290 1510/2735/1290
f 1544/2791/1291 1517/2747/1291 1519/2750/1291 1547/2792/1291
f 1547/2798/1292 1519/2744/1292 1516/2743/1292 1545/2795/1292
f 1523/2755/1293 1551/2803/1293 1537/2779/1293 1509/2731/1293
f 1511/2739/1294 1518/2751/1294 1532/2775/1294 1524/2759/1294
f 1539/2787/1295 1545/2795/1295 1516/2743/1295 1510/2735/1295
f 1558/2815/1296 1530/2767/1296 1517/2747/1296 1544/2791/1296
f 1525/2763/1297 1531/2771/1297 1560/2823/1297 1552/2807/1297
f 1553/2811/1298 1559/2819/1298 1546/2799/1298 1538/2783/1298
o DL_Wing_Armor_1_2
v -5.658116 1.580000 -16.072926
v -5.620084 1.740000 -15.917511
v -5.813530 1.740000 -16.034893
v -5.631223 1.626863 -15.963031
v -5.725886 1.647624 -15.961239
v -5.741117 1.740000 -15.936138
v -5.768011 1.626863 -16.046032
v -5.620084 2.260000 -15.917511
v -5.658116 2.420000 -16.072926
v -5.813530 2.260000 -16.034893
v -5.631223 2.373137 -15.963031
v -5.725886 2.352376 -15.961239
v -5.768011 2.373137 -16.046032
v -5.741117 2.260000 -15.936138
v -6.247619 1.580000 -18.481844
v -6.403033 1.740000 -18.443811
v -6.285651 1.740000 -18.637257
v -6.357513 1.626863 -18.454950
v -6.359305 1.647624 -18.549614
v -6.384406 1.740000 -18.564844
v -6.274512 1.626863 -18.591738
v -6.247619 2.420000 -18.481844
v -6.285651 2.260000 -18.637257
v -6.403033 2.260000 -18.443811
v -6.274512 2.373137 -18.591738
v -6.359305 2.352376 -18.549614
v -6.384406 2.260000 -18.564844
v -6.357513 2.373137 -18.454950
v 0.247619 1.580000 -17.518156
v 0.403033 1.740000 -17.556189
v 0.285651 1.740000 -17.362743
v 0.357513 1.626863 -17.545050
v 0.359305 1.647624 -17.450386
v 0.384406 1.740000 -17.435156
v 0.274512 1.626863 -17.408262
v 0.247619 2.420000 -17.518156
v 0.285651 2.260000 -17.362743
v 0.403033 2.260000 -17.556189
v 0.274512 2.373137 -17.408262
v 0.359305 2.352376 -17.450386
v 0.384406 2.260000 -17.435156
v 0.357513 2.373137 -17.545050
v -0.341884 1.580000 -19.927074
v -0.379916 1.740000 -20.082489
v -0.186470 1.740000 -19.965107
v -0.368777 1.626863 -20.036968
v -0.274114 1.647624 -20.038761
v -0.258882 1.740000 -20.063862
v -0.231989 1.626863 -19.953968
v -0.341884 2.420000 -19.927074
v -0.186470 2.260000 -19.965107
v -0.379916 2.260000 -20.082489
v -0.231989 2.373137 -19.953968
v -0.274114 2.352376 -20.038761
v -0.258882 2.260000 -20.063862
v -0.368777 2.373137 -20.036968
vn -0.2385 -0.8881 0.3930
vn -0.1046 -0.3251 0.9399
vn -0.7854 -0.3251 0.5268
vn -0.1046 0.3251 0.9399
vn -0.2385 0.8881 0.3930
vn -0.7854 0.3251 0.5268
vn -0.3930 -0.8881 -0.2385
vn -0.9399 -0.3251 -0.1046
vn -0.5268 -0.3251 -0.7854
vn -0.3930 0.8881 -0.2385
vn -0.5268 0.3251 -0.7854
vn -0.9399 0.3251 -0.1046
vn 0.3930 -0.8881 0.2385
vn 0.9399 -0.3251 0.1046
vn 0.5268 -0.3251 0.7854
vn 0.3930 0.8881 0.2385
vn 0.5268 0.3251 0.7854
vn 0.9399 0.3251 0.1046
vn 0.2385 -0.8881 -0.3930
vn 0.1046 -0.3251 -0.9399
vn 0.7854 -0.3251 -0.5268
vn 0.2385 0.8881 -0.3930
vn 0.7854 0.3251 -0.5268
vn 0.1046 0.3251 -0.9399
vn -0.3717 -0.9239 0.0910
vn -0.8974 -0.3827 0.2196
vn -0.1521 -0.0000 0.9884
vn -0.8064 -0.0000 0.5913
vn -0.3717 0.9239 0.0910
vn -0.8974 0.3827 0.2196
vn -0.5913 -0.0000 -0.8064
vn -0.9884 -0.0000 -0.1521
vn -0.0910 -0.9239 -0.3717
vn -0.2196 -0.3827 -0.8974
vn -0.0910 0.9239 -0.3717
vn -0.2196 0.3827 -0.8974
vn 0.8064 -0.0000 -0.5913
vn 0.1521 -0.0000 -0.9884
vn 0.3717 -0.9239 -0.0910
vn 0.8974 -0.3827 -0.2196
vn 0.3717 0.9239 -0.0910
vn 0.8974 0.3827 -0.2196
vn 0.5913 -0.0000 0.8064
vn 0.9884 -0.0000 0.1521
vn 0.0910 -0.9239 0.3717
vn 0.2196 -0.3827 0.8974
vn 0.0910 0.9239 0.3717
vn 0.2196 0.3827 0.8974
vn -0.0000 -1.0000 -0.0000
vn -0.9713 -0.0000 0.2377
vn 0.2377 -0.0000 0.9713
vn -0.0000 1.0000 -0.0000
vn -0.2377 -0.0000 -0.9713
vn 0.9713 -0.0000 -0.2377
vt 0.013811 0.013811
vt 0.003889 0.013811
vt 0.003889 0.008083
vt 0.013811 0.003889
vt 0.469099 0.418478
vt 0.469099 0.408556
vt 0.474828 0.408556
vt 0.479021 0.418478
vt 0.569331 0.167606
vt 0.579253 0.167606
vt 0.579253 0.173334
vt 0.569331 0.177528
vt 0.436852 0.418478
vt 0.426930 0.418478
vt 0.426930 0.412750
vt 0.436852 0.408556
vt 0.195228 0.390856
vt 0.195228 0.400778
vt 0.189500 0.400778
vt 0.185306 0.390856
vt 0.537084 0.167606
vt 0.537084 0.177528
vt 0.531355 0.177528
vt 0.527162 0.167606
vt 0.167606 0.013811
vt 0.167606 0.003889
vt 0.173334 0.003889
vt 0.177528 0.013811
vt 0.569331 0.013811
vt 0.569331 0.003889
vt 0.575060 0.003889
vt 0.579253 0.013811
vt 0.469099 0.390856
vt 0.479021 0.390856
vt 0.479021 0.396584
vt 0.469099 0.400778
vt 0.349023 0.390856
vt 0.358945 0.390856
vt 0.358945 0.396584
vt 0.349023 0.400778
vt 0.436852 0.390856
vt 0.436852 0.400778
vt 0.431123 0.400778
vt 0.426930 0.390856
vt 0.537084 0.013811
vt 0.527162 0.013811
vt 0.527162 0.008083
vt 0.537084 0.003889
vt 0.013811 0.390856
vt 0.013811 0.400778
vt 0.008083 0.400778
vt 0.003889 0.390856
vt 0.569331 0.195228
vt 0.569331 0.185306
vt 0.575060 0.185306
vt 0.579253 0.195228
vt 0.469099 0.795523
vt 0.479021 0.795522
vt 0.479021 0.801251
vt 0.469099 0.805445
vt 0.195228 0.013811
vt 0.185306 0.013811
vt 0.185306 0.008083
vt 0.195228 0.003889
vt 0.436852 0.795523
vt 0.436852 0.805445
vt 0.431123 0.805445
vt 0.426930 0.795522
vt 0.537084 0.195228
vt 0.527162 0.195228
vt 0.527162 0.189500
vt 0.537084 0.185306
vt 0.167606 0.390856
vt 0.177528 0.390856
vt 0.177528 0.396584
vt 0.167606 0.400778
vt 0.469099 0.013811
vt 0.469099 0.003889
vt 0.474828 0.003889
vt 0.479021 0.013811
vt 0.569331 0.349023
vt 0.579253 0.349023
vt 0.579253 0.354751
vt 0.569331 0.358945
vt 0.349023 0.013811
vt 0.349023 0.003889
vt 0.354751 0.003889
vt 0.358945 0.013811
vt 0.537084 0.349023
vt 0.537084 0.358945
vt 0.531355 0.358945
vt 0.527161 0.349023
vt 0.436852 0.013811
vt 0.426930 0.013811
vt 0.426930 0.008083
vt 0.436852 0.003889
s 0
usemtl DL2_Hull_Silver
f 1565/2827/1299 1568/2828/1299 1569/2829/1299 1571/2830/1299
f 1566/2831/1300 1570/2832/1300 1569/2833/1300 1568/2834/1300
f 1567/2835/1301 1571/2836/1301 1569/2837/1301 1570/2838/1301
f 1572/2839/1302 1575/2840/1302 1576/2841/1302 1578/2842/1302
f 1573/2843/1303 1577/2844/1303 1576/2845/1303 1575/2846/1303
f 1574/2847/1304 1578/2848/1304 1576/2849/1304 1577/2850/1304
f 1579/2851/1305 1582/2852/1305 1583/2853/1305 1585/2854/1305
f 1580/2855/1306 1584/2856/1306 1583/2857/1306 1582/2858/1306
f 1581/2859/1307 1585/2860/1307 1583/2861/1307 1584/2862/1307
f 1586/2863/1308 1589/2864/1308 1590/2865/1308 1592/2866/1308
f 1587/2867/1309 1591/2868/1309 1590/2869/1309 1589/2870/1309
f 1588/2871/1310 1592/2872/1310 1590/2873/1310 1591/2874/1310
f 1593/2875/1311 1596/2876/1311 1597/2877/1311 1599/2878/1311
f 1594/2879/1312 1598/2880/1312 1597/2881/1312 1596/2882/1312
f 1595/2883/1313 1599/2884/1313 1597/2885/1313 1598/2886/1313
f 1600/2887/1314 1603/2888/1314 1604/2889/1314 1606/2890/1314
f 1601/2891/1315 1605/2892/1315 1604/2893/1315 1603/2894/1315
f 1602/2895/1316 1606/2896/1316 1604/2897/1316 1605/2898/1316
f 1607/2899/1317 1610/2900/1317 1611/2901/1317 1613/2902/1317
f 1608/2903/1318 1612/2904/1318 1611/2905/1318 1610/2906/1318
f 1609/2907/1319 1613/2908/1319 1611/2909/1319 1612/2910/1319
f 1614/2911/1320 1617/2912/1320 1618/2913/1320 1620/2914/1320
f 1615/2915/1321 1619/2916/1321 1618/2917/1321 1617/2918/1321
f 1616/2919/1322 1620/2920/1322 1618/2921/1322 1619/2922/1322
f 1579/2851/1323 1565/2827/1323 1571/2830/1323 1582/2852/1323
f 1582/2858/1324 1571/2836/1324 1567/2835/1324 1580/2855/1324
f 1566/2831/1325 1572/2839/1325 1578/2842/1325 1570/2832/1325
f 1570/2838/1326 1578/2848/1326 1574/2847/1326 1567/2835/1326
f 1573/2843/1327 1586/2863/1327 1592/2866/1327 1577/2844/1327
f 1577/2850/1328 1592/2872/1328 1588/2871/1328 1574/2847/1328
f 1587/2867/1329 1581/2859/1329 1584/2862/1329 1591/2868/1329
f 1591/2874/1330 1584/2856/1330 1580/2855/1330 1588/2871/1330
f 1607/2899/1331 1579/2851/1331 1585/2854/1331 1610/2900/1331
f 1610/2906/1332 1585/2860/1332 1581/2859/1332 1608/2903/1332
f 1586/2863/1333 1614/2911/1333 1620/2914/1333 1589/2864/1333
f 1589/2870/1334 1620/2920/1334 1616/2919/1334 1587/2867/1334
f 1615/2915/1335 1609/2907/1335 1612/2910/1335 1619/2916/1335
f 1619/2922/1336 1612/2904/1336 1608/2903/1336 1616/2919/1336
f 1593/2875/1337 1607/2899/1337 1613/2902/1337 1596/2876/1337
f 1596/2882/1338 1613/2908/1338 1609/2907/1338 1594/2879/1338
f 1614/2911/1339 1600/2887/1339 1606/2890/1339 1617/2912/1339
f 1617/2918/1340 1606/2896/1340 1602/2895/1340 1615/2915/1340
f 1601/2891/1341 1595/2883/1341 1598/2886/1341 1605/2892/1341
f 1605/2898/1342 1598/2880/1342 1594/2879/1342 1602/2895/1342
f 1565/2827/1343 1593/2875/1343 1599/2878/1343 1568/2828/1343
f 1568/2834/1344 1599/2884/1344 1595/2883/1344 1566/2831/1344
f 1600/2887/1345 1573/2843/1345 1575/2846/1345 1603/2888/1345
f 1603/2894/1346 1575/2840/1346 1572/2839/1346 1601/2891/1346
f 1579/2851/1347 1607/2899/1347 1593/2875/1347 1565/2827/1347
f 1567/2835/1348 1574/2847/1348 1588/2871/1348 1580/2855/1348
f 1595/2883/1349 1601/2891/1349 1572/2839/1349 1566/2831/1349
f 1614/2911/1350 1586/2863/1350 1573/2843/1350 1600/2887/1350
f 1581/2859/1351 1587/2867/1351 1616/2919/1351 1608/2903/1351
f 1609/2907/1352 1615/2915/1352 1602/2895/1352 1594/2879/1352
o DL_Wing_Light_1_2
v -4.875298 2.420000 -15.867543
v -4.865790 2.460000 -15.828690
v -4.914152 2.460000 -15.858035
v -4.868575 2.431716 -15.840070
v -4.892241 2.436906 -15.839622
v -4.896049 2.460000 -15.833346
v -4.902772 2.431716 -15.860820
v -4.865790 2.540000 -15.828690
v -4.875298 2.580000 -15.867543
v -4.914152 2.540000 -15.858035
v -4.868575 2.568284 -15.840070
v -4.892241 2.563094 -15.839622
v -4.902772 2.568284 -15.860820
v -4.896049 2.540000 -15.833346
v -4.932347 2.420000 -16.100664
v -4.971200 2.460000 -16.091156
v -4.941855 2.460000 -16.139517
v -4.959820 2.431716 -16.093941
v -4.960268 2.436906 -16.117607
v -4.966544 2.460000 -16.121414
v -4.939070 2.431716 -16.128138
v -4.932347 2.580000 -16.100664
v -4.941855 2.540000 -16.139517
v -4.971200 2.540000 -16.091156
v -4.939070 2.568284 -16.128138
v -4.960268 2.563094 -16.117607
v -4.966544 2.540000 -16.121414
v -4.959820 2.568284 -16.093941
v -1.067653 2.420000 -16.799337
v -1.028800 2.460000 -16.808846
v -1.058145 2.460000 -16.760485
v -1.040180 2.431716 -16.806061
v -1.039732 2.436906 -16.782394
v -1.033456 2.460000 -16.778587
v -1.060930 2.431716 -16.771864
v -1.067653 2.580000 -16.799337
v -1.058145 2.540000 -16.760485
v -1.028800 2.540000 -16.808846
v -1.060930 2.568284 -16.771864
v -1.039732 2.563094 -16.782394
v -1.033456 2.540000 -16.778587
v -1.040180 2.568284 -16.806061
v -1.124702 2.420000 -17.032459
v -1.134210 2.460000 -17.071312
v -1.085848 2.460000 -17.041967
v -1.131425 2.431716 -17.059933
v -1.107759 2.436906 -17.060381
v -1.103952 2.460000 -17.066656
v -1.097228 2.431716 -17.039181
v -1.124702 2.580000 -17.032459
v -1.085848 2.540000 -17.041967
v -1.134210 2.540000 -17.071312
v -1.097228 2.568284 -17.039181
v -1.107759 2.563094 -17.060381
v -1.103952 2.540000 -17.066656
v -1.131425 2.568284 -17.059933
vn -0.2385 -0.8881 0.3930
vn -0.1046 -0.3251 0.9399
vn -0.7854 -0.3251 0.5268
vn -0.1046 0.3251 0.9399
vn -0.2385 0.8881 0.3930
vn -0.7854 0.3251 0.5268
vn -0.3930 -0.8881 -0.2385
vn -0.9399 -0.3251 -0.1046
vn -0.5268 -0.3251 -0.7854
vn -0.3930 0.8881 -0.2385
vn -0.5268 0.3251 -0.7854
vn -0.9399 0.3251 -0.1046
vn 0.3930 -0.8881 0.2385
vn 0.9399 -0.3251 0.1046
vn 0.5268 -0.3251 0.7854
vn 0.3930 0.8881 0.2385
vn 0.5268 0.3251 0.7854
vn 0.9399 0.3251 0.1046
vn 0.2385 -0.8881 -0.3930
vn 0.1046 -0.3251 -0.9399
vn 0.7854 -0.3251 -0.5268
vn 0.2385 0.8881 -0.3930
vn 0.7854 0.3251 -0.5268
vn 0.1046 0.3251 -0.9399
vn -0.3717 -0.9239 0.0910
vn -0.8974 -0.3827 0.2196
vn -0.1521 -0.0000 0.9884
vn -0.8064 -0.0000 0.5913
vn -0.3717 0.9239 0.0910
vn -0.8974 0.3827 0.2196
vn -0.5913 -0.0000 -0.8064
vn -0.9884 -0.0000 -0.1521
vn -0.0910 -0.9239 -0.3717
vn -0.2196 -0.3827 -0.8974
vn -0.0910 0.9239 -0.3717
vn -0.2196 0.3827 -0.8974
vn 0.8064 -0.0000 -0.5913
vn 0.1521 -0.0000 -0.9884
vn 0.3717 -0.9239 -0.0910
vn 0.8974 -0.3827 -0.2196
vn 0.3717 0.9239 -0.0910
vn 0.8974 0.3827 -0.2196
vn 0.5913 -0.0000 0.8064
vn 0.9884 -0.0000 0.1521
vn 0.0910 -0.9239 0.3717
vn 0.2196 -0.3827 0.8974
vn 0.0910 0.9239 0.3717
vn 0.2196 0.3827 0.8974
vn -0.0000 -1.0000 -0.0000
vn -0.9713 -0.0000 0.2377
vn 0.2377 -0.0000 0.9713
vn -0.0000 1.0000 -0.0000
vn -0.2377 -0.0000 -0.9713
vn 0.9713 -0.0000 -0.2377
vt 0.090729 0.004548
vt 0.088240 0.004548
vt 0.088240 0.003111
vt 0.090729 0.002059
vt 0.119744 0.004548
vt 0.119744 0.002059
vt 0.121181 0.002059
vt 0.122233 0.004548
vt 0.119744 0.325624
vt 0.122233 0.325624
vt 0.122233 0.327061
vt 0.119744 0.328113
vt 0.114764 0.004548
vt 0.112275 0.004548
vt 0.112275 0.003111
vt 0.114764 0.002059
vt 0.090729 0.501628
vt 0.090729 0.504117
vt 0.089292 0.504117
vt 0.088240 0.501628
vt 0.114764 0.325624
vt 0.114764 0.328113
vt 0.113327 0.328113
vt 0.112275 0.325624
vt 0.105668 0.004548
vt 0.105668 0.002059
vt 0.107105 0.002059
vt 0.108157 0.004548
vt 0.119744 0.310686
vt 0.119744 0.308196
vt 0.121181 0.308196
vt 0.122233 0.310686
vt 0.095709 0.754716
vt 0.098199 0.754716
vt 0.098199 0.756153
vt 0.095709 0.757205
vt 0.105668 0.501628
vt 0.108157 0.501628
vt 0.108157 0.503065
vt 0.105668 0.504117
vt 0.090729 0.754715
vt 0.090729 0.757205
vt 0.089292 0.757205
vt 0.088240 0.754716
vt 0.114764 0.310686
vt 0.112275 0.310686
vt 0.112275 0.309248
vt 0.114764 0.308196
vt 0.090729 0.248540
vt 0.090729 0.251029
vt 0.089292 0.251029
vt 0.088240 0.248540
vt 0.119744 0.334720
vt 0.119744 0.332231
vt 0.121181 0.332231
vt 0.122233 0.334720
vt 0.119744 0.248540
vt 0.122233 0.248540
vt 0.122233 0.249977
vt 0.119744 0.251029
vt 0.090729 0.257636
vt 0.088240 0.257636
vt 0.088240 0.256199
vt 0.090729 0.255147
vt 0.114764 0.248540
vt 0.114764 0.251029
vt 0.113327 0.251029
vt 0.112275 0.248540
vt 0.114764 0.334720
vt 0.112275 0.334720
vt 0.112275 0.333283
vt 0.114764 0.332231
vt 0.105668 0.248540
vt 0.108157 0.248540
vt 0.108157 0.249977
vt 0.105668 0.251029
vt 0.095709 0.510724
vt 0.095709 0.508235
vt 0.097146 0.508235
vt 0.098199 0.510724
vt 0.119744 0.349659
vt 0.122233 0.349659
vt 0.122233 0.351096
vt 0.119744 0.352148
vt 0.105668 0.257636
vt 0.105668 0.255147
vt 0.107105 0.255147
vt 0.108157 0.257636
vt 0.114764 0.349659
vt 0.114764 0.352148
vt 0.113327 0.352148
vt 0.112275 0.349659
vt 0.090729 0.510724
vt 0.088240 0.510724
vt 0.088240 0.509287
vt 0.090729 0.508235
s 0
usemtl DL2_IceBlue
f 1621/2923/1353 1624/2924/1353 1625/2925/1353 1627/2926/1353
f 1622/2927/1354 1626/2928/1354 1625/2929/1354 1624/2930/1354
f 1623/2931/1355 1627/2932/1355 1625/2933/1355 1626/2934/1355
f 1628/2935/1356 1631/2936/1356 1632/2937/1356 1634/2938/1356
f 1629/2939/1357 1633/2940/1357 1632/2941/1357 1631/2942/1357
f 1630/2943/1358 1634/2944/1358 1632/2945/1358 1633/2946/1358
f 1635/2947/1359 1638/2948/1359 1639/2949/1359 1641/2950/1359
f 1636/2951/1360 1640/2952/1360 1639/2953/1360 1638/2954/1360
f 1637/2955/1361 1641/2956/1361 1639/2957/1361 1640/2958/1361
f 1642/2959/1362 1645/2960/1362 1646/2961/1362 1648/2962/1362
f 1643/2963/1363 1647/2964/1363 1646/2965/1363 1645/2966/1363
f 1644/2967/1364 1648/2968/1364 1646/2969/1364 1647/2970/1364
f 1649/2971/1365 1652/2972/1365 1653/2973/1365 1655/2974/1365
f 1650/2975/1366 1654/2976/1366 1653/2977/1366 1652/2978/1366
f 1651/2979/1367 1655/2980/1367 1653/2981/1367 1654/2982/1367
f 1656/2983/1368 1659/2984/1368 1660/2985/1368 1662/2986/1368
f 1657/2987/1369 1661/2988/1369 1660/2989/1369 1659/2990/1369
f 1658/2991/1370 1662/2992/1370 1660/2993/1370 1661/2994/1370
f 1663/2995/1371 1666/2996/1371 1667/2997/1371 1669/2998/1371
f 1664/2999/1372 1668/3000/1372 1667/3001/1372 1666/3002/1372
f 1665/3003/1373 1669/3004/1373 1667/3005/1373 1668/3006/1373
f 1670/3007/1374 1673/3008/1374 1674/3009/1374 1676/3010/1374
f 1671/3011/1375 1675/3012/1375 1674/3013/1375 1673/3014/1375
f 1672/3015/1376 1676/3016/1376 1674/3017/1376 1675/3018/1376
f 1635/2947/1377 1621/2923/1377 1627/2926/1377 1638/2948/1377
f 1638/2954/1378 1627/2932/1378 1623/2931/1378 1636/2951/1378
f 1622/2927/1379 1628/2935/1379 1634/2938/1379 1626/2928/1379
f 1626/2934/1380 1634/2944/1380 1630/2943/1380 1623/2931/1380
f 1629/2939/1381 1642/2959/1381 1648/2962/1381 1633/2940/1381
f 1633/2946/1382 1648/2968/1382 1644/2967/1382 1630/2943/1382
f 1643/2963/1383 1637/2955/1383 1640/2958/1383 1647/2964/1383
f 1647/2970/1384 1640/2952/1384 1636/2951/1384 1644/2967/1384
f 1663/2995/1385 1635/2947/1385 1641/2950/1385 1666/2996/1385
f 1666/3002/1386 1641/2956/1386 1637/2955/1386 1664/2999/1386
f 1642/2959/1387 1670/3007/1387 1676/3010/1387 1645/2960/1387
f 1645/2966/1388 1676/3016/1388 1672/3015/1388 1643/2963/1388
f 1671/3011/1389 1665/3003/1389 1668/3006/1389 1675/3012/1389
f 1675/3018/1390 1668/3000/1390 1664/2999/1390 1672/3015/1390
f 1649/2971/1391 1663/2995/1391 1669/2998/1391 1652/2972/1391
f 1652/2978/1392 1669/3004/1392 1665/3003/1392 1650/2975/1392
f 1670/3007/1393 1656/2983/1393 1662/2986/1393 1673/3008/1393
f 1673/3014/1394 1662/2992/1394 1658/2991/1394 1671/3011/1394
f 1657/2987/1395 1651/2979/1395 1654/2982/1395 1661/2988/1395
f 1661/2994/1396 1654/2976/1396 1650/2975/1396 1658/2991/1396
f 1621/2923/1397 1649/2971/1397 1655/2974/1397 1624/2924/1397
f 1624/2930/1398 1655/2980/1398 1651/2979/1398 1622/2927/1398
f 1656/2983/1399 1629/2939/1399 1631/2942/1399 1659/2984/1399
f 1659/2990/1400 1631/2936/1400 1628/2935/1400 1657/2987/1400
f 1635/2947/1401 1663/2995/1401 1649/2971/1401 1621/2923/1401
f 1623/2931/1402 1630/2943/1402 1644/2967/1402 1636/2951/1402
f 1651/2979/1403 1657/2987/1403 1628/2935/1403 1622/2927/1403
f 1670/3007/1404 1642/2959/1404 1629/2939/1404 1656/2983/1404
f 1637/2955/1405 1643/2963/1405 1672/3015/1405 1664/2999/1405
f 1665/3003/1406 1671/3011/1406 1658/2991/1406 1650/2975/1406
o DL_Wing_Armor_1_3
v -13.658116 1.580000 -19.072926
v -13.620084 1.740000 -18.917511
v -13.813530 1.740000 -19.034893
v -13.631224 1.626863 -18.963032
v -13.725886 1.647624 -18.961239
v -13.741117 1.740000 -18.936138
v -13.768011 1.626863 -19.046032
v -13.620084 2.260000 -18.917511
v -13.658116 2.420000 -19.072926
v -13.813530 2.260000 -19.034893
v -13.631224 2.373137 -18.963032
v -13.725886 2.352376 -18.961239
v -13.768011 2.373137 -19.046032
v -13.741117 2.260000 -18.936138
v -14.247619 1.580000 -21.481844
v -14.403032 1.740000 -21.443811
v -14.285651 1.740000 -21.637257
v -14.357513 1.626863 -21.454950
v -14.359304 1.647624 -21.549614
v -14.384406 1.740000 -21.564844
v -14.274511 1.626863 -21.591738
v -14.247619 2.420000 -21.481844
v -14.285651 2.260000 -21.637257
v -14.403032 2.260000 -21.443811
v -14.274511 2.373137 -21.591738
v -14.359304 2.352376 -21.549614
v -14.384406 2.260000 -21.564844
v -14.357513 2.373137 -21.454950
v -7.752381 1.580000 -20.518156
v -7.596967 1.740000 -20.556189
v -7.714349 1.740000 -20.362743
v -7.642487 1.626863 -20.545050
v -7.640695 1.647624 -20.450386
v -7.615594 1.740000 -20.435156
v -7.725488 1.626863 -20.408262
v -7.752381 2.420000 -20.518156
v -7.714349 2.260000 -20.362743
v -7.596967 2.260000 -20.556189
v -7.725488 2.373137 -20.408262
v -7.640695 2.352376 -20.450386
v -7.615594 2.260000 -20.435156
v -7.642487 2.373137 -20.545050
v -8.341884 1.580000 -22.927074
v -8.379916 1.740000 -23.082489
v -8.186470 1.740000 -22.965107
v -8.368776 1.626863 -23.036968
v -8.274114 1.647624 -23.038761
v -8.258883 1.740000 -23.063862
v -8.231989 1.626863 -22.953968
v -8.341884 2.420000 -22.927074
v -8.186470 2.260000 -22.965107
v -8.379916 2.260000 -23.082489
v -8.231989 2.373137 -22.953968
v -8.274114 2.352376 -23.038761
v -8.258883 2.260000 -23.063862
v -8.368776 2.373137 -23.036968
vn -0.2385 -0.8881 0.3930
vn -0.1046 -0.3251 0.9399
vn -0.7854 -0.3251 0.5268
vn -0.1046 0.3251 0.9399
vn -0.2385 0.8881 0.3930
vn -0.7854 0.3251 0.5268
vn -0.3930 -0.8881 -0.2385
vn -0.9399 -0.3251 -0.1046
vn -0.5268 -0.3251 -0.7854
vn -0.3930 0.8881 -0.2385
vn -0.5268 0.3251 -0.7854
vn -0.9399 0.3251 -0.1046
vn 0.3930 -0.8881 0.2385
vn 0.9399 -0.3251 0.1046
vn 0.5268 -0.3251 0.7854
vn 0.3930 0.8881 0.2385
vn 0.5268 0.3251 0.7854
vn 0.9399 0.3251 0.1046
vn 0.2385 -0.8881 -0.3930
vn 0.1046 -0.3251 -0.9399
vn 0.7854 -0.3251 -0.5268
vn 0.2385 0.8881 -0.3930
vn 0.7854 0.3251 -0.5268
vn 0.1046 0.3251 -0.9399
vn -0.3717 -0.9239 0.0910
vn -0.8974 -0.3827 0.2196
vn -0.1521 -0.0000 0.9884
vn -0.8064 -0.0000 0.5913
vn -0.3717 0.9239 0.0910
vn -0.8974 0.3827 0.2196
vn -0.5913 -0.0000 -0.8064
vn -0.9884 -0.0000 -0.1521
vn -0.0910 -0.9239 -0.3717
vn -0.2196 -0.3827 -0.8974
vn -0.0910 0.9239 -0.3717
vn -0.2196 0.3827 -0.8974
vn 0.8064 -0.0000 -0.5913
vn 0.1521 -0.0000 -0.9884
vn 0.3717 -0.9239 -0.0910
vn 0.8974 -0.3827 -0.2196
vn 0.3717 0.9239 -0.0910
vn 0.8974 0.3827 -0.2196
vn 0.5913 -0.0000 0.8064
vn 0.9884 -0.0000 0.1521
vn 0.0910 -0.9239 0.3717
vn 0.2196 -0.3827 0.8974
vn 0.0910 0.9239 0.3717
vn 0.2196 0.3827 0.8974
vn -0.0000 -1.0000 -0.0000
vn -0.9713 -0.0000 0.2377
vn 0.2377 -0.0000 0.9713
vn -0.0000 1.0000 -0.0000
vn -0.2377 -0.0000 -0.9713
vn 0.9713 -0.0000 -0.2377
vt 0.013811 0.013811
vt 0.003889 0.013811
vt 0.003889 0.008083
vt 0.013811 0.003889
vt 0.469099 0.418478
vt 0.469099 0.408556
vt 0.474828 0.408556
vt 0.479021 0.418478
vt 0.569331 0.167606
vt 0.579253 0.167606
vt 0.579253 0.173334
vt 0.569331 0.177528
vt 0.436852 0.418478
vt 0.426930 0.418478
vt 0.426930 0.412750
vt 0.436852 0.408556
vt 0.195228 0.390856
vt 0.195228 0.400778
vt 0.189500 0.400778
vt 0.185306 0.390856
vt 0.537084 0.167606
vt 0.537084 0.177528
vt 0.531355 0.177528
vt 0.527162 0.167606
vt 0.167606 0.013811
vt 0.167606 0.003889
vt 0.173334 0.003889
vt 0.177528 0.013811
vt 0.569331 0.013811
vt 0.569331 0.003889
vt 0.575060 0.003889
vt 0.579253 0.013811
vt 0.469099 0.390856
vt 0.479021 0.390856
vt 0.479021 0.396584
vt 0.469099 0.400778
vt 0.349023 0.390856
vt 0.358945 0.390856
vt 0.358945 0.396584
vt 0.349023 0.400778
vt 0.436852 0.390856
vt 0.436852 0.400778
vt 0.431123 0.400778
vt 0.426930 0.390856
vt 0.537084 0.013811
vt 0.527162 0.013811
vt 0.527162 0.008083
vt 0.537084 0.003889
vt 0.013811 0.390856
vt 0.013811 0.400778
vt 0.008083 0.400778
vt 0.003889 0.390856
vt 0.569331 0.195228
vt 0.569331 0.185306
vt 0.575060 0.185306
vt 0.579253 0.195228
vt 0.469099 0.795523
vt 0.479021 0.795522
vt 0.479021 0.801251
vt 0.469099 0.805445
vt 0.195228 0.013811
vt 0.185306 0.013811
vt 0.185306 0.008083
vt 0.195228 0.003889
vt 0.436852 0.795523
vt 0.436852 0.805445
vt 0.431123 0.805445
vt 0.426930 0.795522
vt 0.537084 0.195228
vt 0.527162 0.195228
vt 0.527162 0.189500
vt 0.537084 0.185306
vt 0.167606 0.390856
vt 0.177528 0.390856
vt 0.177528 0.396584
vt 0.167606 0.400778
vt 0.469099 0.013811
vt 0.469099 0.003889
vt 0.474828 0.003889
vt 0.479021 0.013811
vt 0.569331 0.349023
vt 0.579253 0.349023
vt 0.579253 0.354751
vt 0.569331 0.358945
vt 0.349023 0.013811
vt 0.349023 0.003889
vt 0.354751 0.003889
vt 0.358945 0.013811
vt 0.537084 0.349023
vt 0.537084 0.358945
vt 0.531355 0.358945
vt 0.527161 0.349023
vt 0.436852 0.013811
vt 0.426930 0.013811
vt 0.426930 0.008083
vt 0.436852 0.003889
s 0
usemtl DL2_Hull_Silver
f 1677/3019/1407 1680/3020/1407 1681/3021/1407 1683/3022/1407
f 1678/3023/1408 1682/3024/1408 1681/3025/1408 1680/3026/1408
f 1679/3027/1409 1683/3028/1409 1681/3029/1409 1682/3030/1409
f 1684/3031/1410 1687/3032/1410 1688/3033/1410 1690/3034/1410
f 1685/3035/1411 1689/3036/1411 1688/3037/1411 1687/3038/1411
f 1686/3039/1412 1690/3040/1412 1688/3041/1412 1689/3042/1412
f 1691/3043/1413 1694/3044/1413 1695/3045/1413 1697/3046/1413
f 1692/3047/1414 1696/3048/1414 1695/3049/1414 1694/3050/1414
f 1693/3051/1415 1697/3052/1415 1695/3053/1415 1696/3054/1415
f 1698/3055/1416 1701/3056/1416 1702/3057/1416 1704/3058/1416
f 1699/3059/1417 1703/3060/1417 1702/3061/1417 1701/3062/1417
f 1700/3063/1418 1704/3064/1418 1702/3065/1418 1703/3066/1418
f 1705/3067/1419 1708/3068/1419 1709/3069/1419 1711/3070/1419
f 1706/3071/1420 1710/3072/1420 1709/3073/1420 1708/3074/1420
f 1707/3075/1421 1711/3076/1421 1709/3077/1421 1710/3078/1421
f 1712/3079/1422 1715/3080/1422 1716/3081/1422 1718/3082/1422
f 1713/3083/1423 1717/3084/1423 1716/3085/1423 1715/3086/1423
f 1714/3087/1424 1718/3088/1424 1716/3089/1424 1717/3090/1424
f 1719/3091/1425 1722/3092/1425 1723/3093/1425 1725/3094/1425
f 1720/3095/1426 1724/3096/1426 1723/3097/1426 1722/3098/1426
f 1721/3099/1427 1725/3100/1427 1723/3101/1427 1724/3102/1427
f 1726/3103/1428 1729/3104/1428 1730/3105/1428 1732/3106/1428
f 1727/3107/1429 1731/3108/1429 1730/3109/1429 1729/3110/1429
f 1728/3111/1430 1732/3112/1430 1730/3113/1430 1731/3114/1430
f 1691/3043/1431 1677/3019/1431 1683/3022/1431 1694/3044/1431
f 1694/3050/1432 1683/3028/1432 1679/3027/1432 1692/3047/1432
f 1678/3023/1433 1684/3031/1433 1690/3034/1433 1682/3024/1433
f 1682/3030/1434 1690/3040/1434 1686/3039/1434 1679/3027/1434
f 1685/3035/1435 1698/3055/1435 1704/3058/1435 1689/3036/1435
f 1689/3042/1436 1704/3064/1436 1700/3063/1436 1686/3039/1436
f 1699/3059/1437 1693/3051/1437 1696/3054/1437 1703/3060/1437
f 1703/3066/1438 1696/3048/1438 1692/3047/1438 1700/3063/1438
f 1719/3091/1439 1691/3043/1439 1697/3046/1439 1722/3092/1439
f 1722/3098/1440 1697/3052/1440 1693/3051/1440 1720/3095/1440
f 1698/3055/1441 1726/3103/1441 1732/3106/1441 1701/3056/1441
f 1701/3062/1442 1732/3112/1442 1728/3111/1442 1699/3059/1442
f 1727/3107/1443 1721/3099/1443 1724/3102/1443 1731/3108/1443
f 1731/3114/1444 1724/3096/1444 1720/3095/1444 1728/3111/1444
f 1705/3067/1445 1719/3091/1445 1725/3094/1445 1708/3068/1445
f 1708/3074/1446 1725/3100/1446 1721/3099/1446 1706/3071/1446
f 1726/3103/1447 1712/3079/1447 1718/3082/1447 1729/3104/1447
f 1729/3110/1448 1718/3088/1448 1714/3087/1448 1727/3107/1448
f 1713/3083/1449 1707/3075/1449 1710/3078/1449 1717/3084/1449
f 1717/3090/1450 1710/3072/1450 1706/3071/1450 1714/3087/1450
f 1677/3019/1451 1705/3067/1451 1711/3070/1451 1680/3020/1451
f 1680/3026/1452 1711/3076/1452 1707/3075/1452 1678/3023/1452
f 1712/3079/1453 1685/3035/1453 1687/3038/1453 1715/3080/1453
f 1715/3086/1454 1687/3032/1454 1684/3031/1454 1713/3083/1454
f 1691/3043/1455 1719/3091/1455 1705/3067/1455 1677/3019/1455
f 1679/3027/1456 1686/3039/1456 1700/3063/1456 1692/3047/1456
f 1707/3075/1457 1713/3083/1457 1684/3031/1457 1678/3023/1457
f 1726/3103/1458 1698/3055/1458 1685/3035/1458 1712/3079/1458
f 1693/3051/1459 1699/3059/1459 1728/3111/1459 1720/3095/1459
f 1721/3099/1460 1727/3107/1460 1714/3087/1460 1706/3071/1460
o DL_Wing_Light_1_3
v -12.875299 2.420000 -18.867542
v -12.865790 2.460000 -18.828690
v -12.914152 2.460000 -18.858034
v -12.868575 2.431716 -18.840069
v -12.892241 2.436906 -18.839621
v -12.896049 2.460000 -18.833345
v -12.902772 2.431716 -18.860821
v -12.865790 2.540000 -18.828690
v -12.875299 2.580000 -18.867542
v -12.914152 2.540000 -18.858034
v -12.868575 2.568284 -18.840069
v -12.892241 2.563094 -18.839621
v -12.902772 2.568284 -18.860821
v -12.896049 2.540000 -18.833345
v -12.932346 2.420000 -19.100664
v -12.971200 2.460000 -19.091156
v -12.941854 2.460000 -19.139517
v -12.959820 2.431716 -19.093941
v -12.960268 2.436906 -19.117607
v -12.966543 2.460000 -19.121414
v -12.939070 2.431716 -19.128138
v -12.932346 2.580000 -19.100664
v -12.941854 2.540000 -19.139517
v -12.971200 2.540000 -19.091156
v -12.939070 2.568284 -19.128138
v -12.960268 2.563094 -19.117607
v -12.966543 2.540000 -19.121414
v -12.959820 2.568284 -19.093941
v -9.067654 2.420000 -19.799337
v -9.028800 2.460000 -19.808846
v -9.058146 2.460000 -19.760485
v -9.040180 2.431716 -19.806061
v -9.039732 2.436906 -19.782394
v -9.033457 2.460000 -19.778587
v -9.060930 2.431716 -19.771864
v -9.067654 2.580000 -19.799337
v -9.058146 2.540000 -19.760485
v -9.028800 2.540000 -19.808846
v -9.060930 2.568284 -19.771864
v -9.039732 2.563094 -19.782394
v -9.033457 2.540000 -19.778587
v -9.040180 2.568284 -19.806061
v -9.124701 2.420000 -20.032459
v -9.134210 2.460000 -20.071312
v -9.085848 2.460000 -20.041967
v -9.131425 2.431716 -20.059933
v -9.107759 2.436906 -20.060381
v -9.103951 2.460000 -20.066656
v -9.097228 2.431716 -20.039181
v -9.124701 2.580000 -20.032459
v -9.085848 2.540000 -20.041967
v -9.134210 2.540000 -20.071312
v -9.097228 2.568284 -20.039181
v -9.107759 2.563094 -20.060381
v -9.103951 2.540000 -20.066656
v -9.131425 2.568284 -20.059933
vn -0.2385 -0.8881 0.3930
vn -0.1046 -0.3251 0.9399
vn -0.7854 -0.3251 0.5268
vn -0.1046 0.3251 0.9399
vn -0.2385 0.8881 0.3930
vn -0.7854 0.3251 0.5268
vn -0.3930 -0.8881 -0.2385
vn -0.9399 -0.3251 -0.1046
vn -0.5268 -0.3251 -0.7854
vn -0.3930 0.8881 -0.2385
vn -0.5268 0.3251 -0.7854
vn -0.9399 0.3251 -0.1046
vn 0.3930 -0.8881 0.2385
vn 0.9399 -0.3251 0.1046
vn 0.5268 -0.3251 0.7854
vn 0.3930 0.8881 0.2385
vn 0.5268 0.3251 0.7854
vn 0.9399 0.3251 0.1046
vn 0.2385 -0.8881 -0.3930
vn 0.1046 -0.3251 -0.9399
vn 0.7854 -0.3251 -0.5268
vn 0.2385 0.8881 -0.3930
vn 0.7854 0.3251 -0.5268
vn 0.1046 0.3251 -0.9399
vn -0.3717 -0.9239 0.0910
vn -0.8974 -0.3827 0.2196
vn -0.1521 -0.0000 0.9884
vn -0.8064 -0.0000 0.5913
vn -0.3717 0.9239 0.0910
vn -0.8974 0.3827 0.2196
vn -0.5913 -0.0000 -0.8064
vn -0.9884 -0.0000 -0.1521
vn -0.0910 -0.9239 -0.3717
vn -0.2196 -0.3827 -0.8974
vn -0.0910 0.9239 -0.3717
vn -0.2196 0.3827 -0.8974
vn 0.8064 -0.0000 -0.5913
vn 0.1521 -0.0000 -0.9884
vn 0.3717 -0.9239 -0.0910
vn 0.8974 -0.3827 -0.2196
vn 0.3717 0.9239 -0.0910
vn 0.8974 0.3827 -0.2196
vn 0.5913 -0.0000 0.8064
vn 0.9884 -0.0000 0.1521
vn 0.0910 -0.9239 0.3717
vn 0.2196 -0.3827 0.8974
vn 0.0910 0.9239 0.3717
vn 0.2196 0.3827 0.8974
vn -0.0000 -1.0000 -0.0000
vn -0.9713 -0.0000 0.2377
vn 0.2377 -0.0000 0.9713
vn -0.0000 1.0000 -0.0000
vn -0.2377 -0.0000 -0.9713
vn 0.9713 -0.0000 -0.2377
vt 0.090729 0.004548
vt 0.088240 0.004548
vt 0.088240 0.003111
vt 0.090729 0.002059
vt 0.119744 0.004548
vt 0.119744 0.002059
vt 0.121181 0.002059
vt 0.122233 0.004548
vt 0.119744 0.325624
vt 0.122233 0.325624
vt 0.122233 0.327061
vt 0.119744 0.328113
vt 0.114764 0.004548
vt 0.112275 0.004548
vt 0.112275 0.003111
vt 0.114764 0.002059
vt 0.090729 0.501628
vt 0.090729 0.504117
vt 0.089292 0.504117
vt 0.088240 0.501628
vt 0.114764 0.325624
vt 0.114764 0.328113
vt 0.113327 0.328113
vt 0.112275 0.325624
vt 0.105668 0.004548
vt 0.105668 0.002059
vt 0.107105 0.002059
vt 0.108157 0.004548
vt 0.119744 0.310686
vt 0.119744 0.308196
vt 0.121181 0.308196
vt 0.122233 0.310686
vt 0.095709 0.754716
vt 0.098199 0.754716
vt 0.098199 0.756153
vt 0.095709 0.757205
vt 0.105668 0.501628
vt 0.108157 0.501628
vt 0.108157 0.503065
vt 0.105668 0.504117
vt 0.090729 0.754715
vt 0.090729 0.757205
vt 0.089292 0.757205
vt 0.088240 0.754716
vt 0.114764 0.310686
vt 0.112275 0.310686
vt 0.112275 0.309248
vt 0.114764 0.308196
vt 0.090729 0.248540
vt 0.090729 0.251029
vt 0.089292 0.251029
vt 0.088240 0.248540
vt 0.119744 0.334720
vt 0.119744 0.332231
vt 0.121181 0.332231
vt 0.122233 0.334720
vt 0.119744 0.248540
vt 0.122233 0.248540
vt 0.122233 0.249977
vt 0.119744 0.251029
vt 0.090729 0.257636
vt 0.088240 0.257636
vt 0.088240 0.256199
vt 0.090729 0.255147
vt 0.114764 0.248540
vt 0.114764 0.251029
vt 0.113327 0.251029
vt 0.112275 0.248540
vt 0.114764 0.334720
vt 0.112275 0.334720
vt 0.112275 0.333283
vt 0.114764 0.332231
vt 0.105668 0.248540
vt 0.108157 0.248540
vt 0.108157 0.249977
vt 0.105668 0.251029
vt 0.095709 0.510724
vt 0.095709 0.508235
vt 0.097146 0.508235
vt 0.098199 0.510724
vt 0.119744 0.349659
vt 0.122233 0.349659
vt 0.122233 0.351096
vt 0.119744 0.352148
vt 0.105668 0.257636
vt 0.105668 0.255147
vt 0.107105 0.255147
vt 0.108157 0.257636
vt 0.114764 0.349659
vt 0.114764 0.352148
vt 0.113327 0.352148
vt 0.112275 0.349659
vt 0.090729 0.510724
vt 0.088240 0.510724
vt 0.088240 0.509287
vt 0.090729 0.508235
s 0
usemtl DL2_IceBlue
f 1733/3115/1461 1736/3116/1461 1737/3117/1461 1739/3118/1461
f 1734/3119/1462 1738/3120/1462 1737/3121/1462 1736/3122/1462
f 1735/3123/1463 1739/3124/1463 1737/3125/1463 1738/3126/1463
f 1740/3127/1464 1743/3128/1464 1744/3129/1464 1746/3130/1464
f 1741/3131/1465 1745/3132/1465 1744/3133/1465 1743/3134/1465
f 1742/3135/1466 1746/3136/1466 1744/3137/1466 1745/3138/1466
f 1747/3139/1467 1750/3140/1467 1751/3141/1467 1753/3142/1467
f 1748/3143/1468 1752/3144/1468 1751/3145/1468 1750/3146/1468
f 1749/3147/1469 1753/3148/1469 1751/3149/1469 1752/3150/1469
f 1754/3151/1470 1757/3152/1470 1758/3153/1470 1760/3154/1470
f 1755/3155/1471 1759/3156/1471 1758/3157/1471 1757/3158/1471
f 1756/3159/1472 1760/3160/1472 1758/3161/1472 1759/3162/1472
f 1761/3163/1473 1764/3164/1473 1765/3165/1473 1767/3166/1473
f 1762/3167/1474 1766/3168/1474 1765/3169/1474 1764/3170/1474
f 1763/3171/1475 1767/3172/1475 1765/3173/1475 1766/3174/1475
f 1768/3175/1476 1771/3176/1476 1772/3177/1476 1774/3178/1476
f 1769/3179/1477 1773/3180/1477 1772/3181/1477 1771/3182/1477
f 1770/3183/1478 1774/3184/1478 1772/3185/1478 1773/3186/1478
f 1775/3187/1479 1778/3188/1479 1779/3189/1479 1781/3190/1479
f 1776/3191/1480 1780/3192/1480 1779/3193/1480 1778/3194/1480
f 1777/3195/1481 1781/3196/1481 1779/3197/1481 1780/3198/1481
f 1782/3199/1482 1785/3200/1482 1786/3201/1482 1788/3202/1482
f 1783/3203/1483 1787/3204/1483 1786/3205/1483 1785/3206/1483
f 1784/3207/1484 1788/3208/1484 1786/3209/1484 1787/3210/1484
f 1747/3139/1485 1733/3115/1485 1739/3118/1485 1750/3140/1485
f 1750/3146/1486 1739/3124/1486 1735/3123/1486 1748/3143/1486
f 1734/3119/1487 1740/3127/1487 1746/3130/1487 1738/3120/1487
f 1738/3126/1488 1746/3136/1488 1742/3135/1488 1735/3123/1488
f 1741/3131/1489 1754/3151/1489 1760/3154/1489 1745/3132/1489
f 1745/3138/1490 1760/3160/1490 1756/3159/1490 1742/3135/1490
f 1755/3155/1491 1749/3147/1491 1752/3150/1491 1759/3156/1491
f 1759/3162/1492 1752/3144/1492 1748/3143/1492 1756/3159/1492
f 1775/3187/1493 1747/3139/1493 1753/3142/1493 1778/3188/1493
f 1778/3194/1494 1753/3148/1494 1749/3147/1494 1776/3191/1494
f 1754/3151/1495 1782/3199/1495 1788/3202/1495 1757/3152/1495
f 1757/3158/1496 1788/3208/1496 1784/3207/1496 1755/3155/1496
f 1783/3203/1497 1777/3195/1497 1780/3198/1497 1787/3204/1497
f 1787/3210/1498 1780/3192/1498 1776/3191/1498 1784/3207/1498
f 1761/3163/1499 1775/3187/1499 1781/3190/1499 1764/3164/1499
f 1764/3170/1500 1781/3196/1500 1777/3195/1500 1762/3167/1500
f 1782/3199/1501 1768/3175/1501 1774/3178/1501 1785/3200/1501
f 1785/3206/1502 1774/3184/1502 1770/3183/1502 1783/3203/1502
f 1769/3179/1503 1763/3171/1503 1766/3174/1503 1773/3180/1503
f 1773/3186/1504 1766/3168/1504 1762/3167/1504 1770/3183/1504
f 1733/3115/1505 1761/3163/1505 1767/3166/1505 1736/3116/1505
f 1736/3122/1506 1767/3172/1506 1763/3171/1506 1734/3119/1506
f 1768/3175/1507 1741/3131/1507 1743/3134/1507 1771/3176/1507
f 1771/3182/1508 1743/3128/1508 1740/3127/1508 1769/3179/1508
f 1747/3139/1509 1775/3187/1509 1761/3163/1509 1733/3115/1509
f 1735/3123/1510 1742/3135/1510 1756/3159/1510 1748/3143/1510
f 1763/3171/1511 1769/3179/1511 1740/3127/1511 1734/3119/1511
f 1782/3199/1512 1754/3151/1512 1741/3131/1512 1768/3175/1512
f 1749/3147/1513 1755/3155/1513 1784/3207/1513 1776/3191/1513
f 1777/3195/1514 1783/3203/1514 1770/3183/1514 1762/3167/1514
o DL_Wing_Armor_1_4
v -21.658115 1.580000 -22.072926
v -21.620083 1.740000 -21.917511
v -21.813530 1.740000 -22.034893
v -21.631224 1.626863 -21.963032
v -21.725887 1.647624 -21.961239
v -21.741117 1.740000 -21.936138
v -21.768011 1.626863 -22.046032
v -21.620083 2.260000 -21.917511
v -21.658115 2.420000 -22.072926
v -21.813530 2.260000 -22.034893
v -21.631224 2.373137 -21.963032
v -21.725887 2.352376 -21.961239
v -21.768011 2.373137 -22.046032
v -21.741117 2.260000 -21.936138
v -22.247620 1.580000 -24.481844
v -22.403032 1.740000 -24.443811
v -22.285652 1.740000 -24.637257
v -22.357513 1.626863 -24.454950
v -22.359304 1.647624 -24.549614
v -22.384407 1.740000 -24.564844
v -22.274511 1.626863 -24.591738
v -22.247620 2.420000 -24.481844
v -22.285652 2.260000 -24.637257
v -22.403032 2.260000 -24.443811
v -22.274511 2.373137 -24.591738
v -22.359304 2.352376 -24.549614
v -22.384407 2.260000 -24.564844
v -22.357513 2.373137 -24.454950
v -15.752381 1.580000 -23.518156
v -15.596968 1.740000 -23.556189
v -15.714349 1.740000 -23.362743
v -15.642487 1.626863 -23.545050
v -15.640696 1.647624 -23.450386
v -15.615594 1.740000 -23.435156
v -15.725489 1.626863 -23.408262
v -15.752381 2.420000 -23.518156
v -15.714349 2.260000 -23.362743
v -15.596968 2.260000 -23.556189
v -15.725489 2.373137 -23.408262
v -15.640696 2.352376 -23.450386
v -15.615594 2.260000 -23.435156
v -15.642487 2.373137 -23.545050
v -16.341885 1.580000 -25.927074
v -16.379917 1.740000 -26.082489
v -16.186470 1.740000 -25.965107
v -16.368776 1.626863 -26.036968
v -16.274113 1.647624 -26.038761
v -16.258883 1.740000 -26.063862
v -16.231989 1.626863 -25.953968
v -16.341885 2.420000 -25.927074
v -16.186470 2.260000 -25.965107
v -16.379917 2.260000 -26.082489
v -16.231989 2.373137 -25.953968
v -16.274113 2.352376 -26.038761
v -16.258883 2.260000 -26.063862
v -16.368776 2.373137 -26.036968
vn -0.2385 -0.8881 0.3930
vn -0.1046 -0.3251 0.9399
vn -0.7854 -0.3251 0.5268
vn -0.1046 0.3251 0.9399
vn -0.2385 0.8881 0.3930
vn -0.7854 0.3251 0.5268
vn -0.3930 -0.8881 -0.2385
vn -0.9399 -0.3251 -0.1046
vn -0.5268 -0.3251 -0.7854
vn -0.3930 0.8881 -0.2385
vn -0.5268 0.3251 -0.7854
vn -0.9399 0.3251 -0.1046
vn 0.3930 -0.8881 0.2385
vn 0.9399 -0.3251 0.1046
vn 0.5268 -0.3251 0.7854
vn 0.3930 0.8881 0.2385
vn 0.5268 0.3251 0.7854
vn 0.9399 0.3251 0.1046
vn 0.2385 -0.8881 -0.3930
vn 0.1046 -0.3251 -0.9399
vn 0.7854 -0.3251 -0.5268
vn 0.2385 0.8881 -0.3930
vn 0.7854 0.3251 -0.5268
vn 0.1046 0.3251 -0.9399
vn -0.3717 -0.9239 0.0910
vn -0.8974 -0.3827 0.2196
vn -0.1521 -0.0000 0.9884
vn -0.8064 -0.0000 0.5913
vn -0.3717 0.9239 0.0910
vn -0.8974 0.3827 0.2196
vn -0.5913 -0.0000 -0.8064
vn -0.9884 -0.0000 -0.1521
vn -0.0910 -0.9239 -0.3717
vn -0.2196 -0.3827 -0.8974
vn -0.0910 0.9239 -0.3717
vn -0.2196 0.3827 -0.8974
vn 0.8064 -0.0000 -0.5913
vn 0.1521 -0.0000 -0.9884
vn 0.3717 -0.9239 -0.0910
vn 0.8974 -0.3827 -0.2196
vn 0.3717 0.9239 -0.0910
vn 0.8974 0.3827 -0.2196
vn 0.5913 -0.0000 0.8064
vn 0.9884 -0.0000 0.1521
vn 0.0910 -0.9239 0.3717
vn 0.2196 -0.3827 0.8974
vn 0.0910 0.9239 0.3717
vn 0.2196 0.3827 0.8974
vn -0.0000 -1.0000 -0.0000
vn -0.9713 -0.0000 0.2377
vn 0.2377 -0.0000 0.9713
vn -0.0000 1.0000 -0.0000
vn -0.2377 -0.0000 -0.9713
vn 0.9713 -0.0000 -0.2377
vt 0.013811 0.013811
vt 0.003889 0.013811
vt 0.003889 0.008083
vt 0.013811 0.003889
vt 0.469099 0.418478
vt 0.469099 0.408556
vt 0.474828 0.408556
vt 0.479021 0.418478
vt 0.569331 0.167606
vt 0.579253 0.167606
vt 0.579253 0.173334
vt 0.569331 0.177528
vt 0.436852 0.418478
vt 0.426930 0.418478
vt 0.426930 0.412750
vt 0.436852 0.408556
vt 0.195228 0.390856
vt 0.195228 0.400778
vt 0.189500 0.400778
vt 0.185306 0.390856
vt 0.537084 0.167606
vt 0.537084 0.177528
vt 0.531355 0.177528
vt 0.527162 0.167606
vt 0.167606 0.013811
vt 0.167606 0.003889
vt 0.173334 0.003889
vt 0.177528 0.013811
vt 0.569331 0.013811
vt 0.569331 0.003889
vt 0.575060 0.003889
vt 0.579253 0.013811
vt 0.469099 0.390856
vt 0.479021 0.390856
vt 0.479021 0.396584
vt 0.469099 0.400778
vt 0.349023 0.390856
vt 0.358945 0.390856
vt 0.358945 0.396584
vt 0.349023 0.400778
vt 0.436852 0.390856
vt 0.436852 0.400778
vt 0.431123 0.400778
vt 0.426930 0.390856
vt 0.537084 0.013811
vt 0.527162 0.013811
vt 0.527162 0.008083
vt 0.537084 0.003889
vt 0.013811 0.390856
vt 0.013811 0.400778
vt 0.008083 0.400778
vt 0.003889 0.390856
vt 0.569331 0.195228
vt 0.569331 0.185306
vt 0.575060 0.185306
vt 0.579253 0.195228
vt 0.469099 0.795523
vt 0.479021 0.795522
vt 0.479021 0.801251
vt 0.469099 0.805445
vt 0.195228 0.013811
vt 0.185306 0.013811
vt 0.185306 0.008083
vt 0.195228 0.003889
vt 0.436852 0.795523
vt 0.436852 0.805445
vt 0.431123 0.805445
vt 0.426930 0.795522
vt 0.537084 0.195228
vt 0.527162 0.195228
vt 0.527162 0.189500
vt 0.537084 0.185306
vt 0.167606 0.390856
vt 0.177528 0.390856
vt 0.177528 0.396584
vt 0.167606 0.400778
vt 0.469099 0.013811
vt 0.469099 0.003889
vt 0.474828 0.003889
vt 0.479021 0.013811
vt 0.569331 0.349023
vt 0.579253 0.349023
vt 0.579253 0.354751
vt 0.569331 0.358945
vt 0.349023 0.013811
vt 0.349023 0.003889
vt 0.354751 0.003889
vt 0.358945 0.013811
vt 0.537084 0.349023
vt 0.537084 0.358945
vt 0.531355 0.358945
vt 0.527161 0.349023
vt 0.436852 0.013811
vt 0.426930 0.013811
vt 0.426930 0.008083
vt 0.436852 0.003889
s 0
usemtl DL2_Hull_Silver
f 1789/3211/1515 1792/3212/1515 1793/3213/1515 1795/3214/1515
f 1790/3215/1516 1794/3216/1516 1793/3217/1516 1792/3218/1516
f 1791/3219/1517 1795/3220/1517 1793/3221/1517 1794/3222/1517
f 1796/3223/1518 1799/3224/1518 1800/3225/1518 1802/3226/1518
f 1797/3227/1519 1801/3228/1519 1800/3229/1519 1799/3230/1519
f 1798/3231/1520 1802/3232/1520 1800/3233/1520 1801/3234/1520
f 1803/3235/1521 1806/3236/1521 1807/3237/1521 1809/3238/1521
f 1804/3239/1522 1808/3240/1522 1807/3241/1522 1806/3242/1522
f 1805/3243/1523 1809/3244/1523 1807/3245/1523 1808/3246/1523
f 1810/3247/1524 1813/3248/1524 1814/3249/1524 1816/3250/1524
f 1811/3251/1525 1815/3252/1525 1814/3253/1525 1813/3254/1525
f 1812/3255/1526 1816/3256/1526 1814/3257/1526 1815/3258/1526
f 1817/3259/1527 1820/3260/1527 1821/3261/1527 1823/3262/1527
f 1818/3263/1528 1822/3264/1528 1821/3265/1528 1820/3266/1528
f 1819/3267/1529 1823/3268/1529 1821/3269/1529 1822/3270/1529
f 1824/3271/1530 1827/3272/1530 1828/3273/1530 1830/3274/1530
f 1825/3275/1531 1829/3276/1531 1828/3277/1531 1827/3278/1531
f 1826/3279/1532 1830/3280/1532 1828/3281/1532 1829/3282/1532
f 1831/3283/1533 1834/3284/1533 1835/3285/1533 1837/3286/1533
f 1832/3287/1534 1836/3288/1534 1835/3289/1534 1834/3290/1534
f 1833/3291/1535 1837/3292/1535 1835/3293/1535 1836/3294/1535
f 1838/3295/1536 1841/3296/1536 1842/3297/1536 1844/3298/1536
f 1839/3299/1537 1843/3300/1537 1842/3301/1537 1841/3302/1537
f 1840/3303/1538 1844/3304/1538 1842/3305/1538 1843/3306/1538
f 1803/3235/1539 1789/3211/1539 1795/3214/1539 1806/3236/1539
f 1806/3242/1540 1795/3220/1540 1791/3219/1540 1804/3239/1540
f 1790/3215/1541 1796/3223/1541 1802/3226/1541 1794/3216/1541
f 1794/3222/1542 1802/3232/1542 1798/3231/1542 1791/3219/1542
f 1797/3227/1543 1810/3247/1543 1816/3250/1543 1801/3228/1543
f 1801/3234/1544 1816/3256/1544 1812/3255/1544 1798/3231/1544
f 1811/3251/1545 1805/3243/1545 1808/3246/1545 1815/3252/1545
f 1815/3258/1546 1808/3240/1546 1804/3239/1546 1812/3255/1546
f 1831/3283/1547 1803/3235/1547 1809/3238/1547 1834/3284/1547
f 1834/3290/1548 1809/3244/1548 1805/3243/1548 1832/3287/1548
f 1810/3247/1549 1838/3295/1549 1844/3298/1549 1813/3248/1549
f 1813/3254/1550 1844/3304/1550 1840/3303/1550 1811/3251/1550
f 1839/3299/1551 1833/3291/1551 1836/3294/1551 1843/3300/1551
f 1843/3306/1552 1836/3288/1552 1832/3287/1552 1840/3303/1552
f 1817/3259/1553 1831/3283/1553 1837/3286/1553 1820/3260/1553
f 1820/3266/1554 1837/3292/1554 1833/3291/1554 1818/3263/1554
f 1838/3295/1555 1824/3271/1555 1830/3274/1555 1841/3296/1555
f 1841/3302/1556 1830/3280/1556 1826/3279/1556 1839/3299/1556
f 1825/3275/1557 1819/3267/1557 1822/3270/1557 1829/3276/1557
f 1829/3282/1558 1822/3264/1558 1818/3263/1558 1826/3279/1558
f 1789/3211/1559 1817/3259/1559 1823/3262/1559 1792/3212/1559
f 1792/3218/1560 1823/3268/1560 1819/3267/1560 1790/3215/1560
f 1824/3271/1561 1797/3227/1561 1799/3230/1561 1827/3272/1561
f 1827/3278/1562 1799/3224/1562 1796/3223/1562 1825/3275/1562
f 1803/3235/1563 1831/3283/1563 1817/3259/1563 1789/3211/1563
f 1791/3219/1564 1798/3231/1564 1812/3255/1564 1804/3239/1564
f 1819/3267/1565 1825/3275/1565 1796/3223/1565 1790/3215/1565
f 1838/3295/1566 1810/3247/1566 1797/3227/1566 1824/3271/1566
f 1805/3243/1567 1811/3251/1567 1840/3303/1567 1832/3287/1567
f 1833/3291/1568 1839/3299/1568 1826/3279/1568 1818/3263/1568
o DL_Wing_Light_1_4
v -20.875298 2.420000 -21.867542
v -20.865789 2.460000 -21.828690
v -20.914152 2.460000 -21.858034
v -20.868574 2.431716 -21.840069
v -20.892241 2.436906 -21.839621
v -20.896048 2.460000 -21.833345
v -20.902771 2.431716 -21.860821
v -20.865789 2.540000 -21.828690
v -20.875298 2.580000 -21.867542
v -20.914152 2.540000 -21.858034
v -20.868574 2.568284 -21.840069
v -20.892241 2.563094 -21.839621
v -20.902771 2.568284 -21.860821
v -20.896048 2.540000 -21.833345
v -20.932346 2.420000 -22.100664
v -20.971201 2.460000 -22.091156
v -20.941854 2.460000 -22.139517
v -20.959820 2.431716 -22.093941
v -20.960268 2.436906 -22.117607
v -20.966543 2.460000 -22.121414
v -20.939070 2.431716 -22.128138
v -20.932346 2.580000 -22.100664
v -20.941854 2.540000 -22.139517
v -20.971201 2.540000 -22.091156
v -20.939070 2.568284 -22.128138
v -20.960268 2.563094 -22.117607
v -20.966543 2.540000 -22.121414
v -20.959820 2.568284 -22.093941
v -17.067654 2.420000 -22.799337
v -17.028799 2.460000 -22.808846
v -17.058146 2.460000 -22.760485
v -17.040180 2.431716 -22.806061
v -17.039732 2.436906 -22.782394
v -17.033457 2.460000 -22.778587
v -17.060930 2.431716 -22.771864
v -17.067654 2.580000 -22.799337
v -17.058146 2.540000 -22.760485
v -17.028799 2.540000 -22.808846
v -17.060930 2.568284 -22.771864
v -17.039732 2.563094 -22.782394
v -17.033457 2.540000 -22.778587
v -17.040180 2.568284 -22.806061
v -17.124702 2.420000 -23.032459
v -17.134211 2.460000 -23.071312
v -17.085848 2.460000 -23.041967
v -17.131426 2.431716 -23.059933
v -17.107759 2.436906 -23.060381
v -17.103952 2.460000 -23.066656
v -17.097229 2.431716 -23.039181
v -17.124702 2.580000 -23.032459
v -17.085848 2.540000 -23.041967
v -17.134211 2.540000 -23.071312
v -17.097229 2.568284 -23.039181
v -17.107759 2.563094 -23.060381
v -17.103952 2.540000 -23.066656
v -17.131426 2.568284 -23.059933
vn -0.2385 -0.8881 0.3930
vn -0.1046 -0.3251 0.9399
vn -0.7854 -0.3251 0.5268
vn -0.1046 0.3251 0.9399
vn -0.2385 0.8881 0.3930
vn -0.7854 0.3251 0.5268
vn -0.3930 -0.8881 -0.2385
vn -0.9399 -0.3251 -0.1046
vn -0.5268 -0.3251 -0.7854
vn -0.3930 0.8881 -0.2385
vn -0.5268 0.3251 -0.7854
vn -0.9399 0.3251 -0.1046
vn 0.3930 -0.8881 0.2385
vn 0.9399 -0.3251 0.1046
vn 0.5268 -0.3251 0.7854
vn 0.3930 0.8881 0.2385
vn 0.5268 0.3251 0.7854
vn 0.9399 0.3251 0.1046
vn 0.2385 -0.8881 -0.3930
vn 0.1046 -0.3251 -0.9399
vn 0.7854 -0.3251 -0.5268
vn 0.2385 0.8881 -0.3930
vn 0.7854 0.3251 -0.5268
vn 0.1046 0.3251 -0.9399
vn -0.3717 -0.9239 0.0910
vn -0.8974 -0.3827 0.2196
vn -0.1521 -0.0000 0.9884
vn -0.8064 -0.0000 0.5913
vn -0.3717 0.9239 0.0910
vn -0.8974 0.3827 0.2196
vn -0.5913 -0.0000 -0.8064
vn -0.9884 -0.0000 -0.1521
vn -0.0910 -0.9239 -0.3717
vn -0.2196 -0.3827 -0.8974
vn -0.0910 0.9239 -0.3717
vn -0.2196 0.3827 -0.8974
vn 0.8064 -0.0000 -0.5913
vn 0.1521 -0.0000 -0.9884
vn 0.3717 -0.9239 -0.0910
vn 0.8974 -0.3827 -0.2196
vn 0.3717 0.9239 -0.0910
vn 0.8974 0.3827 -0.2196
vn 0.5913 -0.0000 0.8064
vn 0.9884 -0.0000 0.1521
vn 0.0910 -0.9239 0.3717
vn 0.2196 -0.3827 0.8974
vn 0.0910 0.9239 0.3717
vn 0.2196 0.3827 0.8974
vn -0.0000 -1.0000 -0.0000
vn -0.9713 -0.0000 0.2377
vn 0.2377 -0.0000 0.9713
vn -0.0000 1.0000 -0.0000
vn -0.2377 -0.0000 -0.9713
vn 0.9713 -0.0000 -0.2377
vt 0.090729 0.004548
vt 0.088240 0.004548
vt 0.088240 0.003111
vt 0.090729 0.002059
vt 0.119744 0.004548
vt 0.119744 0.002059
vt 0.121181 0.002059
vt 0.122233 0.004548
vt 0.119744 0.325624
vt 0.122233 0.325624
vt 0.122233 0.327061
vt 0.119744 0.328113
vt 0.114764 0.004548
vt 0.112275 0.004548
vt 0.112275 0.003111
vt 0.114764 0.002059
vt 0.090729 0.501628
vt 0.090729 0.504117
vt 0.089292 0.504117
vt 0.088240 0.501628
vt 0.114764 0.325624
vt 0.114764 0.328113
vt 0.113327 0.328113
vt 0.112275 0.325624
vt 0.105668 0.004548
vt 0.105668 0.002059
vt 0.107105 0.002059
vt 0.108157 0.004548
vt 0.119744 0.310686
vt 0.119744 0.308196
vt 0.121181 0.308196
vt 0.122233 0.310686
vt 0.095709 0.754716
vt 0.098199 0.754716
vt 0.098199 0.756153
vt 0.095709 0.757205
vt 0.105668 0.501628
vt 0.108157 0.501628
vt 0.108157 0.503065
vt 0.105668 0.504117
vt 0.090729 0.754715
vt 0.090729 0.757205
vt 0.089292 0.757205
vt 0.088240 0.754716
vt 0.114764 0.310686
vt 0.112275 0.310686
vt 0.112275 0.309248
vt 0.114764 0.308196
vt 0.090729 0.248540
vt 0.090729 0.251029
vt 0.089292 0.251029
vt 0.088240 0.248540
vt 0.119744 0.334720
vt 0.119744 0.332231
vt 0.121181 0.332231
vt 0.122233 0.334720
vt 0.119744 0.248540
vt 0.122233 0.248540
vt 0.122233 0.249977
vt 0.119744 0.251029
vt 0.090729 0.257636
vt 0.088240 0.257636
vt 0.088240 0.256199
vt 0.090729 0.255147
vt 0.114764 0.248540
vt 0.114764 0.251029
vt 0.113327 0.251029
vt 0.112275 0.248540
vt 0.114764 0.334720
vt 0.112275 0.334720
vt 0.112275 0.333283
vt 0.114764 0.332231
vt 0.105668 0.248540
vt 0.108157 0.248540
vt 0.108157 0.249977
vt 0.105668 0.251029
vt 0.095709 0.510724
vt 0.095709 0.508235
vt 0.097146 0.508235
vt 0.098199 0.510724
vt 0.119744 0.349659
vt 0.122233 0.349659
vt 0.122233 0.351096
vt 0.119744 0.352148
vt 0.105668 0.257636
vt 0.105668 0.255147
vt 0.107105 0.255147
vt 0.108157 0.257636
vt 0.114764 0.349659
vt 0.114764 0.352148
vt 0.113327 0.352148
vt 0.112275 0.349659
vt 0.090729 0.510724
vt 0.088240 0.510724
vt 0.088240 0.509287
vt 0.090729 0.508235
s 0
usemtl DL2_IceBlue
f 1845/3307/1569 1848/3308/1569 1849/3309/1569 1851/3310/1569
f 1846/3311/1570 1850/3312/1570 1849/3313/1570 1848/3314/1570
f 1847/3315/1571 1851/3316/1571 1849/3317/1571 1850/3318/1571
f 1852/3319/1572 1855/3320/1572 1856/3321/1572 1858/3322/1572
f 1853/3323/1573 1857/3324/1573 1856/3325/1573 1855/3326/1573
f 1854/3327/1574 1858/3328/1574 1856/3329/1574 1857/3330/1574
f 1859/3331/1575 1862/3332/1575 1863/3333/1575 1865/3334/1575
f 1860/3335/1576 1864/3336/1576 1863/3337/1576 1862/3338/1576
f 1861/3339/1577 1865/3340/1577 1863/3341/1577 1864/3342/1577
f 1866/3343/1578 1869/3344/1578 1870/3345/1578 1872/3346/1578
f 1867/3347/1579 1871/3348/1579 1870/3349/1579 1869/3350/1579
f 1868/3351/1580 1872/3352/1580 1870/3353/1580 1871/3354/1580
f 1873/3355/1581 1876/3356/1581 1877/3357/1581 1879/3358/1581
f 1874/3359/1582 1878/3360/1582 1877/3361/1582 1876/3362/1582
f 1875/3363/1583 1879/3364/1583 1877/3365/1583 1878/3366/1583
f 1880/3367/1584 1883/3368/1584 1884/3369/1584 1886/3370/1584
f 1881/3371/1585 1885/3372/1585 1884/3373/1585 1883/3374/1585
f 1882/3375/1586 1886/3376/1586 1884/3377/1586 1885/3378/1586
f 1887/3379/1587 1890/3380/1587 1891/3381/1587 1893/3382/1587
f 1888/3383/1588 1892/3384/1588 1891/3385/1588 1890/3386/1588
f 1889/3387/1589 1893/3388/1589 1891/3389/1589 1892/3390/1589
f 1894/3391/1590 1897/3392/1590 1898/3393/1590 1900/3394/1590
f 1895/3395/1591 1899/3396/1591 1898/3397/1591 1897/3398/1591
f 1896/3399/1592 1900/3400/1592 1898/3401/1592 1899/3402/1592
f 1859/3331/1593 1845/3307/1593 1851/3310/1593 1862/3332/1593
f 1862/3338/1594 1851/3316/1594 1847/3315/1594 1860/3335/1594
f 1846/3311/1595 1852/3319/1595 1858/3322/1595 1850/3312/1595
f 1850/3318/1596 1858/3328/1596 1854/3327/1596 1847/3315/1596
f 1853/3323/1597 1866/3343/1597 1872/3346/1597 1857/3324/1597
f 1857/3330/1598 1872/3352/1598 1868/3351/1598 1854/3327/1598
f 1867/3347/1599 1861/3339/1599 1864/3342/1599 1871/3348/1599
f 1871/3354/1600 1864/3336/1600 1860/3335/1600 1868/3351/1600
f 1887/3379/1601 1859/3331/1601 1865/3334/1601 1890/3380/1601
f 1890/3386/1602 1865/3340/1602 1861/3339/1602 1888/3383/1602
f 1866/3343/1603 1894/3391/1603 1900/3394/1603 1869/3344/1603
f 1869/3350/1604 1900/3400/1604 1896/3399/1604 1867/3347/1604
f 1895/3395/1605 1889/3387/1605 1892/3390/1605 1899/3396/1605
f 1899/3402/1606 1892/3384/1606 1888/3383/1606 1896/3399/1606
f 1873/3355/1607 1887/3379/1607 1893/3382/1607 1876/3356/1607
f 1876/3362/1608 1893/3388/1608 1889/3387/1608 1874/3359/1608
f 1894/3391/1609 1880/3367/1609 1886/3370/1609 1897/3392/1609
f 1897/3398/1610 1886/3376/1610 1882/3375/1610 1895/3395/1610
f 1881/3371/1611 1875/3363/1611 1878/3366/1611 1885/3372/1611
f 1885/3378/1612 1878/3360/1612 1874/3359/1612 1882/3375/1612
f 1845/3307/1613 1873/3355/1613 1879/3358/1613 1848/3308/1613
f 1848/3314/1614 1879/3364/1614 1875/3363/1614 1846/3311/1614
f 1880/3367/1615 1853/3323/1615 1855/3326/1615 1883/3368/1615
f 1883/3374/1616 1855/3320/1616 1852/3319/1616 1881/3371/1616
f 1859/3331/1617 1887/3379/1617 1873/3355/1617 1845/3307/1617
f 1847/3315/1618 1854/3327/1618 1868/3351/1618 1860/3335/1618
f 1875/3363/1619 1881/3371/1619 1852/3319/1619 1846/3311/1619
f 1894/3391/1620 1866/3343/1620 1853/3323/1620 1880/3367/1620
f 1861/3339/1621 1867/3347/1621 1896/3399/1621 1888/3383/1621
f 1889/3387/1622 1895/3395/1622 1882/3375/1622 1874/3359/1622
o DL_Spine_Armor_2
v 4.760000 5.020000 3.240000
v 4.760000 5.180000 3.400000
v 4.600000 5.180000 3.240000
v 4.760000 5.066863 3.353137
v 4.667624 5.087624 3.332376
v 4.646863 5.180000 3.353137
v 4.646863 5.066863 3.240000
v 4.760000 5.620000 3.400000
v 4.760000 5.780000 3.240000
v 4.600000 5.620000 3.240000
v 4.760000 5.733137 3.353137
v 4.667624 5.712376 3.332376
v 4.646863 5.733137 3.240000
v 4.646863 5.620000 3.353137
v 4.760000 5.020000 -3.240000
v 4.600000 5.180000 -3.240000
v 4.760000 5.180000 -3.400000
v 4.646863 5.066863 -3.240000
v 4.667624 5.087624 -3.332376
v 4.646863 5.180000 -3.353137
v 4.760000 5.066863 -3.353137
v 4.760000 5.780000 -3.240000
v 4.760000 5.620000 -3.400000
v 4.600000 5.620000 -3.240000
v 4.760000 5.733137 -3.353137
v 4.667624 5.712376 -3.332376
v 4.646863 5.620000 -3.353137
v 4.646863 5.733137 -3.240000
v 9.240000 5.020000 3.240000
v 9.400000 5.180000 3.240000
v 9.240000 5.180000 3.400000
v 9.353137 5.066863 3.240000
v 9.332376 5.087624 3.332376
v 9.353137 5.180000 3.353137
v 9.240000 5.066863 3.353137
v 9.240000 5.780000 3.240000
v 9.240000 5.620000 3.400000
v 9.400000 5.620000 3.240000
v 9.240000 5.733137 3.353137
v 9.332376 5.712376 3.332376
v 9.353137 5.620000 3.353137
v 9.353137 5.733137 3.240000
v 9.240000 5.020000 -3.240000
v 9.240000 5.180000 -3.400000
v 9.400000 5.180000 -3.240000
v 9.240000 5.066863 -3.353137
v 9.332376 5.087624 -3.332376
v 9.353137 5.180000 -3.353137
v 9.353137 5.066863 -3.240000
v 9.240000 5.780000 -3.240000
v 9.400000 5.620000 -3.240000
v 9.240000 5.620000 -3.400000
v 9.353137 5.733137 -3.240000
v 9.332376 5.712376 -3.332376
v 9.353137 5.620000 -3.353137
v 9.240000 5.733137 -3.353137
vn -0.3251 -0.8881 0.3251
vn -0.3251 -0.3251 0.8881
vn -0.8881 -0.3251 0.3251
vn -0.3251 0.3251 0.8881
vn -0.3251 0.8881 0.3251
vn -0.8881 0.3251 0.3251
vn -0.3251 -0.8881 -0.3251
vn -0.8881 -0.3251 -0.3251
vn -0.3251 -0.3251 -0.8881
vn -0.3251 0.8881 -0.3251
vn -0.3251 0.3251 -0.8881
vn -0.8881 0.3251 -0.3251
vn 0.3251 -0.8881 0.3251
vn 0.8881 -0.3251 0.3251
vn 0.3251 -0.3251 0.8881
vn 0.3251 0.8881 0.3251
vn 0.3251 0.3251 0.8881
vn 0.8881 0.3251 0.3251
vn 0.3251 -0.8881 -0.3251
vn 0.3251 -0.3251 -0.8881
vn 0.8881 -0.3251 -0.3251
vn 0.3251 0.8881 -0.3251
vn 0.8881 0.3251 -0.3251
vn 0.3251 0.3251 -0.8881
vn -0.3827 -0.9239 -0.0000
vn -0.9239 -0.3827 -0.0000
vn -0.3827 -0.0000 0.9239
vn -0.9239 -0.0000 0.3827
vn -0.3827 0.9239 -0.0000
vn -0.9239 0.3827 -0.0000
vn -0.3827 -0.0000 -0.9239
vn -0.9239 -0.0000 -0.3827
vn -0.0000 -0.9239 -0.3827
vn -0.0000 -0.3827 -0.9239
vn -0.0000 0.9239 -0.3827
vn -0.0000 0.3827 -0.9239
vn 0.9239 -0.0000 -0.3827
vn 0.3827 -0.0000 -0.9239
vn 0.3827 -0.9239 -0.0000
vn 0.9239 -0.3827 -0.0000
vn 0.3827 0.9239 -0.0000
vn 0.9239 0.3827 -0.0000
vn 0.3827 -0.0000 0.9239
vn 0.9239 -0.0000 0.3827
vn -0.0000 -0.9239 0.3827
vn -0.0000 -0.3827 0.9239
vn -0.0000 0.9239 0.3827
vn -0.0000 0.3827 0.9239
vn -0.0000 -1.0000 -0.0000
vn -1.0000 -0.0000 -0.0000
vn -0.0000 -0.0000 1.0000
vn -0.0000 1.0000 -0.0000
vn -0.0000 -0.0000 -1.0000
vn 1.0000 -0.0000 -0.0000
vt 0.291867 0.014357
vt 0.291867 0.004446
vt 0.297589 0.004446
vt 0.301778 0.014357
vt 0.097581 0.444469
vt 0.097581 0.434558
vt 0.103303 0.434558
vt 0.107492 0.444469
vt 0.716442 0.415756
vt 0.726354 0.415756
vt 0.726354 0.421478
vt 0.716443 0.425667
vt 0.070326 0.444469
vt 0.060415 0.444469
vt 0.060415 0.438747
vt 0.070326 0.434558
vt 0.320581 0.014357
vt 0.310670 0.014357
vt 0.310670 0.008635
vt 0.320581 0.004446
vt 0.689187 0.415756
vt 0.689187 0.425667
vt 0.683465 0.425667
vt 0.679276 0.415756
vt 0.291867 0.415756
vt 0.301778 0.415756
vt 0.301778 0.421478
vt 0.291867 0.425667
vt 0.716443 0.014357
vt 0.716443 0.004446
vt 0.722165 0.004446
vt 0.726354 0.014357
vt 0.041612 0.721980
vt 0.051523 0.721980
vt 0.051523 0.727702
vt 0.041612 0.731891
vt 0.320581 0.415756
vt 0.320581 0.425667
vt 0.314858 0.425667
vt 0.310670 0.415756
vt 0.014357 0.721980
vt 0.014357 0.731891
vt 0.008635 0.731891
vt 0.004446 0.721980
vt 0.689187 0.014357
vt 0.679276 0.014357
vt 0.679276 0.008635
vt 0.689187 0.004446
vt 0.014357 0.014357
vt 0.004446 0.014357
vt 0.004446 0.008635
vt 0.014357 0.004446
vt 0.772412 0.014357
vt 0.772412 0.004446
vt 0.778134 0.004446
vt 0.782323 0.014357
vt 0.097581 0.721980
vt 0.107492 0.721980
vt 0.107492 0.727702
vt 0.097581 0.731891
vt 0.598091 0.014357
vt 0.598091 0.004446
vt 0.603813 0.004446
vt 0.608002 0.014357
vt 0.070326 0.721980
vt 0.070326 0.731891
vt 0.064603 0.731891
vt 0.060415 0.721980
vt 0.745156 0.014357
vt 0.735245 0.014357
vt 0.735245 0.008635
vt 0.745156 0.004446
vt 0.014357 0.415756
vt 0.014357 0.425667
vt 0.008635 0.425667
vt 0.004446 0.415756
vt 0.041612 0.444469
vt 0.041612 0.434558
vt 0.047334 0.434558
vt 0.051523 0.444469
vt 0.772412 0.415756
vt 0.782323 0.415756
vt 0.782323 0.421478
vt 0.772412 0.425667
vt 0.598091 0.415756
vt 0.608002 0.415756
vt 0.608002 0.421478
vt 0.598091 0.425667
vt 0.745156 0.415756
vt 0.745156 0.425667
vt 0.739434 0.425667
vt 0.735245 0.415756
vt 0.014357 0.444469
vt 0.004446 0.444469
vt 0.004446 0.438747
vt 0.014357 0.434558
s 0
usemtl DL2_Hull_Silver
f 1901/3403/1623 1904/3404/1623 1905/3405/1623 1907/3406/1623
f 1902/3407/1624 1906/3408/1624 1905/3409/1624 1904/3410/1624
f 1903/3411/1625 1907/3412/1625 1905/3413/1625 1906/3414/1625
f 1908/3415/1626 1911/3416/1626 1912/3417/1626 1914/3418/1626
f 1909/3419/1627 1913/3420/1627 1912/3421/1627 1911/3422/1627
f 1910/3423/1628 1914/3424/1628 1912/3425/1628 1913/3426/1628
f 1915/3427/1629 1918/3428/1629 1919/3429/1629 1921/3430/1629
f 1916/3431/1630 1920/3432/1630 1919/3433/1630 1918/3434/1630
f 1917/3435/1631 1921/3436/1631 1919/3437/1631 1920/3438/1631
f 1922/3439/1632 1925/3440/1632 1926/3441/1632 1928/3442/1632
f 1923/3443/1633 1927/3444/1633 1926/3445/1633 1925/3446/1633
f 1924/3447/1634 1928/3448/1634 1926/3449/1634 1927/3450/1634
f 1929/3451/1635 1932/3452/1635 1933/3453/1635 1935/3454/1635
f 1930/3455/1636 1934/3456/1636 1933/3457/1636 1932/3458/1636
f 1931/3459/1637 1935/3460/1637 1933/3461/1637 1934/3462/1637
f 1936/3463/1638 1939/3464/1638 1940/3465/1638 1942/3466/1638
f 1937/3467/1639 1941/3468/1639 1940/3469/1639 1939/3470/1639
f 1938/3471/1640 1942/3472/1640 1940/3473/1640 1941/3474/1640
f 1943/3475/1641 1946/3476/1641 1947/3477/1641 1949/3478/1641
f 1944/3479/1642 1948/3480/1642 1947/3481/1642 1946/3482/1642
f 1945/3483/1643 1949/3484/1643 1947/3485/1643 1948/3486/1643
f 1950/3487/1644 1953/3488/1644 1954/3489/1644 1956/3490/1644
f 1951/3491/1645 1955/3492/1645 1954/3493/1645 1953/3494/1645
f 1952/3495/1646 1956/3496/1646 1954/3497/1646 1955/3498/1646
f 1915/3427/1647 1901/3403/1647 1907/3406/1647 1918/3428/1647
f 1918/3434/1648 1907/3412/1648 1903/3411/1648 1916/3431/1648
f 1902/3407/1649 1908/3415/1649 1914/3418/1649 1906/3408/1649
f 1906/3414/1650 1914/3424/1650 1910/3423/1650 1903/3411/1650
f 1909/3419/1651 1922/3439/1651 1928/3442/1651 1913/3420/1651
f 1913/3426/1652 1928/3448/1652 1924/3447/1652 1910/3423/1652
f 1923/3443/1653 1917/3435/1653 1920/3438/1653 1927/3444/1653
f 1927/3450/1654 1920/3432/1654 1916/3431/1654 1924/3447/1654
f 1943/3475/1655 1915/3427/1655 1921/3430/1655 1946/3476/1655
f 1946/3482/1656 1921/3436/1656 1917/3435/1656 1944/3479/1656
f 1922/3439/1657 1950/3487/1657 1956/3490/1657 1925/3440/1657
f 1925/3446/1658 1956/3496/1658 1952/3495/1658 1923/3443/1658
f 1951/3491/1659 1945/3483/1659 1948/3486/1659 1955/3492/1659
f 1955/3498/1660 1948/3480/1660 1944/3479/1660 1952/3495/1660
f 1929/3451/1661 1943/3475/1661 1949/3478/1661 1932/3452/1661
f 1932/3458/1662 1949/3484/1662 1945/3483/1662 1930/3455/1662
f 1950/3487/1663 1936/3463/1663 1942/3466/1663 1953/3488/1663
f 1953/3494/1664 1942/3472/1664 1938/3471/1664 1951/3491/1664
f 1937/3467/1665 1931/3459/1665 1934/3462/1665 1941/3468/1665
f 1941/3474/1666 1934/3456/1666 1930/3455/1666 1938/3471/1666
f 1901/3403/1667 1929/3451/1667 1935/3454/1667 1904/3404/1667
f 1904/3410/1668 1935/3460/1668 1931/3459/1668 1902/3407/1668
f 1936/3463/1669 1909/3419/1669 1911/3422/1669 1939/3464/1669
f 1939/3470/1670 1911/3416/1670 1908/3415/1670 1937/3467/1670
f 1915/3427/1671 1943/3475/1671 1929/3451/1671 1901/3403/1671
f 1903/3411/1672 1910/3423/1672 1924/3447/1672 1916/3431/1672
f 1931/3459/1673 1937/3467/1673 1908/3415/1673 1902/3407/1673
f 1950/3487/1674 1922/3439/1674 1909/3419/1674 1936/3463/1674
f 1917/3435/1675 1923/3443/1675 1952/3495/1675 1944/3479/1675
f 1945/3483/1676 1951/3491/1676 1938/3471/1676 1930/3455/1676
o DL_Spine_Light_2
v 5.230000 5.790000 0.170000
v 5.230000 5.820000 0.200000
v 5.200000 5.820000 0.170000
v 5.230000 5.798787 0.191213
v 5.212679 5.802680 0.187321
v 5.208787 5.820000 0.191213
v 5.208787 5.798787 0.170000
v 5.230000 5.880000 0.200000
v 5.230000 5.910000 0.170000
v 5.200000 5.880000 0.170000
v 5.230000 5.901213 0.191213
v 5.212679 5.897320 0.187321
v 5.208787 5.901213 0.170000
v 5.208787 5.880000 0.191213
v 5.230000 5.790000 -0.170000
v 5.200000 5.820000 -0.170000
v 5.230000 5.820000 -0.200000
v 5.208787 5.798787 -0.170000
v 5.212679 5.802680 -0.187321
v 5.208787 5.820000 -0.191213
v 5.230000 5.798787 -0.191213
v 5.230000 5.910000 -0.170000
v 5.230000 5.880000 -0.200000
v 5.200000 5.880000 -0.170000
v 5.230000 5.901213 -0.191213
v 5.212679 5.897320 -0.187321
v 5.208787 5.880000 -0.191213
v 5.208787 5.901213 -0.170000
v 8.770000 5.790000 0.170000
v 8.800000 5.820000 0.170000
v 8.770000 5.820000 0.200000
v 8.791213 5.798787 0.170000
v 8.787321 5.802680 0.187321
v 8.791213 5.820000 0.191213
v 8.770000 5.798787 0.191213
v 8.770000 5.910000 0.170000
v 8.770000 5.880000 0.200000
v 8.800000 5.880000 0.170000
v 8.770000 5.901213 0.191213
v 8.787321 5.897320 0.187321
v 8.791213 5.880000 0.191213
v 8.791213 5.901213 0.170000
v 8.770000 5.790000 -0.170000
v 8.770000 5.820000 -0.200000
v 8.800000 5.820000 -0.170000
v 8.770000 5.798787 -0.191213
v 8.787321 5.802680 -0.187321
v 8.791213 5.820000 -0.191213
v 8.791213 5.798787 -0.170000
v 8.770000 5.910000 -0.170000
v 8.800000 5.880000 -0.170000
v 8.770000 5.880000 -0.200000
v 8.791213 5.901213 -0.170000
v 8.787321 5.897320 -0.187321
v 8.791213 5.880000 -0.191213
v 8.770000 5.901213 -0.191213
vn -0.3251 -0.8881 0.3251
vn -0.3251 -0.3251 0.8881
vn -0.8881 -0.3251 0.3251
vn -0.3251 0.3251 0.8881
vn -0.3251 0.8881 0.3251
vn -0.8881 0.3251 0.3251
vn -0.3251 -0.8881 -0.3251
vn -0.8881 -0.3251 -0.3251
vn -0.3251 -0.3251 -0.8881
vn -0.3251 0.8881 -0.3251
vn -0.3251 0.3251 -0.8881
vn -0.8881 0.3251 -0.3251
vn 0.3251 -0.8881 0.3251
vn 0.8881 -0.3251 0.3251
vn 0.3251 -0.3251 0.8881
vn 0.3251 0.8881 0.3251
vn 0.3251 0.3251 0.8881
vn 0.8881 0.3251 0.3251
vn 0.3251 -0.8881 -0.3251
vn 0.3251 -0.3251 -0.8881
vn 0.8881 -0.3251 -0.3251
vn 0.3251 0.8881 -0.3251
vn 0.8881 0.3251 -0.3251
vn 0.3251 0.3251 -0.8881
vn -0.3827 -0.9239 -0.0000
vn -0.9239 -0.3827 -0.0000
vn -0.3827 -0.0000 0.9239
vn -0.9239 -0.0000 0.3827
vn -0.3827 0.9239 -0.0000
vn -0.9239 0.3827 -0.0000
vn -0.3827 -0.0000 -0.9239
vn -0.9239 -0.0000 -0.3827
vn -0.0000 -0.9239 -0.3827
vn -0.0000 -0.3827 -0.9239
vn -0.0000 0.9239 -0.3827
vn -0.0000 0.3827 -0.9239
vn 0.9239 -0.0000 -0.3827
vn 0.3827 -0.0000 -0.9239
vn 0.3827 -0.9239 -0.0000
vn 0.9239 -0.3827 -0.0000
vn 0.3827 0.9239 -0.0000
vn 0.9239 0.3827 -0.0000
vn 0.3827 -0.0000 0.9239
vn 0.9239 -0.0000 0.3827
vn -0.0000 -0.9239 0.3827
vn -0.0000 -0.3827 0.9239
vn -0.0000 0.9239 0.3827
vn -0.0000 0.3827 0.9239
vn -0.0000 -1.0000 -0.0000
vn -1.0000 -0.0000 -0.0000
vn -0.0000 -0.0000 1.0000
vn -0.0000 1.0000 -0.0000
vn -0.0000 -0.0000 -1.0000
vn 1.0000 -0.0000 -0.0000
vt 0.089884 0.003901
vt 0.088017 0.003901
vt 0.088017 0.002823
vt 0.089884 0.002033
vt 0.093619 0.688356
vt 0.093619 0.686489
vt 0.094697 0.686489
vt 0.095486 0.688356
vt 0.093619 0.990622
vt 0.095486 0.990622
vt 0.095486 0.991701
vt 0.093619 0.992490
vt 0.089884 0.688356
vt 0.088017 0.688356
vt 0.088017 0.687278
vt 0.089884 0.686489
vt 0.089884 0.452403
vt 0.089884 0.454270
vt 0.088806 0.454270
vt 0.088017 0.452403
vt 0.089884 0.990622
vt 0.089884 0.992490
vt 0.088806 0.992490
vt 0.088017 0.990622
vt 0.111047 0.003901
vt 0.111047 0.002033
vt 0.112126 0.002033
vt 0.112915 0.003901
vt 0.093619 0.969459
vt 0.093619 0.967591
vt 0.094697 0.967591
vt 0.095486 0.969459
vt 0.093619 0.680555
vt 0.095486 0.680555
vt 0.095486 0.681633
vt 0.093619 0.682422
vt 0.111047 0.452403
vt 0.112915 0.452403
vt 0.112915 0.453481
vt 0.111047 0.454270
vt 0.089884 0.680555
vt 0.089884 0.682422
vt 0.088806 0.682422
vt 0.088017 0.680555
vt 0.089884 0.969459
vt 0.088017 0.969459
vt 0.088017 0.968381
vt 0.089884 0.967591
vt 0.089884 0.224251
vt 0.089884 0.226118
vt 0.088806 0.226118
vt 0.088017 0.224251
vt 0.122584 0.003901
vt 0.122584 0.002033
vt 0.123662 0.002033
vt 0.124451 0.003901
vt 0.093619 0.908706
vt 0.095486 0.908706
vt 0.095486 0.909785
vt 0.093619 0.910574
vt 0.089884 0.232053
vt 0.088017 0.232053
vt 0.088017 0.230974
vt 0.089884 0.230185
vt 0.089884 0.908706
vt 0.089884 0.910574
vt 0.088806 0.910574
vt 0.088016 0.908706
vt 0.118849 0.003901
vt 0.116982 0.003901
vt 0.116982 0.002823
vt 0.118849 0.002033
vt 0.111047 0.224251
vt 0.112915 0.224251
vt 0.112915 0.225329
vt 0.111047 0.226118
vt 0.093619 0.460204
vt 0.093619 0.458337
vt 0.094697 0.458337
vt 0.095486 0.460204
vt 0.122584 0.025064
vt 0.124451 0.025064
vt 0.124451 0.026143
vt 0.122584 0.026932
vt 0.111047 0.232053
vt 0.111047 0.230185
vt 0.112126 0.230185
vt 0.112915 0.232053
vt 0.118849 0.025064
vt 0.118849 0.026932
vt 0.117771 0.026932
vt 0.116982 0.025064
vt 0.089884 0.460204
vt 0.088017 0.460204
vt 0.088017 0.459126
vt 0.089884 0.458337
s 0
usemtl DL2_IceBlue
f 1957/3499/1677 1960/3500/1677 1961/3501/1677 1963/3502/1677
f 1958/3503/1678 1962/3504/1678 1961/3505/1678 1960/3506/1678
f 1959/3507/1679 1963/3508/1679 1961/3509/1679 1962/3510/1679
f 1964/3511/1680 1967/3512/1680 1968/3513/1680 1970/3514/1680
f 1965/3515/1681 1969/3516/1681 1968/3517/1681 1967/3518/1681
f 1966/3519/1682 1970/3520/1682 1968/3521/1682 1969/3522/1682
f 1971/3523/1683 1974/3524/1683 1975/3525/1683 1977/3526/1683
f 1972/3527/1684 1976/3528/1684 1975/3529/1684 1974/3530/1684
f 1973/3531/1685 1977/3532/1685 1975/3533/1685 1976/3534/1685
f 1978/3535/1686 1981/3536/1686 1982/3537/1686 1984/3538/1686
f 1979/3539/1687 1983/3540/1687 1982/3541/1687 1981/3542/1687
f 1980/3543/1688 1984/3544/1688 1982/3545/1688 1983/3546/1688
f 1985/3547/1689 1988/3548/1689 1989/3549/1689 1991/3550/1689
f 1986/3551/1690 1990/3552/1690 1989/3553/1690 1988/3554/1690
f 1987/3555/1691 1991/3556/1691 1989/3557/1691 1990/3558/1691
f 1992/3559/1692 1995/3560/1692 1996/3561/1692 1998/3562/1692
f 1993/3563/1693 1997/3564/1693 1996/3565/1693 1995/3566/1693
f 1994/3567/1694 1998/3568/1694 1996/3569/1694 1997/3570/1694
f 1999/3571/1695 2002/3572/1695 2003/3573/1695 2005/3574/1695
f 2000/3575/1696 2004/3576/1696 2003/3577/1696 2002/3578/1696
f 2001/3579/1697 2005/3580/1697 2003/3581/1697 2004/3582/1697
f 2006/3583/1698 2009/3584/1698 2010/3585/1698 2012/3586/1698
f 2007/3587/1699 2011/3588/1699 2010/3589/1699 2009/3590/1699
f 2008/3591/1700 2012/3592/1700 2010/3593/1700 2011/3594/1700
f 1971/3523/1701 1957/3499/1701 1963/3502/1701 1974/3524/1701
f 1974/3530/1702 1963/3508/1702 1959/3507/1702 1972/3527/1702
f 1958/3503/1703 1964/3511/1703 1970/3514/1703 1962/3504/1703
f 1962/3510/1704 1970/3520/1704 1966/3519/1704 1959/3507/1704
f 1965/3515/1705 1978/3535/1705 1984/3538/1705 1969/3516/1705
f 1969/3522/1706 1984/3544/1706 1980/3543/1706 1966/3519/1706
f 1979/3539/1707 1973/3531/1707 1976/3534/1707 1983/3540/1707
f 1983/3546/1708 1976/3528/1708 1972/3527/1708 1980/3543/1708
f 1999/3571/1709 1971/3523/1709 1977/3526/1709 2002/3572/1709
f 2002/3578/1710 1977/3532/1710 1973/3531/1710 2000/3575/1710
f 1978/3535/1711 2006/3583/1711 2012/3586/1711 1981/3536/1711
f 1981/3542/1712 2012/3592/1712 2008/3591/1712 1979/3539/1712
f 2007/3587/1713 2001/3579/1713 2004/3582/1713 2011/3588/1713
f 2011/3594/1714 2004/3576/1714 2000/3575/1714 2008/3591/1714
f 1985/3547/1715 1999/3571/1715 2005/3574/1715 1988/3548/1715
f 1988/3554/1716 2005/3580/1716 2001/3579/1716 1986/3551/1716
f 2006/3583/1717 1992/3559/1717 1998/3562/1717 2009/3584/1717
f 2009/3590/1718 1998/3568/1718 1994/3567/1718 2007/3587/1718
f 1993/3563/1719 1987/3555/1719 1990/3558/1719 1997/3564/1719
f 1997/3570/1720 1990/3552/1720 1986/3551/1720 1994/3567/1720
f 1957/3499/1721 1985/3547/1721 1991/3550/1721 1960/3500/1721
f 1960/3506/1722 1991/3556/1722 1987/3555/1722 1958/3503/1722
f 1992/3559/1723 1965/3515/1723 1967/3518/1723 1995/3560/1723
f 1995/3566/1724 1967/3512/1724 1964/3511/1724 1993/3563/1724
f 1971/3523/1725 1999/3571/1725 1985/3547/1725 1957/3499/1725
f 1959/3507/1726 1966/3519/1726 1980/3543/1726 1972/3527/1726
f 1987/3555/1727 1993/3563/1727 1964/3511/1727 1958/3503/1727
f 2006/3583/1728 1978/3535/1728 1965/3515/1728 1992/3559/1728
f 1973/3531/1729 1979/3539/1729 2008/3591/1729 2000/3575/1729
f 2001/3579/1730 2007/3587/1730 1994/3567/1730 1986/3551/1730
o DL_Spine_Armor_3
v -1.240000 5.020000 3.240000
v -1.240000 5.180000 3.400000
v -1.400000 5.180000 3.240000
v -1.240000 5.066863 3.353137
v -1.332376 5.087624 3.332376
v -1.353137 5.180000 3.353137
v -1.353137 5.066863 3.240000
v -1.240000 5.620000 3.400000
v -1.240000 5.780000 3.240000
v -1.400000 5.620000 3.240000
v -1.240000 5.733137 3.353137
v -1.332376 5.712376 3.332376
v -1.353137 5.733137 3.240000
v -1.353137 5.620000 3.353137
v -1.240000 5.020000 -3.240000
v -1.400000 5.180000 -3.240000
v -1.240000 5.180000 -3.400000
v -1.353137 5.066863 -3.240000
v -1.332376 5.087624 -3.332376
v -1.353137 5.180000 -3.353137
v -1.240000 5.066863 -3.353137
v -1.240000 5.780000 -3.240000
v -1.240000 5.620000 -3.400000
v -1.400000 5.620000 -3.240000
v -1.240000 5.733137 -3.353137
v -1.332376 5.712376 -3.332376
v -1.353137 5.620000 -3.353137
v -1.353137 5.733137 -3.240000
v 3.240000 5.020000 3.240000
v 3.400000 5.180000 3.240000
v 3.240000 5.180000 3.400000
v 3.353137 5.066863 3.240000
v 3.332376 5.087624 3.332376
v 3.353137 5.180000 3.353137
v 3.240000 5.066863 3.353137
v 3.240000 5.780000 3.240000
v 3.240000 5.620000 3.400000
v 3.400000 5.620000 3.240000
v 3.240000 5.733137 3.353137
v 3.332376 5.712376 3.332376
v 3.353137 5.620000 3.353137
v 3.353137 5.733137 3.240000
v 3.240000 5.020000 -3.240000
v 3.240000 5.180000 -3.400000
v 3.400000 5.180000 -3.240000
v 3.240000 5.066863 -3.353137
v 3.332376 5.087624 -3.332376
v 3.353137 5.180000 -3.353137
v 3.353137 5.066863 -3.240000
v 3.240000 5.780000 -3.240000
v 3.400000 5.620000 -3.240000
v 3.240000 5.620000 -3.400000
v 3.353137 5.733137 -3.240000
v 3.332376 5.712376 -3.332376
v 3.353137 5.620000 -3.353137
v 3.240000 5.733137 -3.353137
vn -0.3251 -0.8881 0.3251
vn -0.3251 -0.3251 0.8881
vn -0.8881 -0.3251 0.3251
vn -0.3251 0.3251 0.8881
vn -0.3251 0.8881 0.3251
vn -0.8881 0.3251 0.3251
vn -0.3251 -0.8881 -0.3251
vn -0.8881 -0.3251 -0.3251
vn -0.3251 -0.3251 -0.8881
vn -0.3251 0.8881 -0.3251
vn -0.3251 0.3251 -0.8881
vn -0.8881 0.3251 -0.3251
vn 0.3251 -0.8881 0.3251
vn 0.8881 -0.3251 0.3251
vn 0.3251 -0.3251 0.8881
vn 0.3251 0.8881 0.3251
vn 0.3251 0.3251 0.8881
vn 0.8881 0.3251 0.3251
vn 0.3251 -0.8881 -0.3251
vn 0.3251 -0.3251 -0.8881
vn 0.8881 -0.3251 -0.3251
vn 0.3251 0.8881 -0.3251
vn 0.8881 0.3251 -0.3251
vn 0.3251 0.3251 -0.8881
vn -0.3827 -0.9239 -0.0000
vn -0.9239 -0.3827 -0.0000
vn -0.3827 -0.0000 0.9239
vn -0.9239 -0.0000 0.3827
vn -0.3827 0.9239 -0.0000
vn -0.9239 0.3827 -0.0000
vn -0.3827 -0.0000 -0.9239
vn -0.9239 -0.0000 -0.3827
vn -0.0000 -0.9239 -0.3827
vn -0.0000 -0.3827 -0.9239
vn -0.0000 0.9239 -0.3827
vn -0.0000 0.3827 -0.9239
vn 0.9239 -0.0000 -0.3827
vn 0.3827 -0.0000 -0.9239
vn 0.3827 -0.9239 -0.0000
vn 0.9239 -0.3827 -0.0000
vn 0.3827 0.9239 -0.0000
vn 0.9239 0.3827 -0.0000
vn 0.3827 -0.0000 0.9239
vn 0.9239 -0.0000 0.3827
vn -0.0000 -0.9239 0.3827
vn -0.0000 -0.3827 0.9239
vn -0.0000 0.9239 0.3827
vn -0.0000 0.3827 0.9239
vn -0.0000 -1.0000 -0.0000
vn -1.0000 -0.0000 -0.0000
vn -0.0000 -0.0000 1.0000
vn -0.0000 1.0000 -0.0000
vn -0.0000 -0.0000 -1.0000
vn 1.0000 -0.0000 -0.0000
vt 0.291867 0.014357
vt 0.291867 0.004446
vt 0.297589 0.004446
vt 0.301778 0.014357
vt 0.097581 0.444469
vt 0.097581 0.434558
vt 0.103303 0.434558
vt 0.107492 0.444469
vt 0.716442 0.415756
vt 0.726354 0.415756
vt 0.726354 0.421478
vt 0.716443 0.425667
vt 0.070326 0.444469
vt 0.060415 0.444469
vt 0.060415 0.438747
vt 0.070326 0.434558
vt 0.320581 0.014357
vt 0.310670 0.014357
vt 0.310670 0.008635
vt 0.320581 0.004446
vt 0.689187 0.415756
vt 0.689187 0.425667
vt 0.683465 0.425667
vt 0.679276 0.415756
vt 0.291867 0.415756
vt 0.301778 0.415756
vt 0.301778 0.421478
vt 0.291867 0.425667
vt 0.716443 0.014357
vt 0.716443 0.004446
vt 0.722165 0.004446
vt 0.726354 0.014357
vt 0.041612 0.721980
vt 0.051523 0.721980
vt 0.051523 0.727702
vt 0.041612 0.731891
vt 0.320581 0.415756
vt 0.320581 0.425667
vt 0.314858 0.425667
vt 0.310670 0.415756
vt 0.014357 0.721980
vt 0.014357 0.731891
vt 0.008635 0.731891
vt 0.004446 0.721980
vt 0.689187 0.014357
vt 0.679276 0.014357
vt 0.679276 0.008635
vt 0.689187 0.004446
vt 0.014357 0.014357
vt 0.004446 0.014357
vt 0.004446 0.008635
vt 0.014357 0.004446
vt 0.772412 0.014357
vt 0.772412 0.004446
vt 0.778134 0.004446
vt 0.782323 0.014357
vt 0.097581 0.721980
vt 0.107492 0.721980
vt 0.107492 0.727702
vt 0.097581 0.731891
vt 0.598091 0.014357
vt 0.598091 0.004446
vt 0.603813 0.004446
vt 0.608002 0.014357
vt 0.070326 0.721980
vt 0.070326 0.731891
vt 0.064603 0.731891
vt 0.060415 0.721980
vt 0.745156 0.014357
vt 0.735245 0.014357
vt 0.735245 0.008635
vt 0.745156 0.004446
vt 0.014357 0.415756
vt 0.014357 0.425667
vt 0.008635 0.425667
vt 0.004446 0.415756
vt 0.041612 0.444469
vt 0.041612 0.434558
vt 0.047334 0.434558
vt 0.051523 0.444469
vt 0.772412 0.415756
vt 0.782323 0.415756
vt 0.782323 0.421478
vt 0.772412 0.425667
vt 0.598091 0.415756
vt 0.608002 0.415756
vt 0.608002 0.421478
vt 0.598091 0.425667
vt 0.745156 0.415756
vt 0.745156 0.425667
vt 0.739434 0.425667
vt 0.735245 0.415756
vt 0.014357 0.444469
vt 0.004446 0.444469
vt 0.004446 0.438747
vt 0.014357 0.434558
s 0
usemtl DL2_Hull_Silver
f 2013/3595/1731 2016/3596/1731 2017/3597/1731 2019/3598/1731
f 2014/3599/1732 2018/3600/1732 2017/3601/1732 2016/3602/1732
f 2015/3603/1733 2019/3604/1733 2017/3605/1733 2018/3606/1733
f 2020/3607/1734 2023/3608/1734 2024/3609/1734 2026/3610/1734
f 2021/3611/1735 2025/3612/1735 2024/3613/1735 2023/3614/1735
f 2022/3615/1736 2026/3616/1736 2024/3617/1736 2025/3618/1736
f 2027/3619/1737 2030/3620/1737 2031/3621/1737 2033/3622/1737
f 2028/3623/1738 2032/3624/1738 2031/3625/1738 2030/3626/1738
f 2029/3627/1739 2033/3628/1739 2031/3629/1739 2032/3630/1739
f 2034/3631/1740 2037/3632/1740 2038/3633/1740 2040/3634/1740
f 2035/3635/1741 2039/3636/1741 2038/3637/1741 2037/3638/1741
f 2036/3639/1742 2040/3640/1742 2038/3641/1742 2039/3642/1742
f 2041/3643/1743 2044/3644/1743 2045/3645/1743 2047/3646/1743
f 2042/3647/1744 2046/3648/1744 2045/3649/1744 2044/3650/1744
f 2043/3651/1745 2047/3652/1745 2045/3653/1745 2046/3654/1745
f 2048/3655/1746 2051/3656/1746 2052/3657/1746 2054/3658/1746
f 2049/3659/1747 2053/3660/1747 2052/3661/1747 2051/3662/1747
f 2050/3663/1748 2054/3664/1748 2052/3665/1748 2053/3666/1748
f 2055/3667/1749 2058/3668/1749 2059/3669/1749 2061/3670/1749
f 2056/3671/1750 2060/3672/1750 2059/3673/1750 2058/3674/1750
f 2057/3675/1751 2061/3676/1751 2059/3677/1751 2060/3678/1751
f 2062/3679/1752 2065/3680/1752 2066/3681/1752 2068/3682/1752
f 2063/3683/1753 2067/3684/1753 2066/3685/1753 2065/3686/1753
f 2064/3687/1754 2068/3688/1754 2066/3689/1754 2067/3690/1754
f 2027/3619/1755 2013/3595/1755 2019/3598/1755 2030/3620/1755
f 2030/3626/1756 2019/3604/1756 2015/3603/1756 2028/3623/1756
f 2014/3599/1757 2020/3607/1757 2026/3610/1757 2018/3600/1757
f 2018/3606/1758 2026/3616/1758 2022/3615/1758 2015/3603/1758
f 2021/3611/1759 2034/3631/1759 2040/3634/1759 2025/3612/1759
f 2025/3618/1760 2040/3640/1760 2036/3639/1760 2022/3615/1760
f 2035/3635/1761 2029/3627/1761 2032/3630/1761 2039/3636/1761
f 2039/3642/1762 2032/3624/1762 2028/3623/1762 2036/3639/1762
f 2055/3667/1763 2027/3619/1763 2033/3622/1763 2058/3668/1763
f 2058/3674/1764 2033/3628/1764 2029/3627/1764 2056/3671/1764
f 2034/3631/1765 2062/3679/1765 2068/3682/1765 2037/3632/1765
f 2037/3638/1766 2068/3688/1766 2064/3687/1766 2035/3635/1766
f 2063/3683/1767 2057/3675/1767 2060/3678/1767 2067/3684/1767
f 2067/3690/1768 2060/3672/1768 2056/3671/1768 2064/3687/1768
f 2041/3643/1769 2055/3667/1769 2061/3670/1769 2044/3644/1769
f 2044/3650/1770 2061/3676/1770 2057/3675/1770 2042/3647/1770
f 2062/3679/1771 2048/3655/1771 2054/3658/1771 2065/3680/1771
f 2065/3686/1772 2054/3664/1772 2050/3663/1772 2063/3683/1772
f 2049/3659/1773 2043/3651/1773 2046/3654/1773 2053/3660/1773
f 2053/3666/1774 2046/3648/1774 2042/3647/1774 2050/3663/1774
f 2013/3595/1775 2041/3643/1775 2047/3646/1775 2016/3596/1775
f 2016/3602/1776 2047/3652/1776 2043/3651/1776 2014/3599/1776
f 2048/3655/1777 2021/3611/1777 2023/3614/1777 2051/3656/1777
f 2051/3662/1778 2023/3608/1778 2020/3607/1778 2049/3659/1778
f 2027/3619/1779 2055/3667/1779 2041/3643/1779 2013/3595/1779
f 2015/3603/1780 2022/3615/1780 2036/3639/1780 2028/3623/1780
f 2043/3651/1781 2049/3659/1781 2020/3607/1781 2014/3599/1781
f 2062/3679/1782 2034/3631/1782 2021/3611/1782 2048/3655/1782
f 2029/3627/1783 2035/3635/1783 2064/3687/1783 2056/3671/1783
f 2057/3675/1784 2063/3683/1784 2050/3663/1784 2042/3647/1784
o DL_Spine_Light_3
v -0.770000 5.790000 0.170000
v -0.770000 5.820000 0.200000
v -0.800000 5.820000 0.170000
v -0.770000 5.798787 0.191213
v -0.787321 5.802680 0.187321
v -0.791213 5.820000 0.191213
v -0.791213 5.798787 0.170000
v -0.770000 5.880000 0.200000
v -0.770000 5.910000 0.170000
v -0.800000 5.880000 0.170000
v -0.770000 5.901213 0.191213
v -0.787321 5.897320 0.187321
v -0.791213 5.901213 0.170000
v -0.791213 5.880000 0.191213
v -0.770000 5.790000 -0.170000
v -0.800000 5.820000 -0.170000
v -0.770000 5.820000 -0.200000
v -0.791213 5.798787 -0.170000
v -0.787321 5.802680 -0.187321
v -0.791213 5.820000 -0.191213
v -0.770000 5.798787 -0.191213
v -0.770000 5.910000 -0.170000
v -0.770000 5.880000 -0.200000
v -0.800000 5.880000 -0.170000
v -0.770000 5.901213 -0.191213
v -0.787321 5.897320 -0.187321
v -0.791213 5.880000 -0.191213
v -0.791213 5.901213 -0.170000
v 2.770000 5.790000 0.170000
v 2.800000 5.820000 0.170000
v 2.770000 5.820000 0.200000
v 2.791213 5.798787 0.170000
v 2.787321 5.802680 0.187321
v 2.791213 5.820000 0.191213
v 2.770000 5.798787 0.191213
v 2.770000 5.910000 0.170000
v 2.770000 5.880000 0.200000
v 2.800000 5.880000 0.170000
v 2.770000 5.901213 0.191213
v 2.787321 5.897320 0.187321
v 2.791213 5.880000 0.191213
v 2.791213 5.901213 0.170000
v 2.770000 5.790000 -0.170000
v 2.770000 5.820000 -0.200000
v 2.800000 5.820000 -0.170000
v 2.770000 5.798787 -0.191213
v 2.787321 5.802680 -0.187321
v 2.791213 5.820000 -0.191213
v 2.791213 5.798787 -0.170000
v 2.770000 5.910000 -0.170000
v 2.800000 5.880000 -0.170000
v 2.770000 5.880000 -0.200000
v 2.791213 5.901213 -0.170000
v 2.787321 5.897320 -0.187321
v 2.791213 5.880000 -0.191213
v 2.770000 5.901213 -0.191213
vn -0.3251 -0.8881 0.3251
vn -0.3251 -0.3251 0.8881
vn -0.8881 -0.3251 0.3251
vn -0.3251 0.3251 0.8881
vn -0.3251 0.8881 0.3251
vn -0.8881 0.3251 0.3251
vn -0.3251 -0.8881 -0.3251
vn -0.8881 -0.3251 -0.3251
vn -0.3251 -0.3251 -0.8881
vn -0.3251 0.8881 -0.3251
vn -0.3251 0.3251 -0.8881
vn -0.8881 0.3251 -0.3251
vn 0.3251 -0.8881 0.3251
vn 0.8881 -0.3251 0.3251
vn 0.3251 -0.3251 0.8881
vn 0.3251 0.8881 0.3251
vn 0.3251 0.3251 0.8881
vn 0.8881 0.3251 0.3251
vn 0.3251 -0.8881 -0.3251
vn 0.3251 -0.3251 -0.8881
vn 0.8881 -0.3251 -0.3251
vn 0.3251 0.8881 -0.3251
vn 0.8881 0.3251 -0.3251
vn 0.3251 0.3251 -0.8881
vn -0.3827 -0.9239 -0.0000
vn -0.9239 -0.3827 -0.0000
vn -0.3827 -0.0000 0.9239
vn -0.9239 -0.0000 0.3827
vn -0.3827 0.9239 -0.0000
vn -0.9239 0.3827 -0.0000
vn -0.3827 -0.0000 -0.9239
vn -0.9239 -0.0000 -0.3827
vn -0.0000 -0.9239 -0.3827
vn -0.0000 -0.3827 -0.9239
vn -0.0000 0.9239 -0.3827
vn -0.0000 0.3827 -0.9239
vn 0.9239 -0.0000 -0.3827
vn 0.3827 -0.0000 -0.9239
vn 0.3827 -0.9239 -0.0000
vn 0.9239 -0.3827 -0.0000
vn 0.3827 0.9239 -0.0000
vn 0.9239 0.3827 -0.0000
vn 0.3827 -0.0000 0.9239
vn 0.9239 -0.0000 0.3827
vn -0.0000 -0.9239 0.3827
vn -0.0000 -0.3827 0.9239
vn -0.0000 0.9239 0.3827
vn -0.0000 0.3827 0.9239
vn -0.0000 -1.0000 -0.0000
vn -1.0000 -0.0000 -0.0000
vn -0.0000 -0.0000 1.0000
vn -0.0000 1.0000 -0.0000
vn -0.0000 -0.0000 -1.0000
vn 1.0000 -0.0000 -0.0000
vt 0.089884 0.003901
vt 0.088017 0.003901
vt 0.088017 0.002823
vt 0.089884 0.002033
vt 0.093619 0.688356
vt 0.093619 0.686489
vt 0.094697 0.686489
vt 0.095486 0.688356
vt 0.093619 0.990622
vt 0.095486 0.990622
vt 0.095486 0.991701
vt 0.093619 0.992490
vt 0.089884 0.688356
vt 0.088017 0.688356
vt 0.088017 0.687278
vt 0.089884 0.686489
vt 0.089884 0.452403
vt 0.089884 0.454270
vt 0.088806 0.454270
vt 0.088017 0.452403
vt 0.089884 0.990622
vt 0.089884 0.992490
vt 0.088806 0.992490
vt 0.088017 0.990622
vt 0.111047 0.003901
vt 0.111047 0.002033
vt 0.112126 0.002033
vt 0.112915 0.003901
vt 0.093619 0.969459
vt 0.093619 0.967591
vt 0.094697 0.967591
vt 0.095486 0.969459
vt 0.093619 0.680555
vt 0.095486 0.680555
vt 0.095486 0.681633
vt 0.093619 0.682422
vt 0.111047 0.452403
vt 0.112915 0.452403
vt 0.112915 0.453481
vt 0.111047 0.454270
vt 0.089884 0.680555
vt 0.089884 0.682422
vt 0.088806 0.682422
vt 0.088017 0.680555
vt 0.089884 0.969459
vt 0.088017 0.969459
vt 0.088017 0.968381
vt 0.089884 0.967591
vt 0.089884 0.224251
vt 0.089884 0.226118
vt 0.088806 0.226118
vt 0.088017 0.224251
vt 0.122584 0.003901
vt 0.122584 0.002033
vt 0.123662 0.002033
vt 0.124451 0.003901
vt 0.093619 0.908706
vt 0.095486 0.908706
vt 0.095486 0.909785
vt 0.093619 0.910574
vt 0.089884 0.232053
vt 0.088017 0.232053
vt 0.088017 0.230974
vt 0.089884 0.230185
vt 0.089884 0.908706
vt 0.089884 0.910574
vt 0.088806 0.910574
vt 0.088016 0.908706
vt 0.118849 0.003901
vt 0.116982 0.003901
vt 0.116982 0.002823
vt 0.118849 0.002033
vt 0.111047 0.224251
vt 0.112915 0.224251
vt 0.112915 0.225329
vt 0.111047 0.226118
vt 0.093619 0.460204
vt 0.093619 0.458337
vt 0.094697 0.458337
vt 0.095486 0.460204
vt 0.122584 0.025064
vt 0.124451 0.025064
vt 0.124451 0.026143
vt 0.122584 0.026932
vt 0.111047 0.232053
vt 0.111047 0.230185
vt 0.112126 0.230185
vt 0.112915 0.232053
vt 0.118849 0.025064
vt 0.118849 0.026932
vt 0.117771 0.026932
vt 0.116982 0.025064
vt 0.089884 0.460204
vt 0.088017 0.460204
vt 0.088017 0.459126
vt 0.089884 0.458337
s 0
usemtl DL2_IceBlue
f 2069/3691/1785 2072/3692/1785 2073/3693/1785 2075/3694/1785
f 2070/3695/1786 2074/3696/1786 2073/3697/1786 2072/3698/1786
f 2071/3699/1787 2075/3700/1787 2073/3701/1787 2074/3702/1787
f 2076/3703/1788 2079/3704/1788 2080/3705/1788 2082/3706/1788
f 2077/3707/1789 2081/3708/1789 2080/3709/1789 2079/3710/1789
f 2078/3711/1790 2082/3712/1790 2080/3713/1790 2081/3714/1790
f 2083/3715/1791 2086/3716/1791 2087/3717/1791 2089/3718/1791
f 2084/3719/1792 2088/3720/1792 2087/3721/1792 2086/3722/1792
f 2085/3723/1793 2089/3724/1793 2087/3725/1793 2088/3726/1793
f 2090/3727/1794 2093/3728/1794 2094/3729/1794 2096/3730/1794
f 2091/3731/1795 2095/3732/1795 2094/3733/1795 2093/3734/1795
f 2092/3735/1796 2096/3736/1796 2094/3737/1796 2095/3738/1796
f 2097/3739/1797 2100/3740/1797 2101/3741/1797 2103/3742/1797
f 2098/3743/1798 2102/3744/1798 2101/3745/1798 2100/3746/1798
f 2099/3747/1799 2103/3748/1799 2101/3749/1799 2102/3750/1799
f 2104/3751/1800 2107/3752/1800 2108/3753/1800 2110/3754/1800
f 2105/3755/1801 2109/3756/1801 2108/3757/1801 2107/3758/1801
f 2106/3759/1802 2110/3760/1802 2108/3761/1802 2109/3762/1802
f 2111/3763/1803 2114/3764/1803 2115/3765/1803 2117/3766/1803
f 2112/3767/1804 2116/3768/1804 2115/3769/1804 2114/3770/1804
f 2113/3771/1805 2117/3772/1805 2115/3773/1805 2116/3774/1805
f 2118/3775/1806 2121/3776/1806 2122/3777/1806 2124/3778/1806
f 2119/3779/1807 2123/3780/1807 2122/3781/1807 2121/3782/1807
f 2120/3783/1808 2124/3784/1808 2122/3785/1808 2123/3786/1808
f 2083/3715/1809 2069/3691/1809 2075/3694/1809 2086/3716/1809
f 2086/3722/1810 2075/3700/1810 2071/3699/1810 2084/3719/1810
f 2070/3695/1811 2076/3703/1811 2082/3706/1811 2074/3696/1811
f 2074/3702/1812 2082/3712/1812 2078/3711/1812 2071/3699/1812
f 2077/3707/1813 2090/3727/1813 2096/3730/1813 2081/3708/1813
f 2081/3714/1814 2096/3736/1814 2092/3735/1814 2078/3711/1814
f 2091/3731/1815 2085/3723/1815 2088/3726/1815 2095/3732/1815
f 2095/3738/1816 2088/3720/1816 2084/3719/1816 2092/3735/1816
f 2111/3763/1817 2083/3715/1817 2089/3718/1817 2114/3764/1817
f 2114/3770/1818 2089/3724/1818 2085/3723/1818 2112/3767/1818
f 2090/3727/1819 2118/3775/1819 2124/3778/1819 2093/3728/1819
f 2093/3734/1820 2124/3784/1820 2120/3783/1820 2091/3731/1820
f 2119/3779/1821 2113/3771/1821 2116/3774/1821 2123/3780/1821
f 2123/3786/1822 2116/3768/1822 2112/3767/1822 2120/3783/1822
f 2097/3739/1823 2111/3763/1823 2117/3766/1823 2100/3740/1823
f 2100/3746/1824 2117/3772/1824 2113/3771/1824 2098/3743/1824
f 2118/3775/1825 2104/3751/1825 2110/3754/1825 2121/3776/1825
f 2121/3782/1826 2110/3760/1826 2106/3759/1826 2119/3779/1826
f 2105/3755/1827 2099/3747/1827 2102/3750/1827 2109/3756/1827
f 2109/3762/1828 2102/3744/1828 2098/3743/1828 2106/3759/1828
f 2069/3691/1829 2097/3739/1829 2103/3742/1829 2072/3692/1829
f 2072/3698/1830 2103/3748/1830 2099/3747/1830 2070/3695/1830
f 2104/3751/1831 2077/3707/1831 2079/3710/1831 2107/3752/1831
f 2107/3758/1832 2079/3704/1832 2076/3703/1832 2105/3755/1832
f 2083/3715/1833 2111/3763/1833 2097/3739/1833 2069/3691/1833
f 2071/3699/1834 2078/3711/1834 2092/3735/1834 2084/3719/1834
f 2099/3747/1835 2105/3755/1835 2076/3703/1835 2070/3695/1835
f 2118/3775/1836 2090/3727/1836 2077/3707/1836 2104/3751/1836
f 2085/3723/1837 2091/3731/1837 2120/3783/1837 2112/3767/1837
f 2113/3771/1838 2119/3779/1838 2106/3759/1838 2098/3743/1838
o DL_Spine_Armor_4
v -7.240000 5.020000 3.240000
v -7.240000 5.180000 3.400000
v -7.400000 5.180000 3.240000
v -7.240000 5.066863 3.353137
v -7.332376 5.087624 3.332376
v -7.353137 5.180000 3.353137
v -7.353137 5.066863 3.240000
v -7.240000 5.620000 3.400000
v -7.240000 5.780000 3.240000
v -7.400000 5.620000 3.240000
v -7.240000 5.733137 3.353137
v -7.332376 5.712376 3.332376
v -7.353137 5.733137 3.240000
v -7.353137 5.620000 3.353137
v -7.240000 5.020000 -3.240000
v -7.400000 5.180000 -3.240000
v -7.240000 5.180000 -3.400000
v -7.353137 5.066863 -3.240000
v -7.332376 5.087624 -3.332376
v -7.353137 5.180000 -3.353137
v -7.240000 5.066863 -3.353137
v -7.240000 5.780000 -3.240000
v -7.240000 5.620000 -3.400000
v -7.400000 5.620000 -3.240000
v -7.240000 5.733137 -3.353137
v -7.332376 5.712376 -3.332376
v -7.353137 5.620000 -3.353137
v -7.353137 5.733137 -3.240000
v -2.760000 5.020000 3.240000
v -2.600000 5.180000 3.240000
v -2.760000 5.180000 3.400000
v -2.646863 5.066863 3.240000
v -2.667624 5.087624 3.332376
v -2.646863 5.180000 3.353137
v -2.760000 5.066863 3.353137
v -2.760000 5.780000 3.240000
v -2.760000 5.620000 3.400000
v -2.600000 5.620000 3.240000
v -2.760000 5.733137 3.353137
v -2.667624 5.712376 3.332376
v -2.646863 5.620000 3.353137
v -2.646863 5.733137 3.240000
v -2.760000 5.020000 -3.240000
v -2.760000 5.180000 -3.400000
v -2.600000 5.180000 -3.240000
v -2.760000 5.066863 -3.353137
v -2.667624 5.087624 -3.332376
v -2.646863 5.180000 -3.353137
v -2.646863 5.066863 -3.240000
v -2.760000 5.780000 -3.240000
v -2.600000 5.620000 -3.240000
v -2.760000 5.620000 -3.400000
v -2.646863 5.733137 -3.240000
v -2.667624 5.712376 -3.332376
v -2.646863 5.620000 -3.353137
v -2.760000 5.733137 -3.353137
vn -0.3251 -0.8881 0.3251
vn -0.3251 -0.3251 0.8881
vn -0.8881 -0.3251 0.3251
vn -0.3251 0.3251 0.8881
vn -0.3251 0.8881 0.3251
vn -0.8881 0.3251 0.3251
vn -0.3251 -0.8881 -0.3251
vn -0.8881 -0.3251 -0.3251
vn -0.3251 -0.3251 -0.8881
vn -0.3251 0.8881 -0.3251
vn -0.3251 0.3251 -0.8881
vn -0.8881 0.3251 -0.3251
vn 0.3251 -0.8881 0.3251
vn 0.8881 -0.3251 0.3251
vn 0.3251 -0.3251 0.8881
vn 0.3251 0.8881 0.3251
vn 0.3251 0.3251 0.8881
vn 0.8881 0.3251 0.3251
vn 0.3251 -0.8881 -0.3251
vn 0.3251 -0.3251 -0.8881
vn 0.8881 -0.3251 -0.3251
vn 0.3251 0.8881 -0.3251
vn 0.8881 0.3251 -0.3251
vn 0.3251 0.3251 -0.8881
vn -0.3827 -0.9239 -0.0000
vn -0.9239 -0.3827 -0.0000
vn -0.3827 -0.0000 0.9239
vn -0.9239 -0.0000 0.3827
vn -0.3827 0.9239 -0.0000
vn -0.9239 0.3827 -0.0000
vn -0.3827 -0.0000 -0.9239
vn -0.9239 -0.0000 -0.3827
vn -0.0000 -0.9239 -0.3827
vn -0.0000 -0.3827 -0.9239
vn -0.0000 0.9239 -0.3827
vn -0.0000 0.3827 -0.9239
vn 0.9239 -0.0000 -0.3827
vn 0.3827 -0.0000 -0.9239
vn 0.3827 -0.9239 -0.0000
vn 0.9239 -0.3827 -0.0000
vn 0.3827 0.9239 -0.0000
vn 0.9239 0.3827 -0.0000
vn 0.3827 -0.0000 0.9239
vn 0.9239 -0.0000 0.3827
vn -0.0000 -0.9239 0.3827
vn -0.0000 -0.3827 0.9239
vn -0.0000 0.9239 0.3827
vn -0.0000 0.3827 0.9239
vn -0.0000 -1.0000 -0.0000
vn -1.0000 -0.0000 -0.0000
vn -0.0000 -0.0000 1.0000
vn -0.0000 1.0000 -0.0000
vn -0.0000 -0.0000 -1.0000
vn 1.0000 -0.0000 -0.0000
vt 0.291867 0.014357
vt 0.291867 0.004446
vt 0.297589 0.004446
vt 0.301778 0.014357
vt 0.097581 0.444469
vt 0.097581 0.434558
vt 0.103303 0.434558
vt 0.107492 0.444469
vt 0.716442 0.415756
vt 0.726354 0.415756
vt 0.726354 0.421478
vt 0.716443 0.425667
vt 0.070326 0.444469
vt 0.060415 0.444469
vt 0.060415 0.438747
vt 0.070326 0.434558
vt 0.320581 0.014357
vt 0.310670 0.014357
vt 0.310670 0.008635
vt 0.320581 0.004446
vt 0.689187 0.415756
vt 0.689187 0.425667
vt 0.683465 0.425667
vt 0.679276 0.415756
vt 0.291867 0.415756
vt 0.301778 0.415756
vt 0.301778 0.421478
vt 0.291867 0.425667
vt 0.716443 0.014357
vt 0.716443 0.004446
vt 0.722165 0.004446
vt 0.726354 0.014357
vt 0.041612 0.721980
vt 0.051523 0.721980
vt 0.051523 0.727702
vt 0.041612 0.731891
vt 0.320581 0.415756
vt 0.320581 0.425667
vt 0.314858 0.425667
vt 0.310670 0.415756
vt 0.014357 0.721980
vt 0.014357 0.731891
vt 0.008635 0.731891
vt 0.004446 0.721980
vt 0.689187 0.014357
vt 0.679276 0.014357
vt 0.679276 0.008635
vt 0.689187 0.004446
vt 0.014357 0.014357
vt 0.004446 0.014357
vt 0.004446 0.008635
vt 0.014357 0.004446
vt 0.772412 0.014357
vt 0.772412 0.004446
vt 0.778134 0.004446
vt 0.782323 0.014357
vt 0.097581 0.721980
vt 0.107492 0.721980
vt 0.107492 0.727702
vt 0.097581 0.731891
vt 0.598091 0.014357
vt 0.598091 0.004446
vt 0.603813 0.004446
vt 0.608002 0.014357
vt 0.070326 0.721980
vt 0.070326 0.731891
vt 0.064603 0.731891
vt 0.060415 0.721980
vt 0.745156 0.014357
vt 0.735245 0.014357
vt 0.735245 0.008635
vt 0.745156 0.004446
vt 0.014357 0.415756
vt 0.014357 0.425667
vt 0.008635 0.425667
vt 0.004446 0.415756
vt 0.041612 0.444469
vt 0.041612 0.434558
vt 0.047334 0.434558
vt 0.051523 0.444469
vt 0.772412 0.415756
vt 0.782323 0.415756
vt 0.782323 0.421478
vt 0.772412 0.425667
vt 0.598091 0.415756
vt 0.608002 0.415756
vt 0.608002 0.421478
vt 0.598091 0.425667
vt 0.745156 0.415756
vt 0.745156 0.425667
vt 0.739434 0.425667
vt 0.735245 0.415756
vt 0.014357 0.444469
vt 0.004446 0.444469
vt 0.004446 0.438747
vt 0.014357 0.434558
s 0
usemtl DL2_Hull_Silver
f 2125/3787/1839 2128/3788/1839 2129/3789/1839 2131/3790/1839
f 2126/3791/1840 2130/3792/1840 2129/3793/1840 2128/3794/1840
f 2127/3795/1841 2131/3796/1841 2129/3797/1841 2130/3798/1841
f 2132/3799/1842 2135/3800/1842 2136/3801/1842 2138/3802/1842
f 2133/3803/1843 2137/3804/1843 2136/3805/1843 2135/3806/1843
f 2134/3807/1844 2138/3808/1844 2136/3809/1844 2137/3810/1844
f 2139/3811/1845 2142/3812/1845 2143/3813/1845 2145/3814/1845
f 2140/3815/1846 2144/3816/1846 2143/3817/1846 2142/3818/1846
f 2141/3819/1847 2145/3820/1847 2143/3821/1847 2144/3822/1847
f 2146/3823/1848 2149/3824/1848 2150/3825/1848 2152/3826/1848
f 2147/3827/1849 2151/3828/1849 2150/3829/1849 2149/3830/1849
f 2148/3831/1850 2152/3832/1850 2150/3833/1850 2151/3834/1850
f 2153/3835/1851 2156/3836/1851 2157/3837/1851 2159/3838/1851
f 2154/3839/1852 2158/3840/1852 2157/3841/1852 2156/3842/1852
f 2155/3843/1853 2159/3844/1853 2157/3845/1853 2158/3846/1853
f 2160/3847/1854 2163/3848/1854 2164/3849/1854 2166/3850/1854
f 2161/3851/1855 2165/3852/1855 2164/3853/1855 2163/3854/1855
f 2162/3855/1856 2166/3856/1856 2164/3857/1856 2165/3858/1856
f 2167/3859/1857 2170/3860/1857 2171/3861/1857 2173/3862/1857
f 2168/3863/1858 2172/3864/1858 2171/3865/1858 2170/3866/1858
f 2169/3867/1859 2173/3868/1859 2171/3869/1859 2172/3870/1859
f 2174/3871/1860 2177/3872/1860 2178/3873/1860 2180/3874/1860
f 2175/3875/1861 2179/3876/1861 2178/3877/1861 2177/3878/1861
f 2176/3879/1862 2180/3880/1862 2178/3881/1862 2179/3882/1862
f 2139/3811/1863 2125/3787/1863 2131/3790/1863 2142/3812/1863
f 2142/3818/1864 2131/3796/1864 2127/3795/1864 2140/3815/1864
f 2126/3791/1865 2132/3799/1865 2138/3802/1865 2130/3792/1865
f 2130/3798/1866 2138/3808/1866 2134/3807/1866 2127/3795/1866
f 2133/3803/1867 2146/3823/1867 2152/3826/1867 2137/3804/1867
f 2137/3810/1868 2152/3832/1868 2148/3831/1868 2134/3807/1868
f 2147/3827/1869 2141/3819/1869 2144/3822/1869 2151/3828/1869
f 2151/3834/1870 2144/3816/1870 2140/3815/1870 2148/3831/1870
f 2167/3859/1871 2139/3811/1871 2145/3814/1871 2170/3860/1871
f 2170/3866/1872 2145/3820/1872 2141/3819/1872 2168/3863/1872
f 2146/3823/1873 2174/3871/1873 2180/3874/1873 2149/3824/1873
f 2149/3830/1874 2180/3880/1874 2176/3879/1874 2147/3827/1874
f 2175/3875/1875 2169/3867/1875 2172/3870/1875 2179/3876/1875
f 2179/3882/1876 2172/3864/1876 2168/3863/1876 2176/3879/1876
f 2153/3835/1877 2167/3859/1877 2173/3862/1877 2156/3836/1877
f 2156/3842/1878 2173/3868/1878 2169/3867/1878 2154/3839/1878
f 2174/3871/1879 2160/3847/1879 2166/3850/1879 2177/3872/1879
f 2177/3878/1880 2166/3856/1880 2162/3855/1880 2175/3875/1880
f 2161/3851/1881 2155/3843/1881 2158/3846/1881 2165/3852/1881
f 2165/3858/1882 2158/3840/1882 2154/3839/1882 2162/3855/1882
f 2125/3787/1883 2153/3835/1883 2159/3838/1883 2128/3788/1883
f 2128/3794/1884 2159/3844/1884 2155/3843/1884 2126/3791/1884
f 2160/3847/1885 2133/3803/1885 2135/3806/1885 2163/3848/1885
f 2163/3854/1886 2135/3800/1886 2132/3799/1886 2161/3851/1886
f 2139/3811/1887 2167/3859/1887 2153/3835/1887 2125/3787/1887
f 2127/3795/1888 2134/3807/1888 2148/3831/1888 2140/3815/1888
f 2155/3843/1889 2161/3851/1889 2132/3799/1889 2126/3791/1889
f 2174/3871/1890 2146/3823/1890 2133/3803/1890 2160/3847/1890
f 2141/3819/1891 2147/3827/1891 2176/3879/1891 2168/3863/1891
f 2169/3867/1892 2175/3875/1892 2162/3855/1892 2154/3839/1892
o DL_Spine_Light_4
v -6.770000 5.790000 0.170000
v -6.770000 5.820000 0.200000
v -6.800000 5.820000 0.170000
v -6.770000 5.798787 0.191213
v -6.787321 5.802680 0.187321
v -6.791213 5.820000 0.191213
v -6.791213 5.798787 0.170000
v -6.770000 5.880000 0.200000
v -6.770000 5.910000 0.170000
v -6.800000 5.880000 0.170000
v -6.770000 5.901213 0.191213
v -6.787321 5.897320 0.187321
v -6.791213 5.901213 0.170000
v -6.791213 5.880000 0.191213
v -6.770000 5.790000 -0.170000
v -6.800000 5.820000 -0.170000
v -6.770000 5.820000 -0.200000
v -6.791213 5.798787 -0.170000
v -6.787321 5.802680 -0.187321
v -6.791213 5.820000 -0.191213
v -6.770000 5.798787 -0.191213
v -6.770000 5.910000 -0.170000
v -6.770000 5.880000 -0.200000
v -6.800000 5.880000 -0.170000
v -6.770000 5.901213 -0.191213
v -6.787321 5.897320 -0.187321
v -6.791213 5.880000 -0.191213
v -6.791213 5.901213 -0.170000
v -3.230000 5.790000 0.170000
v -3.200000 5.820000 0.170000
v -3.230000 5.820000 0.200000
v -3.208787 5.798787 0.170000
v -3.212679 5.802680 0.187321
v -3.208787 5.820000 0.191213
v -3.230000 5.798787 0.191213
v -3.230000 5.910000 0.170000
v -3.230000 5.880000 0.200000
v -3.200000 5.880000 0.170000
v -3.230000 5.901213 0.191213
v -3.212679 5.897320 0.187321
v -3.208787 5.880000 0.191213
v -3.208787 5.901213 0.170000
v -3.230000 5.790000 -0.170000
v -3.230000 5.820000 -0.200000
v -3.200000 5.820000 -0.170000
v -3.230000 5.798787 -0.191213
v -3.212679 5.802680 -0.187321
v -3.208787 5.820000 -0.191213
v -3.208787 5.798787 -0.170000
v -3.230000 5.910000 -0.170000
v -3.200000 5.880000 -0.170000
v -3.230000 5.880000 -0.200000
v -3.208787 5.901213 -0.170000
v -3.212679 5.897320 -0.187321
v -3.208787 5.880000 -0.191213
v -3.230000 5.901213 -0.191213
vn -0.3251 -0.8881 0.3251
vn -0.3251 -0.3251 0.8881
vn -0.8881 -0.3251 0.3251
vn -0.3251 0.3251 0.8881
vn -0.3251 0.8881 0.3251
vn -0.8881 0.3251 0.3251
vn -0.3251 -0.8881 -0.3251
vn -0.8881 -0.3251 -0.3251
vn -0.3251 -0.3251 -0.8881
vn -0.3251 0.8881 -0.3251
vn -0.3251 0.3251 -0.8881
vn -0.8881 0.3251 -0.3251
vn 0.3251 -0.8881 0.3251
vn 0.8881 -0.3251 0.3251
vn 0.3251 -0.3251 0.8881
vn 0.3251 0.8881 0.3251
vn 0.3251 0.3251 0.8881
vn 0.8881 0.3251 0.3251
vn 0.3251 -0.8881 -0.3251
vn 0.3251 -0.3251 -0.8881
vn 0.8881 -0.3251 -0.3251
vn 0.3251 0.8881 -0.3251
vn 0.8881 0.3251 -0.3251
vn 0.3251 0.3251 -0.8881
vn -0.3827 -0.9239 -0.0000
vn -0.9239 -0.3827 -0.0000
vn -0.3827 -0.0000 0.9239
vn -0.9239 -0.0000 0.3827
vn -0.3827 0.9239 -0.0000
vn -0.9239 0.3827 -0.0000
vn -0.3827 -0.0000 -0.9239
vn -0.9239 -0.0000 -0.3827
vn -0.0000 -0.9239 -0.3827
vn -0.0000 -0.3827 -0.9239
vn -0.0000 0.9239 -0.3827
vn -0.0000 0.3827 -0.9239
vn 0.9239 -0.0000 -0.3827
vn 0.3827 -0.0000 -0.9239
vn 0.3827 -0.9239 -0.0000
vn 0.9239 -0.3827 -0.0000
vn 0.3827 0.9239 -0.0000
vn 0.9239 0.3827 -0.0000
vn 0.3827 -0.0000 0.9239
vn 0.9239 -0.0000 0.3827
vn -0.0000 -0.9239 0.3827
vn -0.0000 -0.3827 0.9239
vn -0.0000 0.9239 0.3827
vn -0.0000 0.3827 0.9239
vn -0.0000 -1.0000 -0.0000
vn -1.0000 -0.0000 -0.0000
vn -0.0000 -0.0000 1.0000
vn -0.0000 1.0000 -0.0000
vn -0.0000 -0.0000 -1.0000
vn 1.0000 -0.0000 -0.0000
vt 0.089884 0.003901
vt 0.088017 0.003901
vt 0.088017 0.002823
vt 0.089884 0.002033
vt 0.093619 0.688356
vt 0.093619 0.686489
vt 0.094697 0.686489
vt 0.095486 0.688356
vt 0.093619 0.990622
vt 0.095486 0.990622
vt 0.095486 0.991701
vt 0.093619 0.992490
vt 0.089884 0.688356
vt 0.088017 0.688356
vt 0.088017 0.687278
vt 0.089884 0.686489
vt 0.089884 0.452403
vt 0.089884 0.454270
vt 0.088806 0.454270
vt 0.088017 0.452403
vt 0.089884 0.990622
vt 0.089884 0.992490
vt 0.088806 0.992490
vt 0.088017 0.990622
vt 0.111047 0.003901
vt 0.111047 0.002033
vt 0.112126 0.002033
vt 0.112915 0.003901
vt 0.093619 0.969459
vt 0.093619 0.967591
vt 0.094697 0.967591
vt 0.095486 0.969459
vt 0.093619 0.680555
vt 0.095486 0.680555
vt 0.095486 0.681633
vt 0.093619 0.682422
vt 0.111047 0.452403
vt 0.112915 0.452403
vt 0.112915 0.453481
vt 0.111047 0.454270
vt 0.089884 0.680555
vt 0.089884 0.682422
vt 0.088806 0.682422
vt 0.088017 0.680555
vt 0.089884 0.969459
vt 0.088017 0.969459
vt 0.088017 0.968381
vt 0.089884 0.967591
vt 0.089884 0.224251
vt 0.089884 0.226118
vt 0.088806 0.226118
vt 0.088017 0.224251
vt 0.122584 0.003901
vt 0.122584 0.002033
vt 0.123662 0.002033
vt 0.124451 0.003901
vt 0.093619 0.908706
vt 0.095486 0.908706
vt 0.095486 0.909785
vt 0.093619 0.910574
vt 0.089884 0.232053
vt 0.088017 0.232053
vt 0.088017 0.230974
vt 0.089884 0.230185
vt 0.089884 0.908706
vt 0.089884 0.910574
vt 0.088806 0.910574
vt 0.088016 0.908706
vt 0.118849 0.003901
vt 0.116982 0.003901
vt 0.116982 0.002823
vt 0.118849 0.002033
vt 0.111047 0.224251
vt 0.112915 0.224251
vt 0.112915 0.225329
vt 0.111047 0.226118
vt 0.093619 0.460204
vt 0.093619 0.458337
vt 0.094697 0.458337
vt 0.095486 0.460204
vt 0.122584 0.025064
vt 0.124451 0.025064
vt 0.124451 0.026143
vt 0.122584 0.026932
vt 0.111047 0.232053
vt 0.111047 0.230185
vt 0.112126 0.230185
vt 0.112915 0.232053
vt 0.118849 0.025064
vt 0.118849 0.026932
vt 0.117771 0.026932
vt 0.116982 0.025064
vt 0.089884 0.460204
vt 0.088017 0.460204
vt 0.088017 0.459126
vt 0.089884 0.458337
s 0
usemtl DL2_IceBlue
f 2181/3883/1893 2184/3884/1893 2185/3885/1893 2187/3886/1893
f 2182/3887/1894 2186/3888/1894 2185/3889/1894 2184/3890/1894
f 2183/3891/1895 2187/3892/1895 2185/3893/1895 2186/3894/1895
f 2188/3895/1896 2191/3896/1896 2192/3897/1896 2194/3898/1896
f 2189/3899/1897 2193/3900/1897 2192/3901/1897 2191/3902/1897
f 2190/3903/1898 2194/3904/1898 2192/3905/1898 2193/3906/1898
f 2195/3907/1899 2198/3908/1899 2199/3909/1899 2201/3910/1899
f 2196/3911/1900 2200/3912/1900 2199/3913/1900 2198/3914/1900
f 2197/3915/1901 2201/3916/1901 2199/3917/1901 2200/3918/1901
f 2202/3919/1902 2205/3920/1902 2206/3921/1902 2208/3922/1902
f 2203/3923/1903 2207/3924/1903 2206/3925/1903 2205/3926/1903
f 2204/3927/1904 2208/3928/1904 2206/3929/1904 2207/3930/1904
f 2209/3931/1905 2212/3932/1905 2213/3933/1905 2215/3934/1905
f 2210/3935/1906 2214/3936/1906 2213/3937/1906 2212/3938/1906
f 2211/3939/1907 2215/3940/1907 2213/3941/1907 2214/3942/1907
f 2216/3943/1908 2219/3944/1908 2220/3945/1908 2222/3946/1908
f 2217/3947/1909 2221/3948/1909 2220/3949/1909 2219/3950/1909
f 2218/3951/1910 2222/3952/1910 2220/3953/1910 2221/3954/1910
f 2223/3955/1911 2226/3956/1911 2227/3957/1911 2229/3958/1911
f 2224/3959/1912 2228/3960/1912 2227/3961/1912 2226/3962/1912
f 2225/3963/1913 2229/3964/1913 2227/3965/1913 2228/3966/1913
f 2230/3967/1914 2233/3968/1914 2234/3969/1914 2236/3970/1914
f 2231/3971/1915 2235/3972/1915 2234/3973/1915 2233/3974/1915
f 2232/3975/1916 2236/3976/1916 2234/3977/1916 2235/3978/1916
f 2195/3907/1917 2181/3883/1917 2187/3886/1917 2198/3908/1917
f 2198/3914/1918 2187/3892/1918 2183/3891/1918 2196/3911/1918
f 2182/3887/1919 2188/3895/1919 2194/3898/1919 2186/3888/1919
f 2186/3894/1920 2194/3904/1920 2190/3903/1920 2183/3891/1920
f 2189/3899/1921 2202/3919/1921 2208/3922/1921 2193/3900/1921
f 2193/3906/1922 2208/3928/1922 2204/3927/1922 2190/3903/1922
f 2203/3923/1923 2197/3915/1923 2200/3918/1923 2207/3924/1923
f 2207/3930/1924 2200/3912/1924 2196/3911/1924 2204/3927/1924
f 2223/3955/1925 2195/3907/1925 2201/3910/1925 2226/3956/1925
f 2226/3962/1926 2201/3916/1926 2197/3915/1926 2224/3959/1926
f 2202/3919/1927 2230/3967/1927 2236/3970/1927 2205/3920/1927
f 2205/3926/1928 2236/3976/1928 2232/3975/1928 2203/3923/1928
f 2231/3971/1929 2225/3963/1929 2228/3966/1929 2235/3972/1929
f 2235/3978/1930 2228/3960/1930 2224/3959/1930 2232/3975/1930
f 2209/3931/1931 2223/3955/1931 2229/3958/1931 2212/3932/1931
f 2212/3938/1932 2229/3964/1932 2225/3963/1932 2210/3935/1932
f 2230/3967/1933 2216/3943/1933 2222/3946/1933 2233/3968/1933
f 2233/3974/1934 2222/3952/1934 2218/3951/1934 2231/3971/1934
f 2217/3947/1935 2211/3939/1935 2214/3942/1935 2221/3948/1935
f 2221/3954/1936 2214/3936/1936 2210/3935/1936 2218/3951/1936
f 2181/3883/1937 2209/3931/1937 2215/3934/1937 2184/3884/1937
f 2184/3890/1938 2215/3940/1938 2211/3939/1938 2182/3887/1938
f 2216/3943/1939 2189/3899/1939 2191/3902/1939 2219/3944/1939
f 2219/3950/1940 2191/3896/1940 2188/3895/1940 2217/3947/1940
f 2195/3907/1941 2223/3955/1941 2209/3931/1941 2181/3883/1941
f 2183/3891/1942 2190/3903/1942 2204/3927/1942 2196/3911/1942
f 2211/3939/1943 2217/3947/1943 2188/3895/1943 2182/3887/1943
f 2230/3967/1944 2202/3919/1944 2189/3899/1944 2216/3943/1944
f 2197/3915/1945 2203/3923/1945 2232/3975/1945 2224/3959/1945
f 2225/3963/1946 2231/3971/1946 2218/3951/1946 2210/3935/1946
o DL_Spine_Armor_5
v -13.240000 5.020000 3.240000
v -13.240000 5.180000 3.400000
v -13.400000 5.180000 3.240000
v -13.240000 5.066863 3.353137
v -13.332376 5.087624 3.332376
v -13.353137 5.180000 3.353137
v -13.353137 5.066863 3.240000
v -13.240000 5.620000 3.400000
v -13.240000 5.780000 3.240000
v -13.400000 5.620000 3.240000
v -13.240000 5.733137 3.353137
v -13.332376 5.712376 3.332376
v -13.353137 5.733137 3.240000
v -13.353137 5.620000 3.353137
v -13.240000 5.020000 -3.240000
v -13.400000 5.180000 -3.240000
v -13.240000 5.180000 -3.400000
v -13.353137 5.066863 -3.240000
v -13.332376 5.087624 -3.332376
v -13.353137 5.180000 -3.353137
v -13.240000 5.066863 -3.353137
v -13.240000 5.780000 -3.240000
v -13.240000 5.620000 -3.400000
v -13.400000 5.620000 -3.240000
v -13.240000 5.733137 -3.353137
v -13.332376 5.712376 -3.332376
v -13.353137 5.620000 -3.353137
v -13.353137 5.733137 -3.240000
v -8.760000 5.020000 3.240000
v -8.600000 5.180000 3.240000
v -8.760000 5.180000 3.400000
v -8.646863 5.066863 3.240000
v -8.667624 5.087624 3.332376
v -8.646863 5.180000 3.353137
v -8.760000 5.066863 3.353137
v -8.760000 5.780000 3.240000
v -8.760000 5.620000 3.400000
v -8.600000 5.620000 3.240000
v -8.760000 5.733137 3.353137
v -8.667624 5.712376 3.332376
v -8.646863 5.620000 3.353137
v -8.646863 5.733137 3.240000
v -8.760000 5.020000 -3.240000
v -8.760000 5.180000 -3.400000
v -8.600000 5.180000 -3.240000
v -8.760000 5.066863 -3.353137
v -8.667624 5.087624 -3.332376
v -8.646863 5.180000 -3.353137
v -8.646863 5.066863 -3.240000
v -8.760000 5.780000 -3.240000
v -8.600000 5.620000 -3.240000
v -8.760000 5.620000 -3.400000
v -8.646863 5.733137 -3.240000
v -8.667624 5.712376 -3.332376
v -8.646863 5.620000 -3.353137
v -8.760000 5.733137 -3.353137
vn -0.3251 -0.8881 0.3251
vn -0.3251 -0.3251 0.8881
vn -0.8881 -0.3251 0.3251
vn -0.3251 0.3251 0.8881
vn -0.3251 0.8881 0.3251
vn -0.8881 0.3251 0.3251
vn -0.3251 -0.8881 -0.3251
vn -0.8881 -0.3251 -0.3251
vn -0.3251 -0.3251 -0.8881
vn -0.3251 0.8881 -0.3251
vn -0.3251 0.3251 -0.8881
vn -0.8881 0.3251 -0.3251
vn 0.3251 -0.8881 0.3251
vn 0.8881 -0.3251 0.3251
vn 0.3251 -0.3251 0.8881
vn 0.3251 0.8881 0.3251
vn 0.3251 0.3251 0.8881
vn 0.8881 0.3251 0.3251
vn 0.3251 -0.8881 -0.3251
vn 0.3251 -0.3251 -0.8881
vn 0.8881 -0.3251 -0.3251
vn 0.3251 0.8881 -0.3251
vn 0.8881 0.3251 -0.3251
vn 0.3251 0.3251 -0.8881
vn -0.3827 -0.9239 -0.0000
vn -0.9239 -0.3827 -0.0000
vn -0.3827 -0.0000 0.9239
vn -0.9239 -0.0000 0.3827
vn -0.3827 0.9239 -0.0000
vn -0.9239 0.3827 -0.0000
vn -0.3827 -0.0000 -0.9239
vn -0.9239 -0.0000 -0.3827
vn -0.0000 -0.9239 -0.3827
vn -0.0000 -0.3827 -0.9239
vn -0.0000 0.9239 -0.3827
vn -0.0000 0.3827 -0.9239
vn 0.9239 -0.0000 -0.3827
vn 0.3827 -0.0000 -0.9239
vn 0.3827 -0.9239 -0.0000
vn 0.9239 -0.3827 -0.0000
vn 0.3827 0.9239 -0.0000
vn 0.9239 0.3827 -0.0000
vn 0.3827 -0.0000 0.9239
vn 0.9239 -0.0000 0.3827
vn -0.0000 -0.9239 0.3827
vn -0.0000 -0.3827 0.9239
vn -0.0000 0.9239 0.3827
vn -0.0000 0.3827 0.9239
vn -0.0000 -1.0000 -0.0000
vn -1.0000 -0.0000 -0.0000
vn -0.0000 -0.0000 1.0000
vn -0.0000 1.0000 -0.0000
vn -0.0000 -0.0000 -1.0000
vn 1.0000 -0.0000 -0.0000
vt 0.291867 0.014357
vt 0.291867 0.004446
vt 0.297589 0.004446
vt 0.301778 0.014357
vt 0.097581 0.444469
vt 0.097581 0.434558
vt 0.103303 0.434558
vt 0.107492 0.444469
vt 0.716442 0.415756
vt 0.726354 0.415756
vt 0.726354 0.421478
vt 0.716443 0.425667
vt 0.070326 0.444469
vt 0.060415 0.444469
vt 0.060415 0.438747
vt 0.070326 0.434558
vt 0.320581 0.014357
vt 0.310670 0.014357
vt 0.310670 0.008635
vt 0.320581 0.004446
vt 0.689187 0.415756
vt 0.689187 0.425667
vt 0.683465 0.425667
vt 0.679276 0.415756
vt 0.291867 0.415756
vt 0.301778 0.415756
vt 0.301778 0.421478
vt 0.291867 0.425667
vt 0.716443 0.014357
vt 0.716443 0.004446
vt 0.722165 0.004446
vt 0.726354 0.014357
vt 0.041612 0.721980
vt 0.051523 0.721980
vt 0.051523 0.727702
vt 0.041612 0.731891
vt 0.320581 0.415756
vt 0.320581 0.425667
vt 0.314858 0.425667
vt 0.310670 0.415756
vt 0.014357 0.721980
vt 0.014357 0.731891
vt 0.008635 0.731891
vt 0.004446 0.721980
vt 0.689187 0.014357
vt 0.679276 0.014357
vt 0.679276 0.008635
vt 0.689187 0.004446
vt 0.014357 0.014357
vt 0.004446 0.014357
vt 0.004446 0.008635
vt 0.014357 0.004446
vt 0.772412 0.014357
vt 0.772412 0.004446
vt 0.778134 0.004446
vt 0.782323 0.014357
vt 0.097581 0.721980
vt 0.107492 0.721980
vt 0.107492 0.727702
vt 0.097581 0.731891
vt 0.598091 0.014357
vt 0.598091 0.004446
vt 0.603813 0.004446
vt 0.608002 0.014357
vt 0.070326 0.721980
vt 0.070326 0.731891
vt 0.064603 0.731891
vt 0.060415 0.721980
vt 0.745156 0.014357
vt 0.735245 0.014357
vt 0.735245 0.008635
vt 0.745156 0.004446
vt 0.014357 0.415756
vt 0.014357 0.425667
vt 0.008635 0.425667
vt 0.004446 0.415756
vt 0.041612 0.444469
vt 0.041612 0.434558
vt 0.047334 0.434558
vt 0.051523 0.444469
vt 0.772412 0.415756
vt 0.782323 0.415756
vt 0.782323 0.421478
vt 0.772412 0.425667
vt 0.598091 0.415756
vt 0.608002 0.415756
vt 0.608002 0.421478
vt 0.598091 0.425667
vt 0.745156 0.415756
vt 0.745156 0.425667
vt 0.739434 0.425667
vt 0.735245 0.415756
vt 0.014357 0.444469
vt 0.004446 0.444469
vt 0.004446 0.438747
vt 0.014357 0.434558
s 0
usemtl DL2_Hull_Silver
f 2237/3979/1947 2240/3980/1947 2241/3981/1947 2243/3982/1947
f 2238/3983/1948 2242/3984/1948 2241/3985/1948 2240/3986/1948
f 2239/3987/1949 2243/3988/1949 2241/3989/1949 2242/3990/1949
f 2244/3991/1950 2247/3992/1950 2248/3993/1950 2250/3994/1950
f 2245/3995/1951 2249/3996/1951 2248/3997/1951 2247/3998/1951
f 2246/3999/1952 2250/4000/1952 2248/4001/1952 2249/4002/1952
f 2251/4003/1953 2254/4004/1953 2255/4005/1953 2257/4006/1953
f 2252/4007/1954 2256/4008/1954 2255/4009/1954 2254/4010/1954
f 2253/4011/1955 2257/4012/1955 2255/4013/1955 2256/4014/1955
f 2258/4015/1956 2261/4016/1956 2262/4017/1956 2264/4018/1956
f 2259/4019/1957 2263/4020/1957 2262/4021/1957 2261/4022/1957
f 2260/4023/1958 2264/4024/1958 2262/4025/1958 2263/4026/1958
f 2265/4027/1959 2268/4028/1959 2269/4029/1959 2271/4030/1959
f 2266/4031/1960 2270/4032/1960 2269/4033/1960 2268/4034/1960
f 2267/4035/1961 2271/4036/1961 2269/4037/1961 2270/4038/1961
f 2272/4039/1962 2275/4040/1962 2276/4041/1962 2278/4042/1962
f 2273/4043/1963 2277/4044/1963 2276/4045/1963 2275/4046/1963
f 2274/4047/1964 2278/4048/1964 2276/4049/1964 2277/4050/1964
f 2279/4051/1965 2282/4052/1965 2283/4053/1965 2285/4054/1965
f 2280/4055/1966 2284/4056/1966 2283/4057/1966 2282/4058/1966
f 2281/4059/1967 2285/4060/1967 2283/4061/1967 2284/4062/1967
f 2286/4063/1968 2289/4064/1968 2290/4065/1968 2292/4066/1968
f 2287/4067/1969 2291/4068/1969 2290/4069/1969 2289/4070/1969
f 2288/4071/1970 2292/4072/1970 2290/4073/1970 2291/4074/1970
f 2251/4003/1971 2237/3979/1971 2243/3982/1971 2254/4004/1971
f 2254/4010/1972 2243/3988/1972 2239/3987/1972 2252/4007/1972
f 2238/3983/1973 2244/3991/1973 2250/3994/1973 2242/3984/1973
f 2242/3990/1974 2250/4000/1974 2246/3999/1974 2239/3987/1974
f 2245/3995/1975 2258/4015/1975 2264/4018/1975 2249/3996/1975
f 2249/4002/1976 2264/4024/1976 2260/4023/1976 2246/3999/1976
f 2259/4019/1977 2253/4011/1977 2256/4014/1977 2263/4020/1977
f 2263/4026/1978 2256/4008/1978 2252/4007/1978 2260/4023/1978
f 2279/4051/1979 2251/4003/1979 2257/4006/1979 2282/4052/1979
f 2282/4058/1980 2257/4012/1980 2253/4011/1980 2280/4055/1980
f 2258/4015/1981 2286/4063/1981 2292/4066/1981 2261/4016/1981
f 2261/4022/1982 2292/4072/1982 2288/4071/1982 2259/4019/1982
f 2287/4067/1983 2281/4059/1983 2284/4062/1983 2291/4068/1983
f 2291/4074/1984 2284/4056/1984 2280/4055/1984 2288/4071/1984
f 2265/4027/1985 2279/4051/1985 2285/4054/1985 2268/4028/1985
f 2268/4034/1986 2285/4060/1986 2281/4059/1986 2266/4031/1986
f 2286/4063/1987 2272/4039/1987 2278/4042/1987 2289/4064/1987
f 2289/4070/1988 2278/4048/1988 2274/4047/1988 2287/4067/1988
f 2273/4043/1989 2267/4035/1989 2270/4038/1989 2277/4044/1989
f 2277/4050/1990 2270/4032/1990 2266/4031/1990 2274/4047/1990
f 2237/3979/1991 2265/4027/1991 2271/4030/1991 2240/3980/1991
f 2240/3986/1992 2271/4036/1992 2267/4035/1992 2238/3983/1992
f 2272/4039/1993 2245/3995/1993 2247/3998/1993 2275/4040/1993
f 2275/4046/1994 2247/3992/1994 2244/3991/1994 2273/4043/1994
f 2251/4003/1995 2279/4051/1995 2265/4027/1995 2237/3979/1995
f 2239/3987/1996 2246/3999/1996 2260/4023/1996 2252/4007/1996
f 2267/4035/1997 2273/4043/1997 2244/3991/1997 2238/3983/1997
f 2286/4063/1998 2258/4015/1998 2245/3995/1998 2272/4039/1998
f 2253/4011/1999 2259/4019/1999 2288/4071/1999 2280/4055/1999
f 2281/4059/2000 2287/4067/2000 2274/4047/2000 2266/4031/2000
o DL_Spine_Light_5
v -12.770000 5.790000 0.170000
v -12.770000 5.820000 0.200000
v -12.800000 5.820000 0.170000
v -12.770000 5.798787 0.191213
v -12.787321 5.802680 0.187321
v -12.791213 5.820000 0.191213
v -12.791213 5.798787 0.170000
v -12.770000 5.880000 0.200000
v -12.770000 5.910000 0.170000
v -12.800000 5.880000 0.170000
v -12.770000 5.901213 0.191213
v -12.787321 5.897320 0.187321
v -12.791213 5.901213 0.170000
v -12.791213 5.880000 0.191213
v -12.770000 5.790000 -0.170000
v -12.800000 5.820000 -0.170000
v -12.770000 5.820000 -0.200000
v -12.791213 5.798787 -0.170000
v -12.787321 5.802680 -0.187321
v -12.791213 5.820000 -0.191213
v -12.770000 5.798787 -0.191213
v -12.770000 5.910000 -0.170000
v -12.770000 5.880000 -0.200000
v -12.800000 5.880000 -0.170000
v -12.770000 5.901213 -0.191213
v -12.787321 5.897320 -0.187321
v -12.791213 5.880000 -0.191213
v -12.791213 5.901213 -0.170000
v -9.230000 5.790000 0.170000
v -9.200000 5.820000 0.170000
v -9.230000 5.820000 0.200000
v -9.208787 5.798787 0.170000
v -9.212679 5.802680 0.187321
v -9.208787 5.820000 0.191213
v -9.230000 5.798787 0.191213
v -9.230000 5.910000 0.170000
v -9.230000 5.880000 0.200000
v -9.200000 5.880000 0.170000
v -9.230000 5.901213 0.191213
v -9.212679 5.897320 0.187321
v -9.208787 5.880000 0.191213
v -9.208787 5.901213 0.170000
v -9.230000 5.790000 -0.170000
v -9.230000 5.820000 -0.200000
v -9.200000 5.820000 -0.170000
v -9.230000 5.798787 -0.191213
v -9.212679 5.802680 -0.187321
v -9.208787 5.820000 -0.191213
v -9.208787 5.798787 -0.170000
v -9.230000 5.910000 -0.170000
v -9.200000 5.880000 -0.170000
v -9.230000 5.880000 -0.200000
v -9.208787 5.901213 -0.170000
v -9.212679 5.897320 -0.187321
v -9.208787 5.880000 -0.191213
v -9.230000 5.901213 -0.191213
vn -0.3251 -0.8881 0.3251
vn -0.3251 -0.3251 0.8881
vn -0.8881 -0.3251 0.3251
vn -0.3251 0.3251 0.8881
vn -0.3251 0.8881 0.3251
vn -0.8881 0.3251 0.3251
vn -0.3251 -0.8881 -0.3251
vn -0.8881 -0.3251 -0.3251
vn -0.3251 -0.3251 -0.8881
vn -0.3251 0.8881 -0.3251
vn -0.3251 0.3251 -0.8881
vn -0.8881 0.3251 -0.3251
vn 0.3251 -0.8881 0.3251
vn 0.8881 -0.3251 0.3251
vn 0.3251 -0.3251 0.8881
vn 0.3251 0.8881 0.3251
vn 0.3251 0.3251 0.8881
vn 0.8881 0.3251 0.3251
vn 0.3251 -0.8881 -0.3251
vn 0.3251 -0.3251 -0.8881
vn 0.8881 -0.3251 -0.3251
vn 0.3251 0.8881 -0.3251
vn 0.8881 0.3251 -0.3251
vn 0.3251 0.3251 -0.8881
vn -0.3827 -0.9239 -0.0000
vn -0.9239 -0.3827 -0.0000
vn -0.3827 -0.0000 0.9239
vn -0.9239 -0.0000 0.3827
vn -0.3827 0.9239 -0.0000
vn -0.9239 0.3827 -0.0000
vn -0.3827 -0.0000 -0.9239
vn -0.9239 -0.0000 -0.3827
vn -0.0000 -0.9239 -0.3827
vn -0.0000 -0.3827 -0.9239
vn -0.0000 0.9239 -0.3827
vn -0.0000 0.3827 -0.9239
vn 0.9239 -0.0000 -0.3827
vn 0.3827 -0.0000 -0.9239
vn 0.3827 -0.9239 -0.0000
vn 0.9239 -0.3827 -0.0000
vn 0.3827 0.9239 -0.0000
vn 0.9239 0.3827 -0.0000
vn 0.3827 -0.0000 0.9239
vn 0.9239 -0.0000 0.3827
vn -0.0000 -0.9239 0.3827
vn -0.0000 -0.3827 0.9239
vn -0.0000 0.9239 0.3827
vn -0.0000 0.3827 0.9239
vn -0.0000 -1.0000 -0.0000
vn -1.0000 -0.0000 -0.0000
vn -0.0000 -0.0000 1.0000
vn -0.0000 1.0000 -0.0000
vn -0.0000 -0.0000 -1.0000
vn 1.0000 -0.0000 -0.0000
vt 0.089884 0.003901
vt 0.088017 0.003901
vt 0.088017 0.002823
vt 0.089884 0.002033
vt 0.093619 0.688356
vt 0.093619 0.686489
vt 0.094697 0.686489
vt 0.095486 0.688356
vt 0.093619 0.990622
vt 0.095486 0.990622
vt 0.095486 0.991701
vt 0.093619 0.992490
vt 0.089884 0.688356
vt 0.088017 0.688356
vt 0.088017 0.687278
vt 0.089884 0.686489
vt 0.089884 0.452403
vt 0.089884 0.454270
vt 0.088806 0.454270
vt 0.088017 0.452403
vt 0.089884 0.990622
vt 0.089884 0.992490
vt 0.088806 0.992490
vt 0.088017 0.990622
vt 0.111047 0.003901
vt 0.111047 0.002033
vt 0.112126 0.002033
vt 0.112915 0.003901
vt 0.093619 0.969459
vt 0.093619 0.967591
vt 0.094697 0.967591
vt 0.095486 0.969459
vt 0.093619 0.680555
vt 0.095486 0.680555
vt 0.095486 0.681633
vt 0.093619 0.682422
vt 0.111047 0.452403
vt 0.112915 0.452403
vt 0.112915 0.453481
vt 0.111047 0.454270
vt 0.089884 0.680555
vt 0.089884 0.682422
vt 0.088806 0.682422
vt 0.088017 0.680555
vt 0.089884 0.969459
vt 0.088017 0.969459
vt 0.088017 0.968381
vt 0.089884 0.967591
vt 0.089884 0.224251
vt 0.089884 0.226118
vt 0.088806 0.226118
vt 0.088017 0.224251
vt 0.122584 0.003901
vt 0.122584 0.002033
vt 0.123662 0.002033
vt 0.124451 0.003901
vt 0.093619 0.908706
vt 0.095486 0.908706
vt 0.095486 0.909785
vt 0.093619 0.910574
vt 0.089884 0.232053
vt 0.088017 0.232053
vt 0.088017 0.230974
vt 0.089884 0.230185
vt 0.089884 0.908706
vt 0.089884 0.910574
vt 0.088806 0.910574
vt 0.088016 0.908706
vt 0.118849 0.003901
vt 0.116982 0.003901
vt 0.116982 0.002823
vt 0.118849 0.002033
vt 0.111047 0.224251
vt 0.112915 0.224251
vt 0.112915 0.225329
vt 0.111047 0.226118
vt 0.093619 0.460204
vt 0.093619 0.458337
vt 0.094697 0.458337
vt 0.095486 0.460204
vt 0.122584 0.025064
vt 0.124451 0.025064
vt 0.124451 0.026143
vt 0.122584 0.026932
vt 0.111047 0.232053
vt 0.111047 0.230185
vt 0.112126 0.230185
vt 0.112915 0.232053
vt 0.118849 0.025064
vt 0.118849 0.026932
vt 0.117771 0.026932
vt 0.116982 0.025064
vt 0.089884 0.460204
vt 0.088017 0.460204
vt 0.088017 0.459126
vt 0.089884 0.458337
s 0
usemtl DL2_IceBlue
f 2293/4075/2001 2296/4076/2001 2297/4077/2001 2299/4078/2001
f 2294/4079/2002 2298/4080/2002 2297/4081/2002 2296/4082/2002
f 2295/4083/2003 2299/4084/2003 2297/4085/2003 2298/4086/2003
f 2300/4087/2004 2303/4088/2004 2304/4089/2004 2306/4090/2004
f 2301/4091/2005 2305/4092/2005 2304/4093/2005 2303/4094/2005
f 2302/4095/2006 2306/4096/2006 2304/4097/2006 2305/4098/2006
f 2307/4099/2007 2310/4100/2007 2311/4101/2007 2313/4102/2007
f 2308/4103/2008 2312/4104/2008 2311/4105/2008 2310/4106/2008
f 2309/4107/2009 2313/4108/2009 2311/4109/2009 2312/4110/2009
f 2314/4111/2010 2317/4112/2010 2318/4113/2010 2320/4114/2010
f 2315/4115/2011 2319/4116/2011 2318/4117/2011 2317/4118/2011
f 2316/4119/2012 2320/4120/2012 2318/4121/2012 2319/4122/2012
f 2321/4123/2013 2324/4124/2013 2325/4125/2013 2327/4126/2013
f 2322/4127/2014 2326/4128/2014 2325/4129/2014 2324/4130/2014
f 2323/4131/2015 2327/4132/2015 2325/4133/2015 2326/4134/2015
f 2328/4135/2016 2331/4136/2016 2332/4137/2016 2334/4138/2016
f 2329/4139/2017 2333/4140/2017 2332/4141/2017 2331/4142/2017
f 2330/4143/2018 2334/4144/2018 2332/4145/2018 2333/4146/2018
f 2335/4147/2019 2338/4148/2019 2339/4149/2019 2341/4150/2019
f 2336/4151/2020 2340/4152/2020 2339/4153/2020 2338/4154/2020
f 2337/4155/2021 2341/4156/2021 2339/4157/2021 2340/4158/2021
f 2342/4159/2022 2345/4160/2022 2346/4161/2022 2348/4162/2022
f 2343/4163/2023 2347/4164/2023 2346/4165/2023 2345/4166/2023
f 2344/4167/2024 2348/4168/2024 2346/4169/2024 2347/4170/2024
f 2307/4099/2025 2293/4075/2025 2299/4078/2025 2310/4100/2025
f 2310/4106/2026 2299/4084/2026 2295/4083/2026 2308/4103/2026
f 2294/4079/2027 2300/4087/2027 2306/4090/2027 2298/4080/2027
f 2298/4086/2028 2306/4096/2028 2302/4095/2028 2295/4083/2028
f 2301/4091/2029 2314/4111/2029 2320/4114/2029 2305/4092/2029
f 2305/4098/2030 2320/4120/2030 2316/4119/2030 2302/4095/2030
f 2315/4115/2031 2309/4107/2031 2312/4110/2031 2319/4116/2031
f 2319/4122/2032 2312/4104/2032 2308/4103/2032 2316/4119/2032
f 2335/4147/2033 2307/4099/2033 2313/4102/2033 2338/4148/2033
f 2338/4154/2034 2313/4108/2034 2309/4107/2034 2336/4151/2034
f 2314/4111/2035 2342/4159/2035 2348/4162/2035 2317/4112/2035
f 2317/4118/2036 2348/4168/2036 2344/4167/2036 2315/4115/2036
f 2343/4163/2037 2337/4155/2037 2340/4158/2037 2347/4164/2037
f 2347/4170/2038 2340/4152/2038 2336/4151/2038 2344/4167/2038
f 2321/4123/2039 2335/4147/2039 2341/4150/2039 2324/4124/2039
f 2324/4130/2040 2341/4156/2040 2337/4155/2040 2322/4127/2040
f 2342/4159/2041 2328/4135/2041 2334/4138/2041 2345/4160/2041
f 2345/4166/2042 2334/4144/2042 2330/4143/2042 2343/4163/2042
f 2329/4139/2043 2323/4131/2043 2326/4134/2043 2333/4140/2043
f 2333/4146/2044 2326/4128/2044 2322/4127/2044 2330/4143/2044
f 2293/4075/2045 2321/4123/2045 2327/4126/2045 2296/4076/2045
f 2296/4082/2046 2327/4132/2046 2323/4131/2046 2294/4079/2046
f 2328/4135/2047 2301/4091/2047 2303/4094/2047 2331/4136/2047
f 2331/4142/2048 2303/4088/2048 2300/4087/2048 2329/4139/2048
f 2307/4099/2049 2335/4147/2049 2321/4123/2049 2293/4075/2049
f 2295/4083/2050 2302/4095/2050 2316/4119/2050 2308/4103/2050
f 2323/4131/2051 2329/4139/2051 2300/4087/2051 2294/4079/2051
f 2342/4159/2052 2314/4111/2052 2301/4091/2052 2328/4135/2052
f 2309/4107/2053 2315/4115/2053 2344/4167/2053 2336/4151/2053
f 2337/4155/2054 2343/4163/2054 2330/4143/2054 2322/4127/2054
o DL_Spire_-1_0
v -5.000000 4.500000 4.100000
v -5.000000 11.500000 4.850000
v -4.220577 4.500000 4.550000
v -4.870096 11.500000 4.925000
v -4.220577 4.500000 5.450000
v -4.870096 11.500000 5.075000
v -5.000000 4.500000 5.900000
v -5.000000 11.500000 5.150000
v -5.779423 4.500000 5.450000
v -5.129904 11.500000 5.075000
v -5.779423 4.500000 4.550000
v -5.129904 11.500000 4.925000
vn 0.4979 0.0924 -0.8623
vn 0.9957 0.0924 -0.0000
vn 0.4979 0.0924 0.8623
vn -0.4979 0.0924 0.8623
vn -0.0000 1.0000 -0.0000
vn -0.9957 0.0924 -0.0000
vn -0.4979 0.0924 -0.8623
vn -0.0000 -1.0000 -0.0000
vt 0.002794 0.428515
vt 0.095485 0.002794
vt 0.100040 0.004034
vt 0.030122 0.435957
vt 0.109309 0.005032
vt 0.085737 0.441942
vt 0.114023 0.004789
vt 0.114023 0.440484
vt 0.119611 0.428515
vt 0.212302 0.002794
vt 0.216857 0.004034
vt 0.146939 0.435957
vt 0.344534 0.134237
vt 0.336461 0.138898
vt 0.328387 0.134237
vt 0.328387 0.124914
vt 0.336461 0.120253
vt 0.344534 0.124914
vt 0.226126 0.005032
vt 0.202554 0.441942
vt 0.230840 0.004789
vt 0.230840 0.440484
vt 0.328387 0.086697
vt 0.328387 0.030762
vt 0.376829 0.002794
vt 0.425271 0.030762
vt 0.425271 0.086697
vt 0.376829 0.114665
s 0
usemtl DL2_Hull_Silver
f 2349/4171/2055 2350/4172/2055 2352/4173/2055 2351/4174/2055
f 2351/4174/2056 2352/4173/2056 2354/4175/2056 2353/4176/2056
f 2353/4176/2057 2354/4175/2057 2356/4177/2057 2355/4178/2057
f 2355/4179/2058 2356/4180/2058 2358/4181/2058 2357/4182/2058
f 2352/4183/2059 2350/4184/2059 2360/4185/2059 2358/4186/2059 2356/4187/2059 2354/4188/2059
f 2357/4182/2060 2358/4181/2060 2360/4189/2060 2359/4190/2060
f 2359/4190/2061 2360/4189/2061 2350/4191/2061 2349/4192/2061
f 2349/4193/2062 2351/4194/2062 2353/4195/2062 2355/4196/2062 2357/4197/2062 2359/4198/2062
o DL_Spire_Core_-1_0
v -5.000000 9.750000 4.680000
v -5.000000 13.250000 4.950000
v -4.722872 9.750000 4.840000
v -4.956699 13.250000 4.975000
v -4.722872 9.750000 5.160000
v -4.956699 13.250000 5.025000
v -5.000000 9.750000 5.320000
v -5.000000 13.250000 5.050000
v -5.277128 9.750000 5.160000
v -5.043301 13.250000 5.025000
v -5.277128 9.750000 4.840000
v -5.043301 13.250000 4.975000
vn 0.4989 0.0667 -0.8641
vn 0.9978 0.0667 -0.0000
vn 0.4989 0.0667 0.8641
vn -0.4989 0.0667 0.8641
vn -0.0000 1.0000 -0.0000
vn -0.9978 0.0667 -0.0000
vn -0.4989 0.0667 -0.8641
vn -0.0000 -1.0000 -0.0000
vt 0.087374 0.217426
vt 0.120891 0.001961
vt 0.122429 0.002260
vt 0.097216 0.219340
vt 0.125533 0.002500
vt 0.117078 0.220876
vt 0.127098 0.002441
vt 0.127098 0.220497
vt 0.087374 0.440263
vt 0.120891 0.224798
vt 0.122429 0.225097
vt 0.097216 0.442177
vt 0.090069 0.550292
vt 0.087374 0.548735
vt 0.087374 0.545622
vt 0.090069 0.544066
vt 0.092765 0.545622
vt 0.092765 0.548735
vt 0.125533 0.225337
vt 0.117078 0.443713
vt 0.127098 0.225278
vt 0.127098 0.443334
vt 0.087374 0.477517
vt 0.087374 0.457595
vt 0.104626 0.447634
vt 0.121879 0.457595
vt 0.121879 0.477517
vt 0.104626 0.487477
s 0
usemtl DL2_IceBlue
f 2361/4199/2063 2362/4200/2063 2364/4201/2063 2363/4202/2063
f 2363/4202/2064 2364/4201/2064 2366/4203/2064 2365/4204/2064
f 2365/4204/2065 2366/4203/2065 2368/4205/2065 2367/4206/2065
f 2367/4207/2066 2368/4208/2066 2370/4209/2066 2369/4210/2066
f 2364/4211/2067 2362/4212/2067 2372/4213/2067 2370/4214/2067 2368/4215/2067 2366/4216/2067
f 2369/4210/2068 2370/4209/2068 2372/4217/2068 2371/4218/2068
f 2371/4218/2069 2372/4217/2069 2362/4219/2069 2361/4220/2069
f 2361/4221/2070 2363/4222/2070 2365/4223/2070 2367/4224/2070 2369/4225/2070 2371/4226/2070
o DL_Spire_-1_1
v -13.000000 4.750000 7.300000
v -13.000000 13.250000 8.050000
v -12.220577 4.750000 7.750000
v -12.870096 13.250000 8.125000
v -12.220577 4.750000 8.650000
v -12.870096 13.250000 8.275000
v -13.000000 4.750000 9.099999
v -13.000000 13.250000 8.349999
v -13.779423 4.750000 8.650000
v -13.129904 13.250000 8.275000
v -13.779423 4.750000 7.750000
v -13.129904 13.250000 8.125000
vn 0.4985 0.0762 -0.8635
vn 0.9971 0.0762 -0.0000
vn 0.4985 0.0762 0.8635
vn -0.4985 0.0762 0.8635
vn -0.0000 1.0000 -0.0000
vn -0.9971 0.0762 -0.0000
vn -0.4985 0.0762 -0.8635
vn -0.0000 -1.0000 -0.0000
vt 0.002905 0.523375
vt 0.095748 0.002905
vt 0.100335 0.003929
vt 0.030433 0.529516
vt 0.109620 0.004750
vt 0.086138 0.534445
vt 0.114316 0.004548
vt 0.114316 0.533234
vt 0.120126 0.523375
vt 0.212969 0.002905
vt 0.217557 0.003929
vt 0.147654 0.529516
vt 0.346326 0.134542
vt 0.338254 0.139203
vt 0.330182 0.134542
vt 0.330182 0.125222
vt 0.338254 0.120562
vt 0.346326 0.125222
vt 0.226841 0.004750
vt 0.203359 0.534445
vt 0.231537 0.004548
vt 0.231537 0.533234
vt 0.330182 0.086790
vt 0.330182 0.030867
vt 0.378613 0.002905
vt 0.427044 0.030867
vt 0.427044 0.086790
vt 0.378613 0.114751
s 0
usemtl DL2_Hull_Silver
f 2373/4227/2071 2374/4228/2071 2376/4229/2071 2375/4230/2071
f 2375/4230/2072 2376/4229/2072 2378/4231/2072 2377/4232/2072
f 2377/4232/2073 2378/4231/2073 2380/4233/2073 2379/4234/2073
f 2379/4235/2074 2380/4236/2074 2382/4237/2074 2381/4238/2074
f 2376/4239/2075 2374/4240/2075 2384/4241/2075 2382/4242/2075 2380/4243/2075 2378/4244/2075
f 2381/4238/2076 2382/4237/2076 2384/4245/2076 2383/4246/2076
f 2383/4246/2077 2384/4245/2077 2374/4247/2077 2373/4248/2077
f 2373/4249/2078 2375/4250/2078 2377/4251/2078 2379/4252/2078 2381/4253/2078 2383/4254/2078
o DL_Spire_Core_-1_1
v -13.000000 10.750000 7.880000
v -13.000000 14.250000 8.150000
v -12.722872 10.750000 8.040000
v -12.956698 14.250000 8.175000
v -12.722872 10.750000 8.360000
v -12.956698 14.250000 8.224999
v -13.000000 10.750000 8.520000
v -13.000000 14.250000 8.250000
v -13.277128 10.750000 8.360000
v -13.043302 14.250000 8.224999
v -13.277128 10.750000 8.040000
v -13.043302 14.250000 8.175000
vn 0.4989 0.0667 -0.8641
vn 0.9978 0.0667 -0.0000
vn 0.4989 0.0667 0.8641
vn -0.4989 0.0667 0.8641
vn -0.0000 1.0000 -0.0000
vn -0.9978 0.0667 -0.0000
vn -0.4989 0.0667 -0.8641
vn -0.0000 -1.0000 -0.0000
vt 0.087374 0.217426
vt 0.120891 0.001961
vt 0.122429 0.002260
vt 0.097216 0.219340
vt 0.125533 0.002500
vt 0.117078 0.220876
vt 0.127098 0.002441
vt 0.127098 0.220497
vt 0.087374 0.440263
vt 0.120891 0.224798
vt 0.122429 0.225097
vt 0.097216 0.442177
vt 0.090069 0.550292
vt 0.087374 0.548735
vt 0.087374 0.545622
vt 0.090069 0.544066
vt 0.092765 0.545622
vt 0.092765 0.548735
vt 0.125533 0.225337
vt 0.117078 0.443713
vt 0.127098 0.225278
vt 0.127098 0.443334
vt 0.087374 0.477517
vt 0.087374 0.457595
vt 0.104626 0.447634
vt 0.121879 0.457595
vt 0.121879 0.477517
vt 0.104626 0.487477
s 0
usemtl DL2_IceBlue
f 2385/4255/2079 2386/4256/2079 2388/4257/2079 2387/4258/2079
f 2387/4258/2080 2388/4257/2080 2390/4259/2080 2389/4260/2080
f 2389/4260/2081 2390/4259/2081 2392/4261/2081 2391/4262/2081
f 2391/4263/2082 2392/4264/2082 2394/4265/2082 2393/4266/2082
f 2388/4267/2083 2386/4268/2083 2396/4269/2083 2394/4270/2083 2392/4271/2083 2390/4272/2083
f 2393/4266/2084 2394/4265/2084 2396/4273/2084 2395/4274/2084
f 2395/4274/2085 2396/4273/2085 2386/4275/2085 2385/4276/2085
f 2385/4277/2086 2387/4278/2086 2389/4279/2086 2391/4280/2086 2393/4281/2086 2395/4282/2086
o DL_Spire_1_0
v -5.000000 4.500000 -5.900000
v -5.000000 11.500000 -5.150000
v -4.220577 4.500000 -5.450000
v -4.870096 11.500000 -5.075000
v -4.220577 4.500000 -4.550000
v -4.870096 11.500000 -4.925000
v -5.000000 4.500000 -4.100000
v -5.000000 11.500000 -4.850000
v -5.779423 4.500000 -4.550000
v -5.129904 11.500000 -4.925000
v -5.779423 4.500000 -5.450000
v -5.129904 11.500000 -5.075000
vn 0.4979 0.0924 -0.8623
vn 0.9957 0.0924 -0.0000
vn 0.4979 0.0924 0.8623
vn -0.4979 0.0924 0.8623
vn -0.0000 1.0000 -0.0000
vn -0.9957 0.0924 -0.0000
vn -0.4979 0.0924 -0.8623
vn -0.0000 -1.0000 -0.0000
vt 0.002794 0.428515
vt 0.095485 0.002794
vt 0.100040 0.004034
vt 0.030122 0.435957
vt 0.109309 0.005032
vt 0.085737 0.441942
vt 0.114023 0.004789
vt 0.114023 0.440484
vt 0.119611 0.428515
vt 0.212302 0.002794
vt 0.216857 0.004034
vt 0.146939 0.435957
vt 0.344534 0.134237
vt 0.336461 0.138898
vt 0.328387 0.134237
vt 0.328387 0.124914
vt 0.336461 0.120253
vt 0.344534 0.124914
vt 0.226126 0.005032
vt 0.202554 0.441942
vt 0.230840 0.004789
vt 0.230840 0.440484
vt 0.328387 0.086697
vt 0.328387 0.030762
vt 0.376829 0.002794
vt 0.425271 0.030762
vt 0.425271 0.086697
vt 0.376829 0.114665
s 0
usemtl DL2_Hull_Silver
f 2397/4283/2087 2398/4284/2087 2400/4285/2087 2399/4286/2087
f 2399/4286/2088 2400/4285/2088 2402/4287/2088 2401/4288/2088
f 2401/4288/2089 2402/4287/2089 2404/4289/2089 2403/4290/2089
f 2403/4291/2090 2404/4292/2090 2406/4293/2090 2405/4294/2090
f 2400/4295/2091 2398/4296/2091 2408/4297/2091 2406/4298/2091 2404/4299/2091 2402/4300/2091
f 2405/4294/2092 2406/4293/2092 2408/4301/2092 2407/4302/2092
f 2407/4302/2093 2408/4301/2093 2398/4303/2093 2397/4304/2093
f 2397/4305/2094 2399/4306/2094 2401/4307/2094 2403/4308/2094 2405/4309/2094 2407/4310/2094
o DL_Spire_Core_1_0
v -5.000000 9.750000 -5.320000
v -5.000000 13.250000 -5.050000
v -4.722872 9.750000 -5.160000
v -4.956699 13.250000 -5.025000
v -4.722872 9.750000 -4.840000
v -4.956699 13.250000 -4.975000
v -5.000000 9.750000 -4.680000
v -5.000000 13.250000 -4.950000
v -5.277128 9.750000 -4.840000
v -5.043301 13.250000 -4.975000
v -5.277128 9.750000 -5.160000
v -5.043301 13.250000 -5.025000
vn 0.4989 0.0667 -0.8641
vn 0.9978 0.0667 -0.0000
vn 0.4989 0.0667 0.8641
vn -0.4989 0.0667 0.8641
vn -0.0000 1.0000 -0.0000
vn -0.9978 0.0667 -0.0000
vn -0.4989 0.0667 -0.8641
vn -0.0000 -1.0000 -0.0000
vt 0.087374 0.217426
vt 0.120891 0.001961
vt 0.122429 0.002260
vt 0.097216 0.219340
vt 0.125533 0.002500
vt 0.117078 0.220876
vt 0.127098 0.002441
vt 0.127098 0.220497
vt 0.087374 0.440263
vt 0.120891 0.224798
vt 0.122429 0.225097
vt 0.097216 0.442177
vt 0.090069 0.550292
vt 0.087374 0.548735
vt 0.087374 0.545622
vt 0.090069 0.544066
vt 0.092765 0.545622
vt 0.092765 0.548735
vt 0.125533 0.225337
vt 0.117078 0.443713
vt 0.127098 0.225278
vt 0.127098 0.443334
vt 0.087374 0.477517
vt 0.087374 0.457595
vt 0.104626 0.447634
vt 0.121879 0.457595
vt 0.121879 0.477517
vt 0.104626 0.487477
s 0
usemtl DL2_IceBlue
f 2409/4311/2095 2410/4312/2095 2412/4313/2095 2411/4314/2095
f 2411/4314/2096 2412/4313/2096 2414/4315/2096 2413/4316/2096
f 2413/4316/2097 2414/4315/2097 2416/4317/2097 2415/4318/2097
f 2415/4319/2098 2416/4320/2098 2418/4321/2098 2417/4322/2098
f 2412/4323/2099 2410/4324/2099 2420/4325/2099 2418/4326/2099 2416/4327/2099 2414/4328/2099
f 2417/4322/2100 2418/4321/2100 2420/4329/2100 2419/4330/2100
f 2419/4330/2101 2420/4329/2101 2410/4331/2101 2409/4332/2101
f 2409/4333/2102 2411/4334/2102 2413/4335/2102 2415/4336/2102 2417/4337/2102 2419/4338/2102
o DL_Spire_1_1
v -13.000000 4.750000 -9.099999
v -13.000000 13.250000 -8.349999
v -12.220577 4.750000 -8.650000
v -12.870096 13.250000 -8.275000
v -12.220577 4.750000 -7.750000
v -12.870096 13.250000 -8.125000
v -13.000000 4.750000 -7.300000
v -13.000000 13.250000 -8.050000
v -13.779423 4.750000 -7.750000
v -13.129904 13.250000 -8.125000
v -13.779423 4.750000 -8.650000
v -13.129904 13.250000 -8.275000
vn 0.4985 0.0762 -0.8635
vn 0.9971 0.0762 -0.0000
vn 0.4985 0.0762 0.8635
vn -0.4985 0.0762 0.8635
vn -0.0000 1.0000 -0.0000
vn -0.9971 0.0762 -0.0000
vn -0.4985 0.0762 -0.8635
vn -0.0000 -1.0000 -0.0000
vt 0.002905 0.523375
vt 0.095748 0.002905
vt 0.100335 0.003929
vt 0.030433 0.529516
vt 0.109620 0.004750
vt 0.086138 0.534445
vt 0.114316 0.004548
vt 0.114316 0.533234
vt 0.120126 0.523375
vt 0.212969 0.002905
vt 0.217557 0.003929
vt 0.147654 0.529516
vt 0.346326 0.134542
vt 0.338254 0.139203
vt 0.330182 0.134542
vt 0.330182 0.125222
vt 0.338254 0.120562
vt 0.346326 0.125222
vt 0.226841 0.004750
vt 0.203359 0.534445
vt 0.231537 0.004548
vt 0.231537 0.533234
vt 0.330182 0.086790
vt 0.330182 0.030867
vt 0.378613 0.002905
vt 0.427044 0.030867
vt 0.427044 0.086790
vt 0.378613 0.114751
s 0
usemtl DL2_Hull_Silver
f 2421/4339/2103 2422/4340/2103 2424/4341/2103 2423/4342/2103
f 2423/4342/2104 2424/4341/2104 2426/4343/2104 2425/4344/2104
f 2425/4344/2105 2426/4343/2105 2428/4345/2105 2427/4346/2105
f 2427/4347/2106 2428/4348/2106 2430/4349/2106 2429/4350/2106
f 2424/4351/2107 2422/4352/2107 2432/4353/2107 2430/4354/2107 2428/4355/2107 2426/4356/2107
f 2429/4350/2108 2430/4349/2108 2432/4357/2108 2431/4358/2108
f 2431/4358/2109 2432/4357/2109 2422/4359/2109 2421/4360/2109
f 2421/4361/2110 2423/4362/2110 2425/4363/2110 2427/4364/2110 2429/4365/2110 2431/4366/2110
o DL_Spire_Core_1_1
v -13.000000 10.750000 -8.520000
v -13.000000 14.250000 -8.250000
v -12.722872 10.750000 -8.360000
v -12.956698 14.250000 -8.224999
v -12.722872 10.750000 -8.040000
v -12.956698 14.250000 -8.175000
v -13.000000 10.750000 -7.880000
v -13.000000 14.250000 -8.150000
v -13.277128 10.750000 -8.040000
v -13.043302 14.250000 -8.175000
v -13.277128 10.750000 -8.360000
v -13.043302 14.250000 -8.224999
vn 0.4989 0.0667 -0.8641
vn 0.9978 0.0667 -0.0000
vn 0.4989 0.0667 0.8641
vn -0.4989 0.0667 0.8641
vn -0.0000 1.0000 -0.0000
vn -0.9978 0.0667 -0.0000
vn -0.4989 0.0667 -0.8641
vn -0.0000 -1.0000 -0.0000
vt 0.087374 0.217426
vt 0.120891 0.001961
vt 0.122429 0.002260
vt 0.097216 0.219340
vt 0.125533 0.002500
vt 0.117078 0.220876
vt 0.127098 0.002441
vt 0.127098 0.220497
vt 0.087374 0.440263
vt 0.120891 0.224798
vt 0.122429 0.225097
vt 0.097216 0.442177
vt 0.090069 0.550292
vt 0.087374 0.548735
vt 0.087374 0.545622
vt 0.090069 0.544066
vt 0.092765 0.545622
vt 0.092765 0.548735
vt 0.125533 0.225337
vt 0.117078 0.443713
vt 0.127098 0.225278
vt 0.127098 0.443334
vt 0.087374 0.477517
vt 0.087374 0.457595
vt 0.104626 0.447634
vt 0.121879 0.457595
vt 0.121879 0.477517
vt 0.104626 0.487477
s 0
usemtl DL2_IceBlue
f 2433/4367/2111 2434/4368/2111 2436/4369/2111 2435/4370/2111
f 2435/4370/2112 2436/4369/2112 2438/4371/2112 2437/4372/2112
f 2437/4372/2113 2438/4371/2113 2440/4373/2113 2439/4374/2113
f 2439/4375/2114 2440/4376/2114 2442/4377/2114 2441/4378/2114
f 2436/4379/2115 2434/4380/2115 2444/4381/2115 2442/4382/2115 2440/4383/2115 2438/4384/2115
f 2441/4378/2116 2442/4377/2116 2444/4385/2116 2443/4386/2116
f 2443/4386/2117 2444/4385/2117 2434/4387/2117 2433/4388/2117
f 2433/4389/2118 2435/4390/2118 2437/4391/2118 2439/4392/2118 2441/4393/2118 2443/4394/2118
o DL_Ring_Support_-1
v -1.667317 2.302433 9.090000
v -1.726664 2.451019 9.250000
v -1.875251 2.391672 9.090000
v -1.684699 2.345953 9.203137
v -1.778186 2.330969 9.182376
v -1.831730 2.409054 9.203137
v -1.789766 2.303988 9.090000
v -3.833492 7.725834 9.250000
v -3.892840 7.874421 9.090000
v -3.982079 7.666487 9.090000
v -3.875457 7.830901 9.203137
v -3.953543 7.777357 9.182376
v -3.980524 7.788937 9.090000
v -3.938559 7.683870 9.203137
v -1.667317 2.302433 8.510000
v -1.875251 2.391672 8.510000
v -1.726664 2.451019 8.350000
v -1.789766 2.303988 8.510000
v -1.778186 2.330969 8.417624
v -1.831730 2.409054 8.396863
v -1.684699 2.345953 8.396863
v -3.892840 7.874421 8.510000
v -3.833492 7.725834 8.350000
v -3.982079 7.666487 8.510000
v -3.875457 7.830901 8.396863
v -3.953543 7.777357 8.417624
v -3.938559 7.683870 8.396863
v -3.980524 7.788937 8.510000
v -0.107160 2.925580 9.090000
v -0.017921 3.133513 9.090000
v -0.166508 3.074166 9.250000
v -0.019476 3.011064 9.090000
v -0.046457 3.022644 9.182376
v -0.061441 3.116130 9.203137
v -0.124543 2.969099 9.203137
v -2.332683 8.497567 9.090000
v -2.273336 8.348981 9.250000
v -2.124749 8.408328 9.090000
v -2.315301 8.454048 9.203137
v -2.221814 8.469031 9.182376
v -2.168270 8.390945 9.203137
v -2.210234 8.496013 9.090000
v -0.107160 2.925580 8.510000
v -0.166508 3.074166 8.350000
v -0.017921 3.133513 8.510000
v -0.124543 2.969099 8.396863
v -0.046457 3.022644 8.417624
v -0.061441 3.116130 8.396863
v -0.019476 3.011064 8.510000
v -2.332683 8.497567 8.510000
v -2.124749 8.408328 8.510000
v -2.273336 8.348981 8.350000
v -2.210234 8.496013 8.510000
v -2.221814 8.469031 8.417624
v -2.168270 8.390945 8.396863
v -2.315301 8.454048 8.396863
vn 0.0275 -0.9453 0.3251
vn -0.1813 -0.4224 0.8881
vn -0.7042 -0.6313 0.3251
vn -0.4224 0.1813 0.8881
vn -0.6313 0.7042 0.3251
vn -0.9453 -0.0275 0.3251
vn 0.0275 -0.9453 -0.3251
vn -0.7042 -0.6313 -0.3251
vn -0.1813 -0.4224 -0.8881
vn -0.6313 0.7042 -0.3251
vn -0.4224 0.1813 -0.8881
vn -0.9453 -0.0275 -0.3251
vn 0.6313 -0.7042 0.3251
vn 0.9453 0.0275 0.3251
vn 0.4224 -0.1813 0.8881
vn -0.0275 0.9453 0.3251
vn 0.1813 0.4224 0.8881
vn 0.7042 0.6313 0.3251
vn 0.6313 -0.7042 -0.3251
vn 0.4224 -0.1813 -0.8881
vn 0.9453 0.0275 -0.3251
vn -0.0275 0.9453 -0.3251
vn 0.7042 0.6313 -0.3251
vn 0.1813 0.4224 -0.8881
vn -0.0127 -0.9999 -0.0000
vn -0.7160 -0.6981 -0.0000
vn -0.3554 -0.1419 0.9239
vn -0.8580 -0.3427 0.3827
vn -0.6981 0.7160 -0.0000
vn -0.9999 0.0127 -0.0000
vn -0.3554 -0.1419 -0.9239
vn -0.8580 -0.3427 -0.3827
vn 0.3427 -0.8580 -0.3827
vn 0.1419 -0.3554 -0.9239
vn -0.3427 0.8580 -0.3827
vn -0.1419 0.3554 -0.9239
vn 0.8580 0.3427 -0.3827
vn 0.3554 0.1419 -0.9239
vn 0.6981 -0.7160 -0.0000
vn 0.9999 -0.0127 -0.0000
vn 0.0127 0.9999 -0.0000
vn 0.7160 0.6981 -0.0000
vn 0.3554 0.1419 0.9239
vn 0.8580 0.3427 0.3827
vn 0.3427 -0.8580 0.3827
vn 0.1419 -0.3554 0.9239
vn -0.3427 0.8580 0.3827
vn -0.1419 0.3554 0.9239
vn 0.3709 -0.9287 -0.0000
vn -0.9287 -0.3709 -0.0000
vn -0.0000 -0.0000 1.0000
vn -0.3709 0.9287 -0.0000
vn -0.0000 -0.0000 -1.0000
vn 0.9287 0.3709 -0.0000
vt 0.437396 0.013523
vt 0.427467 0.013523
vt 0.427467 0.007791
vt 0.437396 0.003595
vt 0.249059 0.365971
vt 0.258987 0.365971
vt 0.258987 0.371703
vt 0.249059 0.375899
vt 0.335161 0.365971
vt 0.335161 0.375899
vt 0.329429 0.375899
vt 0.325233 0.365971
vt 0.249059 0.013523
vt 0.249059 0.003595
vt 0.254791 0.003595
vt 0.258987 0.013523
vt 0.437396 0.249059
vt 0.437396 0.258987
vt 0.431664 0.258987
vt 0.427467 0.249059
vt 0.335161 0.013523
vt 0.325233 0.013523
vt 0.325233 0.007791
vt 0.335161 0.003595
vt 0.473385 0.013523
vt 0.473385 0.003595
vt 0.479117 0.003595
vt 0.483313 0.013523
vt 0.371150 0.365971
vt 0.381078 0.365971
vt 0.381078 0.371703
vt 0.371150 0.375899
vt 0.013523 0.365971
vt 0.013523 0.375899
vt 0.007791 0.375899
vt 0.003595 0.365971
vt 0.473385 0.249059
vt 0.483313 0.249059
vt 0.483313 0.254791
vt 0.473385 0.258987
vt 0.013523 0.013523
vt 0.003595 0.013523
vt 0.003595 0.007791
vt 0.013523 0.003595
vt 0.371150 0.013523
vt 0.371150 0.003595
vt 0.376882 0.003595
vt 0.381078 0.013523
vt 0.437396 0.117768
vt 0.437396 0.127696
vt 0.431664 0.127696
vt 0.427467 0.117768
vt 0.371150 0.745464
vt 0.381078 0.745464
vt 0.381078 0.751196
vt 0.371150 0.755392
vt 0.144814 0.365971
vt 0.144814 0.375899
vt 0.139082 0.375899
vt 0.134886 0.365971
vt 0.437396 0.144814
vt 0.427468 0.144814
vt 0.427468 0.139082
vt 0.437396 0.134886
vt 0.144814 0.013523
vt 0.134886 0.013523
vt 0.134886 0.007791
vt 0.144814 0.003595
vt 0.371150 0.393016
vt 0.371150 0.383088
vt 0.376882 0.383088
vt 0.381078 0.393016
vt 0.473385 0.117768
vt 0.483313 0.117768
vt 0.483313 0.123500
vt 0.473385 0.127696
vt 0.117768 0.365971
vt 0.127696 0.365971
vt 0.127696 0.371703
vt 0.117768 0.375899
vt 0.335161 0.745464
vt 0.335161 0.755392
vt 0.329429 0.755392
vt 0.325233 0.745464
vt 0.473385 0.144814
vt 0.473385 0.134886
vt 0.479117 0.134886
vt 0.483313 0.144814
vt 0.335161 0.393016
vt 0.325233 0.393016
vt 0.325233 0.387284
vt 0.335161 0.383088
vt 0.117768 0.013523
vt 0.117768 0.003595
vt 0.123500 0.003595
vt 0.127696 0.013523
s 0
usemtl DL2_Hull_Silver
f 2445/4395/2119 2448/4396/2119 2449/4397/2119 2451/4398/2119
f 2446/4399/2120 2450/4400/2120 2449/4401/2120 2448/4402/2120
f 2447/4403/2121 2451/4404/2121 2449/4405/2121 2450/4406/2121
f 2452/4407/2122 2455/4408/2122 2456/4409/2122 2458/4410/2122
f 2453/4411/2123 2457/4412/2123 2456/4413/2123 2455/4414/2123
f 2454/4415/2124 2458/4416/2124 2456/4417/2124 2457/4418/2124
f 2459/4419/2125 2462/4420/2125 2463/4421/2125 2465/4422/2125
f 2460/4423/2126 2464/4424/2126 2463/4425/2126 2462/4426/2126
f 2461/4427/2127 2465/4428/2127 2463/4429/2127 2464/4430/2127
f 2466/4431/2128 2469/4432/2128 2470/4433/2128 2472/4434/2128
f 2467/4435/2129 2471/4436/2129 2470/4437/2129 2469/4438/2129
f 2468/4439/2130 2472/4440/2130 2470/4441/2130 2471/4442/2130
f 2473/4443/2131 2476/4444/2131 2477/4445/2131 2479/4446/2131
f 2474/4447/2132 2478/4448/2132 2477/4449/2132 2476/4450/2132
f 2475/4451/2133 2479/4452/2133 2477/4453/2133 2478/4454/2133
f 2480/4455/2134 2483/4456/2134 2484/4457/2134 2486/4458/2134
f 2481/4459/2135 2485/4460/2135 2484/4461/2135 2483/4462/2135
f 2482/4463/2136 2486/4464/2136 2484/4465/2136 2485/4466/2136
f 2487/4467/2137 2490/4468/2137 2491/4469/2137 2493/4470/2137
f 2488/4471/2138 2492/4472/2138 2491/4473/2138 2490/4474/2138
f 2489/4475/2139 2493/4476/2139 2491/4477/2139 2492/4478/2139
f 2494/4479/2140 2497/4480/2140 2498/4481/2140 2500/4482/2140
f 2495/4483/2141 2499/4484/2141 2498/4485/2141 2497/4486/2141
f 2496/4487/2142 2500/4488/2142 2498/4489/2142 2499/4490/2142
f 2459/4419/2143 2445/4395/2143 2451/4398/2143 2462/4420/2143
f 2462/4426/2144 2451/4404/2144 2447/4403/2144 2460/4423/2144
f 2446/4399/2145 2452/4407/2145 2458/4410/2145 2450/4400/2145
f 2450/4406/2146 2458/4416/2146 2454/4415/2146 2447/4403/2146
f 2453/4411/2147 2466/4431/2147 2472/4434/2147 2457/4412/2147
f 2457/4418/2148 2472/4440/2148 2468/4439/2148 2454/4415/2148
f 2467/4435/2149 2461/4427/2149 2464/4430/2149 2471/4436/2149
f 2471/4442/2150 2464/4424/2150 2460/4423/2150 2468/4439/2150
f 2487/4467/2151 2459/4419/2151 2465/4422/2151 2490/4468/2151
f 2490/4474/2152 2465/4428/2152 2461/4427/2152 2488/4471/2152
f 2466/4431/2153 2494/4479/2153 2500/4482/2153 2469/4432/2153
f 2469/4438/2154 2500/4488/2154 2496/4487/2154 2467/4435/2154
f 2495/4483/2155 2489/4475/2155 2492/4478/2155 2499/4484/2155
f 2499/4490/2156 2492/4472/2156 2488/4471/2156 2496/4487/2156
f 2473/4443/2157 2487/4467/2157 2493/4470/2157 2476/4444/2157
f 2476/4450/2158 2493/4476/2158 2489/4475/2158 2474/4447/2158
f 2494/4479/2159 2480/4455/2159 2486/4458/2159 2497/4480/2159
f 2497/4486/2160 2486/4464/2160 2482/4463/2160 2495/4483/2160
f 2481/4459/2161 2475/4451/2161 2478/4454/2161 2485/4460/2161
f 2485/4466/2162 2478/4448/2162 2474/4447/2162 2482/4463/2162
f 2445/4395/2163 2473/4443/2163 2479/4446/2163 2448/4396/2163
f 2448/4402/2164 2479/4452/2164 2475/4451/2164 2446/4399/2164
f 2480/4455/2165 2453/4411/2165 2455/4414/2165 2483/4456/2165
f 2483/4462/2166 2455/4408/2166 2452/4407/2166 2481/4459/2166
f 2459/4419/2167 2487/4467/2167 2473/4443/2167 2445/4395/2167
f 2447/4403/2168 2454/4415/2168 2468/4439/2168 2460/4423/2168
f 2475/4451/2169 2481/4459/2169 2452/4407/2169 2446/4399/2169
f 2494/4479/2170 2466/4431/2170 2453/4411/2170 2480/4455/2170
f 2461/4427/2171 2467/4435/2171 2496/4487/2171 2488/4471/2171
f 2489/4475/2172 2495/4483/2172 2482/4463/2172 2474/4447/2172
o DL_Ring_Support_Light_-1
v -1.351189 3.782469 9.290000
v -1.362317 3.810329 9.320000
v -1.390177 3.799201 9.290000
v -1.354448 3.790629 9.311213
v -1.371977 3.787819 9.307321
v -1.382017 3.802460 9.311213
v -1.374148 3.782760 9.290000
v -3.046296 8.026466 9.320000
v -3.057423 8.054326 9.290000
v -3.074156 8.015339 9.290000
v -3.054164 8.046166 9.311213
v -3.068805 8.036127 9.307321
v -3.073864 8.038298 9.290000
v -3.065996 8.018598 9.311213
v -1.351189 3.782469 9.210000
v -1.390177 3.799201 9.210000
v -1.362317 3.810329 9.180000
v -1.374148 3.782760 9.210000
v -1.371977 3.787819 9.192679
v -1.382017 3.802460 9.188787
v -1.354448 3.790629 9.188787
v -3.057423 8.054326 9.210000
v -3.046296 8.026466 9.180000
v -3.074156 8.015339 9.210000
v -3.054164 8.046166 9.188787
v -3.068805 8.036127 9.192679
v -3.065996 8.018598 9.188787
v -3.073864 8.038298 9.210000
v -0.942577 3.945674 9.290000
v -0.925844 3.984661 9.290000
v -0.953704 3.973534 9.320000
v -0.926136 3.961702 9.290000
v -0.931195 3.963873 9.307321
v -0.934004 3.981402 9.311213
v -0.945836 3.953834 9.311213
v -2.648811 8.217531 9.290000
v -2.637683 8.189672 9.320000
v -2.609823 8.200799 9.290000
v -2.645552 8.209372 9.311213
v -2.628023 8.212181 9.307321
v -2.617983 8.197539 9.311213
v -2.625852 8.217239 9.290000
v -0.942577 3.945674 9.210000
v -0.953704 3.973534 9.180000
v -0.925844 3.984661 9.210000
v -0.945836 3.953834 9.188787
v -0.931195 3.963873 9.192679
v -0.934004 3.981402 9.188787
v -0.926136 3.961702 9.210000
v -2.648811 8.217531 9.210000
v -2.609823 8.200799 9.210000
v -2.637683 8.189672 9.180000
v -2.625852 8.217239 9.210000
v -2.628023 8.212181 9.192679
v -2.617983 8.197539 9.188787
v -2.645552 8.209372 9.188787
vn 0.0275 -0.9453 0.3251
vn -0.1813 -0.4224 0.8881
vn -0.7042 -0.6313 0.3251
vn -0.4224 0.1813 0.8881
vn -0.6313 0.7041 0.3251
vn -0.9453 -0.0275 0.3251
vn 0.0275 -0.9453 -0.3251
vn -0.7042 -0.6313 -0.3251
vn -0.1813 -0.4224 -0.8881
vn -0.6313 0.7041 -0.3251
vn -0.4224 0.1813 -0.8881
vn -0.9453 -0.0275 -0.3251
vn 0.6313 -0.7041 0.3251
vn 0.9453 0.0275 0.3251
vn 0.4224 -0.1813 0.8881
vn -0.0275 0.9453 0.3251
vn 0.1813 0.4224 0.8881
vn 0.7041 0.6313 0.3251
vn 0.6313 -0.7041 -0.3251
vn 0.4224 -0.1813 -0.8881
vn 0.9453 0.0275 -0.3251
vn -0.0275 0.9453 -0.3251
vn 0.7042 0.6313 -0.3251
vn 0.1813 0.4224 -0.8881
vn -0.0127 -0.9999 -0.0000
vn -0.7160 -0.6981 -0.0000
vn -0.3554 -0.1419 0.9239
vn -0.8580 -0.3427 0.3827
vn -0.6981 0.7160 -0.0000
vn -0.9999 0.0127 -0.0000
vn -0.3554 -0.1419 -0.9239
vn -0.8580 -0.3427 -0.3827
vn 0.3427 -0.8580 -0.3827
vn 0.1419 -0.3554 -0.9239
vn -0.3427 0.8580 -0.3827
vn -0.1419 0.3554 -0.9239
vn 0.8580 0.3427 -0.3827
vn 0.3554 0.1419 -0.9239
vn 0.6981 -0.7160 -0.0000
vn 0.9999 -0.0127 -0.0000
vn 0.0127 0.9999 -0.0000
vn 0.7160 0.6981 -0.0000
vn 0.3554 0.1419 0.9239
vn 0.8580 0.3427 0.3827
vn 0.3427 -0.8580 0.3827
vn 0.1419 -0.3554 0.9239
vn -0.3427 0.8580 0.3827
vn -0.1419 0.3554 0.9239
vn 0.3709 -0.9287 -0.0000
vn -0.9287 -0.3709 -0.0000
vn -0.0000 -0.0000 1.0000
vn -0.3709 0.9287 -0.0000
vn -0.0000 -0.0000 -1.0000
vn 0.9287 0.3709 -0.0000
vt 0.126770 0.294679
vt 0.124904 0.294679
vt 0.124904 0.293601
vt 0.126770 0.292812
vt 0.118656 0.577186
vt 0.120522 0.577186
vt 0.120522 0.578264
vt 0.118656 0.579053
vt 0.091276 0.867807
vt 0.091276 0.869674
vt 0.090198 0.869674
vt 0.089409 0.867807
vt 0.118656 0.294679
vt 0.118656 0.292812
vt 0.119733 0.292812
vt 0.120522 0.294679
vt 0.126770 0.357553
vt 0.126770 0.359420
vt 0.125693 0.359420
vt 0.124904 0.357553
vt 0.091276 0.585301
vt 0.089409 0.585301
vt 0.089409 0.584223
vt 0.091276 0.583434
vt 0.131748 0.294679
vt 0.131748 0.292812
vt 0.132826 0.292812
vt 0.133615 0.294679
vt 0.096254 0.867808
vt 0.098121 0.867807
vt 0.098121 0.868885
vt 0.096254 0.869674
vt 0.091276 0.286564
vt 0.091276 0.288431
vt 0.090198 0.288431
vt 0.089409 0.286564
vt 0.131748 0.357553
vt 0.133615 0.357553
vt 0.133615 0.358631
vt 0.131748 0.359420
vt 0.091276 0.004057
vt 0.089409 0.004057
vt 0.089409 0.002980
vt 0.091276 0.002191
vt 0.096254 0.585301
vt 0.096254 0.583434
vt 0.097332 0.583434
vt 0.098121 0.585301
vt 0.126770 0.322059
vt 0.126770 0.323925
vt 0.125693 0.323925
vt 0.124904 0.322059
vt 0.131748 0.286564
vt 0.133615 0.286564
vt 0.133615 0.287642
vt 0.131748 0.288431
vt 0.091276 0.577186
vt 0.091276 0.579053
vt 0.090198 0.579053
vt 0.089409 0.577186
vt 0.126770 0.330173
vt 0.124904 0.330173
vt 0.124904 0.329096
vt 0.126770 0.328307
vt 0.091276 0.294679
vt 0.089409 0.294679
vt 0.089409 0.293601
vt 0.091276 0.292812
vt 0.131748 0.004057
vt 0.131748 0.002191
vt 0.132826 0.002191
vt 0.133615 0.004057
vt 0.131748 0.322059
vt 0.133615 0.322059
vt 0.133615 0.323136
vt 0.131748 0.323925
vt 0.118656 0.286564
vt 0.120522 0.286564
vt 0.120522 0.287642
vt 0.118656 0.288431
vt 0.126770 0.286564
vt 0.126770 0.288431
vt 0.125693 0.288431
vt 0.124904 0.286564
vt 0.131748 0.330173
vt 0.131748 0.328307
vt 0.132826 0.328307
vt 0.133615 0.330173
vt 0.126770 0.004057
vt 0.124904 0.004057
vt 0.124904 0.002980
vt 0.126770 0.002191
vt 0.118656 0.004057
vt 0.118656 0.002191
vt 0.119733 0.002191
vt 0.120522 0.004057
s 0
usemtl DL2_IceBlue
f 2501/4491/2173 2504/4492/2173 2505/4493/2173 2507/4494/2173
f 2502/4495/2174 2506/4496/2174 2505/4497/2174 2504/4498/2174
f 2503/4499/2175 2507/4500/2175 2505/4501/2175 2506/4502/2175
f 2508/4503/2176 2511/4504/2176 2512/4505/2176 2514/4506/2176
f 2509/4507/2177 2513/4508/2177 2512/4509/2177 2511/4510/2177
f 2510/4511/2178 2514/4512/2178 2512/4513/2178 2513/4514/2178
f 2515/4515/2179 2518/4516/2179 2519/4517/2179 2521/4518/2179
f 2516/4519/2180 2520/4520/2180 2519/4521/2180 2518/4522/2180
f 2517/4523/2181 2521/4524/2181 2519/4525/2181 2520/4526/2181
f 2522/4527/2182 2525/4528/2182 2526/4529/2182 2528/4530/2182
f 2523/4531/2183 2527/4532/2183 2526/4533/2183 2525/4534/2183
f 2524/4535/2184 2528/4536/2184 2526/4537/2184 2527/4538/2184
f 2529/4539/2185 2532/4540/2185 2533/4541/2185 2535/4542/2185
f 2530/4543/2186 2534/4544/2186 2533/4545/2186 2532/4546/2186
f 2531/4547/2187 2535/4548/2187 2533/4549/2187 2534/4550/2187
f 2536/4551/2188 2539/4552/2188 2540/4553/2188 2542/4554/2188
f 2537/4555/2189 2541/4556/2189 2540/4557/2189 2539/4558/2189
f 2538/4559/2190 2542/4560/2190 2540/4561/2190 2541/4562/2190
f 2543/4563/2191 2546/4564/2191 2547/4565/2191 2549/4566/2191
f 2544/4567/2192 2548/4568/2192 2547/4569/2192 2546/4570/2192
f 2545/4571/2193 2549/4572/2193 2547/4573/2193 2548/4574/2193
f 2550/4575/2194 2553/4576/2194 2554/4577/2194 2556/4578/2194
f 2551/4579/2195 2555/4580/2195 2554/4581/2195 2553/4582/2195
f 2552/4583/2196 2556/4584/2196 2554/4585/2196 2555/4586/2196
f 2515/4515/2197 2501/4491/2197 2507/4494/2197 2518/4516/2197
f 2518/4522/2198 2507/4500/2198 2503/4499/2198 2516/4519/2198
f 2502/4495/2199 2508/4503/2199 2514/4506/2199 2506/4496/2199
f 2506/4502/2200 2514/4512/2200 2510/4511/2200 2503/4499/2200
f 2509/4507/2201 2522/4527/2201 2528/4530/2201 2513/4508/2201
f 2513/4514/2202 2528/4536/2202 2524/4535/2202 2510/4511/2202
f 2523/4531/2203 2517/4523/2203 2520/4526/2203 2527/4532/2203
f 2527/4538/2204 2520/4520/2204 2516/4519/2204 2524/4535/2204
f 2543/4563/2205 2515/4515/2205 2521/4518/2205 2546/4564/2205
f 2546/4570/2206 2521/4524/2206 2517/4523/2206 2544/4567/2206
f 2522/4527/2207 2550/4575/2207 2556/4578/2207 2525/4528/2207
f 2525/4534/2208 2556/4584/2208 2552/4583/2208 2523/4531/2208
f 2551/4579/2209 2545/4571/2209 2548/4574/2209 2555/4580/2209
f 2555/4586/2210 2548/4568/2210 2544/4567/2210 2552/4583/2210
f 2529/4539/2211 2543/4563/2211 2549/4566/2211 2532/4540/2211
f 2532/4546/2212 2549/4572/2212 2545/4571/2212 2530/4543/2212
f 2550/4575/2213 2536/4551/2213 2542/4554/2213 2553/4576/2213
f 2553/4582/2214 2542/4560/2214 2538/4559/2214 2551/4579/2214
f 2537/4555/2215 2531/4547/2215 2534/4550/2215 2541/4556/2215
f 2541/4562/2216 2534/4544/2216 2530/4543/2216 2538/4559/2216
f 2501/4491/2217 2529/4539/2217 2535/4542/2217 2504/4492/2217
f 2504/4498/2218 2535/4548/2218 2531/4547/2218 2502/4495/2218
f 2536/4551/2219 2509/4507/2219 2511/4510/2219 2539/4552/2219
f 2539/4558/2220 2511/4504/2220 2508/4503/2220 2537/4555/2220
f 2515/4515/2221 2543/4563/2221 2529/4539/2221 2501/4491/2221
f 2503/4499/2222 2510/4511/2222 2524/4535/2222 2516/4519/2222
f 2531/4547/2223 2537/4555/2223 2508/4503/2223 2502/4495/2223
f 2550/4575/2224 2522/4527/2224 2509/4507/2224 2536/4551/2224
f 2517/4523/2225 2523/4531/2225 2552/4583/2225 2544/4567/2225
f 2545/4571/2226 2551/4579/2226 2538/4559/2226 2530/4543/2226
o DL_Ring_Support_1
v -3.892840 2.925580 -8.510000
v -3.833492 3.074166 -8.350000
v -3.982079 3.133513 -8.510000
v -3.875457 2.969099 -8.396863
v -3.953543 3.022644 -8.417624
v -3.938559 3.116130 -8.396863
v -3.980524 3.011064 -8.510000
v -1.726664 8.348981 -8.350000
v -1.667317 8.497567 -8.510000
v -1.875251 8.408328 -8.510000
v -1.684699 8.454048 -8.396863
v -1.778186 8.469031 -8.417624
v -1.789766 8.496013 -8.510000
v -1.831730 8.390945 -8.396863
v -3.892840 2.925580 -9.090000
v -3.982079 3.133513 -9.090000
v -3.833492 3.074166 -9.250000
v -3.980524 3.011064 -9.090000
v -3.953543 3.022644 -9.182376
v -3.938559 3.116130 -9.203137
v -3.875457 2.969099 -9.203137
v -1.667317 8.497567 -9.090000
v -1.726664 8.348981 -9.250000
v -1.875251 8.408328 -9.090000
v -1.684699 8.454048 -9.203137
v -1.778186 8.469031 -9.182376
v -1.831730 8.390945 -9.203137
v -1.789766 8.496013 -9.090000
v -2.332683 2.302433 -8.510000
v -2.124749 2.391672 -8.510000
v -2.273336 2.451019 -8.350000
v -2.210234 2.303988 -8.510000
v -2.221814 2.330969 -8.417624
v -2.168270 2.409054 -8.396863
v -2.315301 2.345953 -8.396863
v -0.107160 7.874421 -8.510000
v -0.166508 7.725834 -8.350000
v -0.017921 7.666487 -8.510000
v -0.124543 7.830901 -8.396863
v -0.046457 7.777357 -8.417624
v -0.061441 7.683870 -8.396863
v -0.019476 7.788937 -8.510000
v -2.332683 2.302433 -9.090000
v -2.273336 2.451019 -9.250000
v -2.124749 2.391672 -9.090000
v -2.315301 2.345953 -9.203137
v -2.221814 2.330969 -9.182376
v -2.168270 2.409054 -9.203137
v -2.210234 2.303988 -9.090000
v -0.107160 7.874421 -9.090000
v -0.017921 7.666487 -9.090000
v -0.166508 7.725834 -9.250000
v -0.019476 7.788937 -9.090000
v -0.046457 7.777357 -9.182376
v -0.061441 7.683870 -9.203137
v -0.124543 7.830901 -9.203137
vn -0.6313 -0.7042 0.3251
vn -0.4224 -0.1813 0.8881
vn -0.9453 0.0275 0.3251
vn -0.1813 0.4224 0.8881
vn 0.0275 0.9453 0.3251
vn -0.7042 0.6313 0.3251
vn -0.6313 -0.7042 -0.3251
vn -0.9453 0.0275 -0.3251
vn -0.4224 -0.1813 -0.8881
vn 0.0275 0.9453 -0.3251
vn -0.1813 0.4224 -0.8881
vn -0.7042 0.6313 -0.3251
vn -0.0275 -0.9453 0.3251
vn 0.7042 -0.6313 0.3251
vn 0.1813 -0.4224 0.8881
vn 0.6313 0.7042 0.3251
vn 0.4224 0.1813 0.8881
vn 0.9453 -0.0275 0.3251
vn -0.0275 -0.9453 -0.3251
vn 0.1813 -0.4224 -0.8881
vn 0.7042 -0.6313 -0.3251
vn 0.6313 0.7042 -0.3251
vn 0.9453 -0.0275 -0.3251
vn 0.4224 0.1813 -0.8881
vn -0.6981 -0.7160 -0.0000
vn -0.9999 -0.0127 -0.0000
vn -0.3554 0.1419 0.9239
vn -0.8580 0.3427 0.3827
vn -0.0127 0.9999 -0.0000
vn -0.7160 0.6981 -0.0000
vn -0.3554 0.1419 -0.9239
vn -0.8580 0.3427 -0.3827
vn -0.3427 -0.8580 -0.3827
vn -0.1419 -0.3554 -0.9239
vn 0.3427 0.8580 -0.3827
vn 0.1419 0.3554 -0.9239
vn 0.8580 -0.3427 -0.3827
vn 0.3554 -0.1419 -0.9239
vn 0.0127 -0.9999 -0.0000
vn 0.7160 -0.6981 -0.0000
vn 0.6981 0.7160 -0.0000
vn 0.9999 0.0127 -0.0000
vn 0.3554 -0.1419 0.9239
vn 0.8580 -0.3427 0.3827
vn -0.3427 -0.8580 0.3827
vn -0.1419 -0.3554 0.9239
vn 0.3427 0.8580 0.3827
vn 0.1419 0.3554 0.9239
vn -0.3709 -0.9287 -0.0000
vn -0.9287 0.3709 -0.0000
vn -0.0000 -0.0000 1.0000
vn 0.3709 0.9287 -0.0000
vn -0.0000 -0.0000 -1.0000
vn 0.9287 -0.3709 -0.0000
vt 0.437396 0.013523
vt 0.427467 0.013523
vt 0.427467 0.007791
vt 0.437396 0.003595
vt 0.249059 0.365971
vt 0.258987 0.365971
vt 0.258987 0.371703
vt 0.249059 0.375899
vt 0.335161 0.365971
vt 0.335161 0.375899
vt 0.329429 0.375899
vt 0.325233 0.365971
vt 0.249059 0.013523
vt 0.249059 0.003595
vt 0.254791 0.003595
vt 0.258987 0.013523
vt 0.437396 0.249059
vt 0.437396 0.258987
vt 0.431664 0.258987
vt 0.427467 0.249059
vt 0.335161 0.013523
vt 0.325233 0.013523
vt 0.325233 0.007791
vt 0.335161 0.003595
vt 0.473385 0.013523
vt 0.473385 0.003595
vt 0.479117 0.003595
vt 0.483313 0.013523
vt 0.371150 0.365971
vt 0.381078 0.365971
vt 0.381078 0.371703
vt 0.371150 0.375899
vt 0.013523 0.365971
vt 0.013523 0.375899
vt 0.007791 0.375899
vt 0.003595 0.365971
vt 0.473385 0.249059
vt 0.483313 0.249059
vt 0.483313 0.254791
vt 0.473385 0.258987
vt 0.013523 0.013523
vt 0.003595 0.013523
vt 0.003595 0.007791
vt 0.013523 0.003595
vt 0.371150 0.013523
vt 0.371150 0.003595
vt 0.376882 0.003595
vt 0.381078 0.013523
vt 0.437396 0.117768
vt 0.437396 0.127696
vt 0.431664 0.127696
vt 0.427467 0.117768
vt 0.371150 0.745464
vt 0.381078 0.745464
vt 0.381078 0.751196
vt 0.371150 0.755392
vt 0.144814 0.365971
vt 0.144814 0.375899
vt 0.139082 0.375899
vt 0.134886 0.365971
vt 0.437396 0.144814
vt 0.427468 0.144814
vt 0.427468 0.139082
vt 0.437396 0.134886
vt 0.144814 0.013523
vt 0.134886 0.013523
vt 0.134886 0.007791
vt 0.144814 0.003595
vt 0.371150 0.393016
vt 0.371150 0.383088
vt 0.376882 0.383088
vt 0.381078 0.393016
vt 0.473385 0.117768
vt 0.483313 0.117768
vt 0.483313 0.123500
vt 0.473385 0.127696
vt 0.117768 0.365971
vt 0.127696 0.365971
vt 0.127696 0.371703
vt 0.117768 0.375899
vt 0.335161 0.745464
vt 0.335161 0.755392
vt 0.329429 0.755392
vt 0.325233 0.745464
vt 0.473385 0.144814
vt 0.473385 0.134886
vt 0.479117 0.134886
vt 0.483313 0.144814
vt 0.335161 0.393016
vt 0.325233 0.393016
vt 0.325233 0.387284
vt 0.335161 0.383088
vt 0.117768 0.013523
vt 0.117768 0.003595
vt 0.123500 0.003595
vt 0.127696 0.013523
s 0
usemtl DL2_Hull_Silver
f 2557/4587/2227 2560/4588/2227 2561/4589/2227 2563/4590/2227
f 2558/4591/2228 2562/4592/2228 2561/4593/2228 2560/4594/2228
f 2559/4595/2229 2563/4596/2229 2561/4597/2229 2562/4598/2229
f 2564/4599/2230 2567/4600/2230 2568/4601/2230 2570/4602/2230
f 2565/4603/2231 2569/4604/2231 2568/4605/2231 2567/4606/2231
f 2566/4607/2232 2570/4608/2232 2568/4609/2232 2569/4610/2232
f 2571/4611/2233 2574/4612/2233 2575/4613/2233 2577/4614/2233
f 2572/4615/2234 2576/4616/2234 2575/4617/2234 2574/4618/2234
f 2573/4619/2235 2577/4620/2235 2575/4621/2235 2576/4622/2235
f 2578/4623/2236 2581/4624/2236 2582/4625/2236 2584/4626/2236
f 2579/4627/2237 2583/4628/2237 2582/4629/2237 2581/4630/2237
f 2580/4631/2238 2584/4632/2238 2582/4633/2238 2583/4634/2238
f 2585/4635/2239 2588/4636/2239 2589/4637/2239 2591/4638/2239
f 2586/4639/2240 2590/4640/2240 2589/4641/2240 2588/4642/2240
f 2587/4643/2241 2591/4644/2241 2589/4645/2241 2590/4646/2241
f 2592/4647/2242 2595/4648/2242 2596/4649/2242 2598/4650/2242
f 2593/4651/2243 2597/4652/2243 2596/4653/2243 2595/4654/2243
f 2594/4655/2244 2598/4656/2244 2596/4657/2244 2597/4658/2244
f 2599/4659/2245 2602/4660/2245 2603/4661/2245 2605/4662/2245
f 2600/4663/2246 2604/4664/2246 2603/4665/2246 2602/4666/2246
f 2601/4667/2247 2605/4668/2247 2603/4669/2247 2604/4670/2247
f 2606/4671/2248 2609/4672/2248 2610/4673/2248 2612/4674/2248
f 2607/4675/2249 2611/4676/2249 2610/4677/2249 2609/4678/2249
f 2608/4679/2250 2612/4680/2250 2610/4681/2250 2611/4682/2250
f 2571/4611/2251 2557/4587/2251 2563/4590/2251 2574/4612/2251
f 2574/4618/2252 2563/4596/2252 2559/4595/2252 2572/4615/2252
f 2558/4591/2253 2564/4599/2253 2570/4602/2253 2562/4592/2253
f 2562/4598/2254 2570/4608/2254 2566/4607/2254 2559/4595/2254
f 2565/4603/2255 2578/4623/2255 2584/4626/2255 2569/4604/2255
f 2569/4610/2256 2584/4632/2256 2580/4631/2256 2566/4607/2256
f 2579/4627/2257 2573/4619/2257 2576/4622/2257 2583/4628/2257
f 2583/4634/2258 2576/4616/2258 2572/4615/2258 2580/4631/2258
f 2599/4659/2259 2571/4611/2259 2577/4614/2259 2602/4660/2259
f 2602/4666/2260 2577/4620/2260 2573/4619/2260 2600/4663/2260
f 2578/4623/2261 2606/4671/2261 2612/4674/2261 2581/4624/2261
f 2581/4630/2262 2612/4680/2262 2608/4679/2262 2579/4627/2262
f 2607/4675/2263 2601/4667/2263 2604/4670/2263 2611/4676/2263
f 2611/4682/2264 2604/4664/2264 2600/4663/2264 2608/4679/2264
f 2585/4635/2265 2599/4659/2265 2605/4662/2265 2588/4636/2265
f 2588/4642/2266 2605/4668/2266 2601/4667/2266 2586/4639/2266
f 2606/4671/2267 2592/4647/2267 2598/4650/2267 2609/4672/2267
f 2609/4678/2268 2598/4656/2268 2594/4655/2268 2607/4675/2268
f 2593/4651/2269 2587/4643/2269 2590/4646/2269 2597/4652/2269
f 2597/4658/2270 2590/4640/2270 2586/4639/2270 2594/4655/2270
f 2557/4587/2271 2585/4635/2271 2591/4638/2271 2560/4588/2271
f 2560/4594/2272 2591/4644/2272 2587/4643/2272 2558/4591/2272
f 2592/4647/2273 2565/4603/2273 2567/4606/2273 2595/4648/2273
f 2595/4654/2274 2567/4600/2274 2564/4599/2274 2593/4651/2274
f 2571/4611/2275 2599/4659/2275 2585/4635/2275 2557/4587/2275
f 2559/4595/2276 2566/4607/2276 2580/4631/2276 2572/4615/2276
f 2587/4643/2277 2593/4651/2277 2564/4599/2277 2558/4591/2277
f 2606/4671/2278 2578/4623/2278 2565/4603/2278 2592/4647/2278
f 2573/4619/2279 2579/4627/2279 2608/4679/2279 2600/4663/2279
f 2601/4667/2280 2607/4675/2280 2594/4655/2280 2586/4639/2280
o DL_Ring_Support_Light_1
v -3.057423 3.945674 -9.210000
v -3.046296 3.973534 -9.180000
v -3.074156 3.984661 -9.210000
v -3.054164 3.953834 -9.188787
v -3.068805 3.963873 -9.192679
v -3.065996 3.981402 -9.188787
v -3.073864 3.961702 -9.210000
v -1.362317 8.189672 -9.180000
v -1.351189 8.217531 -9.210000
v -1.390177 8.200799 -9.210000
v -1.354448 8.209372 -9.188787
v -1.371977 8.212181 -9.192679
v -1.374148 8.217239 -9.210000
v -1.382017 8.197539 -9.188787
v -3.057423 3.945674 -9.290000
v -3.074156 3.984661 -9.290000
v -3.046296 3.973534 -9.320000
v -3.073864 3.961702 -9.290000
v -3.068805 3.963873 -9.307321
v -3.065996 3.981402 -9.311213
v -3.054164 3.953834 -9.311213
v -1.351189 8.217531 -9.290000
v -1.362317 8.189672 -9.320000
v -1.390177 8.200799 -9.290000
v -1.354448 8.209372 -9.311213
v -1.371977 8.212181 -9.307321
v -1.382017 8.197539 -9.311213
v -1.374148 8.217239 -9.290000
v -2.648811 3.782469 -9.210000
v -2.609823 3.799201 -9.210000
v -2.637683 3.810329 -9.180000
v -2.625852 3.782760 -9.210000
v -2.628023 3.787819 -9.192679
v -2.617983 3.802460 -9.188787
v -2.645552 3.790629 -9.188787
v -0.942577 8.054326 -9.210000
v -0.953704 8.026466 -9.180000
v -0.925844 8.015339 -9.210000
v -0.945836 8.046166 -9.188787
v -0.931195 8.036127 -9.192679
v -0.934004 8.018598 -9.188787
v -0.926136 8.038298 -9.210000
v -2.648811 3.782469 -9.290000
v -2.637683 3.810329 -9.320000
v -2.609823 3.799201 -9.290000
v -2.645552 3.790629 -9.311213
v -2.628023 3.787819 -9.307321
v -2.617983 3.802460 -9.311213
v -2.625852 3.782760 -9.290000
v -0.942577 8.054326 -9.290000
v -0.925844 8.015339 -9.290000
v -0.953704 8.026466 -9.320000
v -0.926136 8.038298 -9.290000
v -0.931195 8.036127 -9.307321
v -0.934004 8.018598 -9.311213
v -0.945836 8.046166 -9.311213
vn -0.6313 -0.7041 0.3251
vn -0.4224 -0.1813 0.8881
vn -0.9453 0.0275 0.3251
vn -0.1813 0.4224 0.8881
vn 0.0275 0.9453 0.3251
vn -0.7042 0.6313 0.3251
vn -0.6313 -0.7041 -0.3251
vn -0.9453 0.0275 -0.3251
vn -0.4224 -0.1813 -0.8881
vn 0.0275 0.9453 -0.3251
vn -0.1813 0.4224 -0.8881
vn -0.7042 0.6313 -0.3251
vn -0.0275 -0.9453 0.3251
vn 0.7042 -0.6313 0.3251
vn 0.1813 -0.4224 0.8881
vn 0.6313 0.7041 0.3251
vn 0.4224 0.1813 0.8881
vn 0.9453 -0.0275 0.3251
vn -0.0275 -0.9453 -0.3251
vn 0.1813 -0.4224 -0.8881
vn 0.7041 -0.6313 -0.3251
vn 0.6313 0.7041 -0.3251
vn 0.9453 -0.0275 -0.3251
vn 0.4224 0.1813 -0.8881
vn -0.6981 -0.7160 -0.0000
vn -0.9999 -0.0127 -0.0000
vn -0.3554 0.1419 0.9239
vn -0.8580 0.3427 0.3827
vn -0.0127 0.9999 -0.0000
vn -0.7160 0.6981 -0.0000
vn -0.3554 0.1419 -0.9239
vn -0.8580 0.3427 -0.3827
vn -0.3427 -0.8580 -0.3827
vn -0.1419 -0.3554 -0.9239
vn 0.3427 0.8580 -0.3827
vn 0.1419 0.3554 -0.9239
vn 0.8580 -0.3427 -0.3827
vn 0.3554 -0.1419 -0.9239
vn 0.0127 -0.9999 -0.0000
vn 0.7160 -0.6981 -0.0000
vn 0.6981 0.7160 -0.0000
vn 0.9999 0.0127 -0.0000
vn 0.3554 -0.1419 0.9239
vn 0.8580 -0.3427 0.3827
vn -0.3427 -0.8580 0.3827
vn -0.1419 -0.3554 0.9239
vn 0.3427 0.8580 0.3827
vn 0.1419 0.3554 0.9239
vn -0.3709 -0.9287 -0.0000
vn -0.9287 0.3709 -0.0000
vn -0.0000 -0.0000 1.0000
vn 0.3709 0.9287 -0.0000
vn -0.0000 -0.0000 -1.0000
vn 0.9287 -0.3709 -0.0000
vt 0.126770 0.294679
vt 0.124904 0.294679
vt 0.124904 0.293601
vt 0.126770 0.292812
vt 0.118656 0.577186
vt 0.120522 0.577186
vt 0.120522 0.578264
vt 0.118656 0.579053
vt 0.091276 0.867807
vt 0.091276 0.869674
vt 0.090198 0.869674
vt 0.089409 0.867807
vt 0.118656 0.294679
vt 0.118656 0.292812
vt 0.119733 0.292812
vt 0.120522 0.294679
vt 0.126770 0.357553
vt 0.126770 0.359420
vt 0.125693 0.359420
vt 0.124904 0.357553
vt 0.091276 0.585301
vt 0.089409 0.585301
vt 0.089409 0.584223
vt 0.091276 0.583434
vt 0.131748 0.294679
vt 0.131748 0.292812
vt 0.132826 0.292812
vt 0.133615 0.294679
vt 0.096254 0.867808
vt 0.098121 0.867807
vt 0.098121 0.868885
vt 0.096254 0.869674
vt 0.091276 0.286564
vt 0.091276 0.288431
vt 0.090198 0.288431
vt 0.089409 0.286564
vt 0.131748 0.357553
vt 0.133615 0.357553
vt 0.133615 0.358631
vt 0.131748 0.359420
vt 0.091276 0.004057
vt 0.089409 0.004057
vt 0.089409 0.002980
vt 0.091276 0.002191
vt 0.096254 0.585301
vt 0.096254 0.583434
vt 0.097332 0.583434
vt 0.098121 0.585301
vt 0.126770 0.322059
vt 0.126770 0.323925
vt 0.125693 0.323925
vt 0.124904 0.322059
vt 0.131748 0.286564
vt 0.133615 0.286564
vt 0.133615 0.287642
vt 0.131748 0.288431
vt 0.091276 0.577186
vt 0.091276 0.579053
vt 0.090198 0.579053
vt 0.089409 0.577186
vt 0.126770 0.330173
vt 0.124904 0.330173
vt 0.124904 0.329096
vt 0.126770 0.328307
vt 0.091276 0.294679
vt 0.089409 0.294679
vt 0.089409 0.293601
vt 0.091276 0.292812
vt 0.131748 0.004057
vt 0.131748 0.002191
vt 0.132826 0.002191
vt 0.133615 0.004057
vt 0.131748 0.322059
vt 0.133615 0.322059
vt 0.133615 0.323136
vt 0.131748 0.323925
vt 0.118656 0.286564
vt 0.120522 0.286564
vt 0.120522 0.287642
vt 0.118656 0.288431
vt 0.126770 0.286564
vt 0.126770 0.288431
vt 0.125693 0.288431
vt 0.124904 0.286564
vt 0.131748 0.330173
vt 0.131748 0.328307
vt 0.132826 0.328307
vt 0.133615 0.330173
vt 0.126770 0.004057
vt 0.124904 0.004057
vt 0.124904 0.002980
vt 0.126770 0.002191
vt 0.118656 0.004057
vt 0.118656 0.002191
vt 0.119733 0.002191
vt 0.120522 0.004057
s 0
usemtl DL2_IceBlue
f 2613/4683/2281 2616/4684/2281 2617/4685/2281 2619/4686/2281
f 2614/4687/2282 2618/4688/2282 2617/4689/2282 2616/4690/2282
f 2615/4691/2283 2619/4692/2283 2617/4693/2283 2618/4694/2283
f 2620/4695/2284 2623/4696/2284 2624/4697/2284 2626/4698/2284
f 2621/4699/2285 2625/4700/2285 2624/4701/2285 2623/4702/2285
f 2622/4703/2286 2626/4704/2286 2624/4705/2286 2625/4706/2286
f 2627/4707/2287 2630/4708/2287 2631/4709/2287 2633/4710/2287
f 2628/4711/2288 2632/4712/2288 2631/4713/2288 2630/4714/2288
f 2629/4715/2289 2633/4716/2289 2631/4717/2289 2632/4718/2289
f 2634/4719/2290 2637/4720/2290 2638/4721/2290 2640/4722/2290
f 2635/4723/2291 2639/4724/2291 2638/4725/2291 2637/4726/2291
f 2636/4727/2292 2640/4728/2292 2638/4729/2292 2639/4730/2292
f 2641/4731/2293 2644/4732/2293 2645/4733/2293 2647/4734/2293
f 2642/4735/2294 2646/4736/2294 2645/4737/2294 2644/4738/2294
f 2643/4739/2295 2647/4740/2295 2645/4741/2295 2646/4742/2295
f 2648/4743/2296 2651/4744/2296 2652/4745/2296 2654/4746/2296
f 2649/4747/2297 2653/4748/2297 2652/4749/2297 2651/4750/2297
f 2650/4751/2298 2654/4752/2298 2652/4753/2298 2653/4754/2298
f 2655/4755/2299 2658/4756/2299 2659/4757/2299 2661/4758/2299
f 2656/4759/2300 2660/4760/2300 2659/4761/2300 2658/4762/2300
f 2657/4763/2301 2661/4764/2301 2659/4765/2301 2660/4766/2301
f 2662/4767/2302 2665/4768/2302 2666/4769/2302 2668/4770/2302
f 2663/4771/2303 2667/4772/2303 2666/4773/2303 2665/4774/2303
f 2664/4775/2304 2668/4776/2304 2666/4777/2304 2667/4778/2304
f 2627/4707/2305 2613/4683/2305 2619/4686/2305 2630/4708/2305
f 2630/4714/2306 2619/4692/2306 2615/4691/2306 2628/4711/2306
f 2614/4687/2307 2620/4695/2307 2626/4698/2307 2618/4688/2307
f 2618/4694/2308 2626/4704/2308 2622/4703/2308 2615/4691/2308
f 2621/4699/2309 2634/4719/2309 2640/4722/2309 2625/4700/2309
f 2625/4706/2310 2640/4728/2310 2636/4727/2310 2622/4703/2310
f 2635/4723/2311 2629/4715/2311 2632/4718/2311 2639/4724/2311
f 2639/4730/2312 2632/4712/2312 2628/4711/2312 2636/4727/2312
f 2655/4755/2313 2627/4707/2313 2633/4710/2313 2658/4756/2313
f 2658/4762/2314 2633/4716/2314 2629/4715/2314 2656/4759/2314
f 2634/4719/2315 2662/4767/2315 2668/4770/2315 2637/4720/2315
f 2637/4726/2316 2668/4776/2316 2664/4775/2316 2635/4723/2316
f 2663/4771/2317 2657/4763/2317 2660/4766/2317 2667/4772/2317
f 2667/4778/2318 2660/4760/2318 2656/4759/2318 2664/4775/2318
f 2641/4731/2319 2655/4755/2319 2661/4758/2319 2644/4732/2319
f 2644/4738/2320 2661/4764/2320 2657/4763/2320 2642/4735/2320
f 2662/4767/2321 2648/4743/2321 2654/4746/2321 2665/4768/2321
f 2665/4774/2322 2654/4752/2322 2650/4751/2322 2663/4771/2322
f 2649/4747/2323 2643/4739/2323 2646/4742/2323 2653/4748/2323
f 2653/4754/2324 2646/4736/2324 2642/4735/2324 2650/4751/2324
f 2613/4683/2325 2641/4731/2325 2647/4734/2325 2616/4684/2325
f 2616/4690/2326 2647/4740/2326 2643/4739/2326 2614/4687/2326
f 2648/4743/2327 2621/4699/2327 2623/4702/2327 2651/4744/2327
f 2651/4750/2328 2623/4696/2328 2620/4695/2328 2649/4747/2328
f 2627/4707/2329 2655/4755/2329 2641/4731/2329 2613/4683/2329
f 2615/4691/2330 2622/4703/2330 2636/4727/2330 2628/4711/2330
f 2643/4739/2331 2649/4747/2331 2620/4695/2331 2614/4687/2331
f 2662/4767/2332 2634/4719/2332 2621/4699/2332 2648/4743/2332
f 2629/4715/2333 2635/4723/2333 2664/4775/2333 2656/4759/2333
f 2657/4763/2334 2663/4771/2334 2650/4751/2334 2642/4735/2334
o DL_X_Base_-1_1
v 10.700000 1.450000 13.880000
v 11.700000 1.450000 13.880000
v 10.700000 1.085573 13.998409
v 11.700000 1.085573 13.998409
v 10.700000 0.860345 14.308410
v 11.700000 0.860345 14.308410
v 10.700000 0.860345 14.691590
v 11.700000 0.860345 14.691590
v 10.700000 1.085573 15.001591
v 11.700000 1.085573 15.001591
v 10.700000 1.450000 15.120000
v 11.700000 1.450000 15.120000
v 10.700000 1.814427 15.001591
v 11.700000 1.814427 15.001591
v 10.700000 2.039655 14.691590
v 11.700000 2.039655 14.691590
v 10.700000 2.039655 14.308410
v 11.700000 2.039655 14.308410
v 10.700000 1.814427 13.998409
v 11.700000 1.814427 13.998409
vn -0.0000 -0.3090 -0.9511
vn -0.0000 -0.8090 -0.5878
vn -0.0000 -1.0000 -0.0000
vn -0.0000 -0.8090 0.5878
vn -0.0000 -0.3090 0.9511
vn -0.0000 0.3090 0.9511
vn -0.0000 0.8090 0.5878
vn -0.0000 1.0000 -0.0000
vn 1.0000 -0.0000 -0.0000
vn -0.0000 0.8090 -0.5878
vn -0.0000 0.3090 -0.9511
vn -1.0000 -0.0000 -0.0000
vt 0.152819 0.209032
vt 0.090610 0.209032
vt 0.090610 0.185194
vt 0.152819 0.185194
vt 0.090610 0.165909
vt 0.152819 0.165909
vt 0.090610 0.429297
vt 0.090610 0.367088
vt 0.114447 0.367088
vt 0.114447 0.429297
vt 0.152819 0.295376
vt 0.090610 0.295376
vt 0.090610 0.276091
vt 0.152819 0.276091
vt 0.090610 0.252254
vt 0.152819 0.252254
vt 0.090610 0.232969
vt 0.152819 0.232969
vt 0.152819 0.362435
vt 0.090610 0.362435
vt 0.090610 0.343150
vt 0.152819 0.343150
vt 0.090610 0.319313
vt 0.152819 0.319313
vt 0.127292 0.079466
vt 0.104621 0.072099
vt 0.090610 0.052815
vt 0.090610 0.028977
vt 0.104621 0.009692
vt 0.127292 0.002326
vt 0.149962 0.009692
vt 0.163974 0.028977
vt 0.163974 0.052815
vt 0.149962 0.072099
vt 0.090610 0.300028
vt 0.152819 0.300028
vt 0.152819 0.228317
vt 0.090610 0.228317
vt 0.104621 0.153891
vt 0.090610 0.134606
vt 0.090610 0.110769
vt 0.104621 0.091484
vt 0.127292 0.084118
vt 0.149962 0.091484
vt 0.163974 0.110769
vt 0.163974 0.134606
vt 0.149962 0.153891
vt 0.127292 0.161257
s 0
usemtl DL2_Hull_Silver
f 2669/4779/2335 2670/4780/2335 2672/4781/2335 2671/4782/2335
f 2671/4782/2336 2672/4781/2336 2674/4783/2336 2673/4784/2336
f 2673/4785/2337 2674/4786/2337 2676/4787/2337 2675/4788/2337
f 2675/4789/2338 2676/4790/2338 2678/4791/2338 2677/4792/2338
f 2677/4792/2339 2678/4791/2339 2680/4793/2339 2679/4794/2339
f 2679/4794/2340 2680/4793/2340 2682/4795/2340 2681/4796/2340
f 2681/4797/2341 2682/4798/2341 2684/4799/2341 2683/4800/2341
f 2683/4800/2342 2684/4799/2342 2686/4801/2342 2685/4802/2342
f 2672/4803/2343 2670/4804/2343 2688/4805/2343 2686/4806/2343 2684/4807/2343 2682/4808/2343 2680/4809/2343 2678/4810/2343 2676/4811/2343 2674/4812/2343
f 2685/4802/2344 2686/4801/2344 2688/4813/2344 2687/4814/2344
f 2687/4815/2345 2688/4816/2345 2670/4780/2345 2669/4779/2345
f 2669/4817/2346 2671/4818/2346 2673/4819/2346 2675/4820/2346 2677/4821/2346 2679/4822/2346 2681/4823/2346 2683/4824/2346 2685/4825/2346 2687/4826/2346
o DL_X_Base_-1_2
v 6.500000 1.450000 17.879999
v 7.500000 1.450000 17.879999
v 6.500000 1.085573 17.998409
v 7.500000 1.085573 17.998409
v 6.500000 0.860345 18.308409
v 7.500000 0.860345 18.308409
v 6.500000 0.860345 18.691591
v 7.500000 0.860345 18.691591
v 6.500000 1.085573 19.001591
v 7.500000 1.085573 19.001591
v 6.500000 1.450000 19.120001
v 7.500000 1.450000 19.120001
v 6.500000 1.814427 19.001591
v 7.500000 1.814427 19.001591
v 6.500000 2.039655 18.691591
v 7.500000 2.039655 18.691591
v 6.500000 2.039655 18.308409
v 7.500000 2.039655 18.308409
v 6.500000 1.814427 17.998409
v 7.500000 1.814427 17.998409
vn -0.0000 -0.3090 -0.9511
vn -0.0000 -0.8090 -0.5878
vn -0.0000 -1.0000 -0.0000
vn -0.0000 -0.8090 0.5878
vn -0.0000 -0.3090 0.9511
vn -0.0000 0.3090 0.9511
vn -0.0000 0.8090 0.5878
vn -0.0000 1.0000 -0.0000
vn 1.0000 -0.0000 -0.0000
vn -0.0000 0.8090 -0.5878
vn -0.0000 0.3090 -0.9511
vn -1.0000 -0.0000 -0.0000
vt 0.152819 0.209032
vt 0.090610 0.209032
vt 0.090610 0.185194
vt 0.152819 0.185194
vt 0.090610 0.165909
vt 0.152819 0.165909
vt 0.090610 0.429297
vt 0.090610 0.367088
vt 0.114447 0.367088
vt 0.114447 0.429297
vt 0.152819 0.295376
vt 0.090610 0.295376
vt 0.090610 0.276091
vt 0.152819 0.276091
vt 0.090610 0.252254
vt 0.152819 0.252254
vt 0.090610 0.232969
vt 0.152819 0.232969
vt 0.152819 0.362435
vt 0.090610 0.362435
vt 0.090610 0.343150
vt 0.152819 0.343150
vt 0.090610 0.319313
vt 0.152819 0.319313
vt 0.127292 0.079466
vt 0.104621 0.072099
vt 0.090610 0.052815
vt 0.090610 0.028977
vt 0.104621 0.009692
vt 0.127292 0.002326
vt 0.149962 0.009692
vt 0.163974 0.028977
vt 0.163974 0.052815
vt 0.149962 0.072099
vt 0.090610 0.300028
vt 0.152819 0.300028
vt 0.152819 0.228317
vt 0.090610 0.228317
vt 0.104621 0.153891
vt 0.090610 0.134606
vt 0.090610 0.110769
vt 0.104621 0.091484
vt 0.127292 0.084118
vt 0.149962 0.091484
vt 0.163974 0.110769
vt 0.163974 0.134606
vt 0.149962 0.153891
vt 0.127292 0.161257
s 0
usemtl DL2_Hull_Silver
f 2689/4827/2347 2690/4828/2347 2692/4829/2347 2691/4830/2347
f 2691/4830/2348 2692/4829/2348 2694/4831/2348 2693/4832/2348
f 2693/4833/2349 2694/4834/2349 2696/4835/2349 2695/4836/2349
f 2695/4837/2350 2696/4838/2350 2698/4839/2350 2697/4840/2350
f 2697/4840/2351 2698/4839/2351 2700/4841/2351 2699/4842/2351
f 2699/4842/2352 2700/4841/2352 2702/4843/2352 2701/4844/2352
f 2701/4845/2353 2702/4846/2353 2704/4847/2353 2703/4848/2353
f 2703/4848/2354 2704/4847/2354 2706/4849/2354 2705/4850/2354
f 2692/4851/2355 2690/4852/2355 2708/4853/2355 2706/4854/2355 2704/4855/2355 2702/4856/2355 2700/4857/2355 2698/4858/2355 2696/4859/2355 2694/4860/2355
f 2705/4850/2356 2706/4849/2356 2708/4861/2356 2707/4862/2356
f 2707/4863/2357 2708/4864/2357 2690/4828/2357 2689/4827/2357
f 2689/4865/2358 2691/4866/2358 2693/4867/2358 2695/4868/2358 2697/4869/2358 2699/4870/2358 2701/4871/2358 2703/4872/2358 2705/4873/2358 2707/4874/2358
o DL_X_Base_-1_3
v 2.300000 1.450000 21.879999
v 3.300000 1.450000 21.879999
v 2.300000 1.085573 21.998409
v 3.300000 1.085573 21.998409
v 2.300000 0.860345 22.308409
v 3.300000 0.860345 22.308409
v 2.300000 0.860345 22.691591
v 3.300000 0.860345 22.691591
v 2.300000 1.085573 23.001591
v 3.300000 1.085573 23.001591
v 2.300000 1.450000 23.120001
v 3.300000 1.450000 23.120001
v 2.300000 1.814427 23.001591
v 3.300000 1.814427 23.001591
v 2.300000 2.039655 22.691591
v 3.300000 2.039655 22.691591
v 2.300000 2.039655 22.308409
v 3.300000 2.039655 22.308409
v 2.300000 1.814427 21.998409
v 3.300000 1.814427 21.998409
vn -0.0000 -0.3090 -0.9511
vn -0.0000 -0.8090 -0.5878
vn -0.0000 -1.0000 -0.0000
vn -0.0000 -0.8090 0.5878
vn -0.0000 -0.3090 0.9511
vn -0.0000 0.3090 0.9511
vn -0.0000 0.8090 0.5878
vn -0.0000 1.0000 -0.0000
vn 1.0000 -0.0000 -0.0000
vn -0.0000 0.8090 -0.5878
vn -0.0000 0.3090 -0.9511
vn -1.0000 -0.0000 -0.0000
vt 0.152819 0.209032
vt 0.090610 0.209032
vt 0.090610 0.185194
vt 0.152819 0.185194
vt 0.090610 0.165909
vt 0.152819 0.165909
vt 0.090610 0.429297
vt 0.090610 0.367088
vt 0.114447 0.367088
vt 0.114447 0.429297
vt 0.152819 0.295376
vt 0.090610 0.295376
vt 0.090610 0.276091
vt 0.152819 0.276091
vt 0.090610 0.252254
vt 0.152819 0.252254
vt 0.090610 0.232969
vt 0.152819 0.232969
vt 0.152819 0.362435
vt 0.090610 0.362435
vt 0.090610 0.343150
vt 0.152819 0.343150
vt 0.090610 0.319313
vt 0.152819 0.319313
vt 0.127292 0.079466
vt 0.104621 0.072099
vt 0.090610 0.052815
vt 0.090610 0.028977
vt 0.104621 0.009692
vt 0.127292 0.002326
vt 0.149962 0.009692
vt 0.163974 0.028977
vt 0.163974 0.052815
vt 0.149962 0.072099
vt 0.090610 0.300028
vt 0.152819 0.300028
vt 0.152819 0.228317
vt 0.090610 0.228317
vt 0.104621 0.153891
vt 0.090610 0.134606
vt 0.090610 0.110769
vt 0.104621 0.091484
vt 0.127292 0.084118
vt 0.149962 0.091484
vt 0.163974 0.110769
vt 0.163974 0.134606
vt 0.149962 0.153891
vt 0.127292 0.161257
s 0
usemtl DL2_Hull_Silver
f 2709/4875/2359 2710/4876/2359 2712/4877/2359 2711/4878/2359
f 2711/4878/2360 2712/4877/2360 2714/4879/2360 2713/4880/2360
f 2713/4881/2361 2714/4882/2361 2716/4883/2361 2715/4884/2361
f 2715/4885/2362 2716/4886/2362 2718/4887/2362 2717/4888/2362
f 2717/4888/2363 2718/4887/2363 2720/4889/2363 2719/4890/2363
f 2719/4890/2364 2720/4889/2364 2722/4891/2364 2721/4892/2364
f 2721/4893/2365 2722/4894/2365 2724/4895/2365 2723/4896/2365
f 2723/4896/2366 2724/4895/2366 2726/4897/2366 2725/4898/2366
f 2712/4899/2367 2710/4900/2367 2728/4901/2367 2726/4902/2367 2724/4903/2367 2722/4904/2367 2720/4905/2367 2718/4906/2367 2716/4907/2367 2714/4908/2367
f 2725/4898/2368 2726/4897/2368 2728/4909/2368 2727/4910/2368
f 2727/4911/2369 2728/4912/2369 2710/4876/2369 2709/4875/2369
f 2709/4913/2370 2711/4914/2370 2713/4915/2370 2715/4916/2370 2717/4917/2370 2719/4918/2370 2721/4919/2370 2723/4920/2370 2725/4921/2370 2727/4922/2370
o DL_X_Base_-1_4
v -1.900000 1.450000 25.879999
v -0.900000 1.450000 25.879999
v -1.900000 1.085573 25.998409
v -0.900000 1.085573 25.998409
v -1.900000 0.860345 26.308409
v -0.900000 0.860345 26.308409
v -1.900000 0.860345 26.691591
v -0.900000 0.860345 26.691591
v -1.900000 1.085573 27.001591
v -0.900000 1.085573 27.001591
v -1.900000 1.450000 27.120001
v -0.900000 1.450000 27.120001
v -1.900000 1.814427 27.001591
v -0.900000 1.814427 27.001591
v -1.900000 2.039655 26.691591
v -0.900000 2.039655 26.691591
v -1.900000 2.039655 26.308409
v -0.900000 2.039655 26.308409
v -1.900000 1.814427 25.998409
v -0.900000 1.814427 25.998409
vn -0.0000 -0.3090 -0.9511
vn -0.0000 -0.8090 -0.5878
vn -0.0000 -1.0000 -0.0000
vn -0.0000 -0.8090 0.5878
vn -0.0000 -0.3090 0.9511
vn -0.0000 0.3090 0.9511
vn -0.0000 0.8090 0.5878
vn -0.0000 1.0000 -0.0000
vn 1.0000 -0.0000 -0.0000
vn -0.0000 0.8090 -0.5878
vn -0.0000 0.3090 -0.9511
vn -1.0000 -0.0000 -0.0000
vt 0.152819 0.209032
vt 0.090610 0.209032
vt 0.090610 0.185194
vt 0.152819 0.185194
vt 0.090610 0.165909
vt 0.152819 0.165909
vt 0.090610 0.429297
vt 0.090610 0.367088
vt 0.114447 0.367088
vt 0.114447 0.429297
vt 0.152819 0.295376
vt 0.090610 0.295376
vt 0.090610 0.276091
vt 0.152819 0.276091
vt 0.090610 0.252254
vt 0.152819 0.252254
vt 0.090610 0.232969
vt 0.152819 0.232969
vt 0.152819 0.362435
vt 0.090610 0.362435
vt 0.090610 0.343150
vt 0.152819 0.343150
vt 0.090610 0.319313
vt 0.152819 0.319313
vt 0.127292 0.079466
vt 0.104621 0.072099
vt 0.090610 0.052815
vt 0.090610 0.028977
vt 0.104621 0.009692
vt 0.127292 0.002326
vt 0.149962 0.009692
vt 0.163974 0.028977
vt 0.163974 0.052815
vt 0.149962 0.072099
vt 0.090610 0.300028
vt 0.152819 0.300028
vt 0.152819 0.228317
vt 0.090610 0.228317
vt 0.104621 0.153891
vt 0.090610 0.134606
vt 0.090610 0.110769
vt 0.104621 0.091484
vt 0.127292 0.084118
vt 0.149962 0.091484
vt 0.163974 0.110769
vt 0.163974 0.134606
vt 0.149962 0.153891
vt 0.127292 0.161257
s 0
usemtl DL2_Hull_Silver
f 2729/4923/2371 2730/4924/2371 2732/4925/2371 2731/4926/2371
f 2731/4926/2372 2732/4925/2372 2734/4927/2372 2733/4928/2372
f 2733/4929/2373 2734/4930/2373 2736/4931/2373 2735/4932/2373
f 2735/4933/2374 2736/4934/2374 2738/4935/2374 2737/4936/2374
f 2737/4936/2375 2738/4935/2375 2740/4937/2375 2739/4938/2375
f 2739/4938/2376 2740/4937/2376 2742/4939/2376 2741/4940/2376
f 2741/4941/2377 2742/4942/2377 2744/4943/2377 2743/4944/2377
f 2743/4944/2378 2744/4943/2378 2746/4945/2378 2745/4946/2378
f 2732/4947/2379 2730/4948/2379 2748/4949/2379 2746/4950/2379 2744/4951/2379 2742/4952/2379 2740/4953/2379 2738/4954/2379 2736/4955/2379 2734/4956/2379
f 2745/4946/2380 2746/4945/2380 2748/4957/2380 2747/4958/2380
f 2747/4959/2381 2748/4960/2381 2730/4924/2381 2729/4923/2381
f 2729/4961/2382 2731/4962/2382 2733/4963/2382 2735/4964/2382 2737/4965/2382 2739/4966/2382 2741/4967/2382 2743/4968/2382 2745/4969/2382 2747/4970/2382
o DL_X_Base_-1_5
v -6.100000 1.450000 9.880000
v -5.100000 1.450000 9.880000
v -6.100000 1.085573 9.998409
v -5.100000 1.085573 9.998409
v -6.100000 0.860345 10.308410
v -5.100000 0.860345 10.308410
v -6.100000 0.860345 10.691590
v -5.100000 0.860345 10.691590
v -6.100000 1.085573 11.001591
v -5.100000 1.085573 11.001591
v -6.100000 1.450000 11.120000
v -5.100000 1.450000 11.120000
v -6.100000 1.814427 11.001591
v -5.100000 1.814427 11.001591
v -6.100000 2.039655 10.691590
v -5.100000 2.039655 10.691590
v -6.100000 2.039655 10.308410
v -5.100000 2.039655 10.308410
v -6.100000 1.814427 9.998409
v -5.100000 1.814427 9.998409
vn -0.0000 -0.3090 -0.9511
vn -0.0000 -0.8090 -0.5878
vn -0.0000 -1.0000 -0.0000
vn -0.0000 -0.8090 0.5878
vn -0.0000 -0.3090 0.9511
vn -0.0000 0.3090 0.9511
vn -0.0000 0.8090 0.5878
vn -0.0000 1.0000 -0.0000
vn 1.0000 -0.0000 -0.0000
vn -0.0000 0.8090 -0.5878
vn -0.0000 0.3090 -0.9511
vn -1.0000 -0.0000 -0.0000
vt 0.152819 0.209032
vt 0.090610 0.209032
vt 0.090610 0.185194
vt 0.152819 0.185194
vt 0.090610 0.165909
vt 0.152819 0.165909
vt 0.090610 0.429297
vt 0.090610 0.367088
vt 0.114447 0.367088
vt 0.114447 0.429297
vt 0.152819 0.295376
vt 0.090610 0.295376
vt 0.090610 0.276091
vt 0.152819 0.276091
vt 0.090610 0.252254
vt 0.152819 0.252254
vt 0.090610 0.232969
vt 0.152819 0.232969
vt 0.152819 0.362435
vt 0.090610 0.362435
vt 0.090610 0.343150
vt 0.152819 0.343150
vt 0.090610 0.319313
vt 0.152819 0.319313
vt 0.127292 0.079466
vt 0.104621 0.072099
vt 0.090610 0.052815
vt 0.090610 0.028977
vt 0.104621 0.009692
vt 0.127292 0.002326
vt 0.149962 0.009692
vt 0.163974 0.028977
vt 0.163974 0.052815
vt 0.149962 0.072099
vt 0.090610 0.300028
vt 0.152819 0.300028
vt 0.152819 0.228317
vt 0.090610 0.228317
vt 0.104621 0.153891
vt 0.090610 0.134606
vt 0.090610 0.110769
vt 0.104621 0.091484
vt 0.127292 0.084118
vt 0.149962 0.091484
vt 0.163974 0.110769
vt 0.163974 0.134606
vt 0.149962 0.153891
vt 0.127292 0.161257
s 0
usemtl DL2_Hull_Silver
f 2749/4971/2383 2750/4972/2383 2752/4973/2383 2751/4974/2383
f 2751/4974/2384 2752/4973/2384 2754/4975/2384 2753/4976/2384
f 2753/4977/2385 2754/4978/2385 2756/4979/2385 2755/4980/2385
f 2755/4981/2386 2756/4982/2386 2758/4983/2386 2757/4984/2386
f 2757/4984/2387 2758/4983/2387 2760/4985/2387 2759/4986/2387
f 2759/4986/2388 2760/4985/2388 2762/4987/2388 2761/4988/2388
f 2761/4989/2389 2762/4990/2389 2764/4991/2389 2763/4992/2389
f 2763/4992/2390 2764/4991/2390 2766/4993/2390 2765/4994/2390
f 2752/4995/2391 2750/4996/2391 2768/4997/2391 2766/4998/2391 2764/4999/2391 2762/5000/2391 2760/5001/2391 2758/5002/2391 2756/5003/2391 2754/5004/2391
f 2765/4994/2392 2766/4993/2392 2768/5005/2392 2767/5006/2392
f 2767/5007/2393 2768/5008/2393 2750/4972/2393 2749/4971/2393
f 2749/5009/2394 2751/5010/2394 2753/5011/2394 2755/5012/2394 2757/5013/2394 2759/5014/2394 2761/5015/2394 2763/5016/2394 2765/5017/2394 2767/5018/2394
o DL_X_Base_-1_6
v -10.300000 1.450000 13.880000
v -9.300000 1.450000 13.880000
v -10.300000 1.085573 13.998409
v -9.300000 1.085573 13.998409
v -10.300000 0.860345 14.308410
v -9.300000 0.860345 14.308410
v -10.300000 0.860345 14.691590
v -9.300000 0.860345 14.691590
v -10.300000 1.085573 15.001591
v -9.300000 1.085573 15.001591
v -10.300000 1.450000 15.120000
v -9.300000 1.450000 15.120000
v -10.300000 1.814427 15.001591
v -9.300000 1.814427 15.001591
v -10.300000 2.039655 14.691590
v -9.300000 2.039655 14.691590
v -10.300000 2.039655 14.308410
v -9.300000 2.039655 14.308410
v -10.300000 1.814427 13.998409
v -9.300000 1.814427 13.998409
vn -0.0000 -0.3090 -0.9511
vn -0.0000 -0.8090 -0.5878
vn -0.0000 -1.0000 -0.0000
vn -0.0000 -0.8090 0.5878
vn -0.0000 -0.3090 0.9511
vn -0.0000 0.3090 0.9511
vn -0.0000 0.8090 0.5878
vn -0.0000 1.0000 -0.0000
vn 1.0000 -0.0000 -0.0000
vn -0.0000 0.8090 -0.5878
vn -0.0000 0.3090 -0.9511
vn -1.0000 -0.0000 -0.0000
vt 0.152819 0.209032
vt 0.090610 0.209032
vt 0.090610 0.185194
vt 0.152819 0.185194
vt 0.090610 0.165909
vt 0.152819 0.165909
vt 0.090610 0.429297
vt 0.090610 0.367088
vt 0.114447 0.367088
vt 0.114447 0.429297
vt 0.152819 0.295376
vt 0.090610 0.295376
vt 0.090610 0.276091
vt 0.152819 0.276091
vt 0.090610 0.252254
vt 0.152819 0.252254
vt 0.090610 0.232969
vt 0.152819 0.232969
vt 0.152819 0.362435
vt 0.090610 0.362435
vt 0.090610 0.343150
vt 0.152819 0.343150
vt 0.090610 0.319313
vt 0.152819 0.319313
vt 0.127292 0.079466
vt 0.104621 0.072099
vt 0.090610 0.052815
vt 0.090610 0.028977
vt 0.104621 0.009692
vt 0.127292 0.002326
vt 0.149962 0.009692
vt 0.163974 0.028977
vt 0.163974 0.052815
vt 0.149962 0.072099
vt 0.090610 0.300028
vt 0.152819 0.300028
vt 0.152819 0.228317
vt 0.090610 0.228317
vt 0.104621 0.153891
vt 0.090610 0.134606
vt 0.090610 0.110769
vt 0.104621 0.091484
vt 0.127292 0.084118
vt 0.149962 0.091484
vt 0.163974 0.110769
vt 0.163974 0.134606
vt 0.149962 0.153891
vt 0.127292 0.161257
s 0
usemtl DL2_Hull_Silver
f 2769/5019/2395 2770/5020/2395 2772/5021/2395 2771/5022/2395
f 2771/5022/2396 2772/5021/2396 2774/5023/2396 2773/5024/2396
f 2773/5025/2397 2774/5026/2397 2776/5027/2397 2775/5028/2397
f 2775/5029/2398 2776/5030/2398 2778/5031/2398 2777/5032/2398
f 2777/5032/2399 2778/5031/2399 2780/5033/2399 2779/5034/2399
f 2779/5034/2400 2780/5033/2400 2782/5035/2400 2781/5036/2400
f 2781/5037/2401 2782/5038/2401 2784/5039/2401 2783/5040/2401
f 2783/5040/2402 2784/5039/2402 2786/5041/2402 2785/5042/2402
f 2772/5043/2403 2770/5044/2403 2788/5045/2403 2786/5046/2403 2784/5047/2403 2782/5048/2403 2780/5049/2403 2778/5050/2403 2776/5051/2403 2774/5052/2403
f 2785/5042/2404 2786/5041/2404 2788/5053/2404 2787/5054/2404
f 2787/5055/2405 2788/5056/2405 2770/5020/2405 2769/5019/2405
f 2769/5057/2406 2771/5058/2406 2773/5059/2406 2775/5060/2406 2777/5061/2406 2779/5062/2406 2781/5063/2406 2783/5064/2406 2785/5065/2406 2787/5066/2406
o DL_X_Base_-1_7
v -14.500000 1.450000 17.879999
v -13.500000 1.450000 17.879999
v -14.500000 1.085573 17.998409
v -13.500000 1.085573 17.998409
v -14.500000 0.860345 18.308409
v -13.500000 0.860345 18.308409
v -14.500000 0.860345 18.691591
v -13.500000 0.860345 18.691591
v -14.500000 1.085573 19.001591
v -13.500000 1.085573 19.001591
v -14.500000 1.450000 19.120001
v -13.500000 1.450000 19.120001
v -14.500000 1.814427 19.001591
v -13.500000 1.814427 19.001591
v -14.500000 2.039655 18.691591
v -13.500000 2.039655 18.691591
v -14.500000 2.039655 18.308409
v -13.500000 2.039655 18.308409
v -14.500000 1.814427 17.998409
v -13.500000 1.814427 17.998409
vn -0.0000 -0.3090 -0.9511
vn -0.0000 -0.8090 -0.5878
vn -0.0000 -1.0000 -0.0000
vn -0.0000 -0.8090 0.5878
vn -0.0000 -0.3090 0.9511
vn -0.0000 0.3090 0.9511
vn -0.0000 0.8090 0.5878
vn -0.0000 1.0000 -0.0000
vn 1.0000 -0.0000 -0.0000
vn -0.0000 0.8090 -0.5878
vn -0.0000 0.3090 -0.9511
vn -1.0000 -0.0000 -0.0000
vt 0.152819 0.209032
vt 0.090610 0.209032
vt 0.090610 0.185194
vt 0.152819 0.185194
vt 0.090610 0.165909
vt 0.152819 0.165909
vt 0.090610 0.429297
vt 0.090610 0.367088
vt 0.114447 0.367088
vt 0.114447 0.429297
vt 0.152819 0.295376
vt 0.090610 0.295376
vt 0.090610 0.276091
vt 0.152819 0.276091
vt 0.090610 0.252254
vt 0.152819 0.252254
vt 0.090610 0.232969
vt 0.152819 0.232969
vt 0.152819 0.362435
vt 0.090610 0.362435
vt 0.090610 0.343150
vt 0.152819 0.343150
vt 0.090610 0.319313
vt 0.152819 0.319313
vt 0.127292 0.079466
vt 0.104621 0.072099
vt 0.090610 0.052815
vt 0.090610 0.028977
vt 0.104621 0.009692
vt 0.127292 0.002326
vt 0.149962 0.009692
vt 0.163974 0.028977
vt 0.163974 0.052815
vt 0.149962 0.072099
vt 0.090610 0.300028
vt 0.152819 0.300028
vt 0.152819 0.228317
vt 0.090610 0.228317
vt 0.104621 0.153891
vt 0.090610 0.134606
vt 0.090610 0.110769
vt 0.104621 0.091484
vt 0.127292 0.084118
vt 0.149962 0.091484
vt 0.163974 0.110769
vt 0.163974 0.134606
vt 0.149962 0.153891
vt 0.127292 0.161257
s 0
usemtl DL2_Hull_Silver
f 2789/5067/2407 2790/5068/2407 2792/5069/2407 2791/5070/2407
f 2791/5070/2408 2792/5069/2408 2794/5071/2408 2793/5072/2408
f 2793/5073/2409 2794/5074/2409 2796/5075/2409 2795/5076/2409
f 2795/5077/2410 2796/5078/2410 2798/5079/2410 2797/5080/2410
f 2797/5080/2411 2798/5079/2411 2800/5081/2411 2799/5082/2411
f 2799/5082/2412 2800/5081/2412 2802/5083/2412 2801/5084/2412
f 2801/5085/2413 2802/5086/2413 2804/5087/2413 2803/5088/2413
f 2803/5088/2414 2804/5087/2414 2806/5089/2414 2805/5090/2414
f 2792/5091/2415 2790/5092/2415 2808/5093/2415 2806/5094/2415 2804/5095/2415 2802/5096/2415 2800/5097/2415 2798/5098/2415 2796/5099/2415 2794/5100/2415
f 2805/5090/2416 2806/5089/2416 2808/5101/2416 2807/5102/2416
f 2807/5103/2417 2808/5104/2417 2790/5068/2417 2789/5067/2417
f 2789/5105/2418 2791/5106/2418 2793/5107/2418 2795/5108/2418 2797/5109/2418 2799/5110/2418 2801/5111/2418 2803/5112/2418 2805/5113/2418 2807/5114/2418
o DL_X_Base_-1_8
v -18.700001 1.450000 21.879999
v -17.700001 1.450000 21.879999
v -18.700001 1.085573 21.998409
v -17.700001 1.085573 21.998409
v -18.700001 0.860345 22.308409
v -17.700001 0.860345 22.308409
v -18.700001 0.860345 22.691591
v -17.700001 0.860345 22.691591
v -18.700001 1.085573 23.001591
v -17.700001 1.085573 23.001591
v -18.700001 1.450000 23.120001
v -17.700001 1.450000 23.120001
v -18.700001 1.814427 23.001591
v -17.700001 1.814427 23.001591
v -18.700001 2.039655 22.691591
v -17.700001 2.039655 22.691591
v -18.700001 2.039655 22.308409
v -17.700001 2.039655 22.308409
v -18.700001 1.814427 21.998409
v -17.700001 1.814427 21.998409
vn -0.0000 -0.3090 -0.9511
vn -0.0000 -0.8090 -0.5878
vn -0.0000 -1.0000 -0.0000
vn -0.0000 -0.8090 0.5878
vn -0.0000 -0.3090 0.9511
vn -0.0000 0.3090 0.9511
vn -0.0000 0.8090 0.5878
vn -0.0000 1.0000 -0.0000
vn 1.0000 -0.0000 -0.0000
vn -0.0000 0.8090 -0.5878
vn -0.0000 0.3090 -0.9511
vn -1.0000 -0.0000 -0.0000
vt 0.152819 0.209032
vt 0.090610 0.209032
vt 0.090610 0.185194
vt 0.152819 0.185194
vt 0.090610 0.165909
vt 0.152819 0.165909
vt 0.090610 0.429297
vt 0.090610 0.367088
vt 0.114447 0.367088
vt 0.114447 0.429297
vt 0.152819 0.295376
vt 0.090610 0.295376
vt 0.090610 0.276091
vt 0.152819 0.276091
vt 0.090610 0.252254
vt 0.152819 0.252254
vt 0.090610 0.232969
vt 0.152819 0.232969
vt 0.152819 0.362435
vt 0.090610 0.362435
vt 0.090610 0.343150
vt 0.152819 0.343150
vt 0.090610 0.319313
vt 0.152819 0.319313
vt 0.127292 0.079466
vt 0.104621 0.072099
vt 0.090610 0.052815
vt 0.090610 0.028977
vt 0.104621 0.009692
vt 0.127292 0.002326
vt 0.149962 0.009692
vt 0.163974 0.028977
vt 0.163974 0.052815
vt 0.149962 0.072099
vt 0.090610 0.300028
vt 0.152819 0.300028
vt 0.152819 0.228317
vt 0.090610 0.228317
vt 0.104621 0.153891
vt 0.090610 0.134606
vt 0.090610 0.110769
vt 0.104621 0.091484
vt 0.127292 0.084118
vt 0.149962 0.091484
vt 0.163974 0.110769
vt 0.163974 0.134606
vt 0.149962 0.153891
vt 0.127292 0.161257
s 0
usemtl DL2_Hull_Silver
f 2809/5115/2419 2810/5116/2419 2812/5117/2419 2811/5118/2419
f 2811/5118/2420 2812/5117/2420 2814/5119/2420 2813/5120/2420
f 2813/5121/2421 2814/5122/2421 2816/5123/2421 2815/5124/2421
f 2815/5125/2422 2816/5126/2422 2818/5127/2422 2817/5128/2422
f 2817/5128/2423 2818/5127/2423 2820/5129/2423 2819/5130/2423
f 2819/5130/2424 2820/5129/2424 2822/5131/2424 2821/5132/2424
f 2821/5133/2425 2822/5134/2425 2824/5135/2425 2823/5136/2425
f 2823/5136/2426 2824/5135/2426 2826/5137/2426 2825/5138/2426
f 2812/5139/2427 2810/5140/2427 2828/5141/2427 2826/5142/2427 2824/5143/2427 2822/5144/2427 2820/5145/2427 2818/5146/2427 2816/5147/2427 2814/5148/2427
f 2825/5138/2428 2826/5137/2428 2828/5149/2428 2827/5150/2428
f 2827/5151/2429 2828/5152/2429 2810/5116/2429 2809/5115/2429
f 2809/5153/2430 2811/5154/2430 2813/5155/2430 2815/5156/2430 2817/5157/2430 2819/5158/2430 2821/5159/2430 2823/5160/2430 2825/5161/2430 2827/5162/2430
o DL_X_Base_1_1
v 10.700000 1.450000 -15.120000
v 11.700000 1.450000 -15.120000
v 10.700000 1.085573 -15.001591
v 11.700000 1.085573 -15.001591
v 10.700000 0.860345 -14.691590
v 11.700000 0.860345 -14.691590
v 10.700000 0.860345 -14.308410
v 11.700000 0.860345 -14.308410
v 10.700000 1.085573 -13.998409
v 11.700000 1.085573 -13.998409
v 10.700000 1.450000 -13.880000
v 11.700000 1.450000 -13.880000
v 10.700000 1.814427 -13.998409
v 11.700000 1.814427 -13.998409
v 10.700000 2.039655 -14.308410
v 11.700000 2.039655 -14.308410
v 10.700000 2.039655 -14.691590
v 11.700000 2.039655 -14.691590
v 10.700000 1.814427 -15.001591
v 11.700000 1.814427 -15.001591
vn -0.0000 -0.3090 -0.9511
vn -0.0000 -0.8090 -0.5878
vn -0.0000 -1.0000 -0.0000
vn -0.0000 -0.8090 0.5878
vn -0.0000 -0.3090 0.9511
vn -0.0000 0.3090 0.9511
vn -0.0000 0.8090 0.5878
vn -0.0000 1.0000 -0.0000
vn 1.0000 -0.0000 -0.0000
vn -0.0000 0.8090 -0.5878
vn -0.0000 0.3090 -0.9511
vn -1.0000 -0.0000 -0.0000
vt 0.152819 0.209032
vt 0.090610 0.209032
vt 0.090610 0.185194
vt 0.152819 0.185194
vt 0.090610 0.165909
vt 0.152819 0.165909
vt 0.090610 0.429297
vt 0.090610 0.367088
vt 0.114447 0.367088
vt 0.114447 0.429297
vt 0.152819 0.295376
vt 0.090610 0.295376
vt 0.090610 0.276091
vt 0.152819 0.276091
vt 0.090610 0.252254
vt 0.152819 0.252254
vt 0.090610 0.232969
vt 0.152819 0.232969
vt 0.152819 0.362435
vt 0.090610 0.362435
vt 0.090610 0.343150
vt 0.152819 0.343150
vt 0.090610 0.319313
vt 0.152819 0.319313
vt 0.127292 0.079466
vt 0.104621 0.072099
vt 0.090610 0.052815
vt 0.090610 0.028977
vt 0.104621 0.009692
vt 0.127292 0.002326
vt 0.149962 0.009692
vt 0.163974 0.028977
vt 0.163974 0.052815
vt 0.149962 0.072099
vt 0.090610 0.300028
vt 0.152819 0.300028
vt 0.152819 0.228317
vt 0.090610 0.228317
vt 0.104621 0.153891
vt 0.090610 0.134606
vt 0.090610 0.110769
vt 0.104621 0.091484
vt 0.127292 0.084118
vt 0.149962 0.091484
vt 0.163974 0.110769
vt 0.163974 0.134606
vt 0.149962 0.153891
vt 0.127292 0.161257
s 0
usemtl DL2_Hull_Silver
f 2829/5163/2431 2830/5164/2431 2832/5165/2431 2831/5166/2431
f 2831/5166/2432 2832/5165/2432 2834/5167/2432 2833/5168/2432
f 2833/5169/2433 2834/5170/2433 2836/5171/2433 2835/5172/2433
f 2835/5173/2434 2836/5174/2434 2838/5175/2434 2837/5176/2434
f 2837/5176/2435 2838/5175/2435 2840/5177/2435 2839/5178/2435
f 2839/5178/2436 2840/5177/2436 2842/5179/2436 2841/5180/2436
f 2841/5181/2437 2842/5182/2437 2844/5183/2437 2843/5184/2437
f 2843/5184/2438 2844/5183/2438 2846/5185/2438 2845/5186/2438
f 2832/5187/2439 2830/5188/2439 2848/5189/2439 2846/5190/2439 2844/5191/2439 2842/5192/2439 2840/5193/2439 2838/5194/2439 2836/5195/2439 2834/5196/2439
f 2845/5186/2440 2846/5185/2440 2848/5197/2440 2847/5198/2440
f 2847/5199/2441 2848/5200/2441 2830/5164/2441 2829/5163/2441
f 2829/5201/2442 2831/5202/2442 2833/5203/2442 2835/5204/2442 2837/5205/2442 2839/5206/2442 2841/5207/2442 2843/5208/2442 2845/5209/2442 2847/5210/2442
o DL_X_Base_1_2
v 6.500000 1.450000 -19.120001
v 7.500000 1.450000 -19.120001
v 6.500000 1.085573 -19.001591
v 7.500000 1.085573 -19.001591
v 6.500000 0.860345 -18.691591
v 7.500000 0.860345 -18.691591
v 6.500000 0.860345 -18.308409
v 7.500000 0.860345 -18.308409
v 6.500000 1.085573 -17.998409
v 7.500000 1.085573 -17.998409
v 6.500000 1.450000 -17.879999
v 7.500000 1.450000 -17.879999
v 6.500000 1.814427 -17.998409
v 7.500000 1.814427 -17.998409
v 6.500000 2.039655 -18.308409
v 7.500000 2.039655 -18.308409
v 6.500000 2.039655 -18.691591
v 7.500000 2.039655 -18.691591
v 6.500000 1.814427 -19.001591
v 7.500000 1.814427 -19.001591
vn -0.0000 -0.3090 -0.9511
vn -0.0000 -0.8090 -0.5878
vn -0.0000 -1.0000 -0.0000
vn -0.0000 -0.8090 0.5878
vn -0.0000 -0.3090 0.9511
vn -0.0000 0.3090 0.9511
vn -0.0000 0.8090 0.5878
vn -0.0000 1.0000 -0.0000
vn 1.0000 -0.0000 -0.0000
vn -0.0000 0.8090 -0.5878
vn -0.0000 0.3090 -0.9511
vn -1.0000 -0.0000 -0.0000
vt 0.152819 0.209032
vt 0.090610 0.209032
vt 0.090610 0.185194
vt 0.152819 0.185194
vt 0.090610 0.165909
vt 0.152819 0.165909
vt 0.090610 0.429297
vt 0.090610 0.367088
vt 0.114447 0.367088
vt 0.114447 0.429297
vt 0.152819 0.295376
vt 0.090610 0.295376
vt 0.090610 0.276091
vt 0.152819 0.276091
vt 0.090610 0.252254
vt 0.152819 0.252254
vt 0.090610 0.232969
vt 0.152819 0.232969
vt 0.152819 0.362435
vt 0.090610 0.362435
vt 0.090610 0.343150
vt 0.152819 0.343150
vt 0.090610 0.319313
vt 0.152819 0.319313
vt 0.127292 0.079466
vt 0.104621 0.072099
vt 0.090610 0.052815
vt 0.090610 0.028977
vt 0.104621 0.009692
vt 0.127292 0.002326
vt 0.149962 0.009692
vt 0.163974 0.028977
vt 0.163974 0.052815
vt 0.149962 0.072099
vt 0.090610 0.300028
vt 0.152819 0.300028
vt 0.152819 0.228317
vt 0.090610 0.228317
vt 0.104621 0.153891
vt 0.090610 0.134606
vt 0.090610 0.110769
vt 0.104621 0.091484
vt 0.127292 0.084118
vt 0.149962 0.091484
vt 0.163974 0.110769
vt 0.163974 0.134606
vt 0.149962 0.153891
vt 0.127292 0.161257
s 0
usemtl DL2_Hull_Silver
f 2849/5211/2443 2850/5212/2443 2852/5213/2443 2851/5214/2443
f 2851/5214/2444 2852/5213/2444 2854/5215/2444 2853/5216/2444
f 2853/5217/2445 2854/5218/2445 2856/5219/2445 2855/5220/2445
f 2855/5221/2446 2856/5222/2446 2858/5223/2446 2857/5224/2446
f 2857/5224/2447 2858/5223/2447 2860/5225/2447 2859/5226/2447
f 2859/5226/2448 2860/5225/2448 2862/5227/2448 2861/5228/2448
f 2861/5229/2449 2862/5230/2449 2864/5231/2449 2863/5232/2449
f 2863/5232/2450 2864/5231/2450 2866/5233/2450 2865/5234/2450
f 2852/5235/2451 2850/5236/2451 2868/5237/2451 2866/5238/2451 2864/5239/2451 2862/5240/2451 2860/5241/2451 2858/5242/2451 2856/5243/2451 2854/5244/2451
f 2865/5234/2452 2866/5233/2452 2868/5245/2452 2867/5246/2452
f 2867/5247/2453 2868/5248/2453 2850/5212/2453 2849/5211/2453
f 2849/5249/2454 2851/5250/2454 2853/5251/2454 2855/5252/2454 2857/5253/2454 2859/5254/2454 2861/5255/2454 2863/5256/2454 2865/5257/2454 2867/5258/2454
o DL_X_Base_1_3
v 2.300000 1.450000 -23.120001
v 3.300000 1.450000 -23.120001
v 2.300000 1.085573 -23.001591
v 3.300000 1.085573 -23.001591
v 2.300000 0.860345 -22.691591
v 3.300000 0.860345 -22.691591
v 2.300000 0.860345 -22.308409
v 3.300000 0.860345 -22.308409
v 2.300000 1.085573 -21.998409
v 3.300000 1.085573 -21.998409
v 2.300000 1.450000 -21.879999
v 3.300000 1.450000 -21.879999
v 2.300000 1.814427 -21.998409
v 3.300000 1.814427 -21.998409
v 2.300000 2.039655 -22.308409
v 3.300000 2.039655 -22.308409
v 2.300000 2.039655 -22.691591
v 3.300000 2.039655 -22.691591
v 2.300000 1.814427 -23.001591
v 3.300000 1.814427 -23.001591
vn -0.0000 -0.3090 -0.9511
vn -0.0000 -0.8090 -0.5878
vn -0.0000 -1.0000 -0.0000
vn -0.0000 -0.8090 0.5878
vn -0.0000 -0.3090 0.9511
vn -0.0000 0.3090 0.9511
vn -0.0000 0.8090 0.5878
vn -0.0000 1.0000 -0.0000
vn 1.0000 -0.0000 -0.0000
vn -0.0000 0.8090 -0.5878
vn -0.0000 0.3090 -0.9511
vn -1.0000 -0.0000 -0.0000
vt 0.152819 0.209032
vt 0.090610 0.209032
vt 0.090610 0.185194
vt 0.152819 0.185194
vt 0.090610 0.165909
vt 0.152819 0.165909
vt 0.090610 0.429297
vt 0.090610 0.367088
vt 0.114447 0.367088
vt 0.114447 0.429297
vt 0.152819 0.295376
vt 0.090610 0.295376
vt 0.090610 0.276091
vt 0.152819 0.276091
vt 0.090610 0.252254
vt 0.152819 0.252254
vt 0.090610 0.232969
vt 0.152819 0.232969
vt 0.152819 0.362435
vt 0.090610 0.362435
vt 0.090610 0.343150
vt 0.152819 0.343150
vt 0.090610 0.319313
vt 0.152819 0.319313
vt 0.127292 0.079466
vt 0.104621 0.072099
vt 0.090610 0.052815
vt 0.090610 0.028977
vt 0.104621 0.009692
vt 0.127292 0.002326
vt 0.149962 0.009692
vt 0.163974 0.028977
vt 0.163974 0.052815
vt 0.149962 0.072099
vt 0.090610 0.300028
vt 0.152819 0.300028
vt 0.152819 0.228317
vt 0.090610 0.228317
vt 0.104621 0.153891
vt 0.090610 0.134606
vt 0.090610 0.110769
vt 0.104621 0.091484
vt 0.127292 0.084118
vt 0.149962 0.091484
vt 0.163974 0.110769
vt 0.163974 0.134606
vt 0.149962 0.153891
vt 0.127292 0.161257
s 0
usemtl DL2_Hull_Silver
f 2869/5259/2455 2870/5260/2455 2872/5261/2455 2871/5262/2455
f 2871/5262/2456 2872/5261/2456 2874/5263/2456 2873/5264/2456
f 2873/5265/2457 2874/5266/2457 2876/5267/2457 2875/5268/2457
f 2875/5269/2458 2876/5270/2458 2878/5271/2458 2877/5272/2458
f 2877/5272/2459 2878/5271/2459 2880/5273/2459 2879/5274/2459
f 2879/5274/2460 2880/5273/2460 2882/5275/2460 2881/5276/2460
f 2881/5277/2461 2882/5278/2461 2884/5279/2461 2883/5280/2461
f 2883/5280/2462 2884/5279/2462 2886/5281/2462 2885/5282/2462
f 2872/5283/2463 2870/5284/2463 2888/5285/2463 2886/5286/2463 2884/5287/2463 2882/5288/2463 2880/5289/2463 2878/5290/2463 2876/5291/2463 2874/5292/2463
f 2885/5282/2464 2886/5281/2464 2888/5293/2464 2887/5294/2464
f 2887/5295/2465 2888/5296/2465 2870/5260/2465 2869/5259/2465
f 2869/5297/2466 2871/5298/2466 2873/5299/2466 2875/5300/2466 2877/5301/2466 2879/5302/2466 2881/5303/2466 2883/5304/2466 2885/5305/2466 2887/5306/2466
o DL_X_Base_1_4
v -1.900000 1.450000 -27.120001
v -0.900000 1.450000 -27.120001
v -1.900000 1.085573 -27.001591
v -0.900000 1.085573 -27.001591
v -1.900000 0.860345 -26.691591
v -0.900000 0.860345 -26.691591
v -1.900000 0.860345 -26.308409
v -0.900000 0.860345 -26.308409
v -1.900000 1.085573 -25.998409
v -0.900000 1.085573 -25.998409
v -1.900000 1.450000 -25.879999
v -0.900000 1.450000 -25.879999
v -1.900000 1.814427 -25.998409
v -0.900000 1.814427 -25.998409
v -1.900000 2.039655 -26.308409
v -0.900000 2.039655 -26.308409
v -1.900000 2.039655 -26.691591
v -0.900000 2.039655 -26.691591
v -1.900000 1.814427 -27.001591
v -0.900000 1.814427 -27.001591
vn -0.0000 -0.3090 -0.9511
vn -0.0000 -0.8090 -0.5878
vn -0.0000 -1.0000 -0.0000
vn -0.0000 -0.8090 0.5878
vn -0.0000 -0.3090 0.9511
vn -0.0000 0.3090 0.9511
vn -0.0000 0.8090 0.5878
vn -0.0000 1.0000 -0.0000
vn 1.0000 -0.0000 -0.0000
vn -0.0000 0.8090 -0.5878
vn -0.0000 0.3090 -0.9511
vn -1.0000 -0.0000 -0.0000
vt 0.152819 0.209032
vt 0.090610 0.209032
vt 0.090610 0.185194
vt 0.152819 0.185194
vt 0.090610 0.165909
vt 0.152819 0.165909
vt 0.090610 0.429297
vt 0.090610 0.367088
vt 0.114447 0.367088
vt 0.114447 0.429297
vt 0.152819 0.295376
vt 0.090610 0.295376
vt 0.090610 0.276091
vt 0.152819 0.276091
vt 0.090610 0.252254
vt 0.152819 0.252254
vt 0.090610 0.232969
vt 0.152819 0.232969
vt 0.152819 0.362435
vt 0.090610 0.362435
vt 0.090610 0.343150
vt 0.152819 0.343150
vt 0.090610 0.319313
vt 0.152819 0.319313
vt 0.127292 0.079466
vt 0.104621 0.072099
vt 0.090610 0.052815
vt 0.090610 0.028977
vt 0.104621 0.009692
vt 0.127292 0.002326
vt 0.149962 0.009692
vt 0.163974 0.028977
vt 0.163974 0.052815
vt 0.149962 0.072099
vt 0.090610 0.300028
vt 0.152819 0.300028
vt 0.152819 0.228317
vt 0.090610 0.228317
vt 0.104621 0.153891
vt 0.090610 0.134606
vt 0.090610 0.110769
vt 0.104621 0.091484
vt 0.127292 0.084118
vt 0.149962 0.091484
vt 0.163974 0.110769
vt 0.163974 0.134606
vt 0.149962 0.153891
vt 0.127292 0.161257
s 0
usemtl DL2_Hull_Silver
f 2889/5307/2467 2890/5308/2467 2892/5309/2467 2891/5310/2467
f 2891/5310/2468 2892/5309/2468 2894/5311/2468 2893/5312/2468
f 2893/5313/2469 2894/5314/2469 2896/5315/2469 2895/5316/2469
f 2895/5317/2470 2896/5318/2470 2898/5319/2470 2897/5320/2470
f 2897/5320/2471 2898/5319/2471 2900/5321/2471 2899/5322/2471
f 2899/5322/2472 2900/5321/2472 2902/5323/2472 2901/5324/2472
f 2901/5325/2473 2902/5326/2473 2904/5327/2473 2903/5328/2473
f 2903/5328/2474 2904/5327/2474 2906/5329/2474 2905/5330/2474
f 2892/5331/2475 2890/5332/2475 2908/5333/2475 2906/5334/2475 2904/5335/2475 2902/5336/2475 2900/5337/2475 2898/5338/2475 2896/5339/2475 2894/5340/2475
f 2905/5330/2476 2906/5329/2476 2908/5341/2476 2907/5342/2476
f 2907/5343/2477 2908/5344/2477 2890/5308/2477 2889/5307/2477
f 2889/5345/2478 2891/5346/2478 2893/5347/2478 2895/5348/2478 2897/5349/2478 2899/5350/2478 2901/5351/2478 2903/5352/2478 2905/5353/2478 2907/5354/2478
o DL_X_Base_1_5
v -6.100000 1.450000 -11.120000
v -5.100000 1.450000 -11.120000
v -6.100000 1.085573 -11.001591
v -5.100000 1.085573 -11.001591
v -6.100000 0.860345 -10.691590
v -5.100000 0.860345 -10.691590
v -6.100000 0.860345 -10.308410
v -5.100000 0.860345 -10.308410
v -6.100000 1.085573 -9.998409
v -5.100000 1.085573 -9.998409
v -6.100000 1.450000 -9.880000
v -5.100000 1.450000 -9.880000
v -6.100000 1.814427 -9.998409
v -5.100000 1.814427 -9.998409
v -6.100000 2.039655 -10.308410
v -5.100000 2.039655 -10.308410
v -6.100000 2.039655 -10.691590
v -5.100000 2.039655 -10.691590
v -6.100000 1.814427 -11.001591
v -5.100000 1.814427 -11.001591
vn -0.0000 -0.3090 -0.9511
vn -0.0000 -0.8090 -0.5878
vn -0.0000 -1.0000 -0.0000
vn -0.0000 -0.8090 0.5878
vn -0.0000 -0.3090 0.9511
vn -0.0000 0.3090 0.9511
vn -0.0000 0.8090 0.5878
vn -0.0000 1.0000 -0.0000
vn 1.0000 -0.0000 -0.0000
vn -0.0000 0.8090 -0.5878
vn -0.0000 0.3090 -0.9511
vn -1.0000 -0.0000 -0.0000
vt 0.152819 0.209032
vt 0.090610 0.209032
vt 0.090610 0.185194
vt 0.152819 0.185194
vt 0.090610 0.165909
vt 0.152819 0.165909
vt 0.090610 0.429297
vt 0.090610 0.367088
vt 0.114447 0.367088
vt 0.114447 0.429297
vt 0.152819 0.295376
vt 0.090610 0.295376
vt 0.090610 0.276091
vt 0.152819 0.276091
vt 0.090610 0.252254
vt 0.152819 0.252254
vt 0.090610 0.232969
vt 0.152819 0.232969
vt 0.152819 0.362435
vt 0.090610 0.362435
vt 0.090610 0.343150
vt 0.152819 0.343150
vt 0.090610 0.319313
vt 0.152819 0.319313
vt 0.127292 0.079466
vt 0.104621 0.072099
vt 0.090610 0.052815
vt 0.090610 0.028977
vt 0.104621 0.009692
vt 0.127292 0.002326
vt 0.149962 0.009692
vt 0.163974 0.028977
vt 0.163974 0.052815
vt 0.149962 0.072099
vt 0.090610 0.300028
vt 0.152819 0.300028
vt 0.152819 0.228317
vt 0.090610 0.228317
vt 0.104621 0.153891
vt 0.090610 0.134606
vt 0.090610 0.110769
vt 0.104621 0.091484
vt 0.127292 0.084118
vt 0.149962 0.091484
vt 0.163974 0.110769
vt 0.163974 0.134606
vt 0.149962 0.153891
vt 0.127292 0.161257
s 0
usemtl DL2_Hull_Silver
f 2909/5355/2479 2910/5356/2479 2912/5357/2479 2911/5358/2479
f 2911/5358/2480 2912/5357/2480 2914/5359/2480 2913/5360/2480
f 2913/5361/2481 2914/5362/2481 2916/5363/2481 2915/5364/2481
f 2915/5365/2482 2916/5366/2482 2918/5367/2482 2917/5368/2482
f 2917/5368/2483 2918/5367/2483 2920/5369/2483 2919/5370/2483
f 2919/5370/2484 2920/5369/2484 2922/5371/2484 2921/5372/2484
f 2921/5373/2485 2922/5374/2485 2924/5375/2485 2923/5376/2485
f 2923/5376/2486 2924/5375/2486 2926/5377/2486 2925/5378/2486
f 2912/5379/2487 2910/5380/2487 2928/5381/2487 2926/5382/2487 2924/5383/2487 2922/5384/2487 2920/5385/2487 2918/5386/2487 2916/5387/2487 2914/5388/2487
f 2925/5378/2488 2926/5377/2488 2928/5389/2488 2927/5390/2488
f 2927/5391/2489 2928/5392/2489 2910/5356/2489 2909/5355/2489
f 2909/5393/2490 2911/5394/2490 2913/5395/2490 2915/5396/2490 2917/5397/2490 2919/5398/2490 2921/5399/2490 2923/5400/2490 2925/5401/2490 2927/5402/2490
o DL_X_Base_1_6
v -10.300000 1.450000 -15.120000
v -9.300000 1.450000 -15.120000
v -10.300000 1.085573 -15.001591
v -9.300000 1.085573 -15.001591
v -10.300000 0.860345 -14.691590
v -9.300000 0.860345 -14.691590
v -10.300000 0.860345 -14.308410
v -9.300000 0.860345 -14.308410
v -10.300000 1.085573 -13.998409
v -9.300000 1.085573 -13.998409
v -10.300000 1.450000 -13.880000
v -9.300000 1.450000 -13.880000
v -10.300000 1.814427 -13.998409
v -9.300000 1.814427 -13.998409
v -10.300000 2.039655 -14.308410
v -9.300000 2.039655 -14.308410
v -10.300000 2.039655 -14.691590
v -9.300000 2.039655 -14.691590
v -10.300000 1.814427 -15.001591
v -9.300000 1.814427 -15.001591
vn -0.0000 -0.3090 -0.9511
vn -0.0000 -0.8090 -0.5878
vn -0.0000 -1.0000 -0.0000
vn -0.0000 -0.8090 0.5878
vn -0.0000 -0.3090 0.9511
vn -0.0000 0.3090 0.9511
vn -0.0000 0.8090 0.5878
vn -0.0000 1.0000 -0.0000
vn 1.0000 -0.0000 -0.0000
vn -0.0000 0.8090 -0.5878
vn -0.0000 0.3090 -0.9511
vn -1.0000 -0.0000 -0.0000
vt 0.152819 0.209032
vt 0.090610 0.209032
vt 0.090610 0.185194
vt 0.152819 0.185194
vt 0.090610 0.165909
vt 0.152819 0.165909
vt 0.090610 0.429297
vt 0.090610 0.367088
vt 0.114447 0.367088
vt 0.114447 0.429297
vt 0.152819 0.295376
vt 0.090610 0.295376
vt 0.090610 0.276091
vt 0.152819 0.276091
vt 0.090610 0.252254
vt 0.152819 0.252254
vt 0.090610 0.232969
vt 0.152819 0.232969
vt 0.152819 0.362435
vt 0.090610 0.362435
vt 0.090610 0.343150
vt 0.152819 0.343150
vt 0.090610 0.319313
vt 0.152819 0.319313
vt 0.127292 0.079466
vt 0.104621 0.072099
vt 0.090610 0.052815
vt 0.090610 0.028977
vt 0.104621 0.009692
vt 0.127292 0.002326
vt 0.149962 0.009692
vt 0.163974 0.028977
vt 0.163974 0.052815
vt 0.149962 0.072099
vt 0.090610 0.300028
vt 0.152819 0.300028
vt 0.152819 0.228317
vt 0.090610 0.228317
vt 0.104621 0.153891
vt 0.090610 0.134606
vt 0.090610 0.110769
vt 0.104621 0.091484
vt 0.127292 0.084118
vt 0.149962 0.091484
vt 0.163974 0.110769
vt 0.163974 0.134606
vt 0.149962 0.153891
vt 0.127292 0.161257
s 0
usemtl DL2_Hull_Silver
f 2929/5403/2491 2930/5404/2491 2932/5405/2491 2931/5406/2491
f 2931/5406/2492 2932/5405/2492 2934/5407/2492 2933/5408/2492
f 2933/5409/2493 2934/5410/2493 2936/5411/2493 2935/5412/2493
f 2935/5413/2494 2936/5414/2494 2938/5415/2494 2937/5416/2494
f 2937/5416/2495 2938/5415/2495 2940/5417/2495 2939/5418/2495
f 2939/5418/2496 2940/5417/2496 2942/5419/2496 2941/5420/2496
f 2941/5421/2497 2942/5422/2497 2944/5423/2497 2943/5424/2497
f 2943/5424/2498 2944/5423/2498 2946/5425/2498 2945/5426/2498
f 2932/5427/2499 2930/5428/2499 2948/5429/2499 2946/5430/2499 2944/5431/2499 2942/5432/2499 2940/5433/2499 2938/5434/2499 2936/5435/2499 2934/5436/2499
f 2945/5426/2500 2946/5425/2500 2948/5437/2500 2947/5438/2500
f 2947/5439/2501 2948/5440/2501 2930/5404/2501 2929/5403/2501
f 2929/5441/2502 2931/5442/2502 2933/5443/2502 2935/5444/2502 2937/5445/2502 2939/5446/2502 2941/5447/2502 2943/5448/2502 2945/5449/2502 2947/5450/2502
o DL_X_Base_1_7
v -14.500000 1.450000 -19.120001
v -13.500000 1.450000 -19.120001
v -14.500000 1.085573 -19.001591
v -13.500000 1.085573 -19.001591
v -14.500000 0.860345 -18.691591
v -13.500000 0.860345 -18.691591
v -14.500000 0.860345 -18.308409
v -13.500000 0.860345 -18.308409
v -14.500000 1.085573 -17.998409
v -13.500000 1.085573 -17.998409
v -14.500000 1.450000 -17.879999
v -13.500000 1.450000 -17.879999
v -14.500000 1.814427 -17.998409
v -13.500000 1.814427 -17.998409
v -14.500000 2.039655 -18.308409
v -13.500000 2.039655 -18.308409
v -14.500000 2.039655 -18.691591
v -13.500000 2.039655 -18.691591
v -14.500000 1.814427 -19.001591
v -13.500000 1.814427 -19.001591
vn -0.0000 -0.3090 -0.9511
vn -0.0000 -0.8090 -0.5878
vn -0.0000 -1.0000 -0.0000
vn -0.0000 -0.8090 0.5878
vn -0.0000 -0.3090 0.9511
vn -0.0000 0.3090 0.9511
vn -0.0000 0.8090 0.5878
vn -0.0000 1.0000 -0.0000
vn 1.0000 -0.0000 -0.0000
vn -0.0000 0.8090 -0.5878
vn -0.0000 0.3090 -0.9511
vn -1.0000 -0.0000 -0.0000
vt 0.152819 0.209032
vt 0.090610 0.209032
vt 0.090610 0.185194
vt 0.152819 0.185194
vt 0.090610 0.165909
vt 0.152819 0.165909
vt 0.090610 0.429297
vt 0.090610 0.367088
vt 0.114447 0.367088
vt 0.114447 0.429297
vt 0.152819 0.295376
vt 0.090610 0.295376
vt 0.090610 0.276091
vt 0.152819 0.276091
vt 0.090610 0.252254
vt 0.152819 0.252254
vt 0.090610 0.232969
vt 0.152819 0.232969
vt 0.152819 0.362435
vt 0.090610 0.362435
vt 0.090610 0.343150
vt 0.152819 0.343150
vt 0.090610 0.319313
vt 0.152819 0.319313
vt 0.127292 0.079466
vt 0.104621 0.072099
vt 0.090610 0.052815
vt 0.090610 0.028977
vt 0.104621 0.009692
vt 0.127292 0.002326
vt 0.149962 0.009692
vt 0.163974 0.028977
vt 0.163974 0.052815
vt 0.149962 0.072099
vt 0.090610 0.300028
vt 0.152819 0.300028
vt 0.152819 0.228317
vt 0.090610 0.228317
vt 0.104621 0.153891
vt 0.090610 0.134606
vt 0.090610 0.110769
vt 0.104621 0.091484
vt 0.127292 0.084118
vt 0.149962 0.091484
vt 0.163974 0.110769
vt 0.163974 0.134606
vt 0.149962 0.153891
vt 0.127292 0.161257
s 0
usemtl DL2_Hull_Silver
f 2949/5451/2503 2950/5452/2503 2952/5453/2503 2951/5454/2503
f 2951/5454/2504 2952/5453/2504 2954/5455/2504 2953/5456/2504
f 2953/5457/2505 2954/5458/2505 2956/5459/2505 2955/5460/2505
f 2955/5461/2506 2956/5462/2506 2958/5463/2506 2957/5464/2506
f 2957/5464/2507 2958/5463/2507 2960/5465/2507 2959/5466/2507
f 2959/5466/2508 2960/5465/2508 2962/5467/2508 2961/5468/2508
f 2961/5469/2509 2962/5470/2509 2964/5471/2509 2963/5472/2509
f 2963/5472/2510 2964/5471/2510 2966/5473/2510 2965/5474/2510
f 2952/5475/2511 2950/5476/2511 2968/5477/2511 2966/5478/2511 2964/5479/2511 2962/5480/2511 2960/5481/2511 2958/5482/2511 2956/5483/2511 2954/5484/2511
f 2965/5474/2512 2966/5473/2512 2968/5485/2512 2967/5486/2512
f 2967/5487/2513 2968/5488/2513 2950/5452/2513 2949/5451/2513
f 2949/5489/2514 2951/5490/2514 2953/5491/2514 2955/5492/2514 2957/5493/2514 2959/5494/2514 2961/5495/2514 2963/5496/2514 2965/5497/2514 2967/5498/2514
o DL_X_Base_1_8
v -18.700001 1.450000 -23.120001
v -17.700001 1.450000 -23.120001
v -18.700001 1.085573 -23.001591
v -17.700001 1.085573 -23.001591
v -18.700001 0.860345 -22.691591
v -17.700001 0.860345 -22.691591
v -18.700001 0.860345 -22.308409
v -17.700001 0.860345 -22.308409
v -18.700001 1.085573 -21.998409
v -17.700001 1.085573 -21.998409
v -18.700001 1.450000 -21.879999
v -17.700001 1.450000 -21.879999
v -18.700001 1.814427 -21.998409
v -17.700001 1.814427 -21.998409
v -18.700001 2.039655 -22.308409
v -17.700001 2.039655 -22.308409
v -18.700001 2.039655 -22.691591
v -17.700001 2.039655 -22.691591
v -18.700001 1.814427 -23.001591
v -17.700001 1.814427 -23.001591
vn -0.0000 -0.3090 -0.9511
vn -0.0000 -0.8090 -0.5878
vn -0.0000 -1.0000 -0.0000
vn -0.0000 -0.8090 0.5878
vn -0.0000 -0.3090 0.9511
vn -0.0000 0.3090 0.9511
vn -0.0000 0.8090 0.5878
vn -0.0000 1.0000 -0.0000
vn 1.0000 -0.0000 -0.0000
vn -0.0000 0.8090 -0.5878
vn -0.0000 0.3090 -0.9511
vn -1.0000 -0.0000 -0.0000
vt 0.152819 0.209032
vt 0.090610 0.209032
vt 0.090610 0.185194
vt 0.152819 0.185194
vt 0.090610 0.165909
vt 0.152819 0.165909
vt 0.090610 0.429297
vt 0.090610 0.367088
vt 0.114447 0.367088
vt 0.114447 0.429297
vt 0.152819 0.295376
vt 0.090610 0.295376
vt 0.090610 0.276091
vt 0.152819 0.276091
vt 0.090610 0.252254
vt 0.152819 0.252254
vt 0.090610 0.232969
vt 0.152819 0.232969
vt 0.152819 0.362435
vt 0.090610 0.362435
vt 0.090610 0.343150
vt 0.152819 0.343150
vt 0.090610 0.319313
vt 0.152819 0.319313
vt 0.127292 0.079466
vt 0.104621 0.072099
vt 0.090610 0.052815
vt 0.090610 0.028977
vt 0.104621 0.009692
vt 0.127292 0.002326
vt 0.149962 0.009692
vt 0.163974 0.028977
vt 0.163974 0.052815
vt 0.149962 0.072099
vt 0.090610 0.300028
vt 0.152819 0.300028
vt 0.152819 0.228317
vt 0.090610 0.228317
vt 0.104621 0.153891
vt 0.090610 0.134606
vt 0.090610 0.110769
vt 0.104621 0.091484
vt 0.127292 0.084118
vt 0.149962 0.091484
vt 0.163974 0.110769
vt 0.163974 0.134606
vt 0.149962 0.153891
vt 0.127292 0.161257
s 0
usemtl DL2_Hull_Silver
f 2969/5499/2515 2970/5500/2515 2972/5501/2515 2971/5502/2515
f 2971/5502/2516 2972/5501/2516 2974/5503/2516 2973/5504/2516
f 2973/5505/2517 2974/5506/2517 2976/5507/2517 2975/5508/2517
f 2975/5509/2518 2976/5510/2518 2978/5511/2518 2977/5512/2518
f 2977/5512/2519 2978/5511/2519 2980/5513/2519 2979/5514/2519
f 2979/5514/2520 2980/5513/2520 2982/5515/2520 2981/5516/2520
f 2981/5517/2521 2982/5518/2521 2984/5519/2521 2983/5520/2521
f 2983/5520/2522 2984/5519/2522 2986/5521/2522 2985/5522/2522
f 2972/5523/2523 2970/5524/2523 2988/5525/2523 2986/5526/2523 2984/5527/2523 2982/5528/2523 2980/5529/2523 2978/5530/2523 2976/5531/2523 2974/5532/2523
f 2985/5522/2524 2986/5521/2524 2988/5533/2524 2987/5534/2524
f 2987/5535/2525 2988/5536/2525 2970/5500/2525 2969/5499/2525
f 2969/5537/2526 2971/5538/2526 2973/5539/2526 2975/5540/2526 2977/5541/2526 2979/5542/2526 2981/5543/2526 2983/5544/2526 2985/5545/2526 2987/5546/2526
