# Blender 5.1.2
# www.blender.org
mtllib destiny_lord_stern_pdx_source.mtl
o DL_Turret_X_-1_9
v -23.599998 1.700000 26.080000
v -18.000000 1.700000 26.080000
v -23.599998 1.453130 26.160213
v -18.000000 1.453130 26.160213
v -23.599998 1.300556 26.370213
v -18.000000 1.300556 26.370213
v -23.599998 1.300556 26.629787
v -18.000000 1.300556 26.629787
v -23.599998 1.453130 26.839787
v -18.000000 1.453130 26.839787
v -23.599998 1.700000 26.920000
v -18.000000 1.700000 26.920000
v -23.599998 1.946870 26.839787
v -18.000000 1.946870 26.839787
v -23.599998 2.099444 26.629787
v -18.000000 2.099444 26.629787
v -23.599998 2.099444 26.370213
v -18.000000 2.099444 26.370213
v -23.599998 1.946870 26.160213
v -18.000000 1.946870 26.160213
vn -0.0000 -0.3090 -0.9511
vn -0.0000 -0.8090 -0.5878
vn -0.0000 -1.0000 -0.0000
vn -0.0000 -0.8090 0.5878
vn -0.0000 -0.3090 0.9511
vn -0.0000 0.3090 0.9511
vn -0.0000 0.8090 0.5878
vn -0.0000 1.0000 -0.0000
vn 1.0000 -0.0000 -0.0000
vn -0.0000 0.8090 -0.5878
vn -0.0000 0.3090 -0.9511
vn -1.0000 -0.0000 -0.0000
vt 0.094366 0.350825
vt 0.094366 0.002750
vt 0.107418 0.002750
vt 0.107418 0.350825
vt 0.123553 0.002750
vt 0.123553 0.350825
vt 0.136605 0.002750
vt 0.136605 0.350825
vt 0.142105 0.350825
vt 0.142105 0.002750
vt 0.158240 0.002750
vt 0.158240 0.350825
vt 0.171292 0.002750
vt 0.171292 0.350825
vt 0.094366 0.704400
vt 0.094366 0.356325
vt 0.107418 0.356325
vt 0.107418 0.704400
vt 0.123553 0.356325
vt 0.123553 0.704400
vt 0.136605 0.356325
vt 0.136605 0.704400
vt 0.166933 0.762111
vt 0.151589 0.757126
vt 0.142105 0.744073
vt 0.142105 0.727939
vt 0.151589 0.714886
vt 0.166933 0.709900
vt 0.182278 0.714886
vt 0.191761 0.727939
vt 0.191761 0.744073
vt 0.182278 0.757126
vt 0.142105 0.704400
vt 0.142105 0.356325
vt 0.158240 0.356325
vt 0.158240 0.704400
vt 0.171292 0.356325
vt 0.171292 0.704400
vt 0.151589 0.814837
vt 0.142105 0.801784
vt 0.142105 0.785650
vt 0.151589 0.772597
vt 0.166933 0.767611
vt 0.182278 0.772597
vt 0.191761 0.785650
vt 0.191761 0.801784
vt 0.182278 0.814837
vt 0.166933 0.819823
s 0
usemtl DL2_IceBlue
f 1/1/1 2/2/1 4/3/1 3/4/1
f 3/4/2 4/3/2 6/5/2 5/6/2
f 5/6/3 6/5/3 8/7/3 7/8/3
f 7/9/4 8/10/4 10/11/4 9/12/4
f 9/12/5 10/11/5 12/13/5 11/14/5
f 11/15/6 12/16/6 14/17/6 13/18/6
f 13/18/7 14/17/7 16/19/7 15/20/7
f 15/20/8 16/19/8 18/21/8 17/22/8
f 4/23/9 2/24/9 20/25/9 18/26/9 16/27/9 14/28/9 12/29/9 10/30/9 8/31/9 6/32/9
f 17/33/10 18/34/10 20/35/10 19/36/10
f 19/36/11 20/35/11 2/37/11 1/38/11
f 1/39/12 3/40/12 5/41/12 7/42/12 9/43/12 11/44/12 13/45/12 15/46/12 17/47/12 19/48/12
o DL_Turret_X_1_9
v -23.599998 1.700000 -26.920000
v -18.000000 1.700000 -26.920000
v -23.599998 1.453130 -26.839787
v -18.000000 1.453130 -26.839787
v -23.599998 1.300556 -26.629787
v -18.000000 1.300556 -26.629787
v -23.599998 1.300556 -26.370213
v -18.000000 1.300556 -26.370213
v -23.599998 1.453130 -26.160213
v -18.000000 1.453130 -26.160213
v -23.599998 1.700000 -26.080000
v -18.000000 1.700000 -26.080000
v -23.599998 1.946870 -26.160213
v -18.000000 1.946870 -26.160213
v -23.599998 2.099444 -26.370213
v -18.000000 2.099444 -26.370213
v -23.599998 2.099444 -26.629787
v -18.000000 2.099444 -26.629787
v -23.599998 1.946870 -26.839787
v -18.000000 1.946870 -26.839787
vn -0.0000 -0.3090 -0.9511
vn -0.0000 -0.8090 -0.5878
vn -0.0000 -1.0000 -0.0000
vn -0.0000 -0.8090 0.5878
vn -0.0000 -0.3090 0.9511
vn -0.0000 0.3090 0.9511
vn -0.0000 0.8090 0.5878
vn -0.0000 1.0000 -0.0000
vn 1.0000 -0.0000 -0.0000
vn -0.0000 0.8090 -0.5878
vn -0.0000 0.3090 -0.9511
vn -1.0000 -0.0000 -0.0000
vt 0.094366 0.350825
vt 0.094366 0.002750
vt 0.107418 0.002750
vt 0.107418 0.350825
vt 0.123553 0.002750
vt 0.123553 0.350825
vt 0.136605 0.002750
vt 0.136605 0.350825
vt 0.142105 0.350825
vt 0.142105 0.002750
vt 0.158240 0.002750
vt 0.158240 0.350825
vt 0.171292 0.002750
vt 0.171292 0.350825
vt 0.094366 0.704400
vt 0.094366 0.356325
vt 0.107418 0.356325
vt 0.107418 0.704400
vt 0.123553 0.356325
vt 0.123553 0.704400
vt 0.136605 0.356325
vt 0.136605 0.704400
vt 0.166933 0.762111
vt 0.151589 0.757126
vt 0.142105 0.744073
vt 0.142105 0.727939
vt 0.151589 0.714886
vt 0.166933 0.709900
vt 0.182278 0.714886
vt 0.191761 0.727939
vt 0.191761 0.744073
vt 0.182278 0.757126
vt 0.142105 0.704400
vt 0.142105 0.356325
vt 0.158240 0.356325
vt 0.158240 0.704400
vt 0.171292 0.356325
vt 0.171292 0.704400
vt 0.151589 0.814837
vt 0.142105 0.801784
vt 0.142105 0.785650
vt 0.151589 0.772597
vt 0.166933 0.767611
vt 0.182278 0.772597
vt 0.191761 0.785650
vt 0.191761 0.801784
vt 0.182278 0.814837
vt 0.166933 0.819823
s 0
usemtl DL2_IceBlue
f 21/49/13 22/50/13 24/51/13 23/52/13
f 23/52/14 24/51/14 26/53/14 25/54/14
f 25/54/15 26/53/15 28/55/15 27/56/15
f 27/57/16 28/58/16 30/59/16 29/60/16
f 29/60/17 30/59/17 32/61/17 31/62/17
f 31/63/18 32/64/18 34/65/18 33/66/18
f 33/66/19 34/65/19 36/67/19 35/68/19
f 35/68/20 36/67/20 38/69/20 37/70/20
f 24/71/21 22/72/21 40/73/21 38/74/21 36/75/21 34/76/21 32/77/21 30/78/21 28/79/21 26/80/21
f 37/81/22 38/82/22 40/83/22 39/84/22
f 39/84/23 40/83/23 22/85/23 21/86/23
f 21/87/24 23/88/24 25/89/24 27/90/24 29/91/24 31/92/24 33/93/24 35/94/24 37/95/24 39/96/24
o DL_Aura_Guardian
v -22.619999 5.000000 -9.000000
v -22.809999 5.000000 -8.670910
v -23.190001 5.000000 -8.670910
v -23.380001 5.000000 -9.000000
v -23.190001 5.000000 -9.329090
v -22.809999 5.000000 -9.329090
v -22.834372 6.353494 -9.000000
v -23.015074 6.294781 -8.670911
v -23.376474 6.177354 -8.670911
v -23.557175 6.118641 -9.000000
v -23.376474 6.177354 -9.329090
v -23.015074 6.294781 -9.329090
v -23.456505 7.574499 -9.000000
v -23.610218 7.462820 -8.670911
v -23.917645 7.239462 -8.670911
v -24.071358 7.127783 -9.000000
v -23.917645 7.239462 -9.329090
v -23.610218 7.462820 -9.329090
v -24.425501 8.543495 -9.000000
v -24.537180 8.389782 -8.670911
v -24.760538 8.082355 -8.670911
v -24.872217 7.928641 -9.000000
v -24.760538 8.082355 -9.329090
v -24.537180 8.389782 -9.329090
v -25.646505 9.165627 -9.000000
v -25.705217 8.984926 -8.670911
v -25.822645 8.623526 -8.670911
v -25.881357 8.442824 -9.000000
v -25.822645 8.623526 -9.329090
v -25.705217 8.984926 -9.329090
v -27.000000 9.380000 -9.000000
v -27.000000 9.190001 -8.670911
v -27.000000 8.809999 -8.670911
v -27.000000 8.620000 -9.000000
v -27.000000 8.809999 -9.329090
v -27.000000 9.190001 -9.329090
v -28.353495 9.165627 -9.000000
v -28.294781 8.984926 -8.670911
v -28.177355 8.623526 -8.670911
v -28.118641 8.442824 -9.000000
v -28.177355 8.623526 -9.329090
v -28.294781 8.984926 -9.329090
v -29.574501 8.543494 -9.000000
v -29.462822 8.389781 -8.670911
v -29.239462 8.082355 -8.670911
v -29.127783 7.928641 -9.000000
v -29.239462 8.082355 -9.329090
v -29.462822 8.389781 -9.329090
v -30.543495 7.574498 -9.000000
v -30.389782 7.462819 -8.670911
v -30.082355 7.239461 -8.670911
v -29.928642 7.127782 -9.000000
v -30.082355 7.239461 -9.329090
v -30.389782 7.462819 -9.329090
v -31.165627 6.353495 -9.000000
v -30.984926 6.294781 -8.670911
v -30.623526 6.177355 -8.670911
v -30.442825 6.118642 -9.000000
v -30.623526 6.177355 -9.329090
v -30.984926 6.294781 -9.329090
v -31.380001 5.000000 -9.000000
v -31.190001 5.000000 -8.670910
v -30.809999 5.000000 -8.670910
v -30.619999 5.000000 -9.000000
v -30.809999 5.000000 -9.329090
v -31.190001 5.000000 -9.329090
v -31.165628 3.646507 -9.000000
v -30.984928 3.705220 -8.670910
v -30.623526 3.822647 -8.670910
v -30.442825 3.881360 -9.000000
v -30.623526 3.822647 -9.329089
v -30.984928 3.705220 -9.329089
v -30.543495 2.425502 -9.000000
v -30.389782 2.537181 -8.670910
v -30.082355 2.760539 -8.670910
v -29.928642 2.872218 -9.000000
v -30.082355 2.760539 -9.329089
v -30.389782 2.537181 -9.329089
v -29.574501 1.456506 -9.000000
v -29.462822 1.610219 -8.670910
v -29.239462 1.917646 -8.670910
v -29.127783 2.071359 -9.000000
v -29.239462 1.917646 -9.329089
v -29.462822 1.610219 -9.329089
v -28.353495 0.834373 -9.000000
v -28.294781 1.015073 -8.670910
v -28.177355 1.376475 -8.670910
v -28.118641 1.557176 -9.000000
v -28.177355 1.376475 -9.329089
v -28.294781 1.015073 -9.329089
v -27.000000 0.620000 -9.000000
v -27.000000 0.810000 -8.670910
v -27.000000 1.190000 -8.670910
v -27.000000 1.380000 -9.000000
v -27.000000 1.190000 -9.329089
v -27.000000 0.810000 -9.329089
v -25.646505 0.834373 -9.000000
v -25.705217 1.015073 -8.670910
v -25.822645 1.376475 -8.670910
v -25.881357 1.557176 -9.000000
v -25.822645 1.376475 -9.329089
v -25.705217 1.015073 -9.329089
v -24.425503 1.456504 -9.000000
v -24.537182 1.610217 -8.670910
v -24.760540 1.917644 -8.670910
v -24.872219 2.071357 -9.000000
v -24.760540 1.917644 -9.329089
v -24.537182 1.610217 -9.329089
v -23.456507 2.425499 -9.000000
v -23.610220 2.537178 -8.670910
v -23.917646 2.760537 -8.670910
v -24.071360 2.872216 -9.000000
v -23.917646 2.760537 -9.329089
v -23.610220 2.537178 -9.329089
v -22.834373 3.646504 -9.000000
v -23.015074 3.705217 -8.670910
v -23.376474 3.822644 -8.670910
v -23.557177 3.881357 -9.000000
v -23.376474 3.822644 -9.329089
v -23.015074 3.705217 -9.329089
vn 0.8580 0.1359 0.4954
vn -0.0000 -0.0000 1.0000
vn -0.8580 -0.1359 0.4954
vn -0.8580 -0.1359 -0.4954
vn -0.0000 -0.0000 -1.0000
vn 0.8580 0.1359 -0.4954
vn 0.7740 0.3944 0.4954
vn -0.7740 -0.3944 0.4954
vn -0.7740 -0.3944 -0.4954
vn 0.7740 0.3944 -0.4954
vn 0.6143 0.6143 0.4954
vn -0.6143 -0.6143 0.4954
vn -0.6143 -0.6143 -0.4954
vn 0.6143 0.6143 -0.4954
vn 0.3944 0.7740 0.4954
vn -0.3944 -0.7740 0.4954
vn -0.3944 -0.7740 -0.4954
vn 0.3944 0.7740 -0.4954
vn 0.1359 0.8580 0.4954
vn -0.1359 -0.8580 0.4954
vn -0.1359 -0.8580 -0.4954
vn 0.1359 0.8580 -0.4954
vn -0.1359 0.8580 0.4954
vn 0.1359 -0.8580 0.4954
vn 0.1359 -0.8580 -0.4954
vn -0.1359 0.8580 -0.4954
vn -0.3944 0.7740 0.4954
vn 0.3944 -0.7740 0.4954
vn 0.3944 -0.7740 -0.4954
vn -0.3944 0.7740 -0.4954
vn -0.6143 0.6143 0.4954
vn 0.6143 -0.6143 0.4954
vn 0.6143 -0.6143 -0.4954
vn -0.6143 0.6143 -0.4954
vn -0.7740 0.3944 0.4954
vn 0.7740 -0.3944 0.4954
vn 0.7740 -0.3944 -0.4954
vn -0.7740 0.3944 -0.4954
vn -0.8580 0.1359 0.4954
vn 0.8580 -0.1359 0.4954
vn 0.8580 -0.1359 -0.4954
vn -0.8580 0.1359 -0.4954
vt 0.155544 0.569916
vt 0.191296 0.521227
vt 0.210903 0.531460
vt 0.176701 0.578037
vt 0.310715 0.296747
vt 0.310715 0.217506
vt 0.322819 0.221100
vt 0.322819 0.293154
vt 0.345696 0.222896
vt 0.345696 0.291357
vt 0.229033 0.102400
vt 0.199484 0.062159
vt 0.219090 0.051926
vt 0.250190 0.094279
vt 0.224654 0.031460
vt 0.258855 0.078037
vt 0.079088 0.796747
vt 0.079088 0.717506
vt 0.101965 0.715710
vt 0.101965 0.798544
vt 0.481847 0.945846
vt 0.450321 0.881257
vt 0.472087 0.874185
vt 0.502246 0.935972
vt 0.323779 0.142144
vt 0.334698 0.152572
vt 0.356982 0.157786
vt 0.685872 0.366460
vt 0.711928 0.313078
vt 0.733694 0.320150
vt 0.706271 0.376333
vt 0.182530 0.029660
vt 0.184447 0.006973
vt 0.066024 0.642144
vt 0.088308 0.636930
vt 0.430080 0.803906
vt 0.452724 0.800190
vt 0.348628 0.078037
vt 0.357293 0.094279
vt 0.378451 0.102400
vt 0.728657 0.249149
vt 0.751301 0.252866
vt 0.144088 0.029660
vt 0.142171 0.006973
vt 0.041175 0.578037
vt 0.062333 0.569916
vt 0.423106 0.721367
vt 0.446052 0.721231
vt 0.382830 0.031460
vt 0.388393 0.051926
vt 0.408000 0.062159
vt 0.734421 0.180931
vt 0.757368 0.181067
vt 0.107528 0.051926
vt 0.101965 0.031460
vt 0.006973 0.531460
vt 0.026580 0.521227
vt 0.430080 0.641717
vt 0.452724 0.645036
vt 0.423036 0.006973
vt 0.424953 0.029660
vt 0.244457 0.521227
vt 0.275556 0.563579
vt 0.254399 0.571701
vt 0.224850 0.531460
vt 0.728657 0.115102
vt 0.751301 0.111783
vt 0.076428 0.094279
vt 0.067763 0.078037
vt 0.046606 0.069916
vt 0.082358 0.021227
vt 0.450321 0.572753
vt 0.472087 0.579064
vt 0.465312 0.006973
vt 0.463395 0.029660
vt 0.298152 0.621873
vt 0.275868 0.627087
vt 0.711928 0.058105
vt 0.733694 0.051794
vt 0.053833 0.152572
vt 0.042914 0.142144
vt 0.020630 0.136930
vt 0.481847 0.521227
vt 0.502246 0.529773
vt 0.505519 0.031460
vt 0.499955 0.051926
vt 0.310031 0.690400
vt 0.287154 0.692197
vt 0.685872 0.015519
vt 0.706271 0.006973
vt 0.041954 0.221100
vt 0.029850 0.217506
vt 0.006973 0.215710
vt 0.525125 0.021227
vt 0.560878 0.069916
vt 0.539720 0.078037
vt 0.531055 0.094279
vt 0.310031 0.762455
vt 0.287154 0.760658
vt 0.323978 0.921395
vt 0.353527 0.881154
vt 0.374684 0.889275
vt 0.343584 0.931628
vt 0.041954 0.293154
vt 0.029850 0.296747
vt 0.006973 0.298544
vt 0.586854 0.136930
vt 0.564569 0.142144
vt 0.553650 0.152572
vt 0.298152 0.830982
vt 0.275868 0.825768
vt 0.374995 0.825768
vt 0.397280 0.830982
vt 0.053833 0.361682
vt 0.042914 0.372110
vt 0.020630 0.377324
vt 0.600510 0.215710
vt 0.577633 0.217506
vt 0.565530 0.221100
vt 0.275556 0.889275
vt 0.254399 0.881154
vt 0.386282 0.760658
vt 0.409159 0.762455
vt 0.076428 0.419975
vt 0.067763 0.436217
vt 0.046606 0.444338
vt 0.600510 0.298544
vt 0.577633 0.296747
vt 0.565530 0.293154
vt 0.244457 0.931628
vt 0.224850 0.921395
vt 0.386282 0.692197
vt 0.409159 0.690400
vt 0.107528 0.462327
vt 0.101965 0.482793
vt 0.082358 0.493027
vt 0.586854 0.377324
vt 0.564569 0.372110
vt 0.553650 0.361682
vt 0.706271 0.390280
vt 0.733694 0.446464
vt 0.711928 0.453536
vt 0.685872 0.400154
vt 0.374995 0.627087
vt 0.397280 0.621873
vt 0.144088 0.484593
vt 0.142171 0.507280
vt 0.595333 0.531101
vt 0.565175 0.592888
vt 0.543408 0.585816
vt 0.574935 0.521227
vt 0.560878 0.444338
vt 0.539720 0.436217
vt 0.531055 0.419975
vt 0.751301 0.513748
vt 0.728657 0.517465
vt 0.353527 0.571701
vt 0.374684 0.563580
vt 0.182530 0.484593
vt 0.184447 0.507280
vt 0.545812 0.666883
vt 0.523167 0.663166
vt 0.525125 0.493027
vt 0.505519 0.482793
vt 0.499955 0.462327
vt 0.757368 0.585547
vt 0.734421 0.585683
vt 0.323978 0.531460
vt 0.343584 0.521227
vt 0.219090 0.462327
vt 0.224654 0.482793
vt 0.539140 0.745842
vt 0.516193 0.745706
vt 0.191297 0.993026
vt 0.155544 0.944338
vt 0.176701 0.936217
vt 0.210903 0.982793
vt 0.465312 0.507280
vt 0.463395 0.484593
vt 0.751301 0.654831
vt 0.728657 0.651512
vt 0.199484 0.452094
vt 0.229033 0.411854
vt 0.250190 0.419975
vt 0.258855 0.436217
vt 0.545812 0.822037
vt 0.523167 0.825356
vt 0.129568 0.877324
vt 0.151852 0.872110
vt 0.423036 0.507280
vt 0.424953 0.484593
vt 0.733694 0.714820
vt 0.711928 0.708509
vt 0.250501 0.356468
vt 0.272786 0.361682
vt 0.283704 0.372110
vt 0.565175 0.888009
vt 0.543409 0.894320
vt 0.115912 0.798544
vt 0.138788 0.796747
vt 0.382830 0.482793
vt 0.388393 0.462327
vt 0.706271 0.759640
vt 0.685872 0.751095
vt 0.261788 0.291357
vt 0.284665 0.293154
vt 0.296768 0.296747
vt 0.595333 0.937300
vt 0.574935 0.945846
vt 0.115912 0.715710
vt 0.138788 0.717506
vt 0.348628 0.436217
vt 0.357293 0.419975
vt 0.378451 0.411854
vt 0.408000 0.452094
vt 0.261788 0.222896
vt 0.284665 0.221100
vt 0.296768 0.217507
vt 0.006973 0.982794
vt 0.041175 0.936217
vt 0.062333 0.944338
vt 0.026580 0.993027
vt 0.129568 0.636930
vt 0.151852 0.642144
vt 0.323779 0.372110
vt 0.334698 0.361682
vt 0.356982 0.356468
vt 0.250501 0.157786
vt 0.272786 0.152572
vt 0.283704 0.142144
vt 0.066024 0.872110
vt 0.088309 0.877324
s 0
usemtl DL2_IceBlue
f 41/97/25 47/98/25 48/99/25 42/100/25
f 42/101/26 48/102/26 49/103/26 43/104/26
f 43/104/27 49/103/27 50/105/27 44/106/27
f 44/107/28 50/108/28 51/109/28 45/110/28
f 45/110/29 51/109/29 52/111/29 46/112/29
f 46/113/30 52/114/30 47/115/30 41/116/30
f 47/117/31 53/118/31 54/119/31 48/120/31
f 48/102/26 54/121/26 55/122/26 49/103/26
f 49/103/32 55/122/32 56/123/32 50/105/32
f 50/124/33 56/125/33 57/126/33 51/127/33
f 51/109/29 57/128/29 58/129/29 52/111/29
f 52/114/34 58/130/34 53/131/34 47/115/34
f 53/118/35 59/132/35 60/133/35 54/119/35
f 54/121/26 60/134/26 61/135/26 55/122/26
f 55/122/36 61/135/36 62/136/36 56/123/36
f 56/125/37 62/137/37 63/138/37 57/126/37
f 57/128/29 63/139/29 64/140/29 58/129/29
f 58/130/38 64/141/38 59/142/38 53/131/38
f 59/132/39 65/143/39 66/144/39 60/133/39
f 60/134/26 66/145/26 67/146/26 61/135/26
f 61/135/40 67/146/40 68/147/40 62/136/40
f 62/137/41 68/148/41 69/149/41 63/138/41
f 63/139/29 69/150/29 70/151/29 64/140/29
f 64/141/42 70/152/42 65/153/42 59/142/42
f 65/143/43 71/154/43 72/155/43 66/144/43
f 66/145/26 72/156/26 73/157/26 67/146/26
f 67/158/44 73/159/44 74/160/44 68/161/44
f 68/148/45 74/162/45 75/163/45 69/149/45
f 69/150/29 75/164/29 76/165/29 70/151/29
f 70/151/46 76/165/46 71/166/46 65/167/46
f 71/154/47 77/168/47 78/169/47 72/155/47
f 72/156/26 78/170/26 79/171/26 73/157/26
f 73/159/48 79/172/48 80/173/48 74/160/48
f 74/162/49 80/174/49 81/175/49 75/163/49
f 75/164/29 81/176/29 82/177/29 76/165/29
f 76/165/50 82/177/50 77/178/50 71/166/50
f 77/168/51 83/179/51 84/180/51 78/169/51
f 78/170/26 84/181/26 85/182/26 79/171/26
f 79/172/52 85/183/52 86/184/52 80/173/52
f 80/174/53 86/185/53 87/186/53 81/175/53
f 81/176/29 87/187/29 88/188/29 82/177/29
f 82/177/54 88/188/54 83/189/54 77/178/54
f 83/190/55 89/191/55 90/192/55 84/181/55
f 84/181/26 90/192/26 91/193/26 85/182/26
f 85/183/56 91/194/56 92/195/56 86/184/56
f 86/196/57 92/197/57 93/198/57 87/199/57
f 87/187/29 93/200/29 94/201/29 88/188/29
f 88/188/58 94/201/58 89/202/58 83/189/58
f 89/191/59 95/203/59 96/204/59 90/192/59
f 90/192/26 96/204/26 97/205/26 91/193/26
f 91/194/60 97/206/60 98/207/60 92/195/60
f 92/197/61 98/208/61 99/209/61 93/198/61
f 93/200/29 99/210/29 100/211/29 94/201/29
f 94/201/62 100/211/62 95/212/62 89/202/62
f 95/203/63 101/213/63 102/214/63 96/204/63
f 96/204/26 102/214/26 103/215/26 97/205/26
f 97/206/64 103/216/64 104/217/64 98/207/64
f 98/208/65 104/218/65 105/219/65 99/209/65
f 99/210/29 105/220/29 106/221/29 100/211/29
f 100/211/66 106/221/66 101/222/66 95/212/66
f 101/213/27 107/223/27 108/224/27 102/214/27
f 102/214/26 108/224/26 109/225/26 103/215/26
f 103/216/25 109/226/25 110/227/25 104/217/25
f 104/218/30 110/228/30 111/229/30 105/219/30
f 105/220/29 111/230/29 112/231/29 106/221/29
f 106/221/28 112/231/28 107/232/28 101/222/28
f 107/223/32 113/233/32 114/234/32 108/224/32
f 108/224/26 114/234/26 115/235/26 109/225/26
f 109/236/31 115/237/31 116/238/31 110/239/31
f 110/228/34 116/240/34 117/241/34 111/229/34
f 111/230/29 117/242/29 118/243/29 112/231/29
f 112/244/33 118/245/33 113/246/33 107/247/33
f 113/233/36 119/248/36 120/249/36 114/234/36
f 114/234/26 120/249/26 121/250/26 115/235/26
f 115/237/35 121/251/35 122/252/35 116/238/35
f 116/240/38 122/253/38 123/254/38 117/241/38
f 117/242/29 123/255/29 124/256/29 118/243/29
f 118/245/37 124/257/37 119/258/37 113/246/37
f 119/248/40 125/259/40 126/260/40 120/249/40
f 120/249/26 126/260/26 127/261/26 121/250/26
f 121/251/39 127/262/39 128/263/39 122/252/39
f 122/253/42 128/264/42 129/265/42 123/254/42
f 123/255/29 129/266/29 130/267/29 124/256/29
f 124/257/41 130/268/41 125/269/41 119/258/41
f 125/270/44 131/271/44 132/272/44 126/273/44
f 126/260/26 132/274/26 133/275/26 127/261/26
f 127/262/43 133/276/43 134/277/43 128/263/43
f 128/278/46 134/279/46 135/280/46 129/266/46
f 129/266/29 135/280/29 136/281/29 130/267/29
f 130/268/45 136/282/45 131/283/45 125/269/45
f 131/271/48 137/284/48 138/285/48 132/272/48
f 132/274/26 138/286/26 139/287/26 133/275/26
f 133/276/47 139/288/47 140/289/47 134/277/47
f 134/279/50 140/290/50 141/291/50 135/280/50
f 135/280/29 141/291/29 142/292/29 136/281/29
f 136/282/49 142/293/49 137/294/49 131/283/49
f 137/284/52 143/295/52 144/296/52 138/285/52
f 138/286/26 144/297/26 145/298/26 139/287/26
f 139/288/51 145/299/51 146/300/51 140/289/51
f 140/290/54 146/301/54 147/302/54 141/291/54
f 141/291/29 147/302/29 148/303/29 142/292/29
f 142/293/53 148/304/53 143/305/53 137/294/53
f 143/295/56 149/306/56 150/307/56 144/296/56
f 144/297/26 150/308/26 151/309/26 145/298/26
f 145/298/55 151/309/55 152/310/55 146/311/55
f 146/301/58 152/312/58 153/313/58 147/302/58
f 147/302/29 153/313/29 154/314/29 148/303/29
f 148/315/57 154/316/57 149/317/57 143/318/57
f 149/306/60 155/319/60 156/320/60 150/307/60
f 150/308/26 156/321/26 157/322/26 151/309/26
f 151/309/59 157/322/59 158/323/59 152/310/59
f 152/312/62 158/324/62 159/325/62 153/313/62
f 153/313/29 159/325/29 160/326/29 154/314/29
f 154/316/61 160/327/61 155/328/61 149/317/61
f 155/319/64 41/97/64 42/100/64 156/320/64
f 156/321/26 42/101/26 43/104/26 157/322/26
f 157/322/63 43/104/63 44/106/63 158/323/63
f 158/324/66 44/107/66 45/110/66 159/325/66
f 159/325/29 45/110/29 46/112/29 160/326/29
f 160/327/65 46/113/65 41/116/65 155/328/65
o DL_Aura_Suppression
v -22.619999 5.000000 9.000000
v -22.809999 5.000000 9.329090
v -23.190001 5.000000 9.329090
v -23.380001 5.000000 9.000000
v -23.190001 5.000000 8.670910
v -22.809999 5.000000 8.670910
v -22.834372 6.353494 9.000000
v -23.015074 6.294781 9.329089
v -23.376474 6.177354 9.329089
v -23.557175 6.118641 9.000000
v -23.376474 6.177354 8.670910
v -23.015074 6.294781 8.670910
v -23.456505 7.574499 9.000000
v -23.610218 7.462820 9.329089
v -23.917645 7.239462 9.329089
v -24.071358 7.127783 9.000000
v -23.917645 7.239462 8.670910
v -23.610218 7.462820 8.670910
v -24.425501 8.543495 9.000000
v -24.537180 8.389782 9.329089
v -24.760538 8.082355 9.329089
v -24.872217 7.928641 9.000000
v -24.760538 8.082355 8.670910
v -24.537180 8.389782 8.670910
v -25.646505 9.165627 9.000000
v -25.705217 8.984926 9.329089
v -25.822645 8.623526 9.329089
v -25.881357 8.442824 9.000000
v -25.822645 8.623526 8.670910
v -25.705217 8.984926 8.670910
v -27.000000 9.380000 9.000000
v -27.000000 9.190001 9.329089
v -27.000000 8.809999 9.329089
v -27.000000 8.620000 9.000000
v -27.000000 8.809999 8.670910
v -27.000000 9.190001 8.670910
v -28.353495 9.165627 9.000000
v -28.294781 8.984926 9.329089
v -28.177355 8.623526 9.329089
v -28.118641 8.442824 9.000000
v -28.177355 8.623526 8.670910
v -28.294781 8.984926 8.670910
v -29.574501 8.543494 9.000000
v -29.462822 8.389781 9.329089
v -29.239462 8.082355 9.329089
v -29.127783 7.928641 9.000000
v -29.239462 8.082355 8.670910
v -29.462822 8.389781 8.670910
v -30.543495 7.574498 9.000000
v -30.389782 7.462819 9.329089
v -30.082355 7.239461 9.329089
v -29.928642 7.127782 9.000000
v -30.082355 7.239461 8.670910
v -30.389782 7.462819 8.670910
v -31.165627 6.353495 9.000000
v -30.984926 6.294781 9.329089
v -30.623526 6.177355 9.329089
v -30.442825 6.118642 9.000000
v -30.623526 6.177355 8.670910
v -30.984926 6.294781 8.670910
v -31.380001 5.000000 9.000000
v -31.190001 5.000000 9.329090
v -30.809999 5.000000 9.329090
v -30.619999 5.000000 9.000000
v -30.809999 5.000000 8.670910
v -31.190001 5.000000 8.670910
v -31.165628 3.646507 9.000000
v -30.984928 3.705220 9.329090
v -30.623526 3.822647 9.329090
v -30.442825 3.881360 9.000000
v -30.623526 3.822647 8.670911
v -30.984928 3.705220 8.670911
v -30.543495 2.425502 9.000000
v -30.389782 2.537181 9.329090
v -30.082355 2.760539 9.329090
v -29.928642 2.872218 9.000000
v -30.082355 2.760539 8.670911
v -30.389782 2.537181 8.670911
v -29.574501 1.456506 9.000000
v -29.462822 1.610219 9.329090
v -29.239462 1.917646 9.329090
v -29.127783 2.071359 9.000000
v -29.239462 1.917646 8.670911
v -29.462822 1.610219 8.670911
v -28.353495 0.834373 9.000000
v -28.294781 1.015073 9.329090
v -28.177355 1.376475 9.329090
v -28.118641 1.557176 9.000000
v -28.177355 1.376475 8.670911
v -28.294781 1.015073 8.670911
v -27.000000 0.620000 9.000000
v -27.000000 0.810000 9.329090
v -27.000000 1.190000 9.329090
v -27.000000 1.380000 9.000000
v -27.000000 1.190000 8.670911
v -27.000000 0.810000 8.670911
v -25.646505 0.834373 9.000000
v -25.705217 1.015073 9.329090
v -25.822645 1.376475 9.329090
v -25.881357 1.557176 9.000000
v -25.822645 1.376475 8.670911
v -25.705217 1.015073 8.670911
v -24.425503 1.456504 9.000000
v -24.537182 1.610217 9.329090
v -24.760540 1.917644 9.329090
v -24.872219 2.071357 9.000000
v -24.760540 1.917644 8.670911
v -24.537182 1.610217 8.670911
v -23.456507 2.425499 9.000000
v -23.610220 2.537178 9.329090
v -23.917646 2.760537 9.329090
v -24.071360 2.872216 9.000000
v -23.917646 2.760537 8.670911
v -23.610220 2.537178 8.670911
v -22.834373 3.646504 9.000000
v -23.015074 3.705217 9.329090
v -23.376474 3.822644 9.329090
v -23.557177 3.881357 9.000000
v -23.376474 3.822644 8.670911
v -23.015074 3.705217 8.670911
vn 0.8580 0.1359 0.4954
vn -0.0000 -0.0000 1.0000
vn -0.8580 -0.1359 0.4954
vn -0.8580 -0.1359 -0.4954
vn -0.0000 -0.0000 -1.0000
vn 0.8580 0.1359 -0.4954
vn 0.7740 0.3944 0.4954
vn -0.7740 -0.3944 0.4954
vn -0.7740 -0.3944 -0.4954
vn 0.7740 0.3944 -0.4954
vn 0.6143 0.6143 0.4954
vn -0.6143 -0.6143 0.4954
vn -0.6143 -0.6143 -0.4954
vn 0.6143 0.6143 -0.4954
vn 0.3944 0.7740 0.4954
vn -0.3944 -0.7740 0.4954
vn -0.3944 -0.7740 -0.4954
vn 0.3944 0.7740 -0.4954
vn 0.1359 0.8580 0.4954
vn -0.1359 -0.8580 0.4954
vn -0.1359 -0.8580 -0.4954
vn 0.1359 0.8580 -0.4954
vn -0.1359 0.8580 0.4954
vn 0.1359 -0.8580 0.4954
vn 0.1359 -0.8580 -0.4954
vn -0.1359 0.8580 -0.4954
vn -0.3944 0.7740 0.4954
vn 0.3944 -0.7740 0.4954
vn 0.3944 -0.7740 -0.4954
vn -0.3944 0.7740 -0.4954
vn -0.6143 0.6143 0.4954
vn 0.6143 -0.6143 0.4954
vn 0.6143 -0.6143 -0.4954
vn -0.6143 0.6143 -0.4954
vn -0.7740 0.3944 0.4954
vn 0.7740 -0.3944 0.4954
vn 0.7740 -0.3944 -0.4954
vn -0.7740 0.3944 -0.4954
vn -0.8580 0.1359 0.4954
vn 0.8580 -0.1359 0.4954
vn 0.8580 -0.1359 -0.4954
vn -0.8580 0.1359 -0.4954
vt 0.155544 0.569916
vt 0.191296 0.521227
vt 0.210903 0.531460
vt 0.176701 0.578037
vt 0.310715 0.296747
vt 0.310715 0.217506
vt 0.322819 0.221100
vt 0.322819 0.293154
vt 0.345696 0.222896
vt 0.345696 0.291357
vt 0.229033 0.102400
vt 0.199484 0.062159
vt 0.219090 0.051926
vt 0.250190 0.094279
vt 0.224654 0.031460
vt 0.258855 0.078037
vt 0.079088 0.796747
vt 0.079088 0.717506
vt 0.101965 0.715710
vt 0.101965 0.798544
vt 0.481847 0.945846
vt 0.450321 0.881257
vt 0.472087 0.874185
vt 0.502246 0.935972
vt 0.323779 0.142144
vt 0.334698 0.152572
vt 0.356982 0.157786
vt 0.685872 0.366460
vt 0.711928 0.313078
vt 0.733694 0.320150
vt 0.706271 0.376333
vt 0.182530 0.029660
vt 0.184447 0.006973
vt 0.066024 0.642144
vt 0.088308 0.636930
vt 0.430080 0.803906
vt 0.452724 0.800190
vt 0.348628 0.078037
vt 0.357293 0.094279
vt 0.378451 0.102400
vt 0.728657 0.249149
vt 0.751301 0.252866
vt 0.144088 0.029660
vt 0.142171 0.006973
vt 0.041175 0.578037
vt 0.062333 0.569916
vt 0.423106 0.721367
vt 0.446052 0.721231
vt 0.382830 0.031460
vt 0.388393 0.051926
vt 0.408000 0.062159
vt 0.734421 0.180931
vt 0.757368 0.181067
vt 0.107528 0.051926
vt 0.101965 0.031460
vt 0.006973 0.531460
vt 0.026580 0.521227
vt 0.430080 0.641717
vt 0.452724 0.645036
vt 0.423036 0.006973
vt 0.424953 0.029660
vt 0.244457 0.521227
vt 0.275556 0.563579
vt 0.254399 0.571701
vt 0.224850 0.531460
vt 0.728657 0.115102
vt 0.751301 0.111783
vt 0.076428 0.094279
vt 0.067763 0.078037
vt 0.046606 0.069916
vt 0.082358 0.021227
vt 0.450321 0.572753
vt 0.472087 0.579064
vt 0.465312 0.006973
vt 0.463395 0.029660
vt 0.298152 0.621873
vt 0.275868 0.627087
vt 0.711928 0.058105
vt 0.733694 0.051794
vt 0.053833 0.152572
vt 0.042914 0.142144
vt 0.020630 0.136930
vt 0.481847 0.521227
vt 0.502246 0.529773
vt 0.505519 0.031460
vt 0.499955 0.051926
vt 0.310031 0.690400
vt 0.287154 0.692197
vt 0.685872 0.015519
vt 0.706271 0.006973
vt 0.041954 0.221100
vt 0.029850 0.217506
vt 0.006973 0.215710
vt 0.525125 0.021227
vt 0.560878 0.069916
vt 0.539720 0.078037
vt 0.531055 0.094279
vt 0.310031 0.762455
vt 0.287154 0.760658
vt 0.323978 0.921395
vt 0.353527 0.881154
vt 0.374684 0.889275
vt 0.343584 0.931628
vt 0.041954 0.293154
vt 0.029850 0.296747
vt 0.006973 0.298544
vt 0.586854 0.136930
vt 0.564569 0.142144
vt 0.553650 0.152572
vt 0.298152 0.830982
vt 0.275868 0.825768
vt 0.374995 0.825768
vt 0.397280 0.830982
vt 0.053833 0.361682
vt 0.042914 0.372110
vt 0.020630 0.377324
vt 0.600510 0.215710
vt 0.577633 0.217506
vt 0.565530 0.221100
vt 0.275556 0.889275
vt 0.254399 0.881154
vt 0.386282 0.760658
vt 0.409159 0.762455
vt 0.076428 0.419975
vt 0.067763 0.436217
vt 0.046606 0.444338
vt 0.600510 0.298544
vt 0.577633 0.296747
vt 0.565530 0.293154
vt 0.244457 0.931628
vt 0.224850 0.921395
vt 0.386282 0.692197
vt 0.409159 0.690400
vt 0.107528 0.462327
vt 0.101965 0.482793
vt 0.082358 0.493027
vt 0.586854 0.377324
vt 0.564569 0.372110
vt 0.553650 0.361682
vt 0.706271 0.390280
vt 0.733694 0.446464
vt 0.711928 0.453536
vt 0.685872 0.400154
vt 0.374995 0.627087
vt 0.397280 0.621873
vt 0.144088 0.484593
vt 0.142171 0.507280
vt 0.595333 0.531101
vt 0.565175 0.592888
vt 0.543408 0.585816
vt 0.574935 0.521227
vt 0.560878 0.444338
vt 0.539720 0.436217
vt 0.531055 0.419975
vt 0.751301 0.513748
vt 0.728657 0.517465
vt 0.353527 0.571701
vt 0.374684 0.563580
vt 0.182530 0.484593
vt 0.184447 0.507280
vt 0.545812 0.666883
vt 0.523167 0.663166
vt 0.525125 0.493027
vt 0.505519 0.482793
vt 0.499955 0.462327
vt 0.757368 0.585547
vt 0.734421 0.585683
vt 0.323978 0.531460
vt 0.343584 0.521227
vt 0.219090 0.462327
vt 0.224654 0.482793
vt 0.539140 0.745842
vt 0.516193 0.745706
vt 0.191297 0.993026
vt 0.155544 0.944338
vt 0.176701 0.936217
vt 0.210903 0.982793
vt 0.465312 0.507280
vt 0.463395 0.484593
vt 0.751301 0.654831
vt 0.728657 0.651512
vt 0.199484 0.452094
vt 0.229033 0.411854
vt 0.250190 0.419975
vt 0.258855 0.436217
vt 0.545812 0.822037
vt 0.523167 0.825356
vt 0.129568 0.877324
vt 0.151852 0.872110
vt 0.423036 0.507280
vt 0.424953 0.484593
vt 0.733694 0.714820
vt 0.711928 0.708509
vt 0.250501 0.356468
vt 0.272786 0.361682
vt 0.283704 0.372110
vt 0.565175 0.888009
vt 0.543409 0.894320
vt 0.115912 0.798544
vt 0.138788 0.796747
vt 0.382830 0.482793
vt 0.388393 0.462327
vt 0.706271 0.759640
vt 0.685872 0.751095
vt 0.261788 0.291357
vt 0.284665 0.293154
vt 0.296768 0.296747
vt 0.595333 0.937300
vt 0.574935 0.945846
vt 0.115912 0.715710
vt 0.138788 0.717506
vt 0.348628 0.436217
vt 0.357293 0.419975
vt 0.378451 0.411854
vt 0.408000 0.452094
vt 0.261788 0.222896
vt 0.284665 0.221100
vt 0.296768 0.217507
vt 0.006973 0.982794
vt 0.041175 0.936217
vt 0.062333 0.944338
vt 0.026580 0.993027
vt 0.129568 0.636930
vt 0.151852 0.642144
vt 0.323779 0.372110
vt 0.334698 0.361682
vt 0.356982 0.356468
vt 0.250501 0.157786
vt 0.272786 0.152572
vt 0.283704 0.142144
vt 0.066024 0.872110
vt 0.088309 0.877324
s 0
usemtl DL2_IceBlue
f 161/329/67 167/330/67 168/331/67 162/332/67
f 162/333/68 168/334/68 169/335/68 163/336/68
f 163/336/69 169/335/69 170/337/69 164/338/69
f 164/339/70 170/340/70 171/341/70 165/342/70
f 165/342/71 171/341/71 172/343/71 166/344/71
f 166/345/72 172/346/72 167/347/72 161/348/72
f 167/349/73 173/350/73 174/351/73 168/352/73
f 168/334/68 174/353/68 175/354/68 169/335/68
f 169/335/74 175/354/74 176/355/74 170/337/74
f 170/356/75 176/357/75 177/358/75 171/359/75
f 171/341/71 177/360/71 178/361/71 172/343/71
f 172/346/76 178/362/76 173/363/76 167/347/76
f 173/350/77 179/364/77 180/365/77 174/351/77
f 174/353/68 180/366/68 181/367/68 175/354/68
f 175/354/78 181/367/78 182/368/78 176/355/78
f 176/357/79 182/369/79 183/370/79 177/358/79
f 177/360/71 183/371/71 184/372/71 178/361/71
f 178/362/80 184/373/80 179/374/80 173/363/80
f 179/364/81 185/375/81 186/376/81 180/365/81
f 180/366/68 186/377/68 187/378/68 181/367/68
f 181/367/82 187/378/82 188/379/82 182/368/82
f 182/369/83 188/380/83 189/381/83 183/370/83
f 183/371/71 189/382/71 190/383/71 184/372/71
f 184/373/84 190/384/84 185/385/84 179/374/84
f 185/375/85 191/386/85 192/387/85 186/376/85
f 186/377/68 192/388/68 193/389/68 187/378/68
f 187/390/86 193/391/86 194/392/86 188/393/86
f 188/380/87 194/394/87 195/395/87 189/381/87
f 189/382/71 195/396/71 196/397/71 190/383/71
f 190/383/88 196/397/88 191/398/88 185/399/88
f 191/386/89 197/400/89 198/401/89 192/387/89
f 192/388/68 198/402/68 199/403/68 193/389/68
f 193/391/90 199/404/90 200/405/90 194/392/90
f 194/394/91 200/406/91 201/407/91 195/395/91
f 195/396/71 201/408/71 202/409/71 196/397/71
f 196/397/92 202/409/92 197/410/92 191/398/92
f 197/400/93 203/411/93 204/412/93 198/401/93
f 198/402/68 204/413/68 205/414/68 199/403/68
f 199/404/94 205/415/94 206/416/94 200/405/94
f 200/406/95 206/417/95 207/418/95 201/407/95
f 201/408/71 207/419/71 208/420/71 202/409/71
f 202/409/96 208/420/96 203/421/96 197/410/96
f 203/422/97 209/423/97 210/424/97 204/413/97
f 204/413/68 210/424/68 211/425/68 205/414/68
f 205/415/98 211/426/98 212/427/98 206/416/98
f 206/428/99 212/429/99 213/430/99 207/431/99
f 207/419/71 213/432/71 214/433/71 208/420/71
f 208/420/100 214/433/100 209/434/100 203/421/100
f 209/423/101 215/435/101 216/436/101 210/424/101
f 210/424/68 216/436/68 217/437/68 211/425/68
f 211/426/102 217/438/102 218/439/102 212/427/102
f 212/429/103 218/440/103 219/441/103 213/430/103
f 213/432/71 219/442/71 220/443/71 214/433/71
f 214/433/104 220/443/104 215/444/104 209/434/104
f 215/435/105 221/445/105 222/446/105 216/436/105
f 216/436/68 222/446/68 223/447/68 217/437/68
f 217/438/106 223/448/106 224/449/106 218/439/106
f 218/440/107 224/450/107 225/451/107 219/441/107
f 219/442/71 225/452/71 226/453/71 220/443/71
f 220/443/108 226/453/108 221/454/108 215/444/108
f 221/445/69 227/455/69 228/456/69 222/446/69
f 222/446/68 228/456/68 229/457/68 223/447/68
f 223/448/67 229/458/67 230/459/67 224/449/67
f 224/450/72 230/460/72 231/461/72 225/451/72
f 225/452/71 231/462/71 232/463/71 226/453/71
f 226/453/70 232/463/70 227/464/70 221/454/70
f 227/455/74 233/465/74 234/466/74 228/456/74
f 228/456/68 234/466/68 235/467/68 229/457/68
f 229/468/73 235/469/73 236/470/73 230/471/73
f 230/460/76 236/472/76 237/473/76 231/461/76
f 231/462/71 237/474/71 238/475/71 232/463/71
f 232/476/75 238/477/75 233/478/75 227/479/75
f 233/465/78 239/480/78 240/481/78 234/466/78
f 234/466/68 240/481/68 241/482/68 235/467/68
f 235/469/77 241/483/77 242/484/77 236/470/77
f 236/472/80 242/485/80 243/486/80 237/473/80
f 237/474/71 243/487/71 244/488/71 238/475/71
f 238/477/79 244/489/79 239/490/79 233/478/79
f 239/480/82 245/491/82 246/492/82 240/481/82
f 240/481/68 246/492/68 247/493/68 241/482/68
f 241/483/81 247/494/81 248/495/81 242/484/81
f 242/485/84 248/496/84 249/497/84 243/486/84
f 243/487/71 249/498/71 250/499/71 244/488/71
f 244/489/83 250/500/83 245/501/83 239/490/83
f 245/502/86 251/503/86 252/504/86 246/505/86
f 246/492/68 252/506/68 253/507/68 247/493/68
f 247/494/85 253/508/85 254/509/85 248/495/85
f 248/510/88 254/511/88 255/512/88 249/498/88
f 249/498/71 255/512/71 256/513/71 250/499/71
f 250/500/87 256/514/87 251/515/87 245/501/87
f 251/503/90 257/516/90 258/517/90 252/504/90
f 252/506/68 258/518/68 259/519/68 253/507/68
f 253/508/89 259/520/89 260/521/89 254/509/89
f 254/511/92 260/522/92 261/523/92 255/512/92
f 255/512/71 261/523/71 262/524/71 256/513/71
f 256/514/91 262/525/91 257/526/91 251/515/91
f 257/516/94 263/527/94 264/528/94 258/517/94
f 258/518/68 264/529/68 265/530/68 259/519/68
f 259/520/93 265/531/93 266/532/93 260/521/93
f 260/522/96 266/533/96 267/534/96 261/523/96
f 261/523/71 267/534/71 268/535/71 262/524/71
f 262/525/95 268/536/95 263/537/95 257/526/95
f 263/527/98 269/538/98 270/539/98 264/528/98
f 264/529/68 270/540/68 271/541/68 265/530/68
f 265/530/97 271/541/97 272/542/97 266/543/97
f 266/533/100 272/544/100 273/545/100 267/534/100
f 267/534/71 273/545/71 274/546/71 268/535/71
f 268/547/99 274/548/99 269/549/99 263/550/99
f 269/538/102 275/551/102 276/552/102 270/539/102
f 270/540/68 276/553/68 277/554/68 271/541/68
f 271/541/101 277/554/101 278/555/101 272/542/101
f 272/544/104 278/556/104 279/557/104 273/545/104
f 273/545/71 279/557/71 280/558/71 274/546/71
f 274/548/103 280/559/103 275/560/103 269/549/103
f 275/551/106 161/329/106 162/332/106 276/552/106
f 276/553/68 162/333/68 163/336/68 277/554/68
f 277/554/105 163/336/105 164/338/105 278/555/105
f 278/556/108 164/339/108 165/342/108 279/557/108
f 279/557/71 165/342/71 166/344/71 280/558/71
f 280/559/107 166/345/107 161/348/107 275/560/107
o DL_Engine_-1_0
v -48.000000 0.000000 2.900000
v -42.000000 -0.000000 2.900000
v -48.000000 -0.940456 3.205573
v -42.000000 -0.940457 3.205573
v -48.000000 -1.521690 4.005573
v -42.000000 -1.521691 4.005573
v -48.000000 -1.521690 4.994427
v -42.000000 -1.521691 4.994427
v -48.000000 -0.940456 5.794427
v -42.000000 -0.940457 5.794427
v -48.000000 0.000000 6.100000
v -42.000000 -0.000000 6.100000
v -48.000000 0.940457 5.794427
v -42.000000 0.940456 5.794427
v -48.000000 1.521691 4.994427
v -42.000000 1.521690 4.994427
v -48.000000 1.521691 4.005573
v -42.000000 1.521690 4.005573
v -48.000000 0.940457 3.205573
v -42.000000 0.940456 3.205573
vn -0.0000 -0.3090 -0.9511
vn -0.0000 -0.8090 -0.5878
vn -0.0000 -1.0000 -0.0000
vn -0.0000 -0.8090 0.5878
vn -0.0000 -0.3090 0.9511
vn -0.0000 0.3090 0.9511
vn -0.0000 0.8090 0.5878
vn -0.0000 1.0000 -0.0000
vn 1.0000 -0.0000 -0.0000
vn -0.0000 0.8090 -0.5878
vn -0.0000 0.3090 -0.9511
vn -1.0000 -0.0000 -0.0000
vt 0.223537 0.376139
vt 0.223537 0.004554
vt 0.284777 0.004554
vt 0.284777 0.376139
vt 0.334322 0.004554
vt 0.334322 0.376139
vt 0.575676 0.376139
vt 0.575676 0.004554
vt 0.636916 0.004554
vt 0.636916 0.376139
vt 0.343431 0.376139
vt 0.343431 0.004554
vt 0.392975 0.004554
vt 0.392975 0.376139
vt 0.454216 0.004554
vt 0.454216 0.376139
vt 0.503760 0.004554
vt 0.503760 0.376139
vt 0.004554 0.376139
vt 0.004554 0.004554
vt 0.054099 0.004554
vt 0.054099 0.376139
vt 0.115339 0.004554
vt 0.115339 0.376139
vt 0.040551 0.564501
vt 0.004554 0.514956
vt 0.004554 0.453716
vt 0.040551 0.404171
vt 0.098794 0.385247
vt 0.157037 0.404171
vt 0.193033 0.453716
vt 0.193033 0.514957
vt 0.157037 0.564501
vt 0.098794 0.583425
vt 0.164884 0.004554
vt 0.164884 0.376139
vt 0.173992 0.376139
vt 0.173992 0.004554
vt 0.202142 0.514956
vt 0.202142 0.453716
vt 0.238138 0.404171
vt 0.296381 0.385247
vt 0.354624 0.404171
vt 0.390620 0.453716
vt 0.390620 0.514956
vt 0.354624 0.564501
vt 0.296381 0.583425
vt 0.238138 0.564501
s 0
usemtl DL2_IceBlue
f 281/561/109 282/562/109 284/563/109 283/564/109
f 283/564/110 284/563/110 286/565/110 285/566/110
f 285/567/111 286/568/111 288/569/111 287/570/111
f 287/571/112 288/572/112 290/573/112 289/574/112
f 289/574/113 290/573/113 292/575/113 291/576/113
f 291/576/114 292/575/114 294/577/114 293/578/114
f 293/579/115 294/580/115 296/581/115 295/582/115
f 295/582/116 296/581/116 298/583/116 297/584/116
f 284/585/117 282/586/117 300/587/117 298/588/117 296/589/117 294/590/117 292/591/117 290/592/117 288/593/117 286/594/117
f 297/584/118 298/583/118 300/595/118 299/596/118
f 299/597/119 300/598/119 282/562/119 281/561/119
f 281/599/120 283/600/120 285/601/120 287/602/120 289/603/120 291/604/120 293/605/120 295/606/120 297/607/120 299/608/120
o DL_Engine_-1_1
v -48.000000 0.000000 8.400000
v -42.000000 -0.000000 8.400000
v -48.000000 -0.940456 8.705573
v -42.000000 -0.940457 8.705573
v -48.000000 -1.521690 9.505573
v -42.000000 -1.521691 9.505573
v -48.000000 -1.521690 10.494427
v -42.000000 -1.521691 10.494427
v -48.000000 -0.940456 11.294427
v -42.000000 -0.940457 11.294427
v -48.000000 0.000000 11.600000
v -42.000000 -0.000000 11.600000
v -48.000000 0.940457 11.294427
v -42.000000 0.940456 11.294427
v -48.000000 1.521691 10.494427
v -42.000000 1.521690 10.494427
v -48.000000 1.521691 9.505573
v -42.000000 1.521690 9.505573
v -48.000000 0.940457 8.705573
v -42.000000 0.940456 8.705573
vn -0.0000 -0.3090 -0.9511
vn -0.0000 -0.8090 -0.5878
vn -0.0000 -1.0000 -0.0000
vn -0.0000 -0.8090 0.5878
vn -0.0000 -0.3090 0.9511
vn -0.0000 0.3090 0.9511
vn -0.0000 0.8090 0.5878
vn -0.0000 1.0000 -0.0000
vn 1.0000 -0.0000 -0.0000
vn -0.0000 0.8090 -0.5878
vn -0.0000 0.3090 -0.9511
vn -1.0000 -0.0000 -0.0000
vt 0.223537 0.376139
vt 0.223537 0.004554
vt 0.284777 0.004554
vt 0.284777 0.376139
vt 0.334322 0.004554
vt 0.334322 0.376139
vt 0.575676 0.376139
vt 0.575676 0.004554
vt 0.636916 0.004554
vt 0.636916 0.376139
vt 0.343431 0.376139
vt 0.343431 0.004554
vt 0.392975 0.004554
vt 0.392975 0.376139
vt 0.454216 0.004554
vt 0.454216 0.376139
vt 0.503760 0.004554
vt 0.503760 0.376139
vt 0.004554 0.376139
vt 0.004554 0.004554
vt 0.054099 0.004554
vt 0.054099 0.376139
vt 0.115339 0.004554
vt 0.115339 0.376139
vt 0.040551 0.564501
vt 0.004554 0.514956
vt 0.004554 0.453716
vt 0.040551 0.404171
vt 0.098794 0.385247
vt 0.157037 0.404171
vt 0.193033 0.453716
vt 0.193033 0.514957
vt 0.157037 0.564501
vt 0.098794 0.583425
vt 0.164884 0.004554
vt 0.164884 0.376139
vt 0.173992 0.376139
vt 0.173992 0.004554
vt 0.202142 0.514956
vt 0.202142 0.453716
vt 0.238138 0.404171
vt 0.296381 0.385247
vt 0.354624 0.404171
vt 0.390620 0.453716
vt 0.390620 0.514956
vt 0.354624 0.564501
vt 0.296381 0.583425
vt 0.238138 0.564501
s 0
usemtl DL2_IceBlue
f 301/609/121 302/610/121 304/611/121 303/612/121
f 303/612/122 304/611/122 306/613/122 305/614/122
f 305/615/123 306/616/123 308/617/123 307/618/123
f 307/619/124 308/620/124 310/621/124 309/622/124
f 309/622/125 310/621/125 312/623/125 311/624/125
f 311/624/126 312/623/126 314/625/126 313/626/126
f 313/627/127 314/628/127 316/629/127 315/630/127
f 315/630/128 316/629/128 318/631/128 317/632/128
f 304/633/129 302/634/129 320/635/129 318/636/129 316/637/129 314/638/129 312/639/129 310/640/129 308/641/129 306/642/129
f 317/632/130 318/631/130 320/643/130 319/644/130
f 319/645/131 320/646/131 302/610/131 301/609/131
f 301/647/132 303/648/132 305/649/132 307/650/132 309/651/132 311/652/132 313/653/132 315/654/132 317/655/132 319/656/132
o DL_Engine_1_0
v -48.000000 0.000000 -6.100000
v -42.000000 -0.000000 -6.100000
v -48.000000 -0.940456 -5.794427
v -42.000000 -0.940457 -5.794427
v -48.000000 -1.521690 -4.994427
v -42.000000 -1.521691 -4.994427
v -48.000000 -1.521690 -4.005573
v -42.000000 -1.521691 -4.005573
v -48.000000 -0.940456 -3.205573
v -42.000000 -0.940457 -3.205573
v -48.000000 0.000000 -2.900000
v -42.000000 -0.000000 -2.900000
v -48.000000 0.940457 -3.205573
v -42.000000 0.940456 -3.205573
v -48.000000 1.521691 -4.005573
v -42.000000 1.521690 -4.005573
v -48.000000 1.521691 -4.994427
v -42.000000 1.521690 -4.994427
v -48.000000 0.940457 -5.794427
v -42.000000 0.940456 -5.794427
vn -0.0000 -0.3090 -0.9511
vn -0.0000 -0.8090 -0.5878
vn -0.0000 -1.0000 -0.0000
vn -0.0000 -0.8090 0.5878
vn -0.0000 -0.3090 0.9511
vn -0.0000 0.3090 0.9511
vn -0.0000 0.8090 0.5878
vn -0.0000 1.0000 -0.0000
vn 1.0000 -0.0000 -0.0000
vn -0.0000 0.8090 -0.5878
vn -0.0000 0.3090 -0.9511
vn -1.0000 -0.0000 -0.0000
vt 0.223537 0.376139
vt 0.223537 0.004554
vt 0.284777 0.004554
vt 0.284777 0.376139
vt 0.334322 0.004554
vt 0.334322 0.376139
vt 0.575676 0.376139
vt 0.575676 0.004554
vt 0.636916 0.004554
vt 0.636916 0.376139
vt 0.343431 0.376139
vt 0.343431 0.004554
vt 0.392975 0.004554
vt 0.392975 0.376139
vt 0.454216 0.004554
vt 0.454216 0.376139
vt 0.503760 0.004554
vt 0.503760 0.376139
vt 0.004554 0.376139
vt 0.004554 0.004554
vt 0.054099 0.004554
vt 0.054099 0.376139
vt 0.115339 0.004554
vt 0.115339 0.376139
vt 0.040551 0.564501
vt 0.004554 0.514956
vt 0.004554 0.453716
vt 0.040551 0.404171
vt 0.098794 0.385247
vt 0.157037 0.404171
vt 0.193033 0.453716
vt 0.193033 0.514957
vt 0.157037 0.564501
vt 0.098794 0.583425
vt 0.164884 0.004554
vt 0.164884 0.376139
vt 0.173992 0.376139
vt 0.173992 0.004554
vt 0.202142 0.514956
vt 0.202142 0.453716
vt 0.238138 0.404171
vt 0.296381 0.385247
vt 0.354624 0.404171
vt 0.390620 0.453716
vt 0.390620 0.514956
vt 0.354624 0.564501
vt 0.296381 0.583425
vt 0.238138 0.564501
s 0
usemtl DL2_IceBlue
f 321/657/133 322/658/133 324/659/133 323/660/133
f 323/660/134 324/659/134 326/661/134 325/662/134
f 325/663/135 326/664/135 328/665/135 327/666/135
f 327/667/136 328/668/136 330/669/136 329/670/136
f 329/670/137 330/669/137 332/671/137 331/672/137
f 331/672/138 332/671/138 334/673/138 333/674/138
f 333/675/139 334/676/139 336/677/139 335/678/139
f 335/678/140 336/677/140 338/679/140 337/680/140
f 324/681/141 322/682/141 340/683/141 338/684/141 336/685/141 334/686/141 332/687/141 330/688/141 328/689/141 326/690/141
f 337/680/142 338/679/142 340/691/142 339/692/142
f 339/693/143 340/694/143 322/658/143 321/657/143
f 321/695/144 323/696/144 325/697/144 327/698/144 329/699/144 331/700/144 333/701/144 335/702/144 337/703/144 339/704/144
o DL_Engine_1_1
v -48.000000 0.000000 -11.600000
v -42.000000 -0.000000 -11.600000
v -48.000000 -0.940456 -11.294427
v -42.000000 -0.940457 -11.294427
v -48.000000 -1.521690 -10.494427
v -42.000000 -1.521691 -10.494427
v -48.000000 -1.521690 -9.505573
v -42.000000 -1.521691 -9.505573
v -48.000000 -0.940456 -8.705573
v -42.000000 -0.940457 -8.705573
v -48.000000 0.000000 -8.400000
v -42.000000 -0.000000 -8.400000
v -48.000000 0.940457 -8.705573
v -42.000000 0.940456 -8.705573
v -48.000000 1.521691 -9.505573
v -42.000000 1.521690 -9.505573
v -48.000000 1.521691 -10.494427
v -42.000000 1.521690 -10.494427
v -48.000000 0.940457 -11.294427
v -42.000000 0.940456 -11.294427
vn -0.0000 -0.3090 -0.9511
vn -0.0000 -0.8090 -0.5878
vn -0.0000 -1.0000 -0.0000
vn -0.0000 -0.8090 0.5878
vn -0.0000 -0.3090 0.9511
vn -0.0000 0.3090 0.9511
vn -0.0000 0.8090 0.5878
vn -0.0000 1.0000 -0.0000
vn 1.0000 -0.0000 -0.0000
vn -0.0000 0.8090 -0.5878
vn -0.0000 0.3090 -0.9511
vn -1.0000 -0.0000 -0.0000
vt 0.223537 0.376139
vt 0.223537 0.004554
vt 0.284777 0.004554
vt 0.284777 0.376139
vt 0.334322 0.004554
vt 0.334322 0.376139
vt 0.575676 0.376139
vt 0.575676 0.004554
vt 0.636916 0.004554
vt 0.636916 0.376139
vt 0.343431 0.376139
vt 0.343431 0.004554
vt 0.392975 0.004554
vt 0.392975 0.376139
vt 0.454216 0.004554
vt 0.454216 0.376139
vt 0.503760 0.004554
vt 0.503760 0.376139
vt 0.004554 0.376139
vt 0.004554 0.004554
vt 0.054099 0.004554
vt 0.054099 0.376139
vt 0.115339 0.004554
vt 0.115339 0.376139
vt 0.040551 0.564501
vt 0.004554 0.514956
vt 0.004554 0.453716
vt 0.040551 0.404171
vt 0.098794 0.385247
vt 0.157037 0.404171
vt 0.193033 0.453716
vt 0.193033 0.514957
vt 0.157037 0.564501
vt 0.098794 0.583425
vt 0.164884 0.004554
vt 0.164884 0.376139
vt 0.173992 0.376139
vt 0.173992 0.004554
vt 0.202142 0.514956
vt 0.202142 0.453716
vt 0.238138 0.404171
vt 0.296381 0.385247
vt 0.354624 0.404171
vt 0.390620 0.453716
vt 0.390620 0.514956
vt 0.354624 0.564501
vt 0.296381 0.583425
vt 0.238138 0.564501
s 0
usemtl DL2_IceBlue
f 341/705/145 342/706/145 344/707/145 343/708/145
f 343/708/146 344/707/146 346/709/146 345/710/146
f 345/711/147 346/712/147 348/713/147 347/714/147
f 347/715/148 348/716/148 350/717/148 349/718/148
f 349/718/149 350/717/149 352/719/149 351/720/149
f 351/720/150 352/719/150 354/721/150 353/722/150
f 353/723/151 354/724/151 356/725/151 355/726/151
f 355/726/152 356/725/152 358/727/152 357/728/152
f 344/729/153 342/730/153 360/731/153 358/732/153 356/733/153 354/734/153 352/735/153 350/736/153 348/737/153 346/738/153
f 357/728/154 358/727/154 360/739/154 359/740/154
f 359/741/155 360/742/155 342/706/155 341/705/155
f 341/743/156 343/744/156 345/745/156 347/746/156 349/747/156 351/748/156 353/749/156 355/750/156 357/751/156 359/752/156
o DL_X_Base_-1_9
v -22.900000 1.450000 25.879999
v -21.900000 1.450000 25.879999
v -22.900000 1.085573 25.998409
v -21.900000 1.085573 25.998409
v -22.900000 0.860345 26.308409
v -21.900000 0.860345 26.308409
v -22.900000 0.860345 26.691591
v -21.900000 0.860345 26.691591
v -22.900000 1.085573 27.001591
v -21.900000 1.085573 27.001591
v -22.900000 1.450000 27.120001
v -21.900000 1.450000 27.120001
v -22.900000 1.814427 27.001591
v -21.900000 1.814427 27.001591
v -22.900000 2.039655 26.691591
v -21.900000 2.039655 26.691591
v -22.900000 2.039655 26.308409
v -21.900000 2.039655 26.308409
v -22.900000 1.814427 25.998409
v -21.900000 1.814427 25.998409
vn -0.0000 -0.3090 -0.9511
vn -0.0000 -0.8090 -0.5878
vn -0.0000 -1.0000 -0.0000
vn -0.0000 -0.8090 0.5878
vn -0.0000 -0.3090 0.9511
vn -0.0000 0.3090 0.9511
vn -0.0000 0.8090 0.5878
vn -0.0000 1.0000 -0.0000
vn 1.0000 -0.0000 -0.0000
vn -0.0000 0.8090 -0.5878
vn -0.0000 0.3090 -0.9511
vn -1.0000 -0.0000 -0.0000
vt 0.152819 0.209032
vt 0.090610 0.209032
vt 0.090610 0.185194
vt 0.152819 0.185194
vt 0.090610 0.165909
vt 0.152819 0.165909
vt 0.090610 0.429297
vt 0.090610 0.367088
vt 0.114447 0.367088
vt 0.114447 0.429297
vt 0.152819 0.295376
vt 0.090610 0.295376
vt 0.090610 0.276091
vt 0.152819 0.276091
vt 0.090610 0.252254
vt 0.152819 0.252254
vt 0.090610 0.232969
vt 0.152819 0.232969
vt 0.152819 0.362435
vt 0.090610 0.362435
vt 0.090610 0.343150
vt 0.152819 0.343150
vt 0.090610 0.319313
vt 0.152819 0.319313
vt 0.127292 0.079466
vt 0.104621 0.072099
vt 0.090610 0.052815
vt 0.090610 0.028977
vt 0.104621 0.009692
vt 0.127292 0.002326
vt 0.149962 0.009692
vt 0.163974 0.028977
vt 0.163974 0.052815
vt 0.149962 0.072099
vt 0.090610 0.300028
vt 0.152819 0.300028
vt 0.152819 0.228317
vt 0.090610 0.228317
vt 0.104621 0.153891
vt 0.090610 0.134606
vt 0.090610 0.110769
vt 0.104621 0.091484
vt 0.127292 0.084118
vt 0.149962 0.091484
vt 0.163974 0.110769
vt 0.163974 0.134606
vt 0.149962 0.153891
vt 0.127292 0.161257
s 0
usemtl DL2_Hull_Silver
f 361/753/157 362/754/157 364/755/157 363/756/157
f 363/756/158 364/755/158 366/757/158 365/758/158
f 365/759/159 366/760/159 368/761/159 367/762/159
f 367/763/160 368/764/160 370/765/160 369/766/160
f 369/766/161 370/765/161 372/767/161 371/768/161
f 371/768/162 372/767/162 374/769/162 373/770/162
f 373/771/163 374/772/163 376/773/163 375/774/163
f 375/774/164 376/773/164 378/775/164 377/776/164
f 364/777/165 362/778/165 380/779/165 378/780/165 376/781/165 374/782/165 372/783/165 370/784/165 368/785/165 366/786/165
f 377/776/166 378/775/166 380/787/166 379/788/166
f 379/789/167 380/790/167 362/754/167 361/753/167
f 361/791/168 363/792/168 365/793/168 367/794/168 369/795/168 371/796/168 373/797/168 375/798/168 377/799/168 379/800/168
o DL_X_Base_1_9
v -22.900000 1.450000 -27.120001
v -21.900000 1.450000 -27.120001
v -22.900000 1.085573 -27.001591
v -21.900000 1.085573 -27.001591
v -22.900000 0.860345 -26.691591
v -21.900000 0.860345 -26.691591
v -22.900000 0.860345 -26.308409
v -21.900000 0.860345 -26.308409
v -22.900000 1.085573 -25.998409
v -21.900000 1.085573 -25.998409
v -22.900000 1.450000 -25.879999
v -21.900000 1.450000 -25.879999
v -22.900000 1.814427 -25.998409
v -21.900000 1.814427 -25.998409
v -22.900000 2.039655 -26.308409
v -21.900000 2.039655 -26.308409
v -22.900000 2.039655 -26.691591
v -21.900000 2.039655 -26.691591
v -22.900000 1.814427 -27.001591
v -21.900000 1.814427 -27.001591
vn -0.0000 -0.3090 -0.9511
vn -0.0000 -0.8090 -0.5878
vn -0.0000 -1.0000 -0.0000
vn -0.0000 -0.8090 0.5878
vn -0.0000 -0.3090 0.9511
vn -0.0000 0.3090 0.9511
vn -0.0000 0.8090 0.5878
vn -0.0000 1.0000 -0.0000
vn 1.0000 -0.0000 -0.0000
vn -0.0000 0.8090 -0.5878
vn -0.0000 0.3090 -0.9511
vn -1.0000 -0.0000 -0.0000
vt 0.152819 0.209032
vt 0.090610 0.209032
vt 0.090610 0.185194
vt 0.152819 0.185194
vt 0.090610 0.165909
vt 0.152819 0.165909
vt 0.090610 0.429297
vt 0.090610 0.367088
vt 0.114447 0.367088
vt 0.114447 0.429297
vt 0.152819 0.295376
vt 0.090610 0.295376
vt 0.090610 0.276091
vt 0.152819 0.276091
vt 0.090610 0.252254
vt 0.152819 0.252254
vt 0.090610 0.232969
vt 0.152819 0.232969
vt 0.152819 0.362435
vt 0.090610 0.362435
vt 0.090610 0.343150
vt 0.152819 0.343150
vt 0.090610 0.319313
vt 0.152819 0.319313
vt 0.127292 0.079466
vt 0.104621 0.072099
vt 0.090610 0.052815
vt 0.090610 0.028977
vt 0.104621 0.009692
vt 0.127292 0.002326
vt 0.149962 0.009692
vt 0.163974 0.028977
vt 0.163974 0.052815
vt 0.149962 0.072099
vt 0.090610 0.300028
vt 0.152819 0.300028
vt 0.152819 0.228317
vt 0.090610 0.228317
vt 0.104621 0.153891
vt 0.090610 0.134606
vt 0.090610 0.110769
vt 0.104621 0.091484
vt 0.127292 0.084118
vt 0.149962 0.091484
vt 0.163974 0.110769
vt 0.163974 0.134606
vt 0.149962 0.153891
vt 0.127292 0.161257
s 0
usemtl DL2_Hull_Silver
f 381/801/169 382/802/169 384/803/169 383/804/169
f 383/804/170 384/803/170 386/805/170 385/806/170
f 385/807/171 386/808/171 388/809/171 387/810/171
f 387/811/172 388/812/172 390/813/172 389/814/172
f 389/814/173 390/813/173 392/815/173 391/816/173
f 391/816/174 392/815/174 394/817/174 393/818/174
f 393/819/175 394/820/175 396/821/175 395/822/175
f 395/822/176 396/821/176 398/823/176 397/824/176
f 384/825/177 382/826/177 400/827/177 398/828/177 396/829/177 394/830/177 392/831/177 390/832/177 388/833/177 386/834/177
f 397/824/178 398/823/178 400/835/178 399/836/178
f 399/837/179 400/838/179 382/802/179 381/801/179
f 381/839/180 383/840/180 385/841/180 387/842/180 389/843/180 391/844/180 393/845/180 395/846/180 397/847/180 399/848/180
o DL_Engine_Nozzle_-1_0
v -49.500000 0.000000 2.300000
v -48.500000 -0.000000 2.300000
v -49.500000 -1.293128 2.720162
v -48.500000 -1.293128 2.720162
v -49.500000 -2.092324 3.820163
v -48.500000 -2.092324 3.820163
v -49.500000 -2.092324 5.179837
v -48.500000 -2.092324 5.179837
v -49.500000 -1.293128 6.279838
v -48.500000 -1.293128 6.279838
v -49.500000 0.000000 6.700000
v -48.500000 -0.000000 6.700000
v -49.500000 1.293128 6.279838
v -48.500000 1.293128 6.279838
v -49.500000 2.092324 5.179837
v -48.500000 2.092324 5.179837
v -49.500000 2.092324 3.820163
v -48.500000 2.092324 3.820163
v -49.500000 1.293128 2.720162
v -48.500000 1.293128 2.720162
vn -0.0000 -0.3090 -0.9511
vn -0.0000 -0.8090 -0.5878
vn -0.0000 -1.0000 -0.0000
vn -0.0000 -0.8090 0.5878
vn -0.0000 -0.3090 0.9511
vn -0.0000 0.3090 0.9511
vn -0.0000 0.8090 0.5878
vn -0.0000 1.0000 -0.0000
vn 1.0000 -0.0000 -0.0000
vn -0.0000 0.8090 -0.5878
vn -0.0000 0.3090 -0.9511
vn -1.0000 -0.0000 -0.0000
vt 0.065800 0.352472
vt 0.003772 0.352472
vt 0.003772 0.284241
vt 0.065800 0.284241
vt 0.204944 0.505042
vt 0.142916 0.505042
vt 0.142916 0.436811
vt 0.204944 0.436811
vt 0.142916 0.352472
vt 0.204944 0.352472
vt 0.142916 0.284241
vt 0.204944 0.284241
vt 0.135372 0.505042
vt 0.073344 0.505042
vt 0.073344 0.436811
vt 0.135372 0.436811
vt 0.073344 0.352472
vt 0.135372 0.352472
vt 0.073344 0.284241
vt 0.135372 0.284241
vt 0.274516 0.368579
vt 0.212488 0.368579
vt 0.212488 0.284241
vt 0.274516 0.284241
vt 0.133556 0.276697
vt 0.053345 0.250635
vt 0.003772 0.182404
vt 0.003772 0.098065
vt 0.053345 0.029834
vt 0.133556 0.003772
vt 0.213766 0.029834
vt 0.263339 0.098065
vt 0.263339 0.182404
vt 0.213766 0.250635
vt 0.065800 0.505042
vt 0.003772 0.505042
vt 0.003772 0.436811
vt 0.065800 0.436811
vt 0.320456 0.250635
vt 0.270883 0.182404
vt 0.270883 0.098065
vt 0.320456 0.029834
vt 0.400667 0.003772
vt 0.480877 0.029834
vt 0.530450 0.098065
vt 0.530450 0.182404
vt 0.480877 0.250635
vt 0.400667 0.276697
s 0
usemtl DL2_Armor_Indigo
f 401/849/181 402/850/181 404/851/181 403/852/181
f 403/853/182 404/854/182 406/855/182 405/856/182
f 405/856/183 406/855/183 408/857/183 407/858/183
f 407/858/184 408/857/184 410/859/184 409/860/184
f 409/861/185 410/862/185 412/863/185 411/864/185
f 411/864/186 412/863/186 414/865/186 413/866/186
f 413/866/187 414/865/187 416/867/187 415/868/187
f 415/869/188 416/870/188 418/871/188 417/872/188
f 404/873/189 402/874/189 420/875/189 418/876/189 416/877/189 414/878/189 412/879/189 410/880/189 408/881/189 406/882/189
f 417/883/190 418/884/190 420/885/190 419/886/190
f 419/886/191 420/885/191 402/850/191 401/849/191
f 401/887/192 403/888/192 405/889/192 407/890/192 409/891/192 411/892/192 413/893/192 415/894/192 417/895/192 419/896/192
o DL_Engine_Flame_-1_0
v -51.099998 0.000000 3.150000
v -48.900002 -0.000000 3.150000
v -51.099998 -0.793510 3.407827
v -48.900002 -0.793510 3.407827
v -51.099998 -1.283926 4.082827
v -48.900002 -1.283926 4.082827
v -51.099998 -1.283926 4.917173
v -48.900002 -1.283926 4.917173
v -51.099998 -0.793510 5.592173
v -48.900002 -0.793510 5.592173
v -51.099998 0.000000 5.850000
v -48.900002 -0.000000 5.850000
v -51.099998 0.793510 5.592173
v -48.900002 0.793510 5.592173
v -51.099998 1.283926 4.917173
v -48.900002 1.283926 4.917173
v -51.099998 1.283926 4.082827
v -48.900002 1.283926 4.082827
v -51.099998 0.793510 3.407827
v -48.900002 0.793510 3.407827
vn -0.0000 -0.3090 -0.9511
vn -0.0000 -0.8090 -0.5878
vn -0.0000 -1.0000 -0.0000
vn -0.0000 -0.8090 0.5878
vn -0.0000 -0.3090 0.9511
vn -0.0000 0.3090 0.9511
vn -0.0000 0.8090 0.5878
vn -0.0000 1.0000 -0.0000
vn 1.0000 -0.0000 -0.0000
vn -0.0000 0.8090 -0.5878
vn -0.0000 0.3090 -0.9511
vn -1.0000 -0.0000 -0.0000
vt 0.103746 0.488897
vt 0.103746 0.352340
vt 0.155534 0.352340
vt 0.155534 0.488897
vt 0.197432 0.352340
vt 0.197432 0.488897
vt 0.266653 0.139988
vt 0.266653 0.003431
vt 0.318442 0.003431
vt 0.318442 0.139988
vt 0.061848 0.632316
vt 0.061848 0.495759
vt 0.103746 0.495759
vt 0.103746 0.632316
vt 0.155534 0.495759
vt 0.155534 0.632316
vt 0.197432 0.495759
vt 0.197432 0.632316
vt 0.061848 0.775735
vt 0.061848 0.639178
vt 0.103746 0.639178
vt 0.103746 0.775735
vt 0.155534 0.639178
vt 0.155534 0.775735
vt 0.141542 0.171023
vt 0.092288 0.155020
vt 0.061848 0.113122
vt 0.061848 0.061333
vt 0.092288 0.019435
vt 0.141542 0.003431
vt 0.190796 0.019435
vt 0.221237 0.061333
vt 0.221237 0.113122
vt 0.190796 0.155020
vt 0.197432 0.639178
vt 0.197432 0.775735
vt 0.061848 0.488897
vt 0.061848 0.352340
vt 0.092288 0.329474
vt 0.061848 0.287576
vt 0.061848 0.235787
vt 0.092288 0.193889
vt 0.141542 0.177886
vt 0.190796 0.193889
vt 0.221237 0.235787
vt 0.221237 0.287576
vt 0.190796 0.329474
vt 0.141542 0.345478
s 0
usemtl DL2_IceBlue
f 421/897/193 422/898/193 424/899/193 423/900/193
f 423/900/194 424/899/194 426/901/194 425/902/194
f 425/903/195 426/904/195 428/905/195 427/906/195
f 427/907/196 428/908/196 430/909/196 429/910/196
f 429/910/197 430/909/197 432/911/197 431/912/197
f 431/912/198 432/911/198 434/913/198 433/914/198
f 433/915/199 434/916/199 436/917/199 435/918/199
f 435/918/200 436/917/200 438/919/200 437/920/200
f 424/921/201 422/922/201 440/923/201 438/924/201 436/925/201 434/926/201 432/927/201 430/928/201 428/929/201 426/930/201
f 437/920/202 438/919/202 440/931/202 439/932/202
f 439/933/203 440/934/203 422/898/203 421/897/203
f 421/935/204 423/936/204 425/937/204 427/938/204 429/939/204 431/940/204 433/941/204 435/942/204 437/943/204 439/944/204
o DL_Engine_Pylon_-1_0
v -42.840000 -1.200000 5.640000
v -42.840000 -1.040000 5.800000
v -43.000000 -1.040000 5.640000
v -42.840000 -1.153137 5.753137
v -42.932377 -1.132376 5.732376
v -42.953136 -1.040000 5.753137
v -42.953136 -1.153137 5.640000
v -42.840000 1.040000 5.800000
v -42.840000 1.200000 5.640000
v -43.000000 1.040000 5.640000
v -42.840000 1.153137 5.753137
v -42.932377 1.132376 5.732376
v -42.953136 1.153137 5.640000
v -42.953136 1.040000 5.753137
v -42.840000 -1.200000 3.360000
v -43.000000 -1.040000 3.360000
v -42.840000 -1.040000 3.200000
v -42.953136 -1.153137 3.360000
v -42.932377 -1.132376 3.267624
v -42.953136 -1.040000 3.246863
v -42.840000 -1.153137 3.246863
v -42.840000 1.200000 3.360000
v -42.840000 1.040000 3.200000
v -43.000000 1.040000 3.360000
v -42.840000 1.153137 3.246863
v -42.932377 1.132376 3.267624
v -42.953136 1.040000 3.246863
v -42.953136 1.153137 3.360000
v -35.160000 -1.200000 5.640000
v -35.000000 -1.040000 5.640000
v -35.160000 -1.040000 5.800000
v -35.046864 -1.153137 5.640000
v -35.067623 -1.132376 5.732376
v -35.046864 -1.040000 5.753137
v -35.160000 -1.153137 5.753137
v -35.160000 1.200000 5.640000
v -35.160000 1.040000 5.800000
v -35.000000 1.040000 5.640000
v -35.160000 1.153137 5.753137
v -35.067623 1.132376 5.732376
v -35.046864 1.040000 5.753137
v -35.046864 1.153137 5.640000
v -35.160000 -1.200000 3.360000
v -35.160000 -1.040000 3.200000
v -35.000000 -1.040000 3.360000
v -35.160000 -1.153137 3.246863
v -35.067623 -1.132376 3.267624
v -35.046864 -1.040000 3.246863
v -35.046864 -1.153137 3.360000
v -35.160000 1.200000 3.360000
v -35.000000 1.040000 3.360000
v -35.160000 1.040000 3.200000
v -35.046864 1.153137 3.360000
v -35.067623 1.132376 3.267624
v -35.046864 1.040000 3.246863
v -35.160000 1.153137 3.246863
vn -0.3251 -0.8881 0.3251
vn -0.3251 -0.3251 0.8881
vn -0.8881 -0.3251 0.3251
vn -0.3251 0.3251 0.8881
vn -0.3251 0.8881 0.3251
vn -0.8881 0.3251 0.3251
vn -0.3251 -0.8881 -0.3251
vn -0.8881 -0.3251 -0.3251
vn -0.3251 -0.3251 -0.8881
vn -0.3251 0.8881 -0.3251
vn -0.3251 0.3251 -0.8881
vn -0.8881 0.3251 -0.3251
vn 0.3251 -0.8881 0.3251
vn 0.8881 -0.3251 0.3251
vn 0.3251 -0.3251 0.8881
vn 0.3251 0.8881 0.3251
vn 0.3251 0.3251 0.8881
vn 0.8881 0.3251 0.3251
vn 0.3251 -0.8881 -0.3251
vn 0.3251 -0.3251 -0.8881
vn 0.8881 -0.3251 -0.3251
vn 0.3251 0.8881 -0.3251
vn 0.8881 0.3251 -0.3251
vn 0.3251 0.3251 -0.8881
vn -0.3827 -0.9239 -0.0000
vn -0.9239 -0.3827 -0.0000
vn -0.3827 -0.0000 0.9239
vn -0.9239 -0.0000 0.3827
vn -0.3827 0.9239 -0.0000
vn -0.9239 0.3827 -0.0000
vn -0.3827 -0.0000 -0.9239
vn -0.9239 -0.0000 -0.3827
vn -0.0000 -0.9239 -0.3827
vn -0.0000 -0.3827 -0.9239
vn -0.0000 0.9239 -0.3827
vn -0.0000 0.3827 -0.9239
vn 0.9239 -0.0000 -0.3827
vn 0.3827 -0.0000 -0.9239
vn 0.3827 -0.9239 -0.0000
vn 0.9239 -0.3827 -0.0000
vn 0.3827 0.9239 -0.0000
vn 0.9239 0.3827 -0.0000
vn 0.3827 -0.0000 0.9239
vn 0.9239 -0.0000 0.3827
vn -0.0000 -0.9239 0.3827
vn -0.0000 -0.3827 0.9239
vn -0.0000 0.9239 0.3827
vn -0.0000 0.3827 0.9239
vn -0.0000 -1.0000 -0.0000
vn -1.0000 -0.0000 -0.0000
vn -0.0000 -0.0000 1.0000
vn -0.0000 1.0000 -0.0000
vn -0.0000 -0.0000 -1.0000
vn 1.0000 -0.0000 -0.0000
vt 0.014821 0.014821
vt 0.004919 0.014821
vt 0.004919 0.009104
vt 0.014821 0.004919
vt 0.643384 0.014821
vt 0.643384 0.004919
vt 0.649100 0.004919
vt 0.653285 0.014821
vt 0.143542 0.660838
vt 0.153443 0.660838
vt 0.153443 0.666555
vt 0.143542 0.670740
vt 0.514663 0.014821
vt 0.504761 0.014821
vt 0.504761 0.009104
vt 0.514663 0.004919
vt 0.185560 0.490098
vt 0.185560 0.500000
vt 0.179844 0.500000
vt 0.175659 0.490098
vt 0.014821 0.660838
vt 0.014821 0.670740
vt 0.009104 0.670740
vt 0.004919 0.660838
vt 0.155919 0.014821
vt 0.155919 0.004919
vt 0.161636 0.004919
vt 0.165820 0.014821
vt 0.143542 0.519740
vt 0.143542 0.509838
vt 0.149258 0.509838
vt 0.153443 0.519740
vt 0.485021 0.490098
vt 0.494923 0.490098
vt 0.494923 0.495815
vt 0.485021 0.500000
vt 0.326658 0.490098
vt 0.336560 0.490098
vt 0.336560 0.495815
vt 0.326658 0.500000
vt 0.356300 0.490098
vt 0.356300 0.500000
vt 0.350583 0.500000
vt 0.346398 0.490098
vt 0.014821 0.519740
vt 0.004919 0.519740
vt 0.004919 0.514023
vt 0.014821 0.509838
vt 0.014821 0.490098
vt 0.014821 0.500000
vt 0.009104 0.500000
vt 0.004919 0.490098
vt 0.301904 0.519740
vt 0.301904 0.509838
vt 0.307621 0.509838
vt 0.311806 0.519740
vt 0.643384 0.490098
vt 0.653285 0.490098
vt 0.653285 0.495815
vt 0.643384 0.500000
vt 0.185560 0.014821
vt 0.175659 0.014821
vt 0.175659 0.009104
vt 0.185560 0.004919
vt 0.514663 0.490098
vt 0.514663 0.500000
vt 0.508946 0.500000
vt 0.504761 0.490098
vt 0.173183 0.519740
vt 0.163282 0.519740
vt 0.163282 0.514023
vt 0.173183 0.509838
vt 0.155919 0.490098
vt 0.165820 0.490098
vt 0.165820 0.495815
vt 0.155919 0.500000
vt 0.485021 0.014821
vt 0.485021 0.004919
vt 0.490738 0.004919
vt 0.494923 0.014821
vt 0.301904 0.660838
vt 0.311806 0.660838
vt 0.311806 0.666555
vt 0.301904 0.670740
vt 0.326658 0.014821
vt 0.326658 0.004919
vt 0.332375 0.004919
vt 0.336560 0.014821
vt 0.173183 0.660838
vt 0.173183 0.670740
vt 0.167467 0.670740
vt 0.163282 0.660838
vt 0.356300 0.014821
vt 0.346398 0.014821
vt 0.346398 0.009104
vt 0.356300 0.004919
s 0
usemtl DL2_Hull_Silver
f 441/945/205 444/946/205 445/947/205 447/948/205
f 442/949/206 446/950/206 445/951/206 444/952/206
f 443/953/207 447/954/207 445/955/207 446/956/207
f 448/957/208 451/958/208 452/959/208 454/960/208
f 449/961/209 453/962/209 452/963/209 451/964/209
f 450/965/210 454/966/210 452/967/210 453/968/210
f 455/969/211 458/970/211 459/971/211 461/972/211
f 456/973/212 460/974/212 459/975/212 458/976/212
f 457/977/213 461/978/213 459/979/213 460/980/213
f 462/981/214 465/982/214 466/983/214 468/984/214
f 463/985/215 467/986/215 466/987/215 465/988/215
f 464/989/216 468/990/216 466/991/216 467/992/216
f 469/993/217 472/994/217 473/995/217 475/996/217
f 470/997/218 474/998/218 473/999/218 472/1000/218
f 471/1001/219 475/1002/219 473/1003/219 474/1004/219
f 476/1005/220 479/1006/220 480/1007/220 482/1008/220
f 477/1009/221 481/1010/221 480/1011/221 479/1012/221
f 478/1013/222 482/1014/222 480/1015/222 481/1016/222
f 483/1017/223 486/1018/223 487/1019/223 489/1020/223
f 484/1021/224 488/1022/224 487/1023/224 486/1024/224
f 485/1025/225 489/1026/225 487/1027/225 488/1028/225
f 490/1029/226 493/1030/226 494/1031/226 496/1032/226
f 491/1033/227 495/1034/227 494/1035/227 493/1036/227
f 492/1037/228 496/1038/228 494/1039/228 495/1040/228
f 455/969/229 441/945/229 447/948/229 458/970/229
f 458/976/230 447/954/230 443/953/230 456/973/230
f 442/949/231 448/957/231 454/960/231 446/950/231
f 446/956/232 454/966/232 450/965/232 443/953/232
f 449/961/233 462/981/233 468/984/233 453/962/233
f 453/968/234 468/990/234 464/989/234 450/965/234
f 463/985/235 457/977/235 460/980/235 467/986/235
f 467/992/236 460/974/236 456/973/236 464/989/236
f 483/1017/237 455/969/237 461/972/237 486/1018/237
f 486/1024/238 461/978/238 457/977/238 484/1021/238
f 462/981/239 490/1029/239 496/1032/239 465/982/239
f 465/988/240 496/1038/240 492/1037/240 463/985/240
f 491/1033/241 485/1025/241 488/1028/241 495/1034/241
f 495/1040/242 488/1022/242 484/1021/242 492/1037/242
f 469/993/243 483/1017/243 489/1020/243 472/994/243
f 472/1000/244 489/1026/244 485/1025/244 470/997/244
f 490/1029/245 476/1005/245 482/1008/245 493/1030/245
f 493/1036/246 482/1014/246 478/1013/246 491/1033/246
f 477/1009/247 471/1001/247 474/1004/247 481/1010/247
f 481/1016/248 474/998/248 470/997/248 478/1013/248
f 441/945/249 469/993/249 475/996/249 444/946/249
f 444/952/250 475/1002/250 471/1001/250 442/949/250
f 476/1005/251 449/961/251 451/964/251 479/1006/251
f 479/1012/252 451/958/252 448/957/252 477/1009/252
f 455/969/253 483/1017/253 469/993/253 441/945/253
f 443/953/254 450/965/254 464/989/254 456/973/254
f 471/1001/255 477/1009/255 448/957/255 442/949/255
f 490/1029/256 462/981/256 449/961/256 476/1005/256
f 457/977/257 463/985/257 492/1037/257 484/1021/257
f 485/1025/258 491/1033/258 478/1013/258 470/997/258
o DL_Engine_Nozzle_-1_1
v -49.500000 0.000000 7.800000
v -48.500000 -0.000000 7.800000
v -49.500000 -1.293128 8.220162
v -48.500000 -1.293128 8.220162
v -49.500000 -2.092324 9.320163
v -48.500000 -2.092324 9.320163
v -49.500000 -2.092324 10.679837
v -48.500000 -2.092324 10.679837
v -49.500000 -1.293128 11.779838
v -48.500000 -1.293128 11.779838
v -49.500000 0.000000 12.200000
v -48.500000 -0.000000 12.200000
v -49.500000 1.293128 11.779838
v -48.500000 1.293128 11.779838
v -49.500000 2.092324 10.679837
v -48.500000 2.092324 10.679837
v -49.500000 2.092324 9.320163
v -48.500000 2.092324 9.320163
v -49.500000 1.293128 8.220162
v -48.500000 1.293128 8.220162
vn -0.0000 -0.3090 -0.9511
vn -0.0000 -0.8090 -0.5878
vn -0.0000 -1.0000 -0.0000
vn -0.0000 -0.8090 0.5878
vn -0.0000 -0.3090 0.9511
vn -0.0000 0.3090 0.9511
vn -0.0000 0.8090 0.5878
vn -0.0000 1.0000 -0.0000
vn 1.0000 -0.0000 -0.0000
vn -0.0000 0.8090 -0.5878
vn -0.0000 0.3090 -0.9511
vn -1.0000 -0.0000 -0.0000
vt 0.065800 0.352472
vt 0.003772 0.352472
vt 0.003772 0.284241
vt 0.065800 0.284241
vt 0.204944 0.505042
vt 0.142916 0.505042
vt 0.142916 0.436811
vt 0.204944 0.436811
vt 0.142916 0.352472
vt 0.204944 0.352472
vt 0.142916 0.284241
vt 0.204944 0.284241
vt 0.135372 0.505042
vt 0.073344 0.505042
vt 0.073344 0.436811
vt 0.135372 0.436811
vt 0.073344 0.352472
vt 0.135372 0.352472
vt 0.073344 0.284241
vt 0.135372 0.284241
vt 0.274516 0.368579
vt 0.212488 0.368579
vt 0.212488 0.284241
vt 0.274516 0.284241
vt 0.133556 0.276697
vt 0.053345 0.250635
vt 0.003772 0.182404
vt 0.003772 0.098065
vt 0.053345 0.029834
vt 0.133556 0.003772
vt 0.213766 0.029834
vt 0.263339 0.098065
vt 0.263339 0.182404
vt 0.213766 0.250635
vt 0.065800 0.505042
vt 0.003772 0.505042
vt 0.003772 0.436811
vt 0.065800 0.436811
vt 0.320456 0.250635
vt 0.270883 0.182404
vt 0.270883 0.098065
vt 0.320456 0.029834
vt 0.400667 0.003772
vt 0.480877 0.029834
vt 0.530450 0.098065
vt 0.530450 0.182404
vt 0.480877 0.250635
vt 0.400667 0.276697
s 0
usemtl DL2_Armor_Indigo
f 497/1041/259 498/1042/259 500/1043/259 499/1044/259
f 499/1045/260 500/1046/260 502/1047/260 501/1048/260
f 501/1048/261 502/1047/261 504/1049/261 503/1050/261
f 503/1050/262 504/1049/262 506/1051/262 505/1052/262
f 505/1053/263 506/1054/263 508/1055/263 507/1056/263
f 507/1056/264 508/1055/264 510/1057/264 509/1058/264
f 509/1058/265 510/1057/265 512/1059/265 511/1060/265
f 511/1061/266 512/1062/266 514/1063/266 513/1064/266
f 500/1065/267 498/1066/267 516/1067/267 514/1068/267 512/1069/267 510/1070/267 508/1071/267 506/1072/267 504/1073/267 502/1074/267
f 513/1075/268 514/1076/268 516/1077/268 515/1078/268
f 515/1078/269 516/1077/269 498/1042/269 497/1041/269
f 497/1079/270 499/1080/270 501/1081/270 503/1082/270 505/1083/270 507/1084/270 509/1085/270 511/1086/270 513/1087/270 515/1088/270
o DL_Engine_Flame_-1_1
v -51.099998 0.000000 8.650000
v -48.900002 -0.000000 8.650000
v -51.099998 -0.793510 8.907827
v -48.900002 -0.793510 8.907827
v -51.099998 -1.283926 9.582827
v -48.900002 -1.283926 9.582827
v -51.099998 -1.283926 10.417173
v -48.900002 -1.283926 10.417173
v -51.099998 -0.793510 11.092173
v -48.900002 -0.793510 11.092173
v -51.099998 0.000000 11.350000
v -48.900002 -0.000000 11.350000
v -51.099998 0.793510 11.092173
v -48.900002 0.793510 11.092173
v -51.099998 1.283926 10.417173
v -48.900002 1.283926 10.417173
v -51.099998 1.283926 9.582827
v -48.900002 1.283926 9.582827
v -51.099998 0.793510 8.907827
v -48.900002 0.793510 8.907827
vn -0.0000 -0.3090 -0.9511
vn -0.0000 -0.8090 -0.5878
vn -0.0000 -1.0000 -0.0000
vn -0.0000 -0.8090 0.5878
vn -0.0000 -0.3090 0.9511
vn -0.0000 0.3090 0.9511
vn -0.0000 0.8090 0.5878
vn -0.0000 1.0000 -0.0000
vn 1.0000 -0.0000 -0.0000
vn -0.0000 0.8090 -0.5878
vn -0.0000 0.3090 -0.9511
vn -1.0000 -0.0000 -0.0000
vt 0.103746 0.488897
vt 0.103746 0.352340
vt 0.155534 0.352340
vt 0.155534 0.488897
vt 0.197432 0.352340
vt 0.197432 0.488897
vt 0.266653 0.139988
vt 0.266653 0.003431
vt 0.318442 0.003431
vt 0.318442 0.139988
vt 0.061848 0.632316
vt 0.061848 0.495759
vt 0.103746 0.495759
vt 0.103746 0.632316
vt 0.155534 0.495759
vt 0.155534 0.632316
vt 0.197432 0.495759
vt 0.197432 0.632316
vt 0.061848 0.775735
vt 0.061848 0.639178
vt 0.103746 0.639178
vt 0.103746 0.775735
vt 0.155534 0.639178
vt 0.155534 0.775735
vt 0.141542 0.171023
vt 0.092288 0.155020
vt 0.061848 0.113122
vt 0.061848 0.061333
vt 0.092288 0.019435
vt 0.141542 0.003431
vt 0.190796 0.019435
vt 0.221237 0.061333
vt 0.221237 0.113122
vt 0.190796 0.155020
vt 0.197432 0.639178
vt 0.197432 0.775735
vt 0.061848 0.488897
vt 0.061848 0.352340
vt 0.092288 0.329474
vt 0.061848 0.287576
vt 0.061848 0.235787
vt 0.092288 0.193889
vt 0.141542 0.177886
vt 0.190796 0.193889
vt 0.221237 0.235787
vt 0.221237 0.287576
vt 0.190796 0.329474
vt 0.141542 0.345478
s 0
usemtl DL2_IceBlue
f 517/1089/271 518/1090/271 520/1091/271 519/1092/271
f 519/1092/272 520/1091/272 522/1093/272 521/1094/272
f 521/1095/273 522/1096/273 524/1097/273 523/1098/273
f 523/1099/274 524/1100/274 526/1101/274 525/1102/274
f 525/1102/275 526/1101/275 528/1103/275 527/1104/275
f 527/1104/276 528/1103/276 530/1105/276 529/1106/276
f 529/1107/277 530/1108/277 532/1109/277 531/1110/277
f 531/1110/278 532/1109/278 534/1111/278 533/1112/278
f 520/1113/279 518/1114/279 536/1115/279 534/1116/279 532/1117/279 530/1118/279 528/1119/279 526/1120/279 524/1121/279 522/1122/279
f 533/1112/280 534/1111/280 536/1123/280 535/1124/280
f 535/1125/281 536/1126/281 518/1090/281 517/1089/281
f 517/1127/282 519/1128/282 521/1129/282 523/1130/282 525/1131/282 527/1132/282 529/1133/282 531/1134/282 533/1135/282 535/1136/282
o DL_Engine_Pylon_-1_1
v -42.840000 -1.200000 11.140000
v -42.840000 -1.040000 11.300000
v -43.000000 -1.040000 11.140000
v -42.840000 -1.153137 11.253138
v -42.932377 -1.132376 11.232376
v -42.953136 -1.040000 11.253138
v -42.953136 -1.153137 11.140000
v -42.840000 1.040000 11.300000
v -42.840000 1.200000 11.140000
v -43.000000 1.040000 11.140000
v -42.840000 1.153137 11.253138
v -42.932377 1.132376 11.232376
v -42.953136 1.153137 11.140000
v -42.953136 1.040000 11.253138
v -42.840000 -1.200000 8.860000
v -43.000000 -1.040000 8.860000
v -42.840000 -1.040000 8.700000
v -42.953136 -1.153137 8.860000
v -42.932377 -1.132376 8.767624
v -42.953136 -1.040000 8.746862
v -42.840000 -1.153137 8.746862
v -42.840000 1.200000 8.860000
v -42.840000 1.040000 8.700000
v -43.000000 1.040000 8.860000
v -42.840000 1.153137 8.746862
v -42.932377 1.132376 8.767624
v -42.953136 1.040000 8.746862
v -42.953136 1.153137 8.860000
v -35.160000 -1.200000 11.140000
v -35.000000 -1.040000 11.140000
v -35.160000 -1.040000 11.300000
v -35.046864 -1.153137 11.140000
v -35.067623 -1.132376 11.232376
v -35.046864 -1.040000 11.253138
v -35.160000 -1.153137 11.253138
v -35.160000 1.200000 11.140000
v -35.160000 1.040000 11.300000
v -35.000000 1.040000 11.140000
v -35.160000 1.153137 11.253138
v -35.067623 1.132376 11.232376
v -35.046864 1.040000 11.253138
v -35.046864 1.153137 11.140000
v -35.160000 -1.200000 8.860000
v -35.160000 -1.040000 8.700000
v -35.000000 -1.040000 8.860000
v -35.160000 -1.153137 8.746862
v -35.067623 -1.132376 8.767624
v -35.046864 -1.040000 8.746862
v -35.046864 -1.153137 8.860000
v -35.160000 1.200000 8.860000
v -35.000000 1.040000 8.860000
v -35.160000 1.040000 8.700000
v -35.046864 1.153137 8.860000
v -35.067623 1.132376 8.767624
v -35.046864 1.040000 8.746862
v -35.160000 1.153137 8.746862
vn -0.3251 -0.8881 0.3251
vn -0.3251 -0.3251 0.8881
vn -0.8881 -0.3251 0.3251
vn -0.3251 0.3251 0.8881
vn -0.3251 0.8881 0.3251
vn -0.8881 0.3251 0.3251
vn -0.3251 -0.8881 -0.3251
vn -0.8881 -0.3251 -0.3251
vn -0.3251 -0.3251 -0.8881
vn -0.3251 0.8881 -0.3251
vn -0.3251 0.3251 -0.8881
vn -0.8881 0.3251 -0.3251
vn 0.3251 -0.8881 0.3251
vn 0.8881 -0.3251 0.3251
vn 0.3251 -0.3251 0.8881
vn 0.3251 0.8881 0.3251
vn 0.3251 0.3251 0.8881
vn 0.8881 0.3251 0.3251
vn 0.3251 -0.8881 -0.3251
vn 0.3251 -0.3251 -0.8881
vn 0.8881 -0.3251 -0.3251
vn 0.3251 0.8881 -0.3251
vn 0.8881 0.3251 -0.3251
vn 0.3251 0.3251 -0.8881
vn -0.3827 -0.9239 -0.0000
vn -0.9239 -0.3827 -0.0000
vn -0.3827 -0.0000 0.9239
vn -0.9239 -0.0000 0.3827
vn -0.3827 0.9239 -0.0000
vn -0.9239 0.3827 -0.0000
vn -0.3827 -0.0000 -0.9239
vn -0.9239 -0.0000 -0.3827
vn -0.0000 -0.9239 -0.3827
vn -0.0000 -0.3827 -0.9239
vn -0.0000 0.9239 -0.3827
vn -0.0000 0.3827 -0.9239
vn 0.9239 -0.0000 -0.3827
vn 0.3827 -0.0000 -0.9239
vn 0.3827 -0.9239 -0.0000
vn 0.9239 -0.3827 -0.0000
vn 0.3827 0.9239 -0.0000
vn 0.9239 0.3827 -0.0000
vn 0.3827 -0.0000 0.9239
vn 0.9239 -0.0000 0.3827
vn -0.0000 -0.9239 0.3827
vn -0.0000 -0.3827 0.9239
vn -0.0000 0.9239 0.3827
vn -0.0000 0.3827 0.9239
vn -0.0000 -1.0000 -0.0000
vn -1.0000 -0.0000 -0.0000
vn -0.0000 -0.0000 1.0000
vn -0.0000 1.0000 -0.0000
vn -0.0000 -0.0000 -1.0000
vn 1.0000 -0.0000 -0.0000
vt 0.014821 0.014821
vt 0.004919 0.014821
vt 0.004919 0.009104
vt 0.014821 0.004919
vt 0.643384 0.014821
vt 0.643384 0.004919
vt 0.649100 0.004919
vt 0.653285 0.014821
vt 0.143542 0.660838
vt 0.153443 0.660838
vt 0.153443 0.666555
vt 0.143542 0.670740
vt 0.514663 0.014821
vt 0.504761 0.014821
vt 0.504761 0.009104
vt 0.514663 0.004919
vt 0.185560 0.490098
vt 0.185560 0.500000
vt 0.179844 0.500000
vt 0.175659 0.490098
vt 0.014821 0.660838
vt 0.014821 0.670740
vt 0.009104 0.670740
vt 0.004919 0.660838
vt 0.155919 0.014821
vt 0.155919 0.004919
vt 0.161636 0.004919
vt 0.165820 0.014821
vt 0.143542 0.519740
vt 0.143542 0.509838
vt 0.149258 0.509838
vt 0.153443 0.519740
vt 0.485021 0.490098
vt 0.494923 0.490098
vt 0.494923 0.495815
vt 0.485021 0.500000
vt 0.326658 0.490098
vt 0.336560 0.490098
vt 0.336560 0.495815
vt 0.326658 0.500000
vt 0.356300 0.490098
vt 0.356300 0.500000
vt 0.350583 0.500000
vt 0.346398 0.490098
vt 0.014821 0.519740
vt 0.004919 0.519740
vt 0.004919 0.514023
vt 0.014821 0.509838
vt 0.014821 0.490098
vt 0.014821 0.500000
vt 0.009104 0.500000
vt 0.004919 0.490098
vt 0.301904 0.519740
vt 0.301904 0.509838
vt 0.307621 0.509838
vt 0.311806 0.519740
vt 0.643384 0.490098
vt 0.653285 0.490098
vt 0.653285 0.495815
vt 0.643384 0.500000
vt 0.185560 0.014821
vt 0.175659 0.014821
vt 0.175659 0.009104
vt 0.185560 0.004919
vt 0.514663 0.490098
vt 0.514663 0.500000
vt 0.508946 0.500000
vt 0.504761 0.490098
vt 0.173183 0.519740
vt 0.163282 0.519740
vt 0.163282 0.514023
vt 0.173183 0.509838
vt 0.155919 0.490098
vt 0.165820 0.490098
vt 0.165820 0.495815
vt 0.155919 0.500000
vt 0.485021 0.014821
vt 0.485021 0.004919
vt 0.490738 0.004919
vt 0.494923 0.014821
vt 0.301904 0.660838
vt 0.311806 0.660838
vt 0.311806 0.666555
vt 0.301904 0.670740
vt 0.326658 0.014821
vt 0.326658 0.004919
vt 0.332375 0.004919
vt 0.336560 0.014821
vt 0.173183 0.660838
vt 0.173183 0.670740
vt 0.167467 0.670740
vt 0.163282 0.660838
vt 0.356300 0.014821
vt 0.346398 0.014821
vt 0.346398 0.009104
vt 0.356300 0.004919
s 0
usemtl DL2_Hull_Silver
f 537/1137/283 540/1138/283 541/1139/283 543/1140/283
f 538/1141/284 542/1142/284 541/1143/284 540/1144/284
f 539/1145/285 543/1146/285 541/1147/285 542/1148/285
f 544/1149/286 547/1150/286 548/1151/286 550/1152/286
f 545/1153/287 549/1154/287 548/1155/287 547/1156/287
f 546/1157/288 550/1158/288 548/1159/288 549/1160/288
f 551/1161/289 554/1162/289 555/1163/289 557/1164/289
f 552/1165/290 556/1166/290 555/1167/290 554/1168/290
f 553/1169/291 557/1170/291 555/1171/291 556/1172/291
f 558/1173/292 561/1174/292 562/1175/292 564/1176/292
f 559/1177/293 563/1178/293 562/1179/293 561/1180/293
f 560/1181/294 564/1182/294 562/1183/294 563/1184/294
f 565/1185/295 568/1186/295 569/1187/295 571/1188/295
f 566/1189/296 570/1190/296 569/1191/296 568/1192/296
f 567/1193/297 571/1194/297 569/1195/297 570/1196/297
f 572/1197/298 575/1198/298 576/1199/298 578/1200/298
f 573/1201/299 577/1202/299 576/1203/299 575/1204/299
f 574/1205/300 578/1206/300 576/1207/300 577/1208/300
f 579/1209/301 582/1210/301 583/1211/301 585/1212/301
f 580/1213/302 584/1214/302 583/1215/302 582/1216/302
f 581/1217/303 585/1218/303 583/1219/303 584/1220/303
f 586/1221/304 589/1222/304 590/1223/304 592/1224/304
f 587/1225/305 591/1226/305 590/1227/305 589/1228/305
f 588/1229/306 592/1230/306 590/1231/306 591/1232/306
f 551/1161/307 537/1137/307 543/1140/307 554/1162/307
f 554/1168/308 543/1146/308 539/1145/308 552/1165/308
f 538/1141/309 544/1149/309 550/1152/309 542/1142/309
f 542/1148/310 550/1158/310 546/1157/310 539/1145/310
f 545/1153/311 558/1173/311 564/1176/311 549/1154/311
f 549/1160/312 564/1182/312 560/1181/312 546/1157/312
f 559/1177/313 553/1169/313 556/1172/313 563/1178/313
f 563/1184/314 556/1166/314 552/1165/314 560/1181/314
f 579/1209/315 551/1161/315 557/1164/315 582/1210/315
f 582/1216/316 557/1170/316 553/1169/316 580/1213/316
f 558/1173/317 586/1221/317 592/1224/317 561/1174/317
f 561/1180/318 592/1230/318 588/1229/318 559/1177/318
f 587/1225/319 581/1217/319 584/1220/319 591/1226/319
f 591/1232/320 584/1214/320 580/1213/320 588/1229/320
f 565/1185/321 579/1209/321 585/1212/321 568/1186/321
f 568/1192/322 585/1218/322 581/1217/322 566/1189/322
f 586/1221/323 572/1197/323 578/1200/323 589/1222/323
f 589/1228/324 578/1206/324 574/1205/324 587/1225/324
f 573/1201/325 567/1193/325 570/1196/325 577/1202/325
f 577/1208/326 570/1190/326 566/1189/326 574/1205/326
f 537/1137/327 565/1185/327 571/1188/327 540/1138/327
f 540/1144/328 571/1194/328 567/1193/328 538/1141/328
f 572/1197/329 545/1153/329 547/1156/329 575/1198/329
f 575/1204/330 547/1150/330 544/1149/330 573/1201/330
f 551/1161/331 579/1209/331 565/1185/331 537/1137/331
f 539/1145/332 546/1157/332 560/1181/332 552/1165/332
f 567/1193/333 573/1201/333 544/1149/333 538/1141/333
f 586/1221/334 558/1173/334 545/1153/334 572/1197/334
f 553/1169/335 559/1177/335 588/1229/335 580/1213/335
f 581/1217/336 587/1225/336 574/1205/336 566/1189/336
o DL_Engine_Nozzle_1_0
v -49.500000 0.000000 -6.700000
v -48.500000 -0.000000 -6.700000
v -49.500000 -1.293128 -6.279838
v -48.500000 -1.293128 -6.279838
v -49.500000 -2.092324 -5.179837
v -48.500000 -2.092324 -5.179837
v -49.500000 -2.092324 -3.820163
v -48.500000 -2.092324 -3.820163
v -49.500000 -1.293128 -2.720162
v -48.500000 -1.293128 -2.720162
v -49.500000 0.000000 -2.300000
v -48.500000 -0.000000 -2.300000
v -49.500000 1.293128 -2.720162
v -48.500000 1.293128 -2.720162
v -49.500000 2.092324 -3.820163
v -48.500000 2.092324 -3.820163
v -49.500000 2.092324 -5.179837
v -48.500000 2.092324 -5.179837
v -49.500000 1.293128 -6.279838
v -48.500000 1.293128 -6.279838
vn -0.0000 -0.3090 -0.9511
vn -0.0000 -0.8090 -0.5878
vn -0.0000 -1.0000 -0.0000
vn -0.0000 -0.8090 0.5878
vn -0.0000 -0.3090 0.9511
vn -0.0000 0.3090 0.9511
vn -0.0000 0.8090 0.5878
vn -0.0000 1.0000 -0.0000
vn 1.0000 -0.0000 -0.0000
vn -0.0000 0.8090 -0.5878
vn -0.0000 0.3090 -0.9511
vn -1.0000 -0.0000 -0.0000
vt 0.065800 0.352472
vt 0.003772 0.352472
vt 0.003772 0.284241
vt 0.065800 0.284241
vt 0.204944 0.505042
vt 0.142916 0.505042
vt 0.142916 0.436811
vt 0.204944 0.436811
vt 0.142916 0.352472
vt 0.204944 0.352472
vt 0.142916 0.284241
vt 0.204944 0.284241
vt 0.135372 0.505042
vt 0.073344 0.505042
vt 0.073344 0.436811
vt 0.135372 0.436811
vt 0.073344 0.352472
vt 0.135372 0.352472
vt 0.073344 0.284241
vt 0.135372 0.284241
vt 0.274516 0.368579
vt 0.212488 0.368579
vt 0.212488 0.284241
vt 0.274516 0.284241
vt 0.133556 0.276697
vt 0.053345 0.250635
vt 0.003772 0.182404
vt 0.003772 0.098065
vt 0.053345 0.029834
vt 0.133556 0.003772
vt 0.213766 0.029834
vt 0.263339 0.098065
vt 0.263339 0.182404
vt 0.213766 0.250635
vt 0.065800 0.505042
vt 0.003772 0.505042
vt 0.003772 0.436811
vt 0.065800 0.436811
vt 0.320456 0.250635
vt 0.270883 0.182404
vt 0.270883 0.098065
vt 0.320456 0.029834
vt 0.400667 0.003772
vt 0.480877 0.029834
vt 0.530450 0.098065
vt 0.530450 0.182404
vt 0.480877 0.250635
vt 0.400667 0.276697
s 0
usemtl DL2_Armor_Indigo
f 593/1233/337 594/1234/337 596/1235/337 595/1236/337
f 595/1237/338 596/1238/338 598/1239/338 597/1240/338
f 597/1240/339 598/1239/339 600/1241/339 599/1242/339
f 599/1242/340 600/1241/340 602/1243/340 601/1244/340
f 601/1245/341 602/1246/341 604/1247/341 603/1248/341
f 603/1248/342 604/1247/342 606/1249/342 605/1250/342
f 605/1250/343 606/1249/343 608/1251/343 607/1252/343
f 607/1253/344 608/1254/344 610/1255/344 609/1256/344
f 596/1257/345 594/1258/345 612/1259/345 610/1260/345 608/1261/345 606/1262/345 604/1263/345 602/1264/345 600/1265/345 598/1266/345
f 609/1267/346 610/1268/346 612/1269/346 611/1270/346
f 611/1270/347 612/1269/347 594/1234/347 593/1233/347
f 593/1271/348 595/1272/348 597/1273/348 599/1274/348 601/1275/348 603/1276/348 605/1277/348 607/1278/348 609/1279/348 611/1280/348
o DL_Engine_Flame_1_0
v -51.099998 0.000000 -5.850000
v -48.900002 -0.000000 -5.850000
v -51.099998 -0.793510 -5.592173
v -48.900002 -0.793510 -5.592173
v -51.099998 -1.283926 -4.917173
v -48.900002 -1.283926 -4.917173
v -51.099998 -1.283926 -4.082827
v -48.900002 -1.283926 -4.082827
v -51.099998 -0.793510 -3.407827
v -48.900002 -0.793510 -3.407827
v -51.099998 0.000000 -3.150000
v -48.900002 -0.000000 -3.150000
v -51.099998 0.793510 -3.407827
v -48.900002 0.793510 -3.407827
v -51.099998 1.283926 -4.082827
v -48.900002 1.283926 -4.082827
v -51.099998 1.283926 -4.917173
v -48.900002 1.283926 -4.917173
v -51.099998 0.793510 -5.592173
v -48.900002 0.793510 -5.592173
vn -0.0000 -0.3090 -0.9511
vn -0.0000 -0.8090 -0.5878
vn -0.0000 -1.0000 -0.0000
vn -0.0000 -0.8090 0.5878
vn -0.0000 -0.3090 0.9511
vn -0.0000 0.3090 0.9511
vn -0.0000 0.8090 0.5878
vn -0.0000 1.0000 -0.0000
vn 1.0000 -0.0000 -0.0000
vn -0.0000 0.8090 -0.5878
vn -0.0000 0.3090 -0.9511
vn -1.0000 -0.0000 -0.0000
vt 0.103746 0.488897
vt 0.103746 0.352340
vt 0.155534 0.352340
vt 0.155534 0.488897
vt 0.197432 0.352340
vt 0.197432 0.488897
vt 0.266653 0.139988
vt 0.266653 0.003431
vt 0.318442 0.003431
vt 0.318442 0.139988
vt 0.061848 0.632316
vt 0.061848 0.495759
vt 0.103746 0.495759
vt 0.103746 0.632316
vt 0.155534 0.495759
vt 0.155534 0.632316
vt 0.197432 0.495759
vt 0.197432 0.632316
vt 0.061848 0.775735
vt 0.061848 0.639178
vt 0.103746 0.639178
vt 0.103746 0.775735
vt 0.155534 0.639178
vt 0.155534 0.775735
vt 0.141542 0.171023
vt 0.092288 0.155020
vt 0.061848 0.113122
vt 0.061848 0.061333
vt 0.092288 0.019435
vt 0.141542 0.003431
vt 0.190796 0.019435
vt 0.221237 0.061333
vt 0.221237 0.113122
vt 0.190796 0.155020
vt 0.197432 0.639178
vt 0.197432 0.775735
vt 0.061848 0.488897
vt 0.061848 0.352340
vt 0.092288 0.329474
vt 0.061848 0.287576
vt 0.061848 0.235787
vt 0.092288 0.193889
vt 0.141542 0.177886
vt 0.190796 0.193889
vt 0.221237 0.235787
vt 0.221237 0.287576
vt 0.190796 0.329474
vt 0.141542 0.345478
s 0
usemtl DL2_IceBlue
f 613/1281/349 614/1282/349 616/1283/349 615/1284/349
f 615/1284/350 616/1283/350 618/1285/350 617/1286/350
f 617/1287/351 618/1288/351 620/1289/351 619/1290/351
f 619/1291/352 620/1292/352 622/1293/352 621/1294/352
f 621/1294/353 622/1293/353 624/1295/353 623/1296/353
f 623/1296/354 624/1295/354 626/1297/354 625/1298/354
f 625/1299/355 626/1300/355 628/1301/355 627/1302/355
f 627/1302/356 628/1301/356 630/1303/356 629/1304/356
f 616/1305/357 614/1306/357 632/1307/357 630/1308/357 628/1309/357 626/1310/357 624/1311/357 622/1312/357 620/1313/357 618/1314/357
f 629/1304/358 630/1303/358 632/1315/358 631/1316/358
f 631/1317/359 632/1318/359 614/1282/359 613/1281/359
f 613/1319/360 615/1320/360 617/1321/360 619/1322/360 621/1323/360 623/1324/360 625/1325/360 627/1326/360 629/1327/360 631/1328/360
o DL_Engine_Pylon_1_0
v -42.840000 -1.200000 -3.360000
v -42.840000 -1.040000 -3.200000
v -43.000000 -1.040000 -3.360000
v -42.840000 -1.153137 -3.246863
v -42.932377 -1.132376 -3.267624
v -42.953136 -1.040000 -3.246863
v -42.953136 -1.153137 -3.360000
v -42.840000 1.040000 -3.200000
v -42.840000 1.200000 -3.360000
v -43.000000 1.040000 -3.360000
v -42.840000 1.153137 -3.246863
v -42.932377 1.132376 -3.267624
v -42.953136 1.153137 -3.360000
v -42.953136 1.040000 -3.246863
v -42.840000 -1.200000 -5.640000
v -43.000000 -1.040000 -5.640000
v -42.840000 -1.040000 -5.800000
v -42.953136 -1.153137 -5.640000
v -42.932377 -1.132376 -5.732376
v -42.953136 -1.040000 -5.753137
v -42.840000 -1.153137 -5.753137
v -42.840000 1.200000 -5.640000
v -42.840000 1.040000 -5.800000
v -43.000000 1.040000 -5.640000
v -42.840000 1.153137 -5.753137
v -42.932377 1.132376 -5.732376
v -42.953136 1.040000 -5.753137
v -42.953136 1.153137 -5.640000
v -35.160000 -1.200000 -3.360000
v -35.000000 -1.040000 -3.360000
v -35.160000 -1.040000 -3.200000
v -35.046864 -1.153137 -3.360000
v -35.067623 -1.132376 -3.267624
v -35.046864 -1.040000 -3.246863
v -35.160000 -1.153137 -3.246863
v -35.160000 1.200000 -3.360000
v -35.160000 1.040000 -3.200000
v -35.000000 1.040000 -3.360000
v -35.160000 1.153137 -3.246863
v -35.067623 1.132376 -3.267624
v -35.046864 1.040000 -3.246863
v -35.046864 1.153137 -3.360000
v -35.160000 -1.200000 -5.640000
v -35.160000 -1.040000 -5.800000
v -35.000000 -1.040000 -5.640000
v -35.160000 -1.153137 -5.753137
v -35.067623 -1.132376 -5.732376
v -35.046864 -1.040000 -5.753137
v -35.046864 -1.153137 -5.640000
v -35.160000 1.200000 -5.640000
v -35.000000 1.040000 -5.640000
v -35.160000 1.040000 -5.800000
v -35.046864 1.153137 -5.640000
v -35.067623 1.132376 -5.732376
v -35.046864 1.040000 -5.753137
v -35.160000 1.153137 -5.753137
vn -0.3251 -0.8881 0.3251
vn -0.3251 -0.3251 0.8881
vn -0.8881 -0.3251 0.3251
vn -0.3251 0.3251 0.8881
vn -0.3251 0.8881 0.3251
vn -0.8881 0.3251 0.3251
vn -0.3251 -0.8881 -0.3251
vn -0.8881 -0.3251 -0.3251
vn -0.3251 -0.3251 -0.8881
vn -0.3251 0.8881 -0.3251
vn -0.3251 0.3251 -0.8881
vn -0.8881 0.3251 -0.3251
vn 0.3251 -0.8881 0.3251
vn 0.8881 -0.3251 0.3251
vn 0.3251 -0.3251 0.8881
vn 0.3251 0.8881 0.3251
vn 0.3251 0.3251 0.8881
vn 0.8881 0.3251 0.3251
vn 0.3251 -0.8881 -0.3251
vn 0.3251 -0.3251 -0.8881
vn 0.8881 -0.3251 -0.3251
vn 0.3251 0.8881 -0.3251
vn 0.8881 0.3251 -0.3251
vn 0.3251 0.3251 -0.8881
vn -0.3827 -0.9239 -0.0000
vn -0.9239 -0.3827 -0.0000
vn -0.3827 -0.0000 0.9239
vn -0.9239 -0.0000 0.3827
vn -0.3827 0.9239 -0.0000
vn -0.9239 0.3827 -0.0000
vn -0.3827 -0.0000 -0.9239
vn -0.9239 -0.0000 -0.3827
vn -0.0000 -0.9239 -0.3827
vn -0.0000 -0.3827 -0.9239
vn -0.0000 0.9239 -0.3827
vn -0.0000 0.3827 -0.9239
vn 0.9239 -0.0000 -0.3827
vn 0.3827 -0.0000 -0.9239
vn 0.3827 -0.9239 -0.0000
vn 0.9239 -0.3827 -0.0000
vn 0.3827 0.9239 -0.0000
vn 0.9239 0.3827 -0.0000
vn 0.3827 -0.0000 0.9239
vn 0.9239 -0.0000 0.3827
vn -0.0000 -0.9239 0.3827
vn -0.0000 -0.3827 0.9239
vn -0.0000 0.9239 0.3827
vn -0.0000 0.3827 0.9239
vn -0.0000 -1.0000 -0.0000
vn -1.0000 -0.0000 -0.0000
vn -0.0000 -0.0000 1.0000
vn -0.0000 1.0000 -0.0000
vn -0.0000 -0.0000 -1.0000
vn 1.0000 -0.0000 -0.0000
vt 0.014821 0.014821
vt 0.004919 0.014821
vt 0.004919 0.009104
vt 0.014821 0.004919
vt 0.643384 0.014821
vt 0.643384 0.004919
vt 0.649100 0.004919
vt 0.653285 0.014821
vt 0.143542 0.660838
vt 0.153443 0.660838
vt 0.153443 0.666555
vt 0.143542 0.670740
vt 0.514663 0.014821
vt 0.504761 0.014821
vt 0.504761 0.009104
vt 0.514663 0.004919
vt 0.185560 0.490098
vt 0.185560 0.500000
vt 0.179844 0.500000
vt 0.175659 0.490098
vt 0.014821 0.660838
vt 0.014821 0.670740
vt 0.009104 0.670740
vt 0.004919 0.660838
vt 0.155919 0.014821
vt 0.155919 0.004919
vt 0.161636 0.004919
vt 0.165820 0.014821
vt 0.143542 0.519740
vt 0.143542 0.509838
vt 0.149258 0.509838
vt 0.153443 0.519740
vt 0.485021 0.490098
vt 0.494923 0.490098
vt 0.494923 0.495815
vt 0.485021 0.500000
vt 0.326658 0.490098
vt 0.336560 0.490098
vt 0.336560 0.495815
vt 0.326658 0.500000
vt 0.356300 0.490098
vt 0.356300 0.500000
vt 0.350583 0.500000
vt 0.346398 0.490098
vt 0.014821 0.519740
vt 0.004919 0.519740
vt 0.004919 0.514023
vt 0.014821 0.509838
vt 0.014821 0.490098
vt 0.014821 0.500000
vt 0.009104 0.500000
vt 0.004919 0.490098
vt 0.301904 0.519740
vt 0.301904 0.509838
vt 0.307621 0.509838
vt 0.311806 0.519740
vt 0.643384 0.490098
vt 0.653285 0.490098
vt 0.653285 0.495815
vt 0.643384 0.500000
vt 0.185560 0.014821
vt 0.175659 0.014821
vt 0.175659 0.009104
vt 0.185560 0.004919
vt 0.514663 0.490098
vt 0.514663 0.500000
vt 0.508946 0.500000
vt 0.504761 0.490098
vt 0.173183 0.519740
vt 0.163282 0.519740
vt 0.163282 0.514023
vt 0.173183 0.509838
vt 0.155919 0.490098
vt 0.165820 0.490098
vt 0.165820 0.495815
vt 0.155919 0.500000
vt 0.485021 0.014821
vt 0.485021 0.004919
vt 0.490738 0.004919
vt 0.494923 0.014821
vt 0.301904 0.660838
vt 0.311806 0.660838
vt 0.311806 0.666555
vt 0.301904 0.670740
vt 0.326658 0.014821
vt 0.326658 0.004919
vt 0.332375 0.004919
vt 0.336560 0.014821
vt 0.173183 0.660838
vt 0.173183 0.670740
vt 0.167467 0.670740
vt 0.163282 0.660838
vt 0.356300 0.014821
vt 0.346398 0.014821
vt 0.346398 0.009104
vt 0.356300 0.004919
s 0
usemtl DL2_Hull_Silver
f 633/1329/361 636/1330/361 637/1331/361 639/1332/361
f 634/1333/362 638/1334/362 637/1335/362 636/1336/362
f 635/1337/363 639/1338/363 637/1339/363 638/1340/363
f 640/1341/364 643/1342/364 644/1343/364 646/1344/364
f 641/1345/365 645/1346/365 644/1347/365 643/1348/365
f 642/1349/366 646/1350/366 644/1351/366 645/1352/366
f 647/1353/367 650/1354/367 651/1355/367 653/1356/367
f 648/1357/368 652/1358/368 651/1359/368 650/1360/368
f 649/1361/369 653/1362/369 651/1363/369 652/1364/369
f 654/1365/370 657/1366/370 658/1367/370 660/1368/370
f 655/1369/371 659/1370/371 658/1371/371 657/1372/371
f 656/1373/372 660/1374/372 658/1375/372 659/1376/372
f 661/1377/373 664/1378/373 665/1379/373 667/1380/373
f 662/1381/374 666/1382/374 665/1383/374 664/1384/374
f 663/1385/375 667/1386/375 665/1387/375 666/1388/375
f 668/1389/376 671/1390/376 672/1391/376 674/1392/376
f 669/1393/377 673/1394/377 672/1395/377 671/1396/377
f 670/1397/378 674/1398/378 672/1399/378 673/1400/378
f 675/1401/379 678/1402/379 679/1403/379 681/1404/379
f 676/1405/380 680/1406/380 679/1407/380 678/1408/380
f 677/1409/381 681/1410/381 679/1411/381 680/1412/381
f 682/1413/382 685/1414/382 686/1415/382 688/1416/382
f 683/1417/383 687/1418/383 686/1419/383 685/1420/383
f 684/1421/384 688/1422/384 686/1423/384 687/1424/384
f 647/1353/385 633/1329/385 639/1332/385 650/1354/385
f 650/1360/386 639/1338/386 635/1337/386 648/1357/386
f 634/1333/387 640/1341/387 646/1344/387 638/1334/387
f 638/1340/388 646/1350/388 642/1349/388 635/1337/388
f 641/1345/389 654/1365/389 660/1368/389 645/1346/389
f 645/1352/390 660/1374/390 656/1373/390 642/1349/390
f 655/1369/391 649/1361/391 652/1364/391 659/1370/391
f 659/1376/392 652/1358/392 648/1357/392 656/1373/392
f 675/1401/393 647/1353/393 653/1356/393 678/1402/393
f 678/1408/394 653/1362/394 649/1361/394 676/1405/394
f 654/1365/395 682/1413/395 688/1416/395 657/1366/395
f 657/1372/396 688/1422/396 684/1421/396 655/1369/396
f 683/1417/397 677/1409/397 680/1412/397 687/1418/397
f 687/1424/398 680/1406/398 676/1405/398 684/1421/398
f 661/1377/399 675/1401/399 681/1404/399 664/1378/399
f 664/1384/400 681/1410/400 677/1409/400 662/1381/400
f 682/1413/401 668/1389/401 674/1392/401 685/1414/401
f 685/1420/402 674/1398/402 670/1397/402 683/1417/402
f 669/1393/403 663/1385/403 666/1388/403 673/1394/403
f 673/1400/404 666/1382/404 662/1381/404 670/1397/404
f 633/1329/405 661/1377/405 667/1380/405 636/1330/405
f 636/1336/406 667/1386/406 663/1385/406 634/1333/406
f 668/1389/407 641/1345/407 643/1348/407 671/1390/407
f 671/1396/408 643/1342/408 640/1341/408 669/1393/408
f 647/1353/409 675/1401/409 661/1377/409 633/1329/409
f 635/1337/410 642/1349/410 656/1373/410 648/1357/410
f 663/1385/411 669/1393/411 640/1341/411 634/1333/411
f 682/1413/412 654/1365/412 641/1345/412 668/1389/412
f 649/1361/413 655/1369/413 684/1421/413 676/1405/413
f 677/1409/414 683/1417/414 670/1397/414 662/1381/414
o DL_Engine_Nozzle_1_1
v -49.500000 0.000000 -12.200000
v -48.500000 -0.000000 -12.200000
v -49.500000 -1.293128 -11.779838
v -48.500000 -1.293128 -11.779838
v -49.500000 -2.092324 -10.679837
v -48.500000 -2.092324 -10.679837
v -49.500000 -2.092324 -9.320163
v -48.500000 -2.092324 -9.320163
v -49.500000 -1.293128 -8.220162
v -48.500000 -1.293128 -8.220162
v -49.500000 0.000000 -7.800000
v -48.500000 -0.000000 -7.800000
v -49.500000 1.293128 -8.220162
v -48.500000 1.293128 -8.220162
v -49.500000 2.092324 -9.320163
v -48.500000 2.092324 -9.320163
v -49.500000 2.092324 -10.679837
v -48.500000 2.092324 -10.679837
v -49.500000 1.293128 -11.779838
v -48.500000 1.293128 -11.779838
vn -0.0000 -0.3090 -0.9511
vn -0.0000 -0.8090 -0.5878
vn -0.0000 -1.0000 -0.0000
vn -0.0000 -0.8090 0.5878
vn -0.0000 -0.3090 0.9511
vn -0.0000 0.3090 0.9511
vn -0.0000 0.8090 0.5878
vn -0.0000 1.0000 -0.0000
vn 1.0000 -0.0000 -0.0000
vn -0.0000 0.8090 -0.5878
vn -0.0000 0.3090 -0.9511
vn -1.0000 -0.0000 -0.0000
vt 0.065800 0.352472
vt 0.003772 0.352472
vt 0.003772 0.284241
vt 0.065800 0.284241
vt 0.204944 0.505042
vt 0.142916 0.505042
vt 0.142916 0.436811
vt 0.204944 0.436811
vt 0.142916 0.352472
vt 0.204944 0.352472
vt 0.142916 0.284241
vt 0.204944 0.284241
vt 0.135372 0.505042
vt 0.073344 0.505042
vt 0.073344 0.436811
vt 0.135372 0.436811
vt 0.073344 0.352472
vt 0.135372 0.352472
vt 0.073344 0.284241
vt 0.135372 0.284241
vt 0.274516 0.368579
vt 0.212488 0.368579
vt 0.212488 0.284241
vt 0.274516 0.284241
vt 0.133556 0.276697
vt 0.053345 0.250635
vt 0.003772 0.182404
vt 0.003772 0.098065
vt 0.053345 0.029834
vt 0.133556 0.003772
vt 0.213766 0.029834
vt 0.263339 0.098065
vt 0.263339 0.182404
vt 0.213766 0.250635
vt 0.065800 0.505042
vt 0.003772 0.505042
vt 0.003772 0.436811
vt 0.065800 0.436811
vt 0.320456 0.250635
vt 0.270883 0.182404
vt 0.270883 0.098065
vt 0.320456 0.029834
vt 0.400667 0.003772
vt 0.480877 0.029834
vt 0.530450 0.098065
vt 0.530450 0.182404
vt 0.480877 0.250635
vt 0.400667 0.276697
s 0
usemtl DL2_Armor_Indigo
f 689/1425/415 690/1426/415 692/1427/415 691/1428/415
f 691/1429/416 692/1430/416 694/1431/416 693/1432/416
f 693/1432/417 694/1431/417 696/1433/417 695/1434/417
f 695/1434/418 696/1433/418 698/1435/418 697/1436/418
f 697/1437/419 698/1438/419 700/1439/419 699/1440/419
f 699/1440/420 700/1439/420 702/1441/420 701/1442/420
f 701/1442/421 702/1441/421 704/1443/421 703/1444/421
f 703/1445/422 704/1446/422 706/1447/422 705/1448/422
f 692/1449/423 690/1450/423 708/1451/423 706/1452/423 704/1453/423 702/1454/423 700/1455/423 698/1456/423 696/1457/423 694/1458/423
f 705/1459/424 706/1460/424 708/1461/424 707/1462/424
f 707/1462/425 708/1461/425 690/1426/425 689/1425/425
f 689/1463/426 691/1464/426 693/1465/426 695/1466/426 697/1467/426 699/1468/426 701/1469/426 703/1470/426 705/1471/426 707/1472/426
o DL_Engine_Flame_1_1
v -51.099998 0.000000 -11.350000
v -48.900002 -0.000000 -11.350000
v -51.099998 -0.793510 -11.092173
v -48.900002 -0.793510 -11.092173
v -51.099998 -1.283926 -10.417173
v -48.900002 -1.283926 -10.417173
v -51.099998 -1.283926 -9.582827
v -48.900002 -1.283926 -9.582827
v -51.099998 -0.793510 -8.907827
v -48.900002 -0.793510 -8.907827
v -51.099998 0.000000 -8.650000
v -48.900002 -0.000000 -8.650000
v -51.099998 0.793510 -8.907827
v -48.900002 0.793510 -8.907827
v -51.099998 1.283926 -9.582827
v -48.900002 1.283926 -9.582827
v -51.099998 1.283926 -10.417173
v -48.900002 1.283926 -10.417173
v -51.099998 0.793510 -11.092173
v -48.900002 0.793510 -11.092173
vn -0.0000 -0.3090 -0.9511
vn -0.0000 -0.8090 -0.5878
vn -0.0000 -1.0000 -0.0000
vn -0.0000 -0.8090 0.5878
vn -0.0000 -0.3090 0.9511
vn -0.0000 0.3090 0.9511
vn -0.0000 0.8090 0.5878
vn -0.0000 1.0000 -0.0000
vn 1.0000 -0.0000 -0.0000
vn -0.0000 0.8090 -0.5878
vn -0.0000 0.3090 -0.9511
vn -1.0000 -0.0000 -0.0000
vt 0.103746 0.488897
vt 0.103746 0.352340
vt 0.155534 0.352340
vt 0.155534 0.488897
vt 0.197432 0.352340
vt 0.197432 0.488897
vt 0.266653 0.139988
vt 0.266653 0.003431
vt 0.318442 0.003431
vt 0.318442 0.139988
vt 0.061848 0.632316
vt 0.061848 0.495759
vt 0.103746 0.495759
vt 0.103746 0.632316
vt 0.155534 0.495759
vt 0.155534 0.632316
vt 0.197432 0.495759
vt 0.197432 0.632316
vt 0.061848 0.775735
vt 0.061848 0.639178
vt 0.103746 0.639178
vt 0.103746 0.775735
vt 0.155534 0.639178
vt 0.155534 0.775735
vt 0.141542 0.171023
vt 0.092288 0.155020
vt 0.061848 0.113122
vt 0.061848 0.061333
vt 0.092288 0.019435
vt 0.141542 0.003431
vt 0.190796 0.019435
vt 0.221237 0.061333
vt 0.221237 0.113122
vt 0.190796 0.155020
vt 0.197432 0.639178
vt 0.197432 0.775735
vt 0.061848 0.488897
vt 0.061848 0.352340
vt 0.092288 0.329474
vt 0.061848 0.287576
vt 0.061848 0.235787
vt 0.092288 0.193889
vt 0.141542 0.177886
vt 0.190796 0.193889
vt 0.221237 0.235787
vt 0.221237 0.287576
vt 0.190796 0.329474
vt 0.141542 0.345478
s 0
usemtl DL2_IceBlue
f 709/1473/427 710/1474/427 712/1475/427 711/1476/427
f 711/1476/428 712/1475/428 714/1477/428 713/1478/428
f 713/1479/429 714/1480/429 716/1481/429 715/1482/429
f 715/1483/430 716/1484/430 718/1485/430 717/1486/430
f 717/1486/431 718/1485/431 720/1487/431 719/1488/431
f 719/1488/432 720/1487/432 722/1489/432 721/1490/432
f 721/1491/433 722/1492/433 724/1493/433 723/1494/433
f 723/1494/434 724/1493/434 726/1495/434 725/1496/434
f 712/1497/435 710/1498/435 728/1499/435 726/1500/435 724/1501/435 722/1502/435 720/1503/435 718/1504/435 716/1505/435 714/1506/435
f 725/1496/436 726/1495/436 728/1507/436 727/1508/436
f 727/1509/437 728/1510/437 710/1474/437 709/1473/437
f 709/1511/438 711/1512/438 713/1513/438 715/1514/438 717/1515/438 719/1516/438 721/1517/438 723/1518/438 725/1519/438 727/1520/438
o DL_Engine_Pylon_1_1
v -42.840000 -1.200000 -8.860000
v -42.840000 -1.040000 -8.700000
v -43.000000 -1.040000 -8.860000
v -42.840000 -1.153137 -8.746862
v -42.932377 -1.132376 -8.767624
v -42.953136 -1.040000 -8.746862
v -42.953136 -1.153137 -8.860000
v -42.840000 1.040000 -8.700000
v -42.840000 1.200000 -8.860000
v -43.000000 1.040000 -8.860000
v -42.840000 1.153137 -8.746862
v -42.932377 1.132376 -8.767624
v -42.953136 1.153137 -8.860000
v -42.953136 1.040000 -8.746862
v -42.840000 -1.200000 -11.140000
v -43.000000 -1.040000 -11.140000
v -42.840000 -1.040000 -11.300000
v -42.953136 -1.153137 -11.140000
v -42.932377 -1.132376 -11.232376
v -42.953136 -1.040000 -11.253138
v -42.840000 -1.153137 -11.253138
v -42.840000 1.200000 -11.140000
v -42.840000 1.040000 -11.300000
v -43.000000 1.040000 -11.140000
v -42.840000 1.153137 -11.253138
v -42.932377 1.132376 -11.232376
v -42.953136 1.040000 -11.253138
v -42.953136 1.153137 -11.140000
v -35.160000 -1.200000 -8.860000
v -35.000000 -1.040000 -8.860000
v -35.160000 -1.040000 -8.700000
v -35.046864 -1.153137 -8.860000
v -35.067623 -1.132376 -8.767624
v -35.046864 -1.040000 -8.746862
v -35.160000 -1.153137 -8.746862
v -35.160000 1.200000 -8.860000
v -35.160000 1.040000 -8.700000
v -35.000000 1.040000 -8.860000
v -35.160000 1.153137 -8.746862
v -35.067623 1.132376 -8.767624
v -35.046864 1.040000 -8.746862
v -35.046864 1.153137 -8.860000
v -35.160000 -1.200000 -11.140000
v -35.160000 -1.040000 -11.300000
v -35.000000 -1.040000 -11.140000
v -35.160000 -1.153137 -11.253138
v -35.067623 -1.132376 -11.232376
v -35.046864 -1.040000 -11.253138
v -35.046864 -1.153137 -11.140000
v -35.160000 1.200000 -11.140000
v -35.000000 1.040000 -11.140000
v -35.160000 1.040000 -11.300000
v -35.046864 1.153137 -11.140000
v -35.067623 1.132376 -11.232376
v -35.046864 1.040000 -11.253138
v -35.160000 1.153137 -11.253138
vn -0.3251 -0.8881 0.3251
vn -0.3251 -0.3251 0.8881
vn -0.8881 -0.3251 0.3251
vn -0.3251 0.3251 0.8881
vn -0.3251 0.8881 0.3251
vn -0.8881 0.3251 0.3251
vn -0.3251 -0.8881 -0.3251
vn -0.8881 -0.3251 -0.3251
vn -0.3251 -0.3251 -0.8881
vn -0.3251 0.8881 -0.3251
vn -0.3251 0.3251 -0.8881
vn -0.8881 0.3251 -0.3251
vn 0.3251 -0.8881 0.3251
vn 0.8881 -0.3251 0.3251
vn 0.3251 -0.3251 0.8881
vn 0.3251 0.8881 0.3251
vn 0.3251 0.3251 0.8881
vn 0.8881 0.3251 0.3251
vn 0.3251 -0.8881 -0.3251
vn 0.3251 -0.3251 -0.8881
vn 0.8881 -0.3251 -0.3251
vn 0.3251 0.8881 -0.3251
vn 0.8881 0.3251 -0.3251
vn 0.3251 0.3251 -0.8881
vn -0.3827 -0.9239 -0.0000
vn -0.9239 -0.3827 -0.0000
vn -0.3827 -0.0000 0.9239
vn -0.9239 -0.0000 0.3827
vn -0.3827 0.9239 -0.0000
vn -0.9239 0.3827 -0.0000
vn -0.3827 -0.0000 -0.9239
vn -0.9239 -0.0000 -0.3827
vn -0.0000 -0.9239 -0.3827
vn -0.0000 -0.3827 -0.9239
vn -0.0000 0.9239 -0.3827
vn -0.0000 0.3827 -0.9239
vn 0.9239 -0.0000 -0.3827
vn 0.3827 -0.0000 -0.9239
vn 0.3827 -0.9239 -0.0000
vn 0.9239 -0.3827 -0.0000
vn 0.3827 0.9239 -0.0000
vn 0.9239 0.3827 -0.0000
vn 0.3827 -0.0000 0.9239
vn 0.9239 -0.0000 0.3827
vn -0.0000 -0.9239 0.3827
vn -0.0000 -0.3827 0.9239
vn -0.0000 0.9239 0.3827
vn -0.0000 0.3827 0.9239
vn -0.0000 -1.0000 -0.0000
vn -1.0000 -0.0000 -0.0000
vn -0.0000 -0.0000 1.0000
vn -0.0000 1.0000 -0.0000
vn -0.0000 -0.0000 -1.0000
vn 1.0000 -0.0000 -0.0000
vt 0.014821 0.014821
vt 0.004919 0.014821
vt 0.004919 0.009104
vt 0.014821 0.004919
vt 0.643384 0.014821
vt 0.643384 0.004919
vt 0.649100 0.004919
vt 0.653285 0.014821
vt 0.143542 0.660838
vt 0.153443 0.660838
vt 0.153443 0.666555
vt 0.143542 0.670740
vt 0.514663 0.014821
vt 0.504761 0.014821
vt 0.504761 0.009104
vt 0.514663 0.004919
vt 0.185560 0.490098
vt 0.185560 0.500000
vt 0.179844 0.500000
vt 0.175659 0.490098
vt 0.014821 0.660838
vt 0.014821 0.670740
vt 0.009104 0.670740
vt 0.004919 0.660838
vt 0.155919 0.014821
vt 0.155919 0.004919
vt 0.161636 0.004919
vt 0.165820 0.014821
vt 0.143542 0.519740
vt 0.143542 0.509838
vt 0.149258 0.509838
vt 0.153443 0.519740
vt 0.485021 0.490098
vt 0.494923 0.490098
vt 0.494923 0.495815
vt 0.485021 0.500000
vt 0.326658 0.490098
vt 0.336560 0.490098
vt 0.336560 0.495815
vt 0.326658 0.500000
vt 0.356300 0.490098
vt 0.356300 0.500000
vt 0.350583 0.500000
vt 0.346398 0.490098
vt 0.014821 0.519740
vt 0.004919 0.519740
vt 0.004919 0.514023
vt 0.014821 0.509838
vt 0.014821 0.490098
vt 0.014821 0.500000
vt 0.009104 0.500000
vt 0.004919 0.490098
vt 0.301904 0.519740
vt 0.301904 0.509838
vt 0.307621 0.509838
vt 0.311806 0.519740
vt 0.643384 0.490098
vt 0.653285 0.490098
vt 0.653285 0.495815
vt 0.643384 0.500000
vt 0.185560 0.014821
vt 0.175659 0.014821
vt 0.175659 0.009104
vt 0.185560 0.004919
vt 0.514663 0.490098
vt 0.514663 0.500000
vt 0.508946 0.500000
vt 0.504761 0.490098
vt 0.173183 0.519740
vt 0.163282 0.519740
vt 0.163282 0.514023
vt 0.173183 0.509838
vt 0.155919 0.490098
vt 0.165820 0.490098
vt 0.165820 0.495815
vt 0.155919 0.500000
vt 0.485021 0.014821
vt 0.485021 0.004919
vt 0.490738 0.004919
vt 0.494923 0.014821
vt 0.301904 0.660838
vt 0.311806 0.660838
vt 0.311806 0.666555
vt 0.301904 0.670740
vt 0.326658 0.014821
vt 0.326658 0.004919
vt 0.332375 0.004919
vt 0.336560 0.014821
vt 0.173183 0.660838
vt 0.173183 0.670740
vt 0.167467 0.670740
vt 0.163282 0.660838
vt 0.356300 0.014821
vt 0.346398 0.014821
vt 0.346398 0.009104
vt 0.356300 0.004919
s 0
usemtl DL2_Hull_Silver
f 729/1521/439 732/1522/439 733/1523/439 735/1524/439
f 730/1525/440 734/1526/440 733/1527/440 732/1528/440
f 731/1529/441 735/1530/441 733/1531/441 734/1532/441
f 736/1533/442 739/1534/442 740/1535/442 742/1536/442
f 737/1537/443 741/1538/443 740/1539/443 739/1540/443
f 738/1541/444 742/1542/444 740/1543/444 741/1544/444
f 743/1545/445 746/1546/445 747/1547/445 749/1548/445
f 744/1549/446 748/1550/446 747/1551/446 746/1552/446
f 745/1553/447 749/1554/447 747/1555/447 748/1556/447
f 750/1557/448 753/1558/448 754/1559/448 756/1560/448
f 751/1561/449 755/1562/449 754/1563/449 753/1564/449
f 752/1565/450 756/1566/450 754/1567/450 755/1568/450
f 757/1569/451 760/1570/451 761/1571/451 763/1572/451
f 758/1573/452 762/1574/452 761/1575/452 760/1576/452
f 759/1577/453 763/1578/453 761/1579/453 762/1580/453
f 764/1581/454 767/1582/454 768/1583/454 770/1584/454
f 765/1585/455 769/1586/455 768/1587/455 767/1588/455
f 766/1589/456 770/1590/456 768/1591/456 769/1592/456
f 771/1593/457 774/1594/457 775/1595/457 777/1596/457
f 772/1597/458 776/1598/458 775/1599/458 774/1600/458
f 773/1601/459 777/1602/459 775/1603/459 776/1604/459
f 778/1605/460 781/1606/460 782/1607/460 784/1608/460
f 779/1609/461 783/1610/461 782/1611/461 781/1612/461
f 780/1613/462 784/1614/462 782/1615/462 783/1616/462
f 743/1545/463 729/1521/463 735/1524/463 746/1546/463
f 746/1552/464 735/1530/464 731/1529/464 744/1549/464
f 730/1525/465 736/1533/465 742/1536/465 734/1526/465
f 734/1532/466 742/1542/466 738/1541/466 731/1529/466
f 737/1537/467 750/1557/467 756/1560/467 741/1538/467
f 741/1544/468 756/1566/468 752/1565/468 738/1541/468
f 751/1561/469 745/1553/469 748/1556/469 755/1562/469
f 755/1568/470 748/1550/470 744/1549/470 752/1565/470
f 771/1593/471 743/1545/471 749/1548/471 774/1594/471
f 774/1600/472 749/1554/472 745/1553/472 772/1597/472
f 750/1557/473 778/1605/473 784/1608/473 753/1558/473
f 753/1564/474 784/1614/474 780/1613/474 751/1561/474
f 779/1609/475 773/1601/475 776/1604/475 783/1610/475
f 783/1616/476 776/1598/476 772/1597/476 780/1613/476
f 757/1569/477 771/1593/477 777/1596/477 760/1570/477
f 760/1576/478 777/1602/478 773/1601/478 758/1573/478
f 778/1605/479 764/1581/479 770/1584/479 781/1606/479
f 781/1612/480 770/1590/480 766/1589/480 779/1609/480
f 765/1585/481 759/1577/481 762/1580/481 769/1586/481
f 769/1592/482 762/1574/482 758/1573/482 766/1589/482
f 729/1521/483 757/1569/483 763/1572/483 732/1522/483
f 732/1528/484 763/1578/484 759/1577/484 730/1525/484
f 764/1581/485 737/1537/485 739/1540/485 767/1582/485
f 767/1588/486 739/1534/486 736/1533/486 765/1585/486
f 743/1545/487 771/1593/487 757/1569/487 729/1521/487
f 731/1529/488 738/1541/488 752/1565/488 744/1549/488
f 759/1577/489 765/1585/489 736/1533/489 730/1525/489
f 778/1605/490 750/1557/490 737/1537/490 764/1581/490
f 745/1553/491 751/1561/491 780/1613/491 772/1597/491
f 773/1601/492 779/1609/492 766/1589/492 758/1573/492
